id,doc_id,article_number,lang,text,keyword_label,top_scores,label,truncated
1,BO_7470_Fr,PREMIER,fr,"Est approuvé, tel qu'il est annexé
à l'original du présent décret, le contrat conclu le 7 novembre
2025 entre le Royaume du Maroc et la Banque européenne
d'investissement (BEI), pour la garantie du prêt d'un montant
de soixante-dix millions d'euros (70.000.000 euros), consenti
par ladite banque à l'Office national de l'électricité et de l'eau
potable (ONEE), pour le financement du projet «Production
d'eau potable III (AEP3).
national de l'électricité et de l'eau potable (ONEE),
pour le financement du projet « Transmission Energie
Renouvelable ».",Environnement,"Environnement=3, Civil=1, Fiscal=0",Environnement,False
2,BO_7470_Fr,2,fr,"La ministre de l'économie et des finances est
chargée de l'exécution du présent décret qui sera publié au
Bulletin officiel.
LE CHEF DU GOUVERNEMENT,
Vu la loi de finances pour l'année 1982 n°  26-81
promulguée par le dahir n°  1-81-425 du 5 rabii I 1402
(1er janvier 1982), notamment son article 41, paragraphe I ;
Fait à Rabat, le 20 joumada II 1447 (11 décembre 2025).
AZIZ AKHANNOUCH.
Sur proposition de la ministre de l'économie et des finances,
Pour contreseing :
La ministre de l'économie
DÉCRÈTE :",Indéterminé,"Fiscal=0, Social=0, Administratif=0",Indéterminé,False
3,BO_7470_Fr,PREMIER,fr,"Est approuvé, tel qu'il est annexé
à l'original du présent décret, le contrat conclu le 7 novembre
2025 entre le Royaume du Maroc et la Banque européenne
d'investissement (BEI), pour la garantie du prêt d'un montant
de cent soixante-dix millions d'euros (170.000.000 euros),
consenti par ladite banque à l'Office national de l'électricité
et de l'eau potable (ONEE), pour le financement du projet
« Transmission Energie Renouvelable ».
et des finances,
NADIA FETTAH.
Le texte en langue arabe a été publié dans l'édition générale du
« Bulletin officiel » n° 7469 du 8 rejeb 1447 (29 décembre 2025).",Civil,"Civil=1, Environnement=1, Fiscal=0",Civil,False
4,BO_7470_Fr,2,fr,"La ministre de l'économie et des finances est
chargée de l'exécution du présent décret qui sera publié au
Bulletin officiel.
Décret n°2-25-967 du 20 joumada II 1447 (11 décembre 2025)
approuvant la décision de Bank Al-Maghrib relative à la
mise en circulation d'un billet de banque de 100 dirhams
commémorant la 35ème édition de la Coupe d'Afrique des
Nations - Maroc 2025.
Fait à Rabat, le 20 joumada II 1447 (11 décembre 2025).
AZIZ AKHANNOUCH.
Pour contreseing :
La ministre de l'économie
et des finances,
NADIA FETTAH.
LE CHEF DU GOUVERNEMENT,
Vu les articles 5, 25, 54, 55, 57 et 58 de la loi n° 40-17
portant statut de Bank Al-Maghrib, promulguée par le dahir
n°1-19-82 du 17 chaoual 1440 (21 juin 2019) ;
Le texte en langue arabe a été publié dans l'édition générale du
« Bulletin officiel » n° 7469 du 8 rejeb 1447 (29 décembre 2025).
Vu l'article premier du décret n° 2-19-1095 du 3 chaoual
1441 (26 mai 2020), pris pour l'application de la loi n° 40-17
portant statut de Bank Al-Maghrib ;
Décret n° 2-25-965 du 20 joumada II 1447 (11 décembre 2025)
approuvant le contrat conclu le 7 novembre 2025
entre le Royaume du Maroc et la Banque européenne
d'investissement (BEI), pour la garantie du prêt d'un
montant de soixante-dix millions d'euros (70.000.000
euros), consenti par ladite banque à l'Office national de
l'électricité et de l'eau potable (ONEE), pour le financement
du projet «Production d'eau potable III (AEP3).
Vu les délibérations du Conseil de Bank Al-Maghrib,
du 30 rabii I 1447 (23 septembre 2025), décidant la mise en
circulation d'un billet de banque de 100 dirhams commémorant
la 35ème édition de la Coupe d'Afrique des Nations - Maroc
2025 ;
Et sur proposition de la ministre de l'économie et des
finances,
LE CHEF DU GOUVERNEMENT,
DÉCRÈTE :
Vu la loi de finances pour l'année 1982 n°  26-81
promulguée par le dahir n° 1-81-425 du 5 rabii I 1402 (1er janvier
1982), notamment son article 41, paragraphe I ;",Environnement,"Environnement=2, Civil=1, Fiscal=0",Environnement,False
5,BO_7470_Fr,PREMIER,fr,"Est approuvée la décision du
Conseil de Bank Al-Maghrib relative à la mise en circulation
d'un billet de banque de 100 dirhams commémorant la
35ème édition de la Coupe d'Afrique des Nations - Maroc 2025.
Sur proposition de la ministre de l'économie et des finances,",Indéterminé,"Fiscal=0, Social=0, Administratif=0",Indéterminé,False
6,BO_7470_Fr,2,fr,"Le billet de banque commémoratif a cours
légal et présente les caractéristiques suivantes  :
• Stylisation de silhouettes de joueurs en action avec un
ballon ;
• Ballon orné de la carte de l'Afrique au milieu d'un
ensemble d'étoiles dynamiques évoquant la célébration.
Caractéristiques techniques
– Format : 144 mm x 70 mm ;
Centre du billet  :
– Filigrane : Portrait de Sa Majesté le Roi Mohammed VI
• Mixture de motifs africains et d'arabesques marocaines ;
et le nombre 100 ;
• Des micro-textes imprimés sur plusieurs zones du billet
visibles à l'aide d'une loupe.
– Fil de sécurité à fenêtres : A changement de couleur
avec effet dynamique des inscriptions 100 et « DH »
en alternance et de l'étoile à cinq branches, en plus du
nombre 100 démétallisé.",Indéterminé,"Fiscal=0, Social=0, Administratif=0",Indéterminé,False
7,BO_7470_Fr,3,fr,"La ministre de l'économie et des finances est
chargée de l'exécution du présent décret qui sera publié au
Bulletin officiel.
Caractéristiques artistiques
Fait à Rabat, le 20 joumada II 1447 (11 décembre 2025).
– Thématique : L'organisation par le Maroc de la
35ème  édition de la Coupe d'Afrique des Nations ;
AZIZ AKHANNOUCH.
Pour contreseing :
– Couleurs dominantes : Gris et jaune.
La ministre de l'économie
Recto  :
et des finances,
– Partie supérieure  :
NADIA FETTAH.
• Dénomination de l'institut d'émission » « بنك املغرب
Le texte en langue arabe a été publié dans l'édition générale du
« Bulletin officiel » n° 7467 du 1er rejeb 1447 (22 décembre 2025).
•La valeur faciale d'émission  : «»مائة درهم
–Au centre :
Décret n°2-25-968 du 20 joumada II 1447 (11 décembre 2025)
• Portrait de Sa Majesté le Roi Mohammed VI ;
approuvant la décision de Bank Al-Maghrib relative à la
mise en circulation de pièces de monnaie de 1000 dirhams
en or et de 250 dirhams en argent commémorant la
35ème édition de la Coupe d'Afrique des Nations-Maroc 2025.
• Armoiries du Royaume ;
• Ornement d'arabesques marocaines et le nombre 100
stylé ;
• Stylisation du nouveau Complexe Sportif Prince Moulay
Abdellah de Rabat ;
LE CHEF DU GOUVERNEMENT,
• Stylisation d'un ballon de football imprimé en encre
spéciale à couleur changeante du magenta au vert ;
Vu les articles 5, 25, 54, 55, 57 et 58 de la loi n°40-17
portant statut de Bank Al-Maghrib, promulguée par le dahir
n°1-19-82 du 17 chaoual 1440 (21 juin 2019) ;
– En bas :
• Le nombre 100 dont une partie est imprimée sur le recto
et une partie sur le verso. Une fois le billet examiné face
à la lumière, les éléments incomplets du nombre 100
se superposent de manière parfaite pour constituer la
totalité du motif ;
Vu l'article premier du décret n° 2-19-1095 du 3 chaoual
1441 (26 mai 2020), pris pour l'application de la loi n°40-17
portant statut de Bank Al-Maghrib ;
Vu les délibérations du Conseil de Bank Al-Maghrib,
du 30 rabii I 1447 (23 septembre 2025), décidant la mise en
circulation de pièces de monnaie de 1000 dirhams en or et de
250 dirhams en argent commémorant la 35ème édition de la
Coupe d'Afrique des Nations - Maroc 2025 ;
• Le nombre 100 imprimé en encre spéciale à changement
de couleur or - vert.
Verso  :
Et sur proposition de la ministre de l'économie et des
finances,
• Dénomination de l'institut d'émission en lettres Tifinagh
et françaises  :
DÉCRÈTE :
« «ⵍⴱⴰⵏⴽ ⵏ ⵍⵎⵖⵔⵉⴱ» , « BANK AL-MAGHRIB »",Indéterminé,"Fiscal=0, Social=0, Administratif=0",Indéterminé,False
8,BO_7470_Fr,PREMIER,fr,"Est approuvée la décision du
Conseil de Bank Al-Maghrib relative à la mise en circulation
de pièces de monnaie de 1000 dirhams en or et de 250 dirhams
en argent commémorant la 35ème édition de la Coupe d'Afrique
des Nations-Maroc 2025.
• Valeur faciale 100 DH ;
• Stylisation de la vue intérieure du nouveau Complexe
Sportif Prince Moulay Abdellah de Rabat ;",Indéterminé,"Fiscal=0, Social=0, Administratif=0",Indéterminé,False
9,BO_7470_Fr,2,fr,"Les pièces de monnaie commémoratives ont
cours légal et présentent les caractéristiques suivantes  :
Revers :
– Au centre :
– La pièce de monnaie commémorative en or  :
• Représentation artistique du nouveau Complexe sportif
Prince Moulay Abdellah de Rabat, surmontée de rayons
festifs ainsi que de la carte de l'Afrique.
– Alliage : Or 916,7 millièmes ;
– Poids : 39,94 grammes ;
«املغرب
 •L'inscription suivante : « Morocco 2025
– Diamètre : 38,61 millimètres ;
– Tranche : Cannelée ;
– En bas : La valeur faciale en chiffres et en lettres arabes  :
– Frappe : Proof.
» مائتان وخمسون درهما250«
Avers :",Indéterminé,"Fiscal=0, Social=0, Administratif=0",Indéterminé,False
10,BO_7470_Fr,3,fr,"La ministre de l'économie et des finances est
chargée de l'exécution du présent décret qui sera publié au
Bulletin officiel.
– Au centre  : Effigie de Sa Majesté le Roi Mohammed VI
avec de part et d'autre les inscriptions suivantes en
lettres arabes et Tifinagh :
Fait à Rabat, le 20 joumada II 1447 (11 décembre 2025).
« ⵜⴰⴳⵍⴷⵉⵜ ⵏ ⵍⵎⵖⵔⵉⴱ-» اململكة املغربية
AZIZ AKHANNOUCH.
Pour contreseing :
–En bas  : l'inscription « »محمد السادسentourée des
La ministre de l'économie
millésimes  : 2025-1447
et des finances,
NADIA FETTAH.
Revers  :
Le texte en langue arabe a été publié dans l'édition générale du
– Au centre :
« Bulletin officiel » n° 7467 du 1er rejeb 1447 (22 décembre 2025).
• Représentation artistique du nouveau Complexe Sportif
Prince Moulay Abdellah de Rabat, surmontée de rayons
festifs ainsi que de la carte de l'Afrique.
Décret n°2-25-966 du 2 rejeb 1447 (23 décembre 2025)
• L'inscription suivante :
approuvant le retrait de la circulation de billets de
 banque.
« Morocco 2025  » املغرب
–En bas  : La valeur faciale en chiffres et en lettres arabes :
LE CHEF DU GOUVERNEMENT,
» درهم1000 «ألف
Vu la loi n° 40-17 portant statut de Bank Al-Maghrib,
promulguée par le dahir n° 1-19-82 du 17 chaoual 1440 (21 juin
2019) notamment ses articles 25 et 61 ;
La pièce de monnaie commémorative en argent :
Vu le décret n° 2-19-1095 du 3 chaoual 1441 (26 mai 2020),
pris pour l'application de la loi n° 40-17 portant statut de Bank
Al-Maghrib notamment son article premier ;
– Alliage : Argent : 925 millièmes ;
Cuivre  : 75 millièmes ;
– Poids : 28,28 grammes ;
Vu les délibérations du Conseil de Bank Al-Maghrib, en
date du 30 rabii 1 1447 (23 septembre 2025), décidant le retrait
de billets de banque ;
– Diamètre : 38,61 millimètres ;
– Tranche : Cannelée ;
Et sur proposition de la ministre de l'économie et des
finances,
– Frappe : Proof.
Avers :
DÉCRÈTE :",Indéterminé,"Fiscal=0, Social=0, Administratif=0",Indéterminé,False
11,BO_7470_Fr,PREMIER,fr,"Est approuvé le retrait de la
circulation des billets de banque suivants dont le cours légal
et le pouvoir libératoire cesseront à partir du 1er janvier 2026 :
– Au centre  : Effigie de Sa Majesté Le Roi Mohammed VI
avec de part et d'autre les inscriptions suivantes en
lettres arabes et Tifinagh :
– les billets de banque de 10, 50, 100 et 200 dirhams
« ⵜⴰⴳⵍⴷⵉⵜ ⵏ ⵍⵎⵖⵔⵉⴱ-» اململكة املغربية
mis en circulation en vertu du décret n° 2-87-368 du
28 ramadan 1407 (27 mai 1987) ;
– En bas  : l'inscription « »محمد السادسentourée des
– les billets de banque de 10 dirhams mis en circulation
en vertu du décret 2-90-876 du 8 joumada I 1411
(27 novembre 1990) ;
millésimes  : 2025-1447
– les billets de banque de 20 dirhams mis en circulation en
2 – Les informations relatives aux espaces, objets de
l'AMI, en particulier leurs coordonnées géographiques et les
espèces à élever, cultiver ou conserver dans ces espaces ;
vertu du décret 2-96-473 du 23 safar 1417 (10 juillet 1996).",Indéterminé,"Fiscal=0, Social=0, Administratif=0",Indéterminé,False
12,BO_7470_Fr,2,fr,"L'échange des billets de banque retirés
se poursuivra, librement et sans limitation, après la date
susmentionnée auprès des guichets des établissements
bancaires et de Bank Al-Maghrib jusqu'au 31 décembre 2030.
3 – Les règles générales de participation à l'AMI ;
4 –La liste des documents constituant le dossier
administratif et technique déposé à l'appui de la demande de
participation à l'AMI ;",Indéterminé,"Fiscal=0, Social=0, Administratif=0",Indéterminé,False
13,BO_7470_Fr,3,fr,"La ministre de l'économie et des finances est
chargée de l'exécution du présent décret qui sera publié au
Bulletin officiel.
5 – Le lieu et la date limite de dépôt des demandes de
participation à l'AMI ;
Fait à Rabat, le 2 rejeb 1447 (23 décembre 2025).
6 – Les critères d'évaluation, de sélection et de classement
des candidatures ;
AZIZ AKHANNOUCH.
Pour contreseing :
La ministre de l'économie
7 – Le formulaire de demande de participation à l'AMI ;
et des finances,
NADIA FETTAH.
8 – La date maximale de proclamation des résultats de
l'AMI sur le site web de l'Agence.",Indéterminé,"Fiscal=0, Social=0, Administratif=0",Indéterminé,False
14,BO_7470_Fr,3,fr,"La demande de participation à l'AMI, établie
sur le formulaire prévu au 7) de l'article 2 ci-dessus, est
déposée, contre récépissé, auprès du service compétent de
l'Agence, y compris par voie électronique.
Décret n° 2-24-830 du 1er rejeb 1447 (22 décembre
2025) relatif aux fermes aquacoles
La demande doit être accompagnée d'un dossier
contenant les documents dont la liste est fixée par arrêté de
l'autorité gouvernementale chargée de la pêche maritime
permettant de choisir les attributaires selon les critères fixées
à l'article 23 de la loi précitée n°84-21.
LE CHEF DU GOUVERNEMENT,
Vu la loi n° 84-21 relative à l'aquaculture marine,
promulguée par le dahir n°1-22-81 du 18 joumada I 1444
(13 décembre 2022) ;
Vu la loi n°52-09 portant création de l'Agence nationale
pour le développement de l'aquaculture, promulguée par le
dahir n° 1-10-201 du 14 rabii I 1432 (18 février 2011), telle que
modifiée et complétée, notamment ses articles 2,3 et 3 bis ;",Indéterminé,"Fiscal=0, Social=0, Administratif=0",Indéterminé,False
15,BO_7470_Fr,4,fr,"Dans un délai maximum de quinze (15) jours
ouvrables à compter de la date limite prévue au 5) de l'article
2 ci-dessus, les demandes accompagnées des dossiers y relatifs
sont soumises à l'avis d'un comité technique dont les membres
sont désignés et les modalités de fonctionnement sont fixées
par décision de l'autorité gouvernementale chargée de la pêche
maritime.
Vu la loi n°48-95 portant création de l'institut national
de recherche halieutique, promulguée par le dahir n° 1-96-98
du 12 rabii I 1417 (29 juillet 1996) ;
Après avis de l'Agence nationale pour le développement
de l'aquaculture ;
Le comité technique compte, au moins, un représentant
de l'autorité gouvernementale chargée de la pêche maritime,
un représentant de l'Agence et un représentant de l'institut
national de recherche halieutique (INRH).
Après avis du Conseil national de l'aquaculture marine,
réuni le 28 rabii I 1446 (2 octobre 2024) ;
Après délibération en Conseil du gouvernement, réuni
le 28 joumada I 1447 (20 novembre 2025),
Le président dudit comité technique peut inviter à
assister, à titre consultatif, aux réunions du comité, toute
personne dont la participation lui paraît utile.
DÉCRÈTE :
Ledit comité technique procède à l'évaluation des
dossiers déposés, conformément aux critères de choix prévus
à l'article 23 de la loi précitée n°84-21 et établit un classement
aux fins d'établir la liste des attributaires.
Chapitre premier
De l'appel à manifestation d'intérêt (AMI)",Indéterminé,"Fiscal=0, Social=0, Administratif=0",Indéterminé,False
16,BO_7470_Fr,PREMIER,fr,"L'appel à manifestation d'intérêt
(AMI) prévu à l'article 23 de la loi susvisée n°84-21 est préparé
et lancé par l'Agence nationale pour le développement de
l'aquaculture, désignée ci-après l'Agence, sur décision de
l'autorité gouvernementale chargée de la pêche maritime.",Indéterminé,"Fiscal=0, Social=0, Administratif=0",Indéterminé,False
17,BO_7470_Fr,5,fr,"La liste des attributaires et une liste d'attente,
le cas échéant, sont approuvées par décision de l'autorité
gouvernementale chargée de la pêche maritime.",Indéterminé,"Fiscal=0, Social=0, Administratif=0",Indéterminé,False
18,BO_7470_Fr,2,fr,"L'AMI contient les éléments suivants :
Les attributaires sont informés par l'Agence des résultats
de l'AMI par tout moyen faisant preuve de la réception, y
compris par voie électronique, dans un délai maximum de dix
(10) jours ouvrables, à compter de la date de proclamation des
résultats dudit appel sur le site de l'Agence.
1 – Les références relatives à la loi précitée n°84-21,
au présent décret et au décret portant approbation du plan
aquacole couvrant la zone concernée par l'AMI, s'il existe,
ainsi que toutes autres références règlementaires utiles ;
Chapitre II
L'administration de la défense nationale et les autres
administrations et collectivités territoriales visées ci-dessus
disposent d'un délai maximum de quinze (15) jours, à compter
de la date de leur saisine, pour rendre leurs avis.
Des autorisations de fermes aquacoles",Administratif,"Administratif=1, Fiscal=0, Social=0",Administratif,False
19,BO_7470_Fr,6,fr,"La demande d'autorisation de ferme aquacole
et le dossier l'accompagnant prévus à l'article 26 de la loi
précitée n° 84-21, sont déposés, y compris par voie électronique,
auprès du service compétent de l'Agence, contre récépissé.",Indéterminé,"Fiscal=0, Social=0, Administratif=0",Indéterminé,False
20,BO_7470_Fr,8,fr,"La demande d'autorisation de ferme aquacole
est rejetée dans les cas suivants :
1. non faisabilité du projet, objet de la demande ;
Ladite demande est établie selon le modèle disponible
auprès des services de l'Agence et sur son site web.
2. avis défavorable de l'INRH et/ou de l'Administration
de la défense nationale ;
La liste des documents constituant le dossier
accompagnant la demande est fixée par arrêté de l'autorité
gouvernementale chargée de la pêche maritime.
3. non production des documents exigés, suite à l'accord
de principe, avant l'expiration de sa durée de validité.
Le rejet motivé de la demande d'autorisation est notifié
par l'Agence au demandeur par tout moyen faisant preuve de la
réception, y compris par voie électronique, dans l'un des deux
délais prévus au 3) ou au 5) de l'article 7 ci-dessus, selon le cas.",Administratif,"Administratif=1, Fiscal=0, Social=0",Administratif,False
21,BO_7470_Fr,7,fr,"Pour l'instruction du dossier de la demande
d'autorisation de ferme aquacole, il est procédé comme suit :
1) le service compétent de l'Agence s'assure de la
faisabilité du projet, objet de la demande, conformément aux
dispositions de l'article 26 de la loi précitée n° 84-21 ;",Indéterminé,"Fiscal=0, Social=0, Administratif=0",Indéterminé,False
22,BO_7470_Fr,9,fr,"L'autorisation de ferme aquacole est établie
selon le modèle fixé par arrêté de l'autorité gouvernementale
chargée de la pêche maritime et publiée au «Bulletin officiel»,
conformément aux dispositions de l'article 29 de la loi précitée
n°84-21.
2) si la faisabilité du projet est acceptée, le dossier de la
demande est soumis à l'avis :
a) de l'INRH qui dispose d'un délai maximum de quinze
(15) jours pour donner son avis. Toutefois, dans le cas où une
étude est nécessaire, ce délai est suspendu jusqu'à la remise
du rapport final de l'étude ;",Indéterminé,"Fiscal=0, Social=0, Administratif=0",Indéterminé,False
23,BO_7470_Fr,10,fr,"Pour l'application des dispositions de l'article 36
de la loi précitée n° 84-21, la demande de prorogation du délai
de démarrage des travaux d'installation de la ferme aquacole
est établie selon le modèle disponible auprès des services de
l'Agence et sur son site web. Cette demande est déposée, y
compris par voie électronique, par le titulaire de l'autorisation
de la ferme aquacole concernée, auprès du service compétent
de l'Agence, contre récépissé.
b) de l'administration de la défense nationale lorsqu'il
est prévu d'implanter la ferme aquacole, objet de la demande,
totalement ou partiellement en mer ;
c) toute autre administration ou collectivité territoriale
concernée, compte tenu de la nature du projet ;
Cette demande, accompagnée, conformément aux
dispositions dudit article 36, de tout document justifiant le
motif de la prorogation demandée, doit être déposée six (6)
mois, au moins, avant l'expiration de la 3ème année de validité
de l'autorisation, sous peine de refus.
3) en cas d'avis favorable de l'INRH, un accord de
principe est délivré par l'Agence au demandeur, dans un
délai maximum de soixante (60) jours, à compter de la date
de dépôt de la demande, sous réserve de la suspension du
délai prévu au a) du 2) ci-dessus. Cet accord de principe
est délivré au demandeur pour lui permettre d'obtenir la
décision d'acceptabilité environnementale et/ou l'autorisation
d'occupation temporaire du domaine public, le cas échéant.
L'accord de principe a une durée de validité de deux (2) ans à
En cas d'acceptation, la décision de prorogation, établie
par l'autorité gouvernementale chargée de la pêche maritime,
est adressée par l'Agence, au demandeur, par tout moyen
faisant preuve de la réception, y compris par voie électronique,
dans un délai maximum de trente (30) jours à compter de la
date de réception de ladite demande.
compter de la date de sa délivrance ;
4) suite à la réception des documents visés au 3) ci-
dessus, le dossier de la demande, accompagné d'une note
établie par l'Agence, sont adressés par celle-ci à l'autorité
gouvernementale chargée de la pêche maritime, aux fins de
l'établissement de l'autorisation ;
Tout refus de prorogation doit être motivé et notifié par
l'Agence au demandeur, dans le délai sus indiqué.",Administratif,"Administratif=4, Pénal=1, Fiscal=0",Administratif,False
24,BO_7470_Fr,11,fr,"La demande de modification de l'autorisation
de ferme aquacole prévue à l'article 31 de la loi précitée n°84-21
est déposée, par le titulaire de l'autorisation concernée, contre
récépissé, auprès du service compétent de l'Agence, y compris
par voie électronique.
5) l'autorisation est transmise par l'Agence au demandeur
par tout moyen faisant preuve de la réception, y compris par
voie électronique, dans un délai maximum de trente (30) jours,
à compter de la date de production du dernier document visé
au 3) ci-dessus.
Ladite demande, établie selon le modèle disponible
auprès des services de l'Agence et sur son site web, est
accompagnée, conformément aux dispositions dudit article 31,
d'un dossier comprenant les documents dont la liste est fixée
par arrêté de l'autorité gouvernementale chargée de la pêche
maritime.
Les demandes d'autorisations de fermes aquacoles
déposées dans le cadre d'un AMI ne sont pas soumises, pour
leur instruction, aux formalités prévues au 1) et au a) du 2)
du présent article.",Indéterminé,"Fiscal=0, Social=0, Administratif=0",Indéterminé,False
25,BO_7470_Fr,12,fr,"Pour l'instruction du dossier de la demande
de modification, il est procédé comme suit :
3. non production des documents exigés, suite à l'accord
de principe, avant l'expiration de sa durée de validité.
1) L'Agence s'assure de la faisabilité du projet de
modification, objet de la demande ;
Le refus motivé de modification est notifié au demandeur
par tout moyen faisant preuve de la réception, y compris par
voie électronique, dans le même délai que celui prévu pour
délivrer la décision de modification.
2) Si la faisabilité du projet de modification est acceptée,
l'Agence soumet le dossier de la demande à l'avis :",Indéterminé,"Fiscal=0, Social=0, Administratif=0",Indéterminé,False
26,BO_7470_Fr,14,fr,"La demande de renouvellement de
l'autorisation de ferme aquacole prévue à l'article 33 de la loi
précitée n° 84-21 est établie selon le modèle disponible auprès
des services de l'Agence et sur son site web.
a) de l'INRH, si nécessaire, qui dispose d'un délai
maximum de quinze (15) jours pour donner son avis. Toutefois,
dans le cas où une étude est nécessaire, ce délai est suspendu
jusqu'à la remise du rapport final de l'étude ;
Cette demande est déposée et instruite selon les mêmes
modalités que celles prévues aux articles 6 et 7 ci-dessus.
b) de l'Administration de la défense nationale lorsque
la modification demandée concerne les coordonnées
géographiques d'une ferme aquacole implantée totalement
ou partiellement en mer ;
En cas d'acceptation de renouvellement de l'autorisation
de ferme aquacole, une décision de renouvellement est délivrée
au demandeur selon les mêmes modalités que celles prévues
à l'article 7 ci-dessus.
c) toute autre administration ou collectivité territoriale
concernée, compte tenu de la nature de la modification
demandée.
La décision de renouvellement de l'autorisation est
publiée au « Bulletin officiel ».
3) en cas d'avis favorable de l'INRH, un accord de
principe est délivré, si nécessaire, par l'Agence au demandeur,
selon les modalités prévues à l'article 7 ci-dessus ;
Tout refus de renouvellement de l'autorisation doit
être motivé et notifié au demandeur par tout moyen faisant
preuve de la réception, y compris par voie électronique, dans
le même délai que celui fixé pour l'octroi de la décision de
renouvellement.
4) le dossier complet de la demande, accompagné d'une
note établie par l'Agence sont adressés par celle-ci à l'autorité
gouvernementale chargée de la pêche maritime, aux fins de
l'établissement de la décision de modification de l'autorisation ;",Administratif,"Administratif=4, Fiscal=0, Social=0",Administratif,False
27,BO_7470_Fr,15,fr,"En application des dispositions de l'article 34
de la loi précitée n°84-21, le contrôle des fermes aquacoles est
effectué par les agents habilités par l'autorité gouvernementale
chargée de la pêche maritime, visés à l'article 78 de ladite loi
n° 84-21.
5) la décision de modification est transmise par l'Agence
au demandeur par tout moyen faisant preuve de la réception,
y compris par voie électronique, dans un délai maximum de :
– soixante (60) jours, à compter de la date de dépôt de la
demande, dans les cas ne nécessitant pas un accord de
principe, sous réserve de la suspension du délai prévu
au a) du 2) ci-dessus, le cas échéant ;
Les visites de contrôle des fermes aquacoles, prévues
audit article 34, sont effectuées par les agents précités, à
l'initiative de l'autorité gouvernementale chargée de la pêche
maritime ou suite à un rapport faisant état de non-conformités
ou insuffisances qui lui est transmis par :
– trente (30) jours, à compter de la date de production du
dernier document visé au 3) de l'article 7 ci-dessus, dans
les cas nécessitant l'accord de principe ;
– l'Agence, suite à une visite de suivi effectuée dans le
cadre de sa mission de suivi de l'activité de l'aquaculture
marine, conformément aux dispositions de la loi
susvisée n° 52-09, ou par ;
6) la décision de modification est publiée au
«Bulletin officiel».
La consultation de l'INRH visée au a) du 2) ci-dessus
est obligatoire lorsque la demande de modification concerne
les coordonnées géographiques de la ferme aquacole, ou
les espèces cultivées, élevées et/ou conservées ainsi que les
techniques d'élevage, de culture ou de conservation desdites
espèces.
– l'INRH, suite à une visite de surveillance effectuée
dans le cadre de ses missions de surveillance de la
salubrité des produits de l'aquaculture dans leur milieu,
conformément aux dispositions de l'article 2 de la loi
susvisée n°48-95.",Indéterminé,"Fiscal=0, Social=0, Administratif=0",Indéterminé,False
28,BO_7470_Fr,16,fr,"Le titulaire de l'autorisation de ferme aquacole
suspendue, conformément aux dispositions de l'article 34 de la
loi précitée n°84-21, qui estime avoir remédié, avant l'expiration
de la durée du délai fixé dans la décision de suspension, aux
non conformités ou insuffisances ayant entrainés celle-ci, peut
demander la levée de la suspension de l'autorisation.
L'administration de la défense nationale et les autres
administrations et collectivités territoriales visées ci-dessus
disposent d'un délai maximum de quinze (15) jours, à compter
de la date de leur saisine, pour rendre leurs avis.",Administratif,"Administratif=1, Fiscal=0, Social=0",Administratif,False
29,BO_7470_Fr,13,fr,"La modification de l'autorisation de ferme
aquacole est refusée dans les cas suivants :
Dans ce cas, une visite de la ferme aquacole concernée
est effectuée dans un délai ne dépassant pas dix (10) jours
ouvrables, à compter de la date de réception de ladite demande.
Un rapport de la visite est établi par le ou les agents l'ayant
1. non faisabilité du projet de modification, objet de la
demande ;
2. avis défavorable de l'INRH et/ou de l'Administration
de la défense nationale ;
effectuée.
Chapitre III
Au vu de ce rapport, la suspension de l'autorisation de
ferme aquacole peut être levée par l'autorité gouvernementale
chargée de la pêche maritime, s'il est constaté qu'il a été remédié
aux non-conformités ou insuffisances constatées. Dans le cas
contraire, la suspension de l'autorisation est maintenue.
Exploitation de la ferme aquacole
Section première. – Zone de protection de La ferme aquacole",Administratif,"Administratif=1, Environnement=1, Fiscal=0",Administratif,False
30,BO_7470_Fr,20,fr,"En application des dispositions de l'article 42
de la loi précitée n°84-21, la largeur de la zone de protection
autour d'une ferme aquacole est fixée dans l'autorisation de
la ferme aquacole. Cette largeur ne peut être inférieure à 10
mètres ni supérieure à 200 mètres autour des limites maritimes
de la ferme aquacole.
La levée de la suspension de l'autorisation ou le maintien
de celle-ci est notifié à l'intéressé par tout moyen faisant preuve
de la réception, y compris par voie électronique, dans un délai
ne dépassant pas dix (10) jours ouvrables à compter de la date
de la visite susmentionnée.",Environnement,"Environnement=1, Fiscal=0, Social=0",Environnement,False
31,BO_7470_Fr,17,fr,"Il est mis fin à la suspension de l'autorisation
de la ferme aquacole, si, à l'expiration du délai fixé dans la
décision de suspension, il est constaté, au vu du rapport établi
suite à une nouvelle visite de ladite ferme aquacole, qu'il a
été remédié aux non-conformités ou insuffisances constatées.",Indéterminé,"Fiscal=0, Social=0, Administratif=0",Indéterminé,False
32,BO_7470_Fr,21,fr,"Les dispositifs de signalement de la zone de
protection de la ferme aquacole prévus à l'article 42 de la loi
précitée n°84-21 sont constitués de moyens de balisage en mer
dont les spécifications techniques doivent être conformes à la
réglementation en vigueur.
Dans le cas contraire, l'autorisation est retirée.
La décision de la levée de la suspension et la décision
du retrait motivée de l'autorisation de la ferme aquacole
sont notifiées à l'intéressé par tout moyen faisant preuve de
la réception, dans un délai ne dépassant pas dix (10) jours
ouvrables, à compter de la date de la visite sus-indiquée, y
compris par voie électronique.
Ces dispositifs doivent être entretenus et maintenus en
état de fonctionnement par le titulaire de l'autorisation de la
ferme aquacole concernée.
Section 2. – Autorisation préalable d'introduction et de transfert
des organismes marins",Environnement,"Environnement=1, Fiscal=0, Social=0",Environnement,False
33,BO_7470_Fr,18,fr,"Les retraits de l'autorisation de fermes
aquacoles prévus aux articles 30, 35 et 37 de la loi précitée
n°84-21 doivent être motivés et notifiés aux intéressés par
tout moyen faisant preuve de la réception, y compris par voie
électronique.",Indéterminé,"Fiscal=0, Social=0, Administratif=0",Indéterminé,False
34,BO_7470_Fr,22,fr,"L'autorisation préalable d'introduction ou de
transfert des organismes marins prévue à l'article 43 de la loi
précitée n°84-21 est délivrée par l'autorité gouvernementale
chargée de la pêche maritime au titulaire de l'autorisation de
ferme aquacole qui en fait la demande.
Le délai prévu à l'article 34 de la loi précitée n°84-21,
accordé à la personne dont l'autorisation de ferme aquacole
est retirée, pour commercialiser ou transférer les espèces
halieutiques détenues dans ladite ferme, est fixé dans la
décision de retrait de l'autorisation.",Indéterminé,"Fiscal=0, Social=0, Administratif=0",Indéterminé,False
35,BO_7470_Fr,23,fr,"La demande de l'autorisation préalable visée à
l'article 22 ci-dessus, établie selon le modèle disponible auprès
des services de l'Agence et sur son site web, est déposée, y
compris par voie électronique, contre récépissé, auprès du
service compétent de ladite Agence.
Ce délai ne peut être inférieur à un (1) mois ni supérieur
à six (6) mois.
La demande est accompagnée d'un dossier contenant
les documents dont la liste est fixée par arrêté de l'autorité
gouvernementale chargée de la pêche maritime et permettant :",Indéterminé,"Fiscal=0, Social=0, Administratif=0",Indéterminé,False
36,BO_7470_Fr,19,fr,"Le registre national des autorisations de
ferme aquacoles prévu à l'article 29 de la loi précitée n° 84-21
est tenu et mis à jour par l'Agence, y compris sous format
électronique.
– d'identifier le demandeur, la ou les fermes aquacoles
concernées, le lieu d'introduction dans le milieu marin
ainsi que le ou les organismes marins dont l'introduction
ou le transfert est demandé ;
Ce registre comprend la liste des fermes aquacoles
autorisées ainsi que les informations suivantes relatives à
chaque ferme :
– de vérifier que les modalités de réalisation des opérations
1) la dénomination et l'identifiant de la ferme aquacole ;
d'introduction ou de transfert des organismes marins,
notamment les méthodes et les moyens de contrôle
proposés sont conformes aux standards scientifiques
et techniques applicables en la matière.
2) la date de publication au « Bulletin officiel » de
l'autorisation y afférente, ainsi que les informations relatives
à ladite autorisation, prévues à l'article 29 de la loi précitée
n° 84-21 ;
3) le mode d'élevage, de culture ou de conservation des
espèces halieutiques ;",Indéterminé,"Fiscal=0, Social=0, Administratif=0",Indéterminé,False
37,BO_7470_Fr,24,fr,"Le service compétent de l'Agence vérifie
la complétude du dossier de la demande visé à l'article 23
ci-dessus.
4) la largeur de la zone de protection accordée à la ferme
aquacole, le cas échéant ;
Le dossier complet de la demande est soumis par
l'Agence à l'avis de l'INRH et de l'Office National de Sécurité
Sanitaire des Produits Alimentaires (ONSSA), qui disposent
d'un délai de quinze (15) jours pour rendre leur avis. Toutefois,
dans le cas où une étude est nécessaire, ce délai est suspendu
jusqu'à la remise du rapport final de l'étude.
5) le nombre, l'immatriculation et les caractéristiques
des navires auxiliaires d'aquaculture marine attachés à ladite
ferme aquacole, le cas échéant.
Le registre peut être consulté sur le site web de l'Agence
selon les modalités qu'elle fixe.",Environnement,"Environnement=1, Fiscal=0, Social=0",Environnement,False
38,BO_7470_Fr,28,fr,"Pour l'instruction de la demande visée à
l'article 27 ci-dessus, il est procédé comme suit :
En cas d'avis favorable de l'INRH et de l'ONSSA, le
dossier de la demande, les avis de l'INRH et de l'ONSSA ainsi
qu'une note établie par l'Agence sont adressés par celle-ci
à l'autorité gouvernementale chargée de la pêche maritime,
aux fins de l'établissement de l'autorisation préalable
correspondante.
1) L'Agence procède à un examen de faisabilité de la
capture ou de la cueillette demandée, en tenant compte des
dispositions de l'arrêté prévu à l'article 29 ci-dessous ainsi que
de la règlementation relative à la pêche maritime applicable
dans le ou les lieux prévus pour la capture ou la cueillette ;
Cette autorisation est transmise par l'Agence au
demandeur, par tout moyen faisant preuve de la réception,
y compris par voie électronique, dans un délai maximum
de soixante (60) jours, à compter de la date de dépôt de la
demande, sous réserve de la suspension du délai visé ci-dessus.
2) Si la faisabilité de la capture ou de la cueillette est
acceptée, la demande est soumise par l'Agence, à l'avis de
l'INRH qui dispose d'un délai de dix (10) jours pour rendre
son avis. Toutefois, dans le cas où une étude est nécessaire
pour rendre cet avis, ce délai est suspendu jusqu'à la remise
du rapport final de l'étude ;
En cas d'avis défavorable de l'INRH et/ou de l'ONSSA,
la demande est rejetée.
3) En cas d'avis favorable de l'INRH, le dossier de la
demande, l'avis de l'INRH, ainsi qu'une note établie par
l'Agence sont adressés à l'autorité gouvernementale chargée de
la pêche maritime aux fins de l'établissement de l'autorisation
correspondante ;
Le rejet motivé de la demande est notifié au demandeur
par tout moyen faisant preuve de la réception, y compris par
voie électronique, dans le même délai indiqué au quatrième
alinéa ci-dessus.",Indéterminé,"Fiscal=0, Social=0, Administratif=0",Indéterminé,False
39,BO_7470_Fr,25,fr,"L'autorisation préalable d'introduction ou de
transfert des organismes marins est établie selon le modèle
correspondant fixé par arrêté de l'autorité gouvernementale
chargée de la pêche maritime.
4) L'autorisation est transmise par l'Agence au
demandeur, par tout moyen faisant preuve de la réception,
y compris par voie électronique, dans un délai maximum de
soixante (60) jours à compter de la date de dépôt de la demande,
sous réserve de la suspension du délai visée au 2) ci-dessus.
Elle comporte, outre sa durée de validité, les mentions
relatives à son titulaire et aux organismes marins concernés,
leurs quantités, ainsi que, selon le cas, les mentions relatives
aux fermes aquacoles et au milieu marin concernés.
En cas de non faisabilité de la capture ou de la cueillette
ou en cas d'avis défavorable de l'INRH, la demande est rejetée.
Le rejet motivé de la demande est notifié au demandeur
par tout moyen faisant preuve de la réception, y compris par
voie électronique, dans les mêmes délais que ceux prévus pour
la délivrance de l'autorisation.
L'autorisation préalable a une durée de validité d'une
année, à compter de la date de sa délivrance. Elle ne peut être
utilisée que pour les organismes marins et les quantités qui y
sont mentionnés.",Indéterminé,"Fiscal=0, Social=0, Administratif=0",Indéterminé,False
40,BO_7470_Fr,29,fr,"La liste des espèces pouvant faire l'objet de
capture d'alevins ou de naissains ou de cueillette de boutures
est fixée par arrêté de l'autorité gouvernementale chargée de
la pêche maritime, sur proposition de l'ANDA et après avis
conforme de l'INRH.",Indéterminé,"Fiscal=0, Social=0, Administratif=0",Indéterminé,False
41,BO_7470_Fr,26,fr,"Tout lot d'organismes marins, devant être
introduit dans une ferme aquacole ou dans le milieu marin
ou transféré d'une ferme aquacole à une autre, doit être
accompagné des documents sanitaires délivrés, à cet effet,
conformément à la législation et la réglementation en vigueur.
L'Agence nationale des eaux et forêts (ANEF) est
consultée dans le cas où une ou plusieurs des espèces dont
l'inscription est prévue dans la liste susindiquée sont classées
dans l'une des catégories prévues à l'article 4 de la loi n°29-05
relative à la protection des espèces de flore et de faune sauvage
et au contrôle de leur commerce.
Le titulaire de l'autorisation préalable, visée à l'article 23
ci-dessus, informe, par tout moyen faisant preuve de la
réception, y compris par voie électronique, le service compétent
du département de la pêche maritime et l'Agence de la date
prévue pour l'introduction ou le transfert des organismes
marins, au moins 48 heures avant ladite date.
Sont également fixées par ledit arrêté les conditions
techniques de capture desdits alevins ou naissains ou de
cueillette desdites boutures
Section 3. – Autorisation de capture des alevins ou de naissains
dans le milieu marin et autorisation de cueillette des boutures
des végétaux marins",Commercial,"Commercial=1, Environnement=1, Fiscal=0",Commercial,False
42,BO_7470_Fr,30,fr,"L'autorisation de capture des alevins ou des
naissains et l'autorisation de cueillette des boutures de végétaux
marins sont établies selon le modèle correspondant fixé par
arrêté de l'autorité gouvernementale chargée de la pêche
maritime et comportent, outre les mentions d'identification du
demandeur et de la ferme aquacole concernée, les informations
ci-après :",Indéterminé,"Fiscal=0, Social=0, Administratif=0",Indéterminé,False
43,BO_7470_Fr,27,fr,"Pour l'obtention de l'autorisation de capture,
dans le milieu marin, des alevins ou des naissains et de
l'autorisation de cueillette des boutures de végétaux marins,
prévues à l'article 44 de la loi précitée n°84-21, le titulaire de
l'autorisation de la ferme aquacole concernée doit déposer
une demande, à cet effet, contre récépissé, y compris par voie
électronique, auprès du service compétent de l'Agence.
1) la quantité, la taille et/ou le poids des spécimens de la
ou des espèces dont la capture ou la cueillette dans le milieu
marin est autorisée ;
La demande est établie selon le modèle correspondant
disponible auprès des services de l'Agence et sur son site Web.
Elle est accompagnée d'un dossier constitué des documents
dont la liste est fixée par arrêté de l'autorité gouvernementale
chargée de la pêche maritime.
2) le ou les lieux prévus pour effectuer la capture ou la
cueillette ;
Chapitre IV
3) la ou les périodes de l'année durant laquelle ou
lesquelles les opérations de capture ou de cueillette sont
prévues ;
Modalités d'exercice de certaines activités aquacoles
Section première. – Autorisation d'activité de recherche scientifique
4) les informations relatives au navire ou aux navires de
pêche disposant d'une licence de pêche en cours de validité
pour la ou les périodes et le ou les lieux mentionnés dans
l'autorisation, en cas d'utilisation d'un navire de pêche ;
aquacole et autorisation d'activité d'aquaculture expérimentale",Indéterminé,"Fiscal=0, Social=0, Administratif=0",Indéterminé,False
44,BO_7470_Fr,36,fr,"La demande d'autorisation d'activité de
recherche scientifique aquacole et la demande d'autorisation
d'activité d'aquaculture expérimentale, prévues respectivement
aux articles 63 et 66 de la loi précitée n° 84-21, sont établies
selon le modèle correspondant disponible auprès des services
de l'Agence et sur son site web.
5) la ou les méthodes de pêche et les engins ou instruments
de pêche autorisés ;
6) toute autre mention utile.",Indéterminé,"Fiscal=0, Social=0, Administratif=0",Indéterminé,False
45,BO_7470_Fr,31,fr,"L'autorisation de capture des alevins ou
des naissains et l'autorisation de cueillette des boutures de
végétaux marins ont une durée de validité d'une année, à
Lesdites demandes sont déposées, y compris par voie
électronique, contre récépissé, auprès du service compétent de
l'Agence, par l'établissement ou l'organisme visé à l'article 62 de
la loi précitée n°84-21, en ce qui concerne l'activité de recherche
scientifique aquacole, et par le titulaire de l'autorisation
de ferme aquacole devant abriter l'activité d'aquaculture
expérimentale, en ce qui concerne l'expérimentation.
compter de la date de leur délivrance.",Indéterminé,"Fiscal=0, Social=0, Administratif=0",Indéterminé,False
46,BO_7470_Fr,32,fr,"Tout lot d'alevins ou de naissains capturés doit,
pour son introduction dans la ferme aquacole concernée, être
accompagné des documents sanitaires délivrés conformément
à la législation et la règlementation en vigueur.
La liste des documents constituant les dossiers, prévus
respectivement auxdits articles 63 et 66 de ladite loi n° 84-21
accompagnant lesdites demandes est fixée par arrêté de
l'autorité gouvernementale chargée de la pêche maritime.
Section IV. – Récupération des espèces évadées",Indéterminé,"Fiscal=0, Social=0, Administratif=0",Indéterminé,False
47,BO_7470_Fr,33,fr,"En application des dispositions de l'article 45
de la loi précitée n°84-21, le titulaire de l'autorisation de ferme
aquacole doit immédiatement déclarer au service compétent
du département de la pêche maritime et à l'Agence, par tout
moyen faisant preuve de la réception, y compris par voie
électronique, toute évasion d'espèces aquacoles élevées ou
conservées dans sa ferme.",Indéterminé,"Fiscal=0, Social=0, Administratif=0",Indéterminé,False
48,BO_7470_Fr,37,fr,"Le service compétent de l'Agence procède à
l'examen de faisabilité du projet de recherche scientifique ou
d'expérimentation, objet de la demande, conformément aux
dispositions de l'article 63 ou de l'article 66 de la loi précitée
n° 84-21, selon le cas.
En cas de faisabilité du projet, l'Agence soumet le dossier
de la demande à l'INRH qui dispose d'un délai de quinze
(15) jours pour rendre son avis. Toutefois, dans le cas où une
étude ou une visite de conformité est nécessaire, ce délai est
suspendu jusqu'à la remise du rapport final de l'étude ou de
la visite.
La déclaration sus-indiquée est établie selon le modèle
disponible auprès des services de l'Agence et sur son site web.
Outre les mentions d'identification du titulaire de
l'autorisation et de la ferme aquacole concernée, la déclaration
comprend les informations relatives au lieu de l'évasion, aux
espèces évadées, ainsi qu'une estimation de leur quantité avec
l'indication de leur état sanitaire.
En cas d'avis favorable de l'INRH, le dossier de la
demande, l'avis de l'INRH ainsi qu'une note établie par
l'Agence sont adressés par celle-ci à l'autorité gouvernementale
chargée de la pêche maritime, aux fins de l'établissement de
l'autorisation correspondante.",Indéterminé,"Fiscal=0, Social=0, Administratif=0",Indéterminé,False
49,BO_7470_Fr,34,fr,"Le titulaire de l'autorisation de ferme
aquacole peut effectuer la récupération des espèces évadées,
objet de la déclaration, visée à l'article 33 ci-dessus dans
les espaces occupés par les installations et équipements de
la ferme aquacole et dans la zone de protection accordée à
ladite ferme, par tout moyen approprié utilisé par le titulaire
de l'autorisation de ferme aquacole ou sous sa responsabilité.
L'autorisation est transmise par l'Agence au demandeur,
par tout moyen faisant preuve de la réception, y compris par
voie électronique, dans un délai maximum de soixante (60)
jours, à compter de la date de dépôt de la demande, sous
réserve de la suspension du délai sus indiqué.",Environnement,"Environnement=1, Fiscal=0, Social=0",Environnement,False
50,BO_7470_Fr,35,fr,"Le titulaire de l'autorisation de la ferme
aquacole concernée doit déclarer les espèces récupérées au
service compétent du département de la pêche maritime et à
l'Agence dans un délai n'excédant pas 24 heures, à compter
de la date de leur récupération.
En cas de non faisabilité du projet ou en cas d'avis
défavorable de l'INRH, la demande est rejetée.
Tout rejet de la demande doit être motivé et notifié au
demandeur par tout moyen faisant preuve de la réception, y
compris par voie électronique, dans le même délai indiqué au
quatrième alinéa ci-dessus.
En outre, un rapport relatant l'évènement et les mesures
de récupération prises, ainsi que leur résultat doit être adressé
par le titulaire de l'autorisation de ferme aquacole, au service
compétent du département de la pêche maritime et à l'Agence
dans un délai maximum de trente (30) jours à compter de
la date de l'évasion. Ledit rapport est établi selon le modèle
fourni par l'Agence et disponible sur son site web.",Indéterminé,"Fiscal=0, Social=0, Administratif=0",Indéterminé,False
51,BO_7470_Fr,38,fr,"L'autorisation d'activité de recherche
scientifique aquacole et l'autorisation d'activité d'aquaculture
expérimentale sont établies selon les modèles fixés par arrêté
de l'autorité gouvernementale chargée de la pêche maritime.
Les informations relatives à l'évasion et à la récupération
des espèces aquacoles, visées aux articles 33 et 34 ci-dessus
doivent être reportées sur le registre prévu à l'article 52 de la
loi précitée n°84-21.
Outre sa durée de validité, chaque autorisation comporte
les mentions et informations prévues respectivement aux
articles 61 et 67 de la loi précitée n°84-21, selon le cas.",Indéterminé,"Fiscal=0, Social=0, Administratif=0",Indéterminé,False
52,BO_7470_Fr,39,fr,"La demande de renouvellement de
l'autorisation d'activité de recherche scientifique aquacole,
prévue à l'article 64 de la loi précitée n°84-21, doit être déposée,
sous peine de rejet, six (6) mois, au moins, avant l'expiration
de sa durée de validité.
Le dossier de la demande ainsi qu'une note établie par
l'Agence sont adressés par celle-ci à l'autorité gouvernementale
chargée de la pêche maritime aux fins de l'établissement de
l'autorisation.
L'autorisation est transmise par l'Agence au demandeur,
par tout moyen faisant preuve de la réception, y compris par
voie électronique, dans un délai maximum de soixante (60)
jours, à compter de la date de dépôt de la demande.
La demande de renouvellement est déposée et instruite
selon les mêmes modalités que celles prévues aux articles 36
et 37 ci-dessus.
Tout rejet de la demande doit être motivé et notifié
à l'intéressé par tout moyen faisant preuve de réception, y
compris par voie électronique, dans le même délai indiqué
ci-dessus.",Pénal,"Pénal=1, Fiscal=0, Social=0",Pénal,False
53,BO_7470_Fr,40,fr,"La demande de prorogation de validité de
l'autorisation d'activité d'aquaculture expérimentale, prévue à
l'article 67 de la loi précitée n°84-21, est établie par le titulaire
de l'autorisation concernée selon le modèle disponible auprès
des services de l'Agence et sur son site web. Elle est déposée,
y compris par voie électronique, contre récépissé, auprès du",Indéterminé,"Fiscal=0, Social=0, Administratif=0",Indéterminé,False
54,BO_7470_Fr,43,fr,"L'autorisation d'activités d'aquaculture pour
la formation est établie selon le modèle fixé par arrêté de
l'autorité gouvernementale chargée de la pêche maritime.
service compétent de l'Agence.
Sous peine de rejet, cette demande doit être déposée,
trois (3) mois, au moins, avant l'expiration de la durée de
validité de l'autorisation concernée.
Outre sa durée de validité, l'autorisation comporte les
mentions et informations relatives à l'identité de son titulaire et
de la ferme aquacole concernée, les caractéristiques générales
de l'espace réservé aux activités de formation pratique ainsi
que les moyens humains et matériels mis en place pour assurer
la sécurité des personnes au cours de ladite formation pratique.
La demande doit être accompagnée de tout document
justifiant le motif de la prorogation demandée.
En cas d'acceptation, la décision de prorogation, établie
par l'autorité gouvernementale chargée de la pêche maritime,
est adressée par l'Agence au demandeur, par tout moyen
faisant preuve de la réception, y compris par voie électronique,
dans un délai maximum de trente (30) jours, à compter de la
date de dépôt de la demande.",Pénal,"Pénal=1, Fiscal=0, Social=0",Pénal,False
55,BO_7470_Fr,44,fr,"S'il est constaté, suite à un contrôle effectué
conformément aux dispositions de l'article 15 ci-dessus, qu'une
ou plusieurs des conditions ayant permis la délivrance de
l'autorisation pour l'exercice d'activité d'aquaculture pour la
formation ne sont plus remplies, celle-ci est retirée.
La décision du retrait motivée de l'autorisation est
notifiée à l'intéressé par tout moyen faisant preuve de la
réception, y compris par voie électronique.
Tout refus de la prorogation doit être motivé et adressé
au demandeur dans le même délai indiqué au quatrième alinéa
ci-dessus.
Chapitre V
Section 2. – Autorisation d'activité d'aquaculture
Dispositions diverses et finales
pour la formation",Indéterminé,"Fiscal=0, Social=0, Administratif=0",Indéterminé,False
56,BO_7470_Fr,45,fr,"En application des dispositions de l'article 78
de la loi précitée n°84-21, les catégories des personnels de
l'autorité gouvernementale chargée de la pêche maritime
habilités à rechercher et constater les infractions aux
dispositions de ladite loi et aux textes pris pour son application
et dresser les procès-verbaux y afférent sont fixées par arrêté
de cette autorité.",Pénal,"Pénal=1, Fiscal=0, Social=0",Pénal,False
57,BO_7470_Fr,41,fr,"L'autorisation pour l'exercice d'activité
d'aquaculture pour la formation, visée à l'article 74 de la loi
précitée n°84-21, est délivrée par l'autorité gouvernementale
chargée de la pêche maritime, sur sa demande, au titulaire de
l'autorisation de ferme aquacole devant abriter les activités de
formation pratique.
Le demandeur doit s'engager à respecter les clauses
d'un cahier des charges, établi à cet effet, selon le modèle fixé
par arrêté de l'autorité gouvernementale chargée de la pêche
maritime.
Pour être habilités, lesdits agents doivent disposer de
connaissances et de compétences dans les domaines traités par
la loi précitée n°84-21 et les textes pris pour son application.
A cet effet, ils doivent avoir suivi une formation dans les
domaines de l'aquaculture marine et de la pêche maritime ainsi
qu'en matière de procédure judiciaire et de verbalisation, selon
le programme établi, à cet effet, par l'autorité gouvernementale
chargée de la pêche maritime.
La demande sus indiquée, établie selon le modèle
disponible auprès des services de l'Agence et sur son site web,
est déposée, contre récépissé, y compris par voie électronique,
auprès du service compétent de l'Agence.
Cette demande est accompagnée d'un dossier
comprenant, outre le cahier des charges sus indiqué, les
documents dont la liste est fixée par arrêté de l'autorité
gouvernementale chargée de la pêche maritime.",Indéterminé,"Fiscal=0, Social=0, Administratif=0",Indéterminé,False
58,BO_7470_Fr,46,fr,"Dans l'exercice de leurs missions, les agents
mentionnés à l'article 45 ci-dessus doivent être munis et porter
de manière apparente, une carte professionnelle délivrée, à
cet effet, par l'autorité gouvernementale chargée de la pêche
maritime, permettant leur identification et celle du service
auquel ils sont rattachés.",Indéterminé,"Fiscal=0, Social=0, Administratif=0",Indéterminé,False
59,BO_7470_Fr,42,fr,"Le service compétent de l'Agence procède à
un examen de la complétude du dossier de la demande.
Pour se prononcer sur la demande, l'Agence peut
effectuer une visite des installations de la ferme devant abriter
les activités de formation pratique.
La carte professionnelle sus indiquée est établie selon le
modèle fixé par arrêté de l'autorité gouvernementale chargée
de la pêche maritime.",Indéterminé,"Fiscal=0, Social=0, Administratif=0",Indéterminé,False
60,BO_7470_Fr,47,fr,"La requête prévue à l'article 88 de la loi précitée
n°84-21 est déposée contre récépissé, par le contrevenant,
auprès de la délégation des pêches maritimes dans le ressort de
laquelle l'infraction a été constatée, dans un délai maximum de
sept (7) jours ouvrables, à compter de la date de l'établissement
du procès-verbal d'infraction.
4 - les modalités d'établissement du procès-verbal de
prélèvement d'échantillon prévu à l'article 82 de la loi précitée
n°84-21 ;
5 -  les modalités de destruction des produits de
l'aquaculture marine saisis, prévue à l'article 84 de la loi
précitée n°84-21 ;",Pénal,"Pénal=4, Fiscal=0, Social=0",Pénal,False
61,BO_7470_Fr,48,fr,"Le montant de l'amende de transaction prévue
à l'article 88 de la loi précitée n°84-21 est fixé par décision de
l'autorité gouvernementale chargée de la pêche maritime.
6 - les modalités de tenue et de mise à jour, par le
titulaire de l'autorisation de ferme aquacole, du registre prévu
à l'article 52 de la loi précitée n°84-21, ainsi que les modalités
de sa consultation par les agents habilités visés à l'article 45
ci-dessus, les agents relevant de l'Agence et les agents relevant
de l'INRH.
Cette décision qui mentionne également l'identité du
contrevenant et la référence du procès-verbal de constatation
de l'infraction est notifiée au contrevenant par l'autorité
gouvernementale chargée de la pêche maritime dans le délai
prévu audit",Pénal,"Pénal=3, Fiscal=0, Social=0",Pénal,False
63,BO_7470_Fr,52,fr,"Le ministre de l'agriculture, de la pêche
maritime, du développement rural et des eaux et forêts est
chargé de l'exécution du présent décret qui sera publié au
Bulletin officiel.",Indéterminé,"Fiscal=0, Social=0, Administratif=0",Indéterminé,False
64,BO_7470_Fr,49,fr,"En application des dispositions de l'article 30
de la loi précitée n° 84-21, l'accord autorisant la poursuite de
l'exploitation d'une ferme aquacole par un tiers, y compris le
titulaire d'une autre autorisation de ferme aquacole est délivré
par l'autorité gouvernementale chargée de la pêche maritime.
Fait à Rabat, le 1er rejeb 1447 (22 décembre 2025).
AZIZ AKHANNOUCH.
Pour contreseing :
La demande d'accord, établie par le titulaire de
l'autorisation concernée, selon le modèle disponible auprès
des services de l'Agence et sur son site web, est déposée, y
compris par voie électronique, contre récépissé, auprès du
service compétent de ladite Agence.
Le ministre de l'agriculture,
de la pêche maritime,
du développement rural
et des eaux et forêts,
AHMED EL BOUARI.
La demande est accompagnée d'un dossier contenant
les documents dont la liste est fixée par arrêté de l'autorité
gouvernementale chargée de la pêche maritime.
Arrêté de la ministre de l'économie et des finances n° 2412-25
du 21 rabii II 1447 (14 octobre 2025) fixant les règles
prudentielles relatives aux placements financiers du Fonds
Hassan II pour le développement économique et social.
Suite à l'instruction du dossier, l'Agence adresse le dossier
complet de la demande ainsi qu'une note établie par celle-ci à
l'autorité gouvernementale chargée de la pêche maritime, aux
fins de l'établissement de l'accord correspondant.
Cet accord est transmis par l'Agence au demandeur, par
tout moyen faisant preuve de la réception, y compris par voie
électronique, dans un délai maximum de soixante (60) jours
à compter de la date de dépôt de la demande.
LA MINISTRE DE L'ÉCONOMIE ET DES FINANCES,
Vu la loi n° 36-01 portant création du Fonds Hassan II
pour le développement économique et social promulguée
par le dahir n° 1-02-02 du 15 kaada 1422 (29 janvier 2002),
notamment son article 2 (b) ;
Tout rejet de la demande doit être motivé et adressé à
l'intéressé par tout moyen faisant preuve de la réception, y
compris par voie électronique, dans le même délai sus indiqué.
Vu le décret n° 2-02-93 du 27 hija 1422 (12 mars 2002)
pris en application de la loi n° 36-01 portant création du
Fonds Hassan II pour le développement économique et social,
notamment son article 3,",Indéterminé,"Fiscal=0, Social=0, Administratif=0",Indéterminé,False
65,BO_7470_Fr,50,fr,"Les espèces halieutiques vivantes doivent être
transportées et étiquetées selon les modalités fixées par arrêté
de l'autorité gouvernementale chargée de la pêche maritime et
de l'autorité gouvernementale chargée de l'agriculture, compte
tenu des dispositions de la législation et de la réglementation
relative à la sécurité sanitaire des produits alimentaires.
ARRÊTE :",Indéterminé,"Fiscal=0, Social=0, Administratif=0",Indéterminé,False
66,BO_7470_Fr,PREMIER,fr,"En application des dispositions de
l'article 2 (b) de la loi susvisée n°36-01, sont fixées comme suit
les règles prudentielles relatives aux placements financiers du
Fonds Hassan II pour le développement économique et social,
désigné ci-dessous « Fonds » qui se constituent sous forme :",Indéterminé,"Fiscal=0, Social=0, Administratif=0",Indéterminé,False
67,BO_7470_Fr,51,fr,"Sont fixés par arrêtés de l'autorité gouvernementale
chargée de la pêche maritime :
1 - les modalités de la déclaration de vacance de ferme
aquacole prévue à l'article 38 de la loi précité n°84-21 ;
1) d'au moins 70% des :
a) bons de trésor ;
2 - les modèles des demandes prévues au présent décret ;
b) obligations bénéficiant de la garantie de l'Etat ou de la
garantie de la société nationale de garantie et du financement
de l'entreprise ;
3 - le modèle du procès-verbal d'infraction prévu à
l'article 81 de la loi précitée n°84-21 ;
Arrêté conjoint de la ministre de l'économie et des finances
c) titres émis par les organismes de placement collectif
en valeurs mobilières (OPCVM) dont les éléments d'actifs sont
constitués de bons du Trésor ou d'obligations bénéficiant de
la garantie de l'Etat ou de la garantie de la société nationale
de garantie et du financement de l'entreprise ;
et du ministre de l'industrie et du commerce n° 2481-25
du 29 rabii II 1447 (22 octobre 2025) fixant la liste des
services liés aux activités autorisées à s'implanter dans la
Zone d'accélération industrielle Betoya.
d) titres émis par les organismes de placement collectif,
y compris les certificats Sukuk émis par les fonds de
placements collectifs en titrisation (FPCT) ou les titres émis
par les organismes de placement collectif immobilier (OPCI),
à condition que l'État soit l'initiateur de la constitution de
l'organisme et que la détermination et la gestion des risques
encourus par les placements dans ces titres soient similaires
aux placements en bons du Trésor ou en obligations bénéficiant
de la garantie de l'État ou de la garantie de la société nationale
de garantie et du financement de l'entreprise.
LA MINISTRE DE L'ÉCONOMIE ET DES FINANCES,
ET LE MINISTRE DE L'INDUSTRIE ET DU COMMERCE,
Vu la loi n° 19-94 relative aux zones d'accélération
industrielle promulguée par le dahir n° 1-95-1 du 24 chaabane
1415 (26 janvier 1995), telle qu'elle a été modifiée, notamment
ses articles 2 et 3 ;
Vu le décret n° 2-95-562 du 19 rejeb 1416 (12 décembre
1995) pris pour l'application de la loi n° 19-94 relative aux zones
d'accélération industrielle, notamment son article 2 ;
Les opérations de pension et/ou de prêt de titres
ne peuvent se réaliser que dans la limite de 10% de l'ensemble
des titres prévus par le présent paragraphe.
Vu le décret n° 2-09-684 du 30 rabii I 1431 (17 mars 2010)
portant création de la zone d'accélération industrielle Betoya,
tel qu'il a été modifié et complété notamment son article 4 ;
Les bons du Trésor ou les titres d'OPCVM dont l'objet
de leur placement concerne des bons du Trésor, doivent
constituer 35% de l'ensemble des placements prévus par le
présent paragraphe.
Sur proposition de la commission nationale des zones
d'accélération industrielle,
ARRÊTENT :",Commercial,"Commercial=8, Pénal=2, Social=1",Commercial,False
68,BO_7470_Fr,PREMIER,fr,"La liste des services liés aux activités
autorisées à s'implanter dans la zone d'accélération industrielle
de Betoya prévue dans l'article 4 du décret n°2-09-684
susvisé, est fixé comme suit :
2) d'au plus de 30% :
– des instruments financiers définis au paragraphe 1) de
l'article 2 de la loi n° 44-12 relative à l'appel public à
l'épargne et aux informations exigées des personnes
morales et organismes faisant appel public à l'épargne ;
– Services de communication, de marketing, de
certification et de promotion qui permettraient aux
investisseurs installés dans la zone d'accélération
industrielle d'améliorer leur capacité de pénétration
des marchés ;
– et de titres d'organismes de placement collectif
immobilier (OPCI).",Indéterminé,"Fiscal=0, Social=0, Administratif=0",Indéterminé,False
69,BO_7470_Fr,2,fr,"A l'exception des fonds placés sous forme de
bons du Trésor, des pourcentages maximums des placements
financiers par émetteur ou groupe d'émetteurs peuvent être
fixés par le directoire du Fonds.
– Services de maintenance et d'entretien des équipements
des unités industrielles et des locaux ;
– Services de recyclage et de valorisation des déchets
produits par les acteurs ;",Indéterminé,"Fiscal=0, Social=0, Administratif=0",Indéterminé,False
70,BO_7470_Fr,3,fr,"Les placements financiers et les opérations
visés à l'article premier ci-dessus doivent tenir compte des
– Services de peinture de surfaces, de coupe et de
lamination dans la zone d'accélération industrielle ;
engagements du Fonds et être suffisamment diversifiés pour lui
permettre de se prémunir contre une concentration des risques.
– Entretien du site et de ses installations (espaces publics) ;
–  Gestion des parkings (sous-terrain et surface) à",Indéterminé,"Fiscal=0, Social=0, Administratif=0",Indéterminé,False
71,BO_7470_Fr,4,fr,"Est abrogé l'arrêté du ministre de l'économie,
des finances et de la réforme de l'administration n°2873-19 du
22 safar 1441 (21 octobre 2019) fixant les règles prudentielles
relatives aux placements financiers du Fonds Hassan II pour
le développement économique et social.
l'intérieur de la zone d'accélération industrielle ;
– Etablissements d'assistance technique et de formation,
réservés exclusivement au personnel des entreprises
installées à l'intérieur de la zone d'accélération
industrielle ;",Administratif,"Administratif=1, Fiscal=0, Social=0",Administratif,False
72,BO_7470_Fr,5,fr,"Le présent arrêté est publié au Bulletin officiel.
– Centres d'exposition réservés aux biens d'équipement et
Rabat, le 21 rabii II 1447 (14 octobre 2025).
produits des sociétés installées à l'intérieur de la zone
d'accélération industrielle ;
NADIA FETTAH.
– Centres d'affaires fournissant des plateaux bureaux,
– Services de manutention des marchandises et de
des services de télécommunication, secrétariat,
reprographie et salles de réunions à destination
des sociétés en cours d'installation dans la zone
d'accélération industrielle ;
transport du personnel des entreprises installées dans
ladite zone ;
– Service de médecine de travail ;
– Les activités de commerce de biens d'équipement,
– Service ambulancier sur zone ;
outillage, petit matériel, pièces de rechanges destinées
aux unités industrielles de la zone ;
– Services postaux ;
– Services bancaires ;
– Services d'externalisation de fonctions administratives
et financières pour les entreprises installées dans la zone
d'accélération industrielle ;
– Service de transport terrestre ;
– Service de réparation et nettoyage de conteneurs ;
– Activités immobilières d'aménagement des lots
industriels, de construction des locaux industriels et
de plateaux bureaux pour les entreprises industrielles et
de services sous toutes les formes de mise à disposition
possibles (leasing, location, vente) ;
– Service d'empotage/dépotage spécialisés (les marchandises
réfrigérés, dangereux, vacs solides/liquides) ;
– Assurances et courtiers maritimes ;
– Centres privés de formation maritime-portuaire ;
– Services de conseil à l'agencement, à l'ameublement
des plateaux bureaux, de déménagement et aide à
l'installation ;
– Services de contrôle utilisant la plongée sous-marine ;
– Activités de consignataire maritime ;
– Services d'accompagnement des entreprises à la
certification et à l'installation des systèmes de
management de la qualité ;
– Services de manutention portuaire, de chargement et
de déchargement des navires, y compris les opérations
– Activités de logistique, de magasinage, d'entreposage
de transbordement ;
et de stockage ;
– Services de stockage et d'entreposage des marchandises
– Activités de pointage, de pesage et d'acheminement des
en zone portuaire, y compris les hydrocarbures et
marchandises ;
produits dangereux conformément à la réglementation
– Ingénierie et bureaux d'études techniques ;
en vigueur ;
–  Travaux d'aménagement des zones d'activités
– Services aux navires : pilotage, remorquage, amarrage,
industrielles, logistiques et de stockage des produits
énergiques ;
soutage et avitaillement en carburant et en vivres,
collecte, traitement, gestion et évacuation des déchets
– Travaux d'infrastructures et de superstructures
et résidus des navires ;
portuaires ;
– Services de réparation navale et d'entretien des
– Travaux d'informatique, de bureautique et de tirage
de plans ;
embarcations ;
– Laboratoires d'essais, de métrologie, de contrôle,
– Services logistiques liés au transport maritime ;
d'analyses de matières premières de produits finis ou
semi-finis utilisés ou produits par les unités installées
dans la zone d'accélération industrielle ;
Plus généralement, tous les services liés aux navires et
à la marchandise dans le port.
– Services de sécurité du site : télésurveillance et",Urbain,"Urbain=3, Commercial=2, Social=1",Urbain,False
73,BO_7470_Fr,2,fr,"Le présent arrêté conjoint sera publié au
vidéosurveillance dans la zone d'accélération
industrielle, gardiennage et contrôle des entrées/sorties
du site et des installations des entreprises ;
Bulletin officiel.
Rabat, le 29 rabii II 1447 (22 octobre 2025).
– Services de gestion des infrastructures de secours ;
La ministre de l'économie
Le ministre de l'industrie et
et des finances,
NADIA FETTAH.
du commerce,
RYAD MEZZOUR.
– Services de restauration au profit du personnel des
entreprises installées dans ladite zone ;
Arrêté de la ministre de l'économie et des finances n° 2889-25",Commercial,"Commercial=1, Fiscal=0, Social=0",Commercial,False
74,BO_7470_Fr,2,fr,"Le présent arrêté, qui prend effet à compter du
1er janvier 2026, est publié au Bulletin officiel.
du 19 joumada II 1447 (10 décembre 2025) modifiant et
complétant l'arrêté du ministre délégué auprès du premier
ministre, chargé des affaires économiques et générales
n° 1964-06 du 20 rejeb 1427 (15 août 2006) fixant les prix
et les marges commerciales maxima du sucre raffiné à tous
les échelons de la commercialisation.
Rabat, le 19 joumada II 1447 (10 décembre 2025).
NADIA FETTAH.
Le texte en langue arabe a été publié dans l'édition générale du
« Bulletin officiel » n° 7469 du 8 rejeb 1447 (29 décembre 2025).
LA MINISTRE DE L'ÉCONOMIE ET DES FINANCES,
Vu la loi de finances n°55-23 pour l'année budgétaire
2024 promulguée par le dahir n° l-23-91 du 30 joumada I 1445
(14 décembre 2023) ;
Arrêté de la ministre de l'économie et des finances n° 2927-25
du 27 joumada II 1447 (18 décembre 2025) modifiant et
complétant l'arrêté du ministre délégué auprès du Chef
du gouvernement, chargé des affaires générales et de la
gouvernance n° 771-13 du 18 rabii II 1434 (1er mars 2013)
relatif à l'homologation des prix de vente au public des
tabacs manufacturés.
Vu le décret n° 2-14-652 du 8 safar 1436 (1er décembre
2014) pris pour l'application de la loi n° 104-12 sur la liberté
des prix et de la concurrence tel qu'il a été modifié et complété,
et notamment son article 3 ;
Vu le décret n° 2-21-829 du 14 rabii I 1443 (21 octobre
2021) relatif aux attributions de la ministre de l'économie et
des finances ;
Vu l'arrêté du ministre délégué auprès du chef
du gouvernement chargé des affaires générales et de la
gouvernance n°1899-15 du 13 chaabane 1436 (1er juin 2015)
fixant la liste des biens, produits et services dont les prix sont
réglementés, tel que complété ;
LA MINISTRE DE L'ÉCONOMIE ET DES FINANCES,
Vu le décret n° 2-03-199 du 20 rabii I 1424 (22 mai 2003)
pris pour l'application de la loi n° 46-02 relative au régime des
tabacs bruts et des tabacs manufacturés, tel qu'il a été modifié
et complété par le décret n° 2-17-642 ;
Vu l'arrêté du ministre délégué auprès du premier ministre,
chargé des affaires économiques et générales n° 1964-06
du 20 rejeb 1427 (15 août 2006) fixant les prix et les marges
commerciales maxima du sucre raffiné à tous les échelons de la
commercialisation tel qu'il a été modifié et complété ;
Vu le décret n° 2-21-829 du 14 rabii I 1443 (21 octobre
2021) relatif aux attributions de la ministre de l'économie et
des finances ;
Après avis de la commission interministérielle des prix,
Vu l'arrêté du ministre délégué auprès du Chef
du gouvernement, chargé des affaires générales et de la
gouvernance n° 771-13 du 18 rabii II 1434 (1er mars 2013)
relatif à l'homologation des prix de vente au public des tabacs
manufacturés, tel qu'il a été modifié et complété ;
ARRÊTE :",Commercial,"Commercial=2, Fiscal=0, Social=0",Commercial,False
75,BO_7470_Fr,PREMIER,fr,"L'article premier de l'arrêté visé
ci-dessus n° 1964-06 du 20 rejeb 1427 (15 août 2006) fixant
les prix et les marges commerciales maxima du sucre raffiné
à tous les échelons de la commercialisation est modifié et
complété comme suit :
Après avis de la commission chargée de l'homologation
des prix des produits de tabac manufacturé,
«",Indéterminé,"Fiscal=0, Social=0, Administratif=0",Indéterminé,False
76,BO_7470_Fr,premier,fr,"Les prix de vente maxima du sucre
« raffiné sortie usine, sont fixés comme suit :
ARRÊTE :
Présentation
Prix
 en dh/kg
Conditionnement",Commercial,"Commercial=1, Fiscal=0, Social=0",Commercial,False
77,BO_7470_Fr,PREMIER,fr,"A compter du 1er janvier 2026,
les nouveaux prix de vente au public des produits de tabac
manufacturé, figurant au tableau annexé à l'arrêté susvisé
n° 771-13 du 18 rabii II 1434 (1er mars 2013), sont homologués
conformément à l'annexe jointe au présent arrêté.
Pains de 2 kilos.
5,1484
Habillés sous papier en sacs en caisses
carton emballages perdus
Coupés.
5,1484
En boites carton d'un kilo mises en
fardeau de 5 kilos sous papier
Granulé en poudre
titrant au moins
99, 5°
4,2335
En sacs perdus de 50 Kg.",Commercial,"Commercial=1, Fiscal=0, Social=0",Commercial,False
78,BO_7470_Fr,2,fr,"Le présent arrêté sera publié au Bulletin officiel.
Rabat, le 27 joumada II 1447 (18 décembre 2025).
Granulé en poudre.
4,2910
Présenté en sachet de 5 kg.
NADIA FETTAH.
Granulé en poudre.
4,2951
Présenté en sachet de 2 kg.
*
Granulé en poudre.
4,3363
Présenté en sachet de 1 kg.
*
*
(La suite sans modification.)
Annexe n° 1
Liste des nouveaux prix de vente au public
Camel Lights
36,00
Camel Filters Limited Edition
36,00
des produits de tabac manufacturé
homologué à compter du 1er janvier 2026
Camel Lights Limited Edition
36,00
Marlboro Red Beyond
41,50
PRIX
PUBLIC
(EN DHS)
LIBELLE
Marlboro Beyond Blue
41,50
Marlboro Sol Shuffle KS
41,50
Cigarettes brunes
Marlboro Red Ks Soft Pack
38,00
Casa
31,00
Marlboro Touch Blue
34,00
Cigarettes blondes
Marlboro Touch
34,00
Majestic
35,00
Marlboro Red KS
39,50
Cesar
32,00
Marlboro Gold KS
39,50
Rif
33,00
Chesterfield I
29,00
Glamour Menthol
41,00
Chesterfield Rich
29,00
Glamour Pinks
41,00
Chesterfield Blue
29,00
Fortuna Blue
29,00
Chesterfield Intense
29,00
Fortuna Red
29,00
Chesterfield I (25.cig)
36,00
Fortuna Edicion Limitada
29,00
Chesterfield I(40.cig)
58,00
Fortuna Intense
29,00
Chesterfield I (100.cig)
145,00
Fortuna Mix
29,00
Chesterfield Intense Soft Pack
28,00
Marquise FF
29,00
L&M Lights
30,00
Marquise Gold Medium
29,00
L&M FF
30,00
Marquise Lights
29,00
L&M Intense
30,00
Marquise Classic
30,00
L&M Red Soft Pack
28,00
Marquise Intense
29,00
Signature Red
28,00
Marvel
31,00
Signature Light
28,00
LD Classic
28,00
LD Lights
28,00
Le texte en langue arabe a été publié dans l'édition générale du
Camel Silver
36,00
Camel Filters
36,00
« Bulletin officiel » n° 7469 du 8 rejeb 1447 (29 décembre 2025).
TEXTES PARTICULIERS
Arrêté conjoint du ministre délégué auprès de la ministre de
Considérant la convention de création et d'exploitation
de ferme aquacole n° 2025/DOE/550 signée le 6 joumada I 1447
(29 octobre 2025) entre la société « BRAIKA AQUACULTURE
Sarl AU  » et la secrétaire d'Etat auprès du ministre de
l'agriculture, de la pêche maritime, du développement rural
et des eaux et forêts, chargée de la pêche maritime et approuvée
par le ministre délégué auprès de la ministre de l'économie et
des finances, chargé du budget,
l'économie et des finances, chargé du budget et de la
secrétaire d'Etat auprès du ministre de l'agriculture,
de la pêche maritime, du développement rural et des
eaux et forêts, chargée de la pêche maritime n° 2861-25
du 25 joumada II 1447 (16 décembre 2025) autorisant la
société « BRAIKA AQUACULTURE Sarl AU » pour la
création et l'exploitation d'une ferme aquacole dénommée
« Braika Aquaculture Tiniguir » et portant publication de
l'extrait de la convention y afférente.
ARRÊTENT :",Commercial,"Commercial=3, Fiscal=0, Social=0",Commercial,False
79,BO_7470_Fr,PREMIER,fr,"La société «  BRAIKA
AQUACULTURE Sarl AU », immatriculée au registre de
LE MINISTRE DÉLÉGUÉ AUPRÈS DE LA MINISTRE DE
commerce de Dakhla sous le numéro 21515 est autorisée à créer
et exploiter, dans les conditions fixées par la convention de
création et d'exploitation de ferme aquacole n° 2025/DOE/550
signée le 6 joumada I 1447 (29 octobre 2025) entre ladite société
et la secrétaire d'Etat auprès du ministre de l'agriculture, de la
pêche maritime, du développement rural et des eaux et forêts,
chargée de la pêche maritime, une ferme aquacole dénommée
« Braika Aquaculture Tiniguir » pour l'élevage, au niveau de
L'ÉCONOMIE ET DES FINANCES, CHARGÉ DU BUDGET,
LA SECRÉTAIRE D'ETAT AUPRÈS DU MINISTRE DE
L'AGRICULTURE, DE LA PÊCHE MARITIME, DU
DÉVELOPPEMENT RURAL ET DES EAUX ET FORÊTS,
CHARGÉE DE LA PÊCHE MARITIME,
Vu le dahir portant loi n° 1-73-255 du 27 chaoual 1393
(23 novembre 1973) formant règlement sur la pêche maritime,
tel que modifié et complété, notamment ses articles 28 et 28-1 ;
la Baie de Dakhla, des espèces halieutiques suivantes  :
Vu le décret n° 2-08-562 du 13 hija 1429 (12 décembre 2008)
fixant les conditions et les modalités de délivrance
et de renouvellement des autorisations d'établissement
de pêche maritime, tel que modifié et complété, notamment
ses articles 7, 7 bis et 9 ;
– l'huître creuse « Crassostrea gigas » ;
– la moule des espèces « Mytilus galloprovincialis » et
« Perna perna ».",Commercial,"Commercial=3, Fiscal=0, Social=0",Commercial,False
80,BO_7470_Fr,2,fr,"Le registre tenu par la société « BRAIKA
AQUACULTURE Sarl AU » en application des dispositions
Vu l'arrêté de la ministre de l'économie et des finances
n° 3200-21 du 28 rabii I 1443 (4 novembre 2021) portant
délégation d'attributions au ministre délégué auprès de la
ministre de l'économie et des finances, chargé du budget ;
de l'",Commercial,"Commercial=1, Fiscal=0, Social=0",Commercial,False
81,BO_7470_Fr,28,fr,"1 du dahir portant loi n° 1-73-255 du 27 chaoual
1393 (23 novembre 1973) susvisé, répertorie, dans l'ordre
chronologique, ventilées par espèce, les entrées et les sorties
de l'huître creuse « Crassostrea gigas » et de la moule des
espèces « Mytilus galloprovincialis » et « Perna perna » élevées.
Vu l'arrêté du ministre de l'agriculture, de la pêche
maritime, du développement rural et des eaux et forêts n° 2561-24
du 25 rabii II 1446 (29 octobre 2024) portant délégation
d'attributions à la secrétaire d'Etat auprès du ministre de
l'agriculture, de la pêche maritime, du développement rural
et des eaux et forêts, chargée de la pêche maritime ;",Indéterminé,"Fiscal=0, Social=0, Administratif=0",Indéterminé,False
82,BO_7470_Fr,3,fr,"L'extrait de la convention n° 2025/DOE/550
mentionnée à l'article premier ci-dessus est annexé au présent
arrêté conjoint.
Vu l'arrêté du ministre de l'agriculture et de la pêche
maritime n° 1643-10 du 11 joumada II 1431 (26 mai 2010) relatif
à la demande d'autorisation de création et d'exploitation
d'établissement de pêche maritime et fixant le modèle de
convention de concession y afférent, tel que modifié et
complété, notamment son article 3 ;",Indéterminé,"Fiscal=0, Social=0, Administratif=0",Indéterminé,False
83,BO_7470_Fr,4,fr,"Le présent arrêté conjoint sera publié au
Bulletin officiel.
Rabat, le 25 joumada II 1447 (16 décembre 2025).
La secrétaire d'Etat auprès
du ministre de l'agriculture,
Vu l'arrêté conjoint du ministre de l'économie et des
finances et du ministre de l'agriculture et de la pêche maritime
n° 3151-13 du 7 moharrem 1435 (11 novembre 2013) fixant
les montants et les modalités de paiement de la redevance
annuelle due au titre des conventions de concession de ferme
aquacole, tel que modifié et complété ;
Le ministre délégué auprès
de la ministre de l'économie
de la pêche maritime,
du développement rural
et des eaux et forêts, chargée
et des finances,
chargé du budget,
de la pêche maritime,
FOUZI LEKJAA.
ZAKIA DRIOUICH.
*
*    *
Annexe à l'arrêté conjoint du ministre délégué auprès de la ministre de l'économie et des finances, chargé du budget
et de la secrétaire d'Etat auprès du ministre de l'agriculture, de la pêche maritime, du développement rural et des eaux et forêts,
chargée de la pêche maritime n° 2861-25 du 25 joumada II 1447 (16 décembre 2025) autorisant la société
« BRAIKA AQUACULTURE Sarl AU » pour la création et l'exploitation d'une ferme aquacole dénommée
« Braika Aquaculture Tiniguir » et portant publication de l'extrait de la convention y afférente
Extrait de la convention de création et d'exploitation de la ferme aquacole dénommée «Braika Aquaculture Tiniguir»
n° 2025/DOE/550 signée le 6 joumada I 1447 (29 octobre 2025) entre la société «BRAIKA AQUACULTURE Sarl AU»
et la secrétaire d'Etat auprès du ministre de l'agriculture, de la pêche maritime, du développement rural et des eaux et forêts,
chargée de la pêche maritime
(art.9 du décret n° 2-08-562 du 13 hija 1429 (12 décembre 2008))
Nom du bénéficiaire :
Société « BRAIKA AQUACULTURE Sarl AU »
Rue Taouarchit n° 1/1267 - Dakhla.
Durée de la Convention :
Dix (10) ans, renouvelable
Lieu d'implantation de la ferme aquacole :
Baie de Dakhla, province d'Oued Eddahab.
Superficie :
Cinq (5) hectares.
Limites externes d'implantation de la ferme aquacole :
Bornes
Latitude
Longitude
B1
23°42'50.703'' N
15°48'13.602'' W
B2
23°42'45.582'' N
15°48'14.594'' W
B3
23°42'47.365'' N
15°48'25.444'' W
B4
23°42'52.486'' N
15°48'24.452'' W
Largeur de dix (10) mètres autour des limites extérieures d'implantation de la ferme
aquacole.
De jour et de nuit, au moyen de signaux conformes à la réglementation relative à
la sécurité de la navigation.
Zone de protection  :
Signalement en mer  :
Activité de la ferme aquacole :
Élevage des espèces halieutiques suivantes  :
–  huître creuse «Crassostrea gigas» ;
–  moule des espèces «Mytilus galloprovincialis» et «Perna perna».
– Technique des poches sur tables pour l'huître creuse ;
Technique utilisée  :
– Technique des bouchots pour les moules.
Moyens d'exploitation :
– Navires de servitude.
Contrôle et suivi technique et scientifique  :
L'Administration de la pêche maritime et l'Institut national de recherche halieutique
(INRH).
Surveillance environnementale  :
Selon le programme prévu dans l'étude d'impact sur l'environnement.
Gestion des déchets  :
Enfouissement et stockage dans des lieux autorisés à cet effet, conformément à la
loi n°28-00 relative à la gestion des déchets et à leur élimination.
Montant de la redevance due :
- droit fixe  : Cinquante (50) dirhams par an.
- droit variable  : 1/1000 de la valeur des espèces vendues.
Arrêté du ministre de l'enseignement supérieur, de la recherche
Arrêté du ministre de l'enseignement supérieur, de la recherche
scientifique et de l'innovation n° 2776-25 du 7 joumada II 1447
(28 novembre 2025) complétant l'arrêté n° 2797-95 du
20 joumada II 1416 (14 novembre 1995) fixant la liste des
diplômes reconnus équivalents au diplôme d'architecte de
l'Ecole nationale d'architecture.
scientifique et de l'innovation n° 2777-25 du 7 joumada II 1447
(28 novembre 2025) complétant l'arrêté n° 2797-95 du
20 joumada II 1416 (14 novembre 1995) fixant la liste des
diplômes reconnus équivalents au diplôme d'architecte de
l'Ecole nationale d'architecture.
LE MINISTRE DE L'ENSEIGNEMENT SUPÉRIEUR, DE LA
LE MINISTRE DE L'ENSEIGNEMENT SUPÉRIEUR, DE LA
RECHERCHE SCIENTIFIQUE ET DE L'INNOVATION,
RECHERCHE SCIENTIFIQUE ET DE L'INNOVATION,
Vu l'arrêté du ministre de l'enseignement supérieur,
de la formation des cadres et de la recherche scientifique
n° 2797-95 du 20 joumada II 1416 (14 novembre 1995) fixant la
liste des diplômes reconnus équivalents au diplôme d'architecte
de l'Ecole nationale d'architecture, tel qu'il a été complété ;
Vu l'arrêté du ministre de l'enseignement supérieur,
de la formation des cadres et de la recherche scientifique
n° 2797-95 du 20 joumada II 1416 (14 novembre 1995) fixant la
liste des diplômes reconnus équivalents au diplôme d'architecte
de l'Ecole nationale d'architecture, tel qu'il a été complété ;
Vu le décret n° 2-24-991 du 24 rabii II 1446 (28 octobre 2024)
relatif aux attributions du ministre de l'enseignement supérieur,
de la recherche scientifique et de l'innovation ;
Vu le décret n° 2-24-991 du 24 rabii II 1446 (28 octobre 2024)
relatif aux attributions du ministre de l'enseignement supérieur,
de la recherche scientifique et de l'innovation ;
Sur proposition de la ministre de l'aménagement
du territoire national, de l'urbanisme, de l'habitat et de la
politique de la ville ;
Sur proposition de la ministre de l'aménagement
du territoire national, de l'urbanisme, de l'habitat et de la
politique de la ville ;
Après avis du conseil national de l'Ordre national des
architectes ;
Après avis du conseil national de l'Ordre national des
architectes ;
Après avis de la commission sectorielle des sciences,
techniques, ingénierie et architecture du 30 septembre 2025,
Après avis de la commission sectorielle des sciences,
techniques, ingénierie et architecture du 30 septembre 2025,
ARRÊTE :
ARRÊTE :",Urbain,"Urbain=10, Commercial=3, Administratif=2",Urbain,False
84,BO_7470_Fr,PREMIER,fr,"L'article premier de l'arrêté susvisé
n° 2797-95 du 20 joumada II 1416 (14 novembre 1995), est
complété comme suit :",Indéterminé,"Fiscal=0, Social=0, Administratif=0",Indéterminé,False
85,BO_7470_Fr,PREMIER,fr,"L'article premier de l'arrêté susvisé
n° 2797-95 du 20 joumada II 1416 (14 novembre 1995), est
complété comme suit :
«",Indéterminé,"Fiscal=0, Social=0, Administratif=0",Indéterminé,False
86,BO_7470_Fr,premier,fr,"La liste des diplômes reconnus
« équivalents au diplôme d'architecte de l'Ecole nationale
« d'architecture visé à l'article 4 de la loi n° 016-89, assortis du
« baccalauréat, série scientifique ou technique ou d'un diplôme
« reconnu équivalent, est fixée ainsi qu'il suit :
«",Urbain,"Urbain=1, Fiscal=0, Social=0",Urbain,False
87,BO_7470_Fr,premier,fr,"La liste des diplômes reconnus
« équivalents au diplôme d'architecte de l'Ecole nationale
« d'architecture visé à l'article 4 de la loi n° 016-89, assortis du
« baccalauréat, série scientifique ou technique ou d'un diplôme
« reconnu équivalent, est fixée ainsi qu'il suit :
« – Master's degree field of study « architecture and
« – Master's degree, field of study « architecture and
« construction » program subject area « architecture
«  and town planning  » professional qualification
« « architect », délivré en date du 31 mai 2022 par Kharkiv
« national University of civil engineering and architecture -
« Ukraine, assorti du bachelor degree, program subject
« area « architecture and town planning » educational
« program « architecture and town planning », délivré
« en date du 30 juin 2020 par la même université et d'une
« attestation de validation du complément de formation,
«  délivrée par l'Ecole nationale d'architecture de
« Rabat. »
« construction », programme subject area « architecture
« and town planning », délivré en date du 31 décembre
«  2024 par Lviv polytechnic national University -
« Ukraine, assorti du bachelor's degree field of study
« architecture and construction programme subject
« area architecture and town planning, délivré en
« date du 30 juin 2023 par la même université et d'une
« attestation de validation du complément de formation,
«  délivrée par l'Ecole nationale d'architecture de
« Rabat. »",Urbain,"Urbain=4, Fiscal=0, Social=0",Urbain,False
88,BO_7470_Fr,2,fr,Le présent arrêté sera publié au Bulletin officiel.,Indéterminé,"Fiscal=0, Social=0, Administratif=0",Indéterminé,False
89,BO_7470_Fr,2,fr,"Le présent arrêté sera publié au Bulletin officiel.
Rabat, le 7 joumada II 1447 (28 novembre 2025).
Rabat, le 7 joumada II 1447 (28 novembre 2025).
AZZEDDINE EL MIDAOUI.
AZZEDDINE EL MIDAOUI.
Le texte en langue arabe a été publié dans l'édition générale du
Le texte en langue arabe a été publié dans l'édition générale du
« Bulletin officiel » n° 7468 du 4 rejeb 1447 (25 décembre 2025).
« Bulletin officiel » n° 7468 du 4 rejeb 1447 (25 décembre 2025).
Arrêté du ministre de l'enseignement supérieur, de la recherche
Arrêté du ministre de l'enseignement supérieur, de la recherche
scientifique et de l'innovation n° 2778-25 du 7 joumada II 1447
(28 novembre 2025) complétant l'arrêté n° 2797-95 du
20 joumada II 1416 (14 novembre 1995) fixant la liste des
diplômes reconnus équivalents au diplôme d'architecte de
l'Ecole nationale d'architecture.
scientifique et de l'innovation n° 2779-25 du 7 joumada II 1447
(28 novembre 2025) complétant l'arrêté n° 2797-95 du
20 joumada II 1416 (14 novembre 1995) fixant la liste des
diplômes reconnus équivalents au diplôme d'architecte de
l'Ecole nationale d'architecture.
LE MINISTRE DE L'ENSEIGNEMENT SUPÉRIEUR, DE LA
LE MINISTRE DE L'ENSEIGNEMENT SUPÉRIEUR, DE LA
RECHERCHE SCIENTIFIQUE ET DE L'INNOVATION,
RECHERCHE SCIENTIFIQUE ET DE L'INNOVATION,
Vu l'arrêté du ministre de l'enseignement supérieur,
de la formation des cadres et de la recherche scientifique
n° 2797-95 du 20 joumada II 1416 (14 novembre 1995) fixant la
liste des diplômes reconnus équivalents au diplôme d'architecte
de l'Ecole nationale d'architecture, tel qu'il a été complété ;
Vu l'arrêté du ministre de l'enseignement supérieur,
de la formation des cadres et de la recherche scientifique
n° 2797-95 du 20 joumada II 1416 (14 novembre 1995) fixant la
liste des diplômes reconnus équivalents au diplôme d'architecte
de l'Ecole nationale d'architecture, tel qu'il a été complété ;
Vu le décret n° 2-24-991 du 24 rabii II 1446 (28 octobre 2024)
relatif aux attributions du ministre de l'enseignement supérieur,
de la recherche scientifique et de l'innovation ;
Vu le décret n° 2-24-991 du 24 rabii II 1446 (28 octobre 2024)
relatif aux attributions du ministre de l'enseignement supérieur,
de la recherche scientifique et de l'innovation ;
Sur proposition de la ministre de l'aménagement
du territoire national, de l'urbanisme, de l'habitat et de la
politique de la ville ;
Sur proposition de la ministre de l'aménagement
du territoire national, de l'urbanisme, de l'habitat et de la
politique de la ville ;
Après avis du conseil national de l'Ordre national des
architectes ;
Après avis du conseil national de l'Ordre national des
architectes ;
Après avis de la commission sectorielle des sciences,
techniques, ingénierie et architecture du 30 septembre 2025,
Après avis de la commission sectorielle des sciences,
techniques, ingénierie et architecture du 30 septembre 2025,
ARRÊTE :",Urbain,"Urbain=10, Fiscal=0, Social=0",Urbain,False
90,BO_7470_Fr,PREMIER,fr,"L'article premier de l'arrêté susvisé
n° 2797-95 du 20 joumada II 1416 (14 novembre 1995), est
complété comme suit :
ARRÊTE :",Indéterminé,"Fiscal=0, Social=0, Administratif=0",Indéterminé,False
91,BO_7470_Fr,PREMIER,fr,"L'article premier de l'arrêté susvisé
n° 2797-95 du 20 joumada II 1416 (14 novembre 1995), est
complété comme suit :
«",Indéterminé,"Fiscal=0, Social=0, Administratif=0",Indéterminé,False
92,BO_7470_Fr,premier,fr,"La liste des diplômes reconnus
« équivalents au diplôme d'architecte de l'Ecole nationale
« d'architecture visé à l'article 4 de la loi n° 016-89, assortis du
« baccalauréat, série scientifique ou technique ou d'un diplôme
« reconnu équivalent, est fixée ainsi qu'il suit :
«",Urbain,"Urbain=1, Fiscal=0, Social=0",Urbain,False
93,BO_7470_Fr,premier,fr,"La liste des diplômes reconnus
« équivalents au diplôme d'architecte de l'Ecole nationale
« d'architecture visé à l'article 4 de la loi n° 016-89, assortis du
« baccalauréat, série scientifique ou technique ou d'un diplôme
« reconnu équivalent, est fixée ainsi qu'il suit :
« – Master's degree field of study « architecture and
« construction » programme subject area « architecture
« and town planning », délivré en date du 7 juin 2024
«  par Ukrainian State University of science and
« technologies - Ukraine, assorti du bachelor's degree
«  field of study «  architecture and construction  »
« program subject area « architecture and town planning  »
« professional qualification architect, délivré en date
« du 30 juin 2022 par Prydniprovska State Academy of
« civil engineering and architecture - Ukraine et d'une
« attestation de validation du complément de formation,
«  délivrée par l'Ecole nationale d'architecture de
« Rabat. »
« – Master's degree, field of study « architecture and
« construction », programme subject area « architecture
« and town planning », délivré en date du 31 décembre 2022
« par Lviv polytechnic national University - Ukraine,
« assorti du bachelor's degree, field of study construction,
« délivré en date du 30 juin 2016 par la même université
« et d'une attestation de validation du complément de
« formation, délivrée par l'Ecole nationale d'architecture
« de Rabat. »",Urbain,"Urbain=5, Fiscal=0, Social=0",Urbain,False
94,BO_7470_Fr,2,fr,Le présent arrêté sera publié au Bulletin officiel.,Indéterminé,"Fiscal=0, Social=0, Administratif=0",Indéterminé,False
95,BO_7470_Fr,2,fr,"Le présent arrêté sera publié au Bulletin officiel.
Rabat, le 7 joumada II 1447 (28 novembre 2025).
Rabat, le 7 joumada II 1447 (28 novembre 2025).
AZZEDDINE EL MIDAOUI.
AZZEDDINE EL MIDAOUI.
Le texte en langue arabe a été publié dans l'édition générale du
Le texte en langue arabe a été publié dans l'édition générale du
« Bulletin officiel » n° 7468 du 4 rejeb 1447 (25 décembre 2025).
« Bulletin officiel » n° 7468 du 4 rejeb 1447 (25 décembre 2025).
Arrêté du ministre de l'enseignement supérieur, de la recherche
Arrêté du ministre de l'enseignement supérieur, de la recherche
scientifique et de l'innovation n° 2780-25 du 7 joumada II 1447
(28 novembre 2025) complétant l'arrêté n° 2797-95 du
20 joumada II 1416 (14 novembre 1995) fixant la liste des
diplômes reconnus équivalents au diplôme d'architecte de
l'Ecole nationale d'architecture.
scientifique et de l'innovation n° 2781-25 du 7 joumada II 1447
(28 novembre 2025) complétant l'arrêté n° 2797-95 du
20 joumada II 1416 (14 novembre 1995) fixant la liste des
diplômes reconnus équivalents au diplôme d'architecte de
l'Ecole nationale d'architecture.
LE MINISTRE DE L'ENSEIGNEMENT SUPÉRIEUR, DE LA
LE MINISTRE DE L'ENSEIGNEMENT SUPÉRIEUR, DE LA
RECHERCHE SCIENTIFIQUE ET DE L'INNOVATION,
RECHERCHE SCIENTIFIQUE ET DE L'INNOVATION,
Vu l'arrêté du ministre de l'enseignement supérieur,
de la formation des cadres et de la recherche scientifique
n° 2797-95 du 20 joumada II 1416 (14 novembre 1995) fixant la
liste des diplômes reconnus équivalents au diplôme d'architecte
de l'Ecole nationale d'architecture, tel qu'il a été complété ;
Vu l'arrêté du ministre de l'enseignement supérieur,
de la formation des cadres et de la recherche scientifique
n° 2797-95 du 20 joumada II 1416 (14 novembre 1995) fixant la
liste des diplômes reconnus équivalents au diplôme d'architecte
de l'Ecole nationale d'architecture, tel qu'il a été complété ;
Vu le décret n° 2-24-991 du 24 rabii II 1446 (28 octobre 2024)
relatif aux attributions du ministre de l'enseignement supérieur,
de la recherche scientifique et de l'innovation ;
Vu le décret n° 2-24-991 du 24 rabii II 1446 (28 octobre 2024)
relatif aux attributions du ministre de l'enseignement supérieur,
de la recherche scientifique et de l'innovation ;
Sur proposition de la ministre de l'aménagement
du territoire national, de l'urbanisme, de l'habitat et de la
politique de la ville ;
Sur proposition de la ministre de l'aménagement
du territoire national, de l'urbanisme, de l'habitat et de la
politique de la ville ;
Après avis du conseil national de l'Ordre national des
architectes ;
Après avis de la commission sectorielle des sciences,
techniques, ingénierie et architecture du 30 septembre 2025,
Après avis du conseil national de l'Ordre national des
architectes ;
ARRÊTE :
Après avis de la commission sectorielle des sciences,
techniques, ingénierie et architecture du 30 septembre 2025,",Urbain,"Urbain=10, Fiscal=0, Social=0",Urbain,False
96,BO_7470_Fr,PREMIER,fr,"L'article premier de l'arrêté susvisé
n° 2797-95 du 20 joumada II 1416 (14 novembre 1995), est
complété comme suit :
ARRÊTE :",Indéterminé,"Fiscal=0, Social=0, Administratif=0",Indéterminé,False
97,BO_7470_Fr,PREMIER,fr,"L'article premier de l'arrêté susvisé
n° 2797-95 du 20 joumada II 1416 (14 novembre 1995), est
complété comme suit :
«",Indéterminé,"Fiscal=0, Social=0, Administratif=0",Indéterminé,False
98,BO_7470_Fr,premier,fr,"La liste des diplômes reconnus
« équivalents au diplôme d'architecte de l'Ecole nationale
« d'architecture visé à l'article 4 de la loi n° 016-89, assortis du
« baccalauréat, série scientifique ou technique ou d'un diplôme
« reconnu équivalent, est fixée ainsi qu'il suit :
«",Urbain,"Urbain=1, Fiscal=0, Social=0",Urbain,False
99,BO_7470_Fr,premier,fr,"La liste des diplômes reconnus
« équivalents au diplôme d'architecte de l'Ecole nationale
« d'architecture visé à l'article 4 de la loi n° 016-89, assortis du
« baccalauréat, série scientifique ou technique ou d'un diplôme
« reconnu équivalent, est fixée ainsi qu'il suit :
« – Master's degree field of study « architecture and
« construction » program subject area « architecture
«  and town planning  » professional qualification
« « architect », délivré en date du 31 mai 2022 par
« Kharkiv national University of civil engineering and
« architecture - Ukraine, assorti du bachelor degree,
« program subject area « architecture and town planning  »
« educational program«  architecture and town planning »,
« délivré en date du 30 juin 2020 par la même université
« et d'une attestation de validation du complément de
« formation, délivrée par l'Ecole nationale d'architecture
« de Rabat. »
« – Master of architecture, délivré en date du 4 juin 2021
« par the Manchester Metropolitan University and the
« University of Manchester, Royaume Uni, assorti d'une
« attestation de validation du complément de formation,
«  delivrée par l'Ecole nationale d'architecture de
« Rabat. »",Urbain,"Urbain=2, Fiscal=0, Social=0",Urbain,False
100,BO_7470_Fr,2,fr,Le présent arrêté sera publié au Bulletin officiel.,Indéterminé,"Fiscal=0, Social=0, Administratif=0",Indéterminé,False
101,BO_7470_Fr,2,fr,"Le présent arrêté sera publié au Bulletin officiel.
Rabat, le 7 joumada II 1447 (28 novembre 2025).
Rabat, le 7 joumada II 1447 (28 novembre 2025).
AZZEDDINE EL MIDAOUI.
AZZEDDINE EL MIDAOUI.
Le texte en langue arabe a été publié dans l'édition générale du
Le texte en langue arabe a été publié dans l'édition générale du
« Bulletin officiel » n° 7468 du 4 rejeb 1447 (25 décembre 2025).
« Bulletin officiel » n° 7469 du 8 rejeb 1447 (29 décembre 2025).
Arrêté du ministre de l'enseignement supérieur, de la recherche
Arrêté du ministre de l'enseignement supérieur, de la recherche
scientifique et de l'innovation n° 2782-25 du 7 joumada II 1447
(28 novembre 2025) complétant l'arrêté n° 2797-95 du
20 joumada II 1416 (14 novembre 1995) fixant la liste des
diplômes reconnus équivalents au diplôme d'architecte de
l'Ecole nationale d'architecture.
scientifique et de l'innovation n° 2783-25 du 7 joumada II 1447
(28 novembre 2025) complétant l'arrêté n° 2797-95 du
20 joumada II 1416 (14 novembre 1995) fixant la liste des
diplômes reconnus équivalents au diplôme d'architecte de
l'Ecole nationale d'architecture.
LE MINISTRE DE L'ENSEIGNEMENT SUPÉRIEUR, DE LA
LE MINISTRE DE L'ENSEIGNEMENT SUPÉRIEUR, DE LA
RECHERCHE SCIENTIFIQUE ET DE L'INNOVATION,
RECHERCHE SCIENTIFIQUE ET DE L'INNOVATION,
Vu l'arrêté du ministre de l'enseignement supérieur,
de la formation des cadres et de la recherche scientifique
n° 2797-95 du 20 joumada II 1416 (14 novembre 1995) fixant la
liste des diplômes reconnus équivalents au diplôme d'architecte
de l'Ecole nationale d'architecture, tel qu'il a été complété ;
Vu l'arrêté du ministre de l'enseignement supérieur,
de la formation des cadres et de la recherche scientifique
n° 2797-95 du 20 joumada II 1416 (14 novembre 1995) fixant la
liste des diplômes reconnus équivalents au diplôme d'architecte
de l'Ecole nationale d'architecture, tel qu'il a été complété ;
Vu le décret n° 2-24-991 du 24 rabii II 1446 (28 octobre 2024)
relatif aux attributions du ministre de l'enseignement supérieur,
de la recherche scientifique et de l'innovation ;
Vu le décret n° 2-24-991 du 24 rabii II 1446 (28 octobre 2024)
relatif aux attributions du ministre de l'enseignement supérieur,
de la recherche scientifique et de l'innovation ;
Sur proposition de la ministre de l'aménagement
du territoire national, de l'urbanisme, de l'habitat et de la
politique de la ville ;
Sur proposition de la ministre de l'aménagement
du territoire national, de l'urbanisme, de l'habitat et de la
politique de la ville ;
Après avis du conseil national de l'Ordre national des
architectes ;
Après avis du conseil national de l'Ordre national des
architectes ;
Après avis de la commission sectorielle des sciences,
techniques, ingénierie et architecture du 30 septembre 2025,
Après avis de la commission sectorielle des sciences,
techniques, ingénierie et architecture du 30 septembre 2025,
ARRÊTE :",Urbain,"Urbain=10, Fiscal=0, Social=0",Urbain,False
102,BO_7470_Fr,PREMIER,fr,"L'article premier de l'arrêté susvisé
n° 2797-95 du 20 joumada II 1416 (14 novembre 1995), est
complété comme suit :
ARRÊTE :",Indéterminé,"Fiscal=0, Social=0, Administratif=0",Indéterminé,False
103,BO_7470_Fr,PREMIER,fr,"L'article premier de l'arrêté susvisé
n° 2797-95 du 20 joumada II 1416 (14 novembre 1995), est
complété comme suit :
«",Indéterminé,"Fiscal=0, Social=0, Administratif=0",Indéterminé,False
104,BO_7470_Fr,premier,fr,"La liste des diplômes reconnus
« équivalents au diplôme d'architecte de l'Ecole nationale
« d'architecture visé à l'article 4 de la loi n° 016-89, assortis du
« baccalauréat, série scientifique ou technique ou d'un diplôme
« reconnu équivalent, est fixée ainsi qu'il suit :
«",Urbain,"Urbain=1, Fiscal=0, Social=0",Urbain,False
105,BO_7470_Fr,premier,fr,"La liste des diplômes reconnus
« équivalents au diplôme d'architecte de l'Ecole nationale
« d'architecture visé à l'article 4 de la loi n° 016-89, assortis du
« baccalauréat, série scientifique ou technique ou d'un diplôme
« reconnu équivalent, est fixée ainsi qu'il suit :
« – Master's degree field of study « architecture and
« construction » program subject area « architecture and
« town planning » professional qualification architect,
« délivré en date du 31 mai 2023 par Prydniprovska state
« academy of civil engineering and architecture, Ukraine,
« assorti du bachelor degree field(s) of study architecture
« and construction program subject area architecture
« and town planning professional qualification architect,
« délivré en date du 30 juin 2021 par la même académie
« et d'une attestation de validation du complément de
« formation, délivrée par l'Ecole nationale d'architecture
« de Rabat. »
« – Qualification de master architecture, délivrée en date
« du 9 juillet 2024 par l'Université d'Etat d'architecture
« et de génie civil de Nijni Novgorod - Fédération de Russie,
« assortie de la qualification de bachelor dans la spécialité
« de « architecture », délivrée en date du 7 juillet 2022 par
« la même université et d'une attestation de validation du
«  complément de formation, délivrée par l'Ecole
« nationale d'architecture de Rabat. »",Urbain,"Urbain=3, Fiscal=0, Social=0",Urbain,False
106,BO_7470_Fr,2,fr,Le présent arrêté sera publié au Bulletin officiel.,Indéterminé,"Fiscal=0, Social=0, Administratif=0",Indéterminé,False
107,BO_7470_Fr,2,fr,"Le présent arrêté sera publié au Bulletin officiel.
Rabat, le 7 joumada II 1447 (28 novembre 2025).
Rabat, le 7 joumada II 1447 (28 novembre 2025).
AZZEDDINE EL MIDAOUI.
AZZEDDINE EL MIDAOUI.
Le texte en langue arabe a été publié dans l'édition générale du
Le texte en langue arabe a été publié dans l'édition générale du
« Bulletin officiel » n° 7469 du 8 rejeb 1447 (29 décembre 2025).
« Bulletin officiel » n° 7469 du 8 rejeb 1447 (29 décembre 2025).
Arrêté du ministre de l'enseignement supérieur, de la recherche
Arrêté de la ministre de l'économie et des finances n° 2849-25
scientifique et de l'innovation n° 2784-25 du 7 joumada II 1447
(28 novembre 2025) complétant l'arrêté n° 2797-95 du
20 joumada II 1416 (14 novembre 1995) fixant la liste des
diplômes reconnus équivalents au diplôme d'architecte de
l'Ecole nationale d'architecture.
du 12 joumada II 1447 (3 décembre 2025) portant
agrément de la banque « Attijariwafa Bank » en qualité de
membre négociateur-compensateur sur le marché à terme
d'instruments financiers.
LA MINISTRE DE L'ÉCONOMIE ET DES FINANCES,
LE MINISTRE DE L'ENSEIGNEMENT SUPÉRIEUR, DE LA
RECHERCHE SCIENTIFIQUE ET DE L'INNOVATION,
Vu la loi n° 42-12 relative au marché à terme d'instruments
financiers promulguée par le dahir n° 1-14-96 du 20 rejeb 1435
(20 mai 2014), notamment ses articles 57 et 59 ;
Vu l'arrêté du ministre de l'enseignement supérieur,
de la formation des cadres et de la recherche scientifique
n° 2797-95 du 20 joumada II 1416 (14 novembre 1995) fixant la
liste des diplômes reconnus équivalents au diplôme d'architecte
de l'Ecole nationale d'architecture, tel qu'il a été complété ;
Après avis de l'Instance de coordination du marché à
terme,
Vu le décret n° 2-24-991 du 24 rabii II 1446 (28 octobre 2024)
relatif aux attributions du ministre de l'enseignement supérieur,
de la recherche scientifique et de l'innovation ;
ARRÊTE :",Urbain,"Urbain=2, Fiscal=0, Social=0",Urbain,False
108,BO_7470_Fr,PREMIER,fr,"Est octroyé un agrément en qualité
de membre négociateur-compensateur sur le marché à terme
d'instruments financiers à la banque « Attijariwafa Bank »
pour l'exercice de l'activité de négociation-compensation
d'instruments financiers à terme.
Sur proposition de la ministre de l'aménagement
du territoire national, de l'urbanisme, de l'habitat et de la
politique de la ville ;
Après avis du conseil national de l'Ordre national des
architectes ;",Urbain,"Urbain=3, Fiscal=0, Social=0",Urbain,False
109,BO_7470_Fr,2,fr,"Le présent arrêté est publié au Bulletin officiel.
Après avis de la commission sectorielle des sciences,
techniques, ingénierie et architecture du 30 septembre 2025,
Rabat, le 12 joumada II 1447 (3 décembre 2025).
NADIA FETTAH.
ARRÊTE :",Indéterminé,"Fiscal=0, Social=0, Administratif=0",Indéterminé,False
110,BO_7470_Fr,PREMIER,fr,"L'article premier de l'arrêté susvisé
n° 2797-95 du 20 joumada II 1416 (14 novembre 1995), est
complété comme suit :
Arrêté de la ministre de l'économie et des finances n° 2850-25
du 12 joumada II 1447 (3 décembre 2025) portant
agrément de la banque « CDG Capital » en qualité de
membre négociateur-compensateur sur le marché à terme
d'instruments financiers.
«",Indéterminé,"Fiscal=0, Social=0, Administratif=0",Indéterminé,False
111,BO_7470_Fr,premier,fr,"La liste des diplômes reconnus
« équivalents au diplôme d'architecte de l'Ecole nationale
« d'architecture visé à l'article 4 de la loi n° 016-89, assortis du
« baccalauréat, série scientifique ou technique ou d'un diplôme
« reconnu équivalent, est fixée ainsi qu'il suit :
LA MINISTRE DE L'ÉCONOMIE ET DES FINANCES,
« –  Master's degree field of study « architecture and
Vu la loi n° 42-12 relative au marché à terme d'instruments
financiers promulguée par le dahir n° 1-14-96 du 20 rejeb 1435
(20 mai 2014), notamment ses articles 57 et 59 ;
« construction » programme subject area « architecture
« and town planning », délivré en date du 31 mai 2023 par
« O.M Beketov national University of urban economy in
« Kharkiv - Ukraine, assorti du bachelor's degree, field
« of study « architecture and construction », program
« subject area « architecture and town planning », délivré
«  en date du 21 juillet 2021 par Kharkiv national
« University of civil engineering and architecture -
«  Ukraine et d'une attestation de validation du
«  complément de formation, délivrée par l'Ecole
« nationale d'architecture de Rabat. »
Après avis de l'Instance de coordination du marché à
terme,
ARRÊTE :",Urbain,"Urbain=3, Fiscal=0, Social=0",Urbain,False
112,BO_7470_Fr,PREMIER,fr,"Est octroyé un agrément en qualité
de membre négociateur-compensateur sur le marché à terme
d'instruments financiers à la banque « CDG Capital »
pour l'exercice de l'activité de négociation-compensation
d'instruments financiers à terme.",Indéterminé,"Fiscal=0, Social=0, Administratif=0",Indéterminé,False
113,BO_7470_Fr,2,fr,"Le présent arrêté sera publié au Bulletin officiel.
Rabat, le 7 joumada II 1447 (28 novembre 2025).",Indéterminé,"Fiscal=0, Social=0, Administratif=0",Indéterminé,False
114,BO_7470_Fr,2,fr,"Le présent arrêté est publié au Bulletin officiel.
AZZEDDINE EL MIDAOUI.
Rabat, le 12 joumada II 1447 (3 décembre 2025).
Le texte en langue arabe a été publié dans l'édition générale du
NADIA FETTAH.
« Bulletin officiel » n° 7469 du 8 rejeb 1447 (29 décembre 2025).
Arrêté de la ministre de l'économie et des finances n° 2851-25
ARRÊTE :
du 12 joumada II 1447 (3 décembre 2025) portant
agrément de la banque « Bank of Africa » en qualité de
membre négociateur-compensateur sur le marché à terme
d'instruments financiers.",Indéterminé,"Fiscal=0, Social=0, Administratif=0",Indéterminé,False
115,BO_7470_Fr,PREMIER,fr,"Est octroyé un agrément en qualité
de membre négociateur-compensateur sur le marché à terme
d'instruments financiers à la banque « Bank of Africa »
pour l'exercice de l'activité de négociation-compensation
LA MINISTRE DE L'ÉCONOMIE ET DES FINANCES,
d'instruments financiers à terme.
Vu la loi n° 42-12 relative au marché à terme d'instruments
financiers promulguée par le dahir n° 1-14-96 du 20 rejeb 1435
(20 mai 2014), notamment ses articles 57 et 59 ;",Indéterminé,"Fiscal=0, Social=0, Administratif=0",Indéterminé,False
116,BO_7470_Fr,2,fr,"Le présent arrêté est publié au Bulletin officiel.
Rabat, le 12 joumada II 1447 (3 décembre 2025).
Après avis de l'Instance de coordination du marché à
terme,
NADIA FETTAH.
AVIS ET COMMUNICATIONS
Avis
du Conseil économique, social et environnemental
Les défis des micro, très petites et petites entreprises au Maroc : la croissance, la modernisation et le
développement
Conformément aux articles 4 et 7 de la loi organique n°128-12, relative à son organisation et à
son fonctionnement, le Conseil Économique, Social et Environnemental (CESE) a été saisi le 4
juin 2024 par la chambre des conseillers aux fins d'élaborer une étude sur « les défis des micro,
très petites et petites entreprises au Maroc : la croissance, la modernisation et le
développement ».
Dans ce cadre, le bureau du CESE a confié la réalisation de cette étude à la commission
permanente chargée des affaires économiques et des projets stratégiques 1.
Lors de sa 166ème session ordinaire, tenue le 30 janvier 2025, l'Assemblée générale du CESE a
adopté cette étude à l'unanimité de ses membres.
Élaborée sur la base d'une approche participative, l'étude est le résultat d'un large débat entre
les différentes catégories qui composent le Conseil, des auditions organisées avec les
principales parties prenantes concernées2 et de la visite de terrain auprès du Conseil de la
région de Tanger-Tétouan-Al Hoceima. Elle s'est également basée sur la consultation lancée sur
la plateforme digitale de la participation citoyenne « ouchariko.ma » et sur les réseaux sociaux3.
1 Annexe 1 : Liste des membres de la commission temporaire chargée des affaires économiques et projets stratégiques.
2 Annexe 2 : Liste des acteurs auditionnés.
3 Annexe 3 : Résultats de la consultation citoyenne lancée sur la plateforme Ouchariko et sur les réseaux sociaux.
Introduction
Les petites et très petites entreprises (PE et TPE) jouent un rôle fondamental dans les économies
contemporaines. Représentant la majorité du tissu entrepreneurial, elles constituent un vecteur
essentiel de création d'emplois, d'innovation et de développement territorial. Leur flexibilité et leur
ancrage local leur confèrent une capacité d'adaptation aux évolutions des marchés et aux exigences des
consommateurs.
Au Maroc, elles représentent 98,4% du tissu national des entreprises de personnes morales4, malgré
leur taille relativement réduite, et contribuent de manière significative à la création de richesse et
d'emplois.
Sa Majesté le Roi Mohammed VI a accordé une attention particulière à ce chantier de développement,
insistant à plusieurs reprises, sur la nécessité de faciliter l'accès de ces entreprises aux mécanismes de
financement, de simplifier les procédures d'octroi de crédits et d'inciter les acteurs publics et privés –
notamment le secteur bancaire – à encourager et soutenir l'initiative entrepreneuriale, avec une
attention particulière pour les jeunes5.
Conformément aux Hautes Orientations Royales et aux objectifs du Nouveau Modèle de
Développement (NMD), les pouvoirs publics ont intensifié leurs efforts ces dernières années, avec le
lancement de programmes de soutien, d'accompagnement et de financement, ainsi qu'avec la mise en
œuvre de réformes institutionnelles majeures, telles que l'adoption de la nouvelle Charte de
l'investissement et la création du Fonds Mohammed VI pour l'investissement.
Nonobstant ces initiatives louables, et bien qu'il soit encore prématuré de mesurer pleinement les effets
des mesures les plus récentes, les résultats observés sur le terrain demeurent en deçà des attentes, en
particulier pour les structures les plus petites. Ces efforts ne suffisent pas encore à transformer
l'écosystème entrepreneurial marocain en un tissu de micro, TPE et PE moderne, résilient, à fort
potentiel de croissance et évoluant dans un environnement structuré et propice.
Ces entreprises continuent de faire face à des contraintes multiples, tant structurelles que
conjoncturelles, liées aussi bien à leur organisation interne qu'à l'environnement dans lequel elles
opèrent, limitant ainsi leur capacité à se moderniser, à croître et à résister aux chocs. L'augmentation
continue des défaillances d'entreprises au cours des dernières années illustre clairement cette
vulnérabilité. Ce phénomène touche particulièrement les structures les plus petites et les plus jeunes,
révélant la difficulté pour les micro, petites et très petites entreprises de survivre et d'évoluer vers des
tailles plus grandes et unités plus performantes.
Sur saisine de la Chambre des Conseillers, le CESE a élaboré la présente étude, qui analyse les défis
limitant la croissance et la modernisation des Micro, TPE et PE, et identifie les limites des programmes
et mesures existants. Elle propose également des pistes de recommandations visant à renforcer
l'intégration de ces entreprises dans des écosystèmes dynamiques et inclusifs, alignés sur les stratégies
sectorielles nationales et la régionalisation avancée, afin de les positionner comme des acteurs-clés du
développement économique et social du pays.
4 OMTPME, rapport annuel édition 2024, https://omtpme.ma/wp-content/uploads/2024/12/Rapport-Annuel-2024.-V23.12.pdf
5 Discours de Sa Majesté le Roi Mohammed VI à l'occasion de l'ouverture de la première session de la quatrième année législative de la dixième
législature, le vendredi 11 octobre 2019.
Cette étude ne traite pas des entreprises informelles, sujet déjà abordé dans des études précédentes
du CESE6. Elle se concentre sur les problématiques transversales, en incluant l'ensemble des secteurs
formels. Le Conseil reste néanmoins conscient de certaines spécificités sectorielles qui pourraient faire
l'objet de travaux complémentaires.
I.
Les micro, très petites et petites entreprises au Maroc : définition, poids économique et
hétérogénéité du tissu entrepreneurial
1. Les micro/TPE/PE : l'absence d'une définition unique au Maroc
Au Maroc, il n'existe pas de définition officielle unifiée des micro/TPE/PE à l'échelle nationale. P",Environnement,"Environnement=2, Fiscal=0, Social=0",Environnement,True
117,BO_7470_Fr,148,fr,"explique leur faible taux de participation et, parfois, un comportement d'auto-censure.
Selon l'enquête nationale sur la corruption de l'INPLLC (2023), seulement 8 % des TPE et 4 %
des microentreprises sondées ont soumissionné à des appels d'offres publics au cours des
24 derniers mois67, contre 22 % pour les grandes entreprises et 19 % pour les moyennes.
2. Des relations limitées avec les grands donneurs d'ordre : les Micro, TPE et PE entretiennent
des relations limitées avec les grandes entreprises, tant privées que publiques68. Cette
tendance se confirme également, selon le rapport de l'OCDE sur le Maroc (2024), qui indique
que les multinationales implantées au Maroc devraient renforcer leur intégration avec le
tissu des petites entreprises locales. Cette situation restreint les opportunités de
modernisation et de croissance pour les petites structures, malgré la mise en place de
dispositifs récents visant à favoriser les rapprochements, tels que le forum « Ana Moukawil
Links » développé par l'ANAPEC69.
3. Une faible propension à l'internationalisation : les TPE/PE classiques et les startups
marocaines restent majoritairement concentrées sur le marché local, limité en taille et en
opportunités. Leur intégration dans les chaînes de valeur globale est entravée par plusieurs
facteurs, notamment le manque de services d'appui à l'internationalisation, l'absence
d'orientation vers les niches les plus dynamiques, les coûts élevés de participation à des
événements internationaux (foires technologiques, compétitions de projets pour les
startups), ainsi que la difficulté à se conformer aux normes et standards internationaux. Par
ailleurs, la nouvelle Charte de l'investissement consacre au niveau de son article 21,
l'engagement de l'État à établir un mécanisme spécifique visant à favoriser la présence
internationale des entreprises marocaines, sans se limiter aux grandes entreprises. La Charte
stipule que les modalités de mise en œuvre de ce régime spécifique seront fixées par voie
réglementaire70.
Un système fiscal encore peu motivant
Le système fiscal marocain a fait l'objet de plusieurs réformes depuis 2021, visant à moderniser
le cadre fiscal des entreprises71. Certaines de ces mesures affectent particulièrement les TPE et
PE classiques :
-  L'augmentation progressive de l'impôt sur les sociétés (IS) : la loi de finances 2023 a instauré
une réforme graduelle visant la convergence vers un taux unifié de 20 % pour les entreprises
dont le bénéfice net fiscal est inférieur à 100 millions de dirhams à l'horizon 2026. Cette
évolution a entraîné une hausse du taux d'imposition pour certaines petites entreprises,
constituant un fardeau supplémentaire pour des structures déjà fragiles.
- Des modifications ayant touché le régime fiscal relatif aux auto-entrepreneurs : bien que le
statut d'auto-entrepreneur institué par la loi n° 114-13 de 2015 reste en vigueur, certaines
dispositions introduites par la loi de finances de 2023 ont eu pour effet d'accentuer les
67 Instance nationale de la probité, de la prévention et de la lutte contre la corruption (INPPLC), Présentation sur le thème « Les défis des
TPE/PE au Maroc : la croissance, la modernisation et le développement » lors de la séance d'audition du vendredi 25 octobre 2024.
68 Confédération générale des entreprises du Maroc (CGEM), Présentation lors de la séance d'audition du vendredi 27 septembre 2024.
69 https://anapec.ma/information-entrepreneuriat/anamoukawil-links/
70 Article 21 de la loi-cadre n° 03-22 formant Charte de l'investissement, promulguée par le Dahir n° 1-22-76 du 15 décembre 2022 (Bulletin
officiel n° 7154 du 19 décembre 2022).
71 Loi-cadre n° 69-19 portant réforme fiscale, promulguée par Dahir n° 1-21-86 du 26 juillet 2021(Bulletin officiel n° 7010 du 05 août 2021).
contraintes fiscales et administratives pesant sur cette catégorie d'entreprises. La principale
mesure concerne l'imposition, par retenue à la source au taux libératoire de 30 %, de l'excédent
du chiffre d'affaires annuel dépassant 80 000 dirhams réalisé par les prestataires de services
avec un même client. Ces ajustements s'ajoutent aux limites structurelles existantes, telles que
le plafond de chiffre d'affaires et l'impossibilité de recruter des salariés, et représentent des
obstacles significatifs au développement des auto-entrepreneurs ainsi qu'à leur maintien dans
le secteur formel.
Le ralentissement de la croissance de l'effectif des auto-entrepreneurs, qui est passé de +27'%
en 2021 à +2'% en 2024, illustre cette tendance72. Par ailleurs, les études d'impact des mesures
fiscales réalisées se concentrent principalement sur les recettes publiques, avec une prise en
compte limitée des effets socio-économiques pour les entreprises et leur survie, ainsi que leur
probabilité de basculement vers l'informel.
Certaines mesures fiscales peuvent également produire un effet paradoxal : la crainte
d'atteindre un palier fiscal supérieur incite certaines entreprises à rester petites73. La défiance
envers l'administration fiscale persiste, notamment en matière de contrôles et d'interprétation
des textes. Selon le rapport Enterprise Survey (2023) de la Banque mondiale, les procédures de
l'administration fiscale constituent le cinquième frein au développement des entreprises de
petites tailles74.
L'environnement des affaires
Le développement des Micro, TPE et PE reste fortement conditionné par la qualité de
l'environnement des affaires. Malgré les efforts déployés pour améliorer le climat
entrepreneurial, plusieurs obstacles structurels continuent de limiter la croissance et la
modernisation des petites entreprises.
Concurrence déloyale et distorsions du marché
La survie et le développement des Micro, TPE et PE formelles sont fortement affectés par des
pratiques qui faussent le jeu de la concurrence. La concurrence des entreprises informelles est
particulièrement problématique : elle réduit les marges des petites structures, limite leur
capacité d'investissement et restreint leu",Fiscal,"Fiscal=8, Environnement=3, Administratif=2",Fiscal,True
118,BO_7500_Fr,PREMIER,fr,"L’administration visée aux
articles 43, 44, 51, 61, 62, 63, 64, 65, 66, 67, 68, 70, 71, 97, 115,
116, 136, 137, 147, 154 et 188 de la loi susvisée n° 03-25, est
l’autorité gouvernementale chargée des finances.",Administratif,"Administratif=1, Fiscal=0, Social=0",Administratif,False
119,BO_7500_Fr,2,fr,"En application des dispositions de l’article 20
de la loi précitée n° 03-25, et sur proposition de l'AMMC, le
montant minimum initial des apports des copropriétaires
constituant un FCP ou l’un de ses compartiments, est d’un (1)
million de dirhams.",Indéterminé,"Fiscal=0, Social=0, Administratif=0",Indéterminé,False
120,BO_7500_Fr,3,fr,"En application des dispositions de l’article 28 de
la loi précitée n° 03-25  et sur proposition de l’AMMC, le montant
minimum du capital de la SICAV lors de sa constitution, est de
cinq (5) millions de dirhams.",Indéterminé,"Fiscal=0, Social=0, Administratif=0",Indéterminé,False
121,BO_7500_Fr,4,fr,"En application des dispositions de l’article 73 de
la loi précitée n° 03-25, les règles comptables des OPCVM, ainsi
que toute modification y afférente, sont approuvées par arrêté
de l’autorité gouvernementale chargée des finances, après avis
du conseil national de la comptabilité.",Indéterminé,"Fiscal=0, Social=0, Administratif=0",Indéterminé,False
122,BO_7500_Fr,5,fr,"En application des dispositions de l’article 173 de
la loi précitée n° 03-25, les statuts de l’ Association des Sociétés
de Gestion des OPCVM et Fonds d’Investissement Marocains,
ainsi que toute modification y afférente, sont approuvés par
arrêté de l’autorité gouvernementale chargée des finances, après
avis de l’AMMC.",Indéterminé,"Fiscal=0, Social=0, Administratif=0",Indéterminé,False
123,BO_7500_Fr,6,fr,"La ministre de l’économie et des finances est
chargée de l’exécution du présent décret qui sera publié au
Bulletin officiel.
Fait à Rabat, le 14 chaoual 1447 (2 avril 2026).
AZIZ AKHANNOUCH.
Pour contreseing :
La ministre de l’économie
et des finances,
NADIA FETTAH.
Le texte en langue arabe a été publié dans l’édition générale du
« Bulletin officiel » n° 7499 du 25 chaoual 1447 (13 avril 2026).
Arrêté du ministre de l’agriculture, de la pêche maritime, du développement rural et des eaux et forêts n° 466-26
du 9 ramadan 1447 (27 février 2026) portant protection de variétés par certificat d’obtention végétale
ET FORÊTS,
12 ramadan 1417 (21 janvier 1997) ;
promulguée par le dahir n° 1-09-20 du 22 safar 1430 (18 février 2009) ;
protection des obtentions végétales, tel qu’il a été modifié, notamment ses articles 2 et 8 ;
Après avis du Comité consultatif de la protection des obtentions végétales,
ARRÊTE :
protection des obtentions végétales.
de la protection.
ci-dessus, débute à compter de la date de délivrance du certificat d’obtention végétale correspondant.
de délivrer les certificats d’obtention végétale des variétés désignées dans le tableau annexé au présent arrêté.",Environnement,"Environnement=5, Fiscal=0, Social=0",Environnement,False
124,BO_7500_Fr,5,fr,"Le présent arrêté sera publié au Bulletin officiel.
*
*    *
مدة الحماية بالسنوات
protection
( حداثة الصنف1
)
Durée de la
20 ans (2)
 سنة
20 ans (2)
 سنة
20 ans (2)
 سنة
Variété nouvelle
Variété nouvelle
Variété nouvelle
اسم المودع/العنوان
Nouveauté (1)
صنف جديد
صنف جديد
صنف جديد
the Secretary of Agriculture
America as Represented by
Nova Siri Genetics S.r.l.
Via San Maurizio, 46, IT-
اسم المستنبط/العنوان
Déposant/Adresse
2661 CZ Bergschenhoek
The Netherlands
The United States Of
Adam Whitehouse
Bayer Holland B.V.
Leeuwenhoekweg 52
75025
Policoro (MT) Italie
LISTE DES VARIETES PROTEGEES
1500 SW Jefferson Way, Corvallis,
OR 97331 USA
الئحة األصناف المحمية
Obtenteur/Adresse
Via Sempione, 13-75025
Policoro (MT) Italie
Nicola Tufaro
Chad E. Finn
Dénomination de la
1061/21
26/05/2021
MALLING ACE
اسم الصنف
variété
1029/20
25/12/2020
KOKANEE
1343/24
03/10/2024
NSG 465
رقم وتاريخ اإليداع
N° et date de
dépôt
Fragaria x Ananassa Duch
االسم الشائع/ االسم العلمي
(nom commun /Nom
Espèce
Rubus idaeus L.
النوع
Framboisier
scientifique)
Fraisier
مدة الحماية بالسنوات
protection
( حداثة الصنف1
)
Durée de la
25 ans (2)
 سنة
25 ans (2)
 سنة
Variété nouvelle
Variété nouvelle
اسم المودع/العنوان
Nouveauté (1)
صنف جديد
صنف جديد
39318 Jasper-Lowell Road,
Lowell, Oregon 97452, USA
اسم المستنبط/العنوان
Déposant/Adresse
Fall Creek Farm and
International, LLC.
LISTE DES VARIETES PROTEGEES (suite 1)
Nursery, Inc.
Sun World
4. Peter Stefan Boches
P.O. Box 4115 Hilo, Hawaii 96720,
1. David M. Brazelton
P.O Box 156 Walterville, Oregon
الئحة األصناف المحمية (تتمة1
)
97489, USA
3. Adam L. Wagner
635 Hamilton Avenue, Eugene,
Oregon 97404, USA
Obtenteur/Adresse
TERRY A. Bacon,
USA
Vitis vinefera
1035/2020
28/12/2020
SUGRAFORTYNINE
Dénomination de la
اسم الصنف
variété
978/20
29/01/2020
FC13-122
رقم وتاريخ اإليداع
N° et date de
dépôt
Vaccinium corymbosum L.
االسم الشائع/ االسم العلمي
(nom commun /Nom
Espèce
النوع
scientifique)
Myrtilles
Vigne
مدة الحماية بالسنوات
protection
( حداثة الصنف1
)
Durée de la
20 ans (2)
 سنة
20 ans (2)
 سنة
20 ans (2)
 سنة
Variété nouvelle
Variété nouvelle
Variété nouvelle
اسم المودع/العنوان
Nouveauté (1)
صنف جديد
صنف جديد
صنف جديد
Saillant, BP 83 26802 Portes-
Saillant, 26802 Portes-Les-
اسم المستنبط/العنوان
Déposant/Adresse
Valence, Cedex, France
Z.I La Motte, rue Louis
Z.I La Motte, rue Louis
Z.I La Motte, rue Louis
lès-Valence, France
HM. CLAUSE
HM CLAUSE
HM CLAUSE
LISTE DES VARIETES PROTEGEES (suite 2)
Z.I La Motte, rue Louis Saillant, BP
Z.I La Motte, rue Louis Saillant, BP
26802 Portes-Les-Valence, Cedex,
France
الئحة األصناف المحمية (تتمة2
)
Z.I La Motte, rue Louis Saillant,
83 26802 Portes-lès-Valence,
France
Obtenteur/Adresse
HM CLAUSE
HM CLAUSE
HM CLAUSE
Dénomination de la
اسم الصنف
variété
1357/24
27/12/2024
VALDEORO
Cucurbita pepo L.
1382/25
06/03/2025
MANDALA
1383/25
06/03/2025
BRAHMA
رقم وتاريخ اإليداع
N° et date de
dépôt
االسم الشائع/ االسم العلمي
(nom commun /Nom
Espèce
Cucumis melo L.
النوع
scientifique)
Courgette
Melon
Arrêté conjoint du ministre de l’industrie et du commerce et
de la ministre de l’aménagement du territoire national,
de l’urbanisme, de l’habitat et de la politique de la ville
n° 302-26 du 17 chaabane 1447 (6 février 2026) rendant
d’application obligatoire une norme marocaine.
LE MINISTRE DE L’INDUSTRIE ET DU COMMERCE,
LA MINISTRE DE L'AMÉNAGEMENT DU TERRITOIRE
NATIONAL, DE L’URBANISME, DE L’HABITAT ET DE
LA POLITIQUE DE LA VILLE,
Vu la loi n° 12-06 relative à la normalisation, à la
certification et à l’accréditation, promulguée par le dahir
n°1-10-15 du 26 Safar 1431 (11 février 2010), notamment son
article 33 ;
Vu la décision du directeur de l’Institut marocain
de normalisation n° 1440-23 du 10 kaada 1444 (30 mai 2023),
portant homologation de normes marocaines,
du 21 ramadan 1447 (11 mars 2026) portant homologation de normes marocaines
LE DIRECTEUR DE L’INSTITUT MAROCAIN DE NORMALISATION,
par le dahir n° 1.10.15 du 26 safar 1431 (11 février 2010), notamment ses articles 11, 15 et 32 ;
l’homologation des normes marocaines et la certification de la conformité auxdites nomes,
sont présentées en annexe de la présente décision.
l’Institut marocain de normalisation (IMANOR).",Urbain,"Urbain=6, Environnement=3, Commercial=2",Urbain,False
125,BO_7500_Fr,3,fr,"La présente décision sera publiée au Bulletin officiel.
*
*    *
TEXTES PARTICULIERS
dénommée « Power Fish Pisciculture ».
DÉVELOPPEMENT RURAL ET DES EAUX ET FORÊTS, CHARGÉE DE LA PÊCHE MARITIME,
chargé du budget,
au présent arrêté conjoint.",Indéterminé,"Fiscal=0, Social=0, Administratif=0",Indéterminé,False
126,BO_7500_Fr,2,fr,"Le présent arrêté conjoint sera publié au Bulletin officiel.
Le ministre délégué
auprès de la ministre de l’économie
et des finances, chargé du budget,
FOUZI LEKJAA.
chargée de la pêche maritime n° 492-26 du 6 chaabane 1447 (26 janvier 2026) portant publication de l’extrait de l’avenant
n° 1 à la convention n°2019/GON/02 de création et d’exploitation d’une ferme aquacole dénommée « Power Fish Pisiculture »
Extrait de l’avenant n°1 à la convention n°2019/GON/02 de création et d'exploitation d’une ferme aquacole
(décret n°2-08-562 du 13 hija 1429 (12 décembre 2008))
Identification du bénéficiaire :
Société «POWER FISH sarl »
Rue Yaacoub El Mansour, Villa Baida n°25- Laâyoune
Registre de commerce n°26299
Superficie :
Limites externes d’implantation de la ferme aquacole :
Parcelle 1
Parcelle 2
Parcelle 4
Parcelle 5
Parcelle 6
Parcelle 7
Parcelle 8
Parcelle 9
Parcelle 10
Activité de la ferme aquacole :
Élevage des espèces halieutiques suivantes :
Montant de la redevance due :
Sans changement
Le texte en langue arabe a été publié dans l’édition générale du « Bulletin officiel » n° 7499 du 25 chaoual 1447 (13 avril 2026).
Arrêté conjoint du ministre délégué auprès de la ministre de
l’économie et des finances, chargé du budget et de la
secrétaire d’Etat auprès du ministre de l’agriculture,
de la pêche maritime, du développement rural et des
eaux et forêts, chargée de la pêche maritime n° 493-26
du 6 chaabane 1447 (26 janvier 2026) autorisant la société
«  MEJILLONS LABOUIRDA Sarl AU  » pour la
création et l’exploitation d’une ferme aquacole dénommée
« Mejillons Labouirda-Cintra » et portant publication de
l’extrait de la convention y afférente.
LE MINISTRE DÉLÉGUÉ AUPRÈS DE LA MINISTRE DE
L’ÉCONOMIE ET DES FINANCES, CHARGÉ DU BUDGET,
LA SECRÉTAIRE D’ETAT AUPRÈS DU MINISTRE DE
L’AGRICULTURE, DE LA PÊCHE MARITIME, DU
DÉVELOPPEMENT RURAL ET DES EAUX ET FORÊTS,
CHARGÉE DE LA PÊCHE MARITIME,
Vu le dahir portant loi n° 1-73-255 du 27 chaoual 1393
(23 novembre 1973) formant règlement sur la pêche maritime,
tel que modifié et complété, notamment ses articles 28 et 28-1 ;
Vu le décret n° 2-08-562 du 13 hija 1429 (12 décembre 2008)
fixant les conditions et les modalités de délivrance
et de renouvellement des autorisations d'établissement
de pêche maritime, tel que modifié et complété, notamment
ses articles 7, 7 bis et 9 ;
Vu l’arrêté de la ministre de l’économie et des finances
n° 3200-21 du 28 rabii I 1443 (4 novembre 2021) portant
délégation d’attributions au ministre délégué auprès de la
ministre de l’économie et des finances, chargé du budget ;
Vu l’arrêté du ministre de l’agriculture, de la pêche
maritime, du développement rural et des eaux et forêts n° 2561-24
du 25 rabii II 1446 (29 octobre 2024) portant délégation
d’attributions à la secrétaire d’Etat auprès du ministre de
l’agriculture, de la pêche maritime, du développement rural
et des eaux et forêts, chargée de la pêche maritime ;
Vu l’arrêté du ministre de l’agriculture et de la pêche
maritime n° 1643-10 du 11 joumada II 1431 (26 mai 2010) relatif
à la demande d’autorisation de création et d’exploitation
d’établissement de pêche maritime et fixant le modèle de
convention de concession y afférent, tel que modifié et
complété, notamment son article 3 ;
Vu l’arrêté conjoint du ministre de l’économie et des
finances et du ministre de l’agriculture et de la pêche maritime
n° 3151-13 du 7 moharrem 1435 (11 novembre 2013) fixant
les montants et les modalités de paiement de la redevance
annuelle due au titre des conventions de concession de ferme
aquacole, tel que modifié et complété ;
*
*      *
chargée de la pêche maritime
(art.9 du décret n° 2-08-562 du 13 hija 1429 (12 décembre 2008))
Nom du bénéficiaire :
Société « MEJILLONS LABOUIRDA Sarl AU »
Durée de la Convention :
Dix (10) ans, renouvelable
Lieu d’implantation de la ferme aquacole :
Superficie :
Deux (2) hectares.
Limites externes d’implantation de la ferme aquacole :
Zone de protection :
Signalement en mer :
Activité de la ferme aquacole :
Technique utilisée :
Poches sur tables.
Moyens d’exploitation :
Navires de servitude.
Contrôle et suivi technique et scientifique :
Surveillance environnementale :
Gestion des déchets :
Montant de la redevance due :
- droit fixe : mille (1000) dirhams par an.
- droit variable : 1/1000 de la valeur des espèces vendues.
Le texte en langue arabe a été publié dans l’édition générale du « Bulletin officiel » n° 7499 du 25 chaoual 1447 (13 avril 2026).
Arrêté conjoint du ministre délégué auprès de la ministre de
l’économie et des finances, chargé du budget et de la
secrétaire d’Etat auprès du ministre de l’agriculture,
de la pêche maritime, du développement rural et des
eaux et forêts, chargée de la pêche maritime n° 494-26
du 6 chaabane 1447 (26 janvier 2026) autorisant la société
« WEST LEOCEANIC Sarl AU » pour la création et
l’exploitation d’une ferme aquacole dénommée « West
Leoceanic Cintra » et portant publication de l’extrait de
la convention y afférente.
LE MINISTRE DÉLÉGUÉ AUPRÈS DE LA MINISTRE DE
L’ÉCONOMIE ET DES FINANCES, CHARGÉ DU BUDGET,
LA SECRÉTAIRE D’ETAT AUPRÈS DU MINISTRE DE
L’AGRICULTURE, DE LA PÊCHE MARITIME, DU
DÉVELOPPEMENT RURAL ET DES EAUX ET FORÊTS,
CHARGÉE DE LA PÊCHE MARITIME,
Vu le dahir portant loi n° 1-73-255 du 27 chaoual 1393
(23 novembre 1973) formant règlement sur la pêche maritime,
tel que modifié et complété, notamment ses articles 28 et 28-1 ;
Vu le décret n° 2-08-562 du 13 hija 1429 (12 décembre 2008)
fixant les conditions et les modalités de délivrance
et de renouvellement des autorisations d'établissement
de pêche maritime, tel que modifié et complété, notamment
ses articles 7, 7 bis et 9 ;
Vu l’arrêté de la ministre de l’économie et des finances
n° 3200-21 du 28 rabii I 1443 (4 novembre 2021) portant
délégation d’attributions au ministre délégué auprès de la
ministre de l’économie et des finances, chargé du budget ;
Vu l’arrêté du ministre de l’agriculture, de la pêche
maritime, du développement rural et des eaux et f",Commercial,"Commercial=5, Environnement=1, Fiscal=0",Commercial,True
127,BO_7500_Fr,PREMIER,fr,"L’article premier de l’arrêté susvisé
n° 2797-95 du 20 joumada II 1416 (14 novembre 1995), est
complété comme suit :
«",Indéterminé,"Fiscal=0, Social=0, Administratif=0",Indéterminé,False
128,BO_7500_Fr,premier,fr,"La liste des diplômes reconnus
« équivalents au diplôme d’architecte de l’Ecole nationale
« d’architecture visé à l’article 4 de la loi n° 016-89, assortis du
« baccalauréat, série scientifique ou technique ou d’un diplôme
« reconnu équivalent, est fixée ainsi qu’il suit :
« – Master’s degree field of study « architecture and
« construction » programme subject area « architecture
« and town planning », délivré en date du 31 mai 2023
« par O.M.Beketov national University of urban economy
« in Kharkiv - Ukraine, assorti du bachelor’s degree field
« of study « architecture and construction » program
« subject area « architecture and town planning »,
« délivré en date du 30 juin 2021 par Kharkiv national
« University of civil engineering and architecture -
«  Ukraine et d’une attestation de validation du
«  complément de formation, délivrée par l’Ecole
« nationale d’architecture de Rabat. »",Urbain,"Urbain=3, Fiscal=0, Social=0",Urbain,False
129,BO_7500_Fr,2,fr,"Le présent arrêté sera publié au Bulletin officiel.
Rabat, le 16 chaabane 1447 (5 février 2026).
AZZEDDINE EL MIDAOUI.
Le texte en langue arabe a été publié dans l’édition générale du
« Bulletin officiel » n° 7499 du 25 chaoual 1447 (13 avril 2026).
Arrêté du ministre de l’enseignement supérieur, de la recherche
scientifique et de l’innovation n° 353-26 du 23 chaabane 1447
(12 février 2026) complétant l’arrêté n°  2797-95 du
20 joumada II 1416 (14 novembre 1995) fixant la liste des
diplômes reconnus équivalents au diplôme d’architecte de
l’Ecole nationale d’architecture.
LE MINISTRE DE L’ENSEIGNEMENT SUPÉRIEUR, DE LA
RECHERCHE SCIENTIFIQUE ET DE L’INNOVATION,
Vu l’arrêté du ministre de l’enseignement supérieur,
de la formation des cadres et de la recherche scientifique
n° 2797-95 du 20 joumada II 1416 (14 novembre 1995) fixant la
liste des diplômes reconnus équivalents au diplôme d’architecte
de l’Ecole nationale d’architecture, tel qu’il a été complété ;
Vu le décret n° 2-24-991 du 24 rabii II 1446 (28 octobre 2024)
relatif aux attributions du ministre de l’enseignement supérieur,
de la recherche scientifique et de l’innovation ;
Sur proposition de la ministre de l’aménagement
du territoire national, de l’urbanisme, de l’habitat et de la
politique de la ville ;
Après avis du conseil national de l’Ordre national des
architectes ;
Après avis de la commission sectorielle des sciences,
techniques, ingénierie et architecture du 20 novembre 2025,
ARRÊTE :",Urbain,"Urbain=5, Fiscal=0, Social=0",Urbain,False
130,BO_7500_Fr,PREMIER,fr,"L’article premier de l’arrêté susvisé
n° 2797-95 du 20 joumada II 1416 (14 novembre 1995), est
complété comme suit :
«",Indéterminé,"Fiscal=0, Social=0, Administratif=0",Indéterminé,False
131,BO_7500_Fr,premier,fr,"La liste des diplômes reconnus
« équivalents au diplôme d’architecte de l’Ecole nationale
« d’architecture visé à l’article 4 de la loi n° 016-89, assortis du
« baccalauréat, série scientifique ou technique ou d’un diplôme
« reconnu équivalent, est fixée ainsi qu’il suit :
« – Master’s degree program subject area «architecture
«  and construction» programme subject area
« «architecture and town planning», délivré en date
« du 27 septembre 2023 par O.M. Beketov national
« University of urban economy in Kharkiv - Ukraine,
« assorti du bachelor’s degree field of study «architecture
« and construction» program subject area «architecture
« and town planning», délivré en date du 30 juin 2021
« par Kharkiv national University of civil engineering
« and architecture - Ukraine et d’une attestation de
« validation du complément de formation, délivrée par
« l’Ecole nationale d’architecture de Rabat. »",Urbain,"Urbain=3, Fiscal=0, Social=0",Urbain,False
132,BO_7500_Fr,2,fr,"Cet arrêté reste affiché, pendant le délai d’un
mois à partir de la date fixée pour l’ouverture de l’enquête, au
siège de la Caïdat de Jbilate, chargée de l’enquête.
Cette Caïdat doit, en outre, en assurer sa publication à
trois reprises et à huit jours d’intervalle dans les divers marchés
situés dans un rayon de 5 kilomètres autour du lieu de cette
installation.
Les intéressés peuvent, pendant la durée de l’enquête,
consulter les plans et déposer leurs réclamations sur le registre
ouvert, à cet effet, au siège de la Caïdat de Jbilate.",Pénal,"Pénal=3, Fiscal=0, Social=0",Pénal,False
133,BO_7500_Fr,3,fr,"Le présent arrêté est publié au Bulletin officiel
et notifié à la Compagnie Africaine des Explosifs (CADEX).
Rabat, le 20 ramadan 1447 (10 mars 2026).
LEILA BENALI.
Le texte en langue arabe a été publié dans l’édition générale du
« Bulletin officiel » n° 7498 du 21 chaoual 1447 (9 avril 2026).
Arrêté du ministre de l’industrie et du commerce n°542-26 du
21 ramadan 1447 (11 mars 2026) relatif à l’extension de
l’agrément de la société Analysis and Control Laboratory
(ACLAB) pour l’évaluation de la conformité des produits
industriels.
LE MINISTRE DE L’INDUSTRIE ET DU COMMERCE,
Vu la loi n° 24-09 relative à la sécurité des produits et
des services et complétant le dahir du 9 ramadan 1331 (12 août
1913) formant code des obligations et des contrats, promulguée
par le dahir n°1-11-140 du 16 ramadan 1432 (17 août 2011)
notamment ses articles 21 et 22 ;
Vu le décret n° 2-12-502 du 2 rejeb 1434 (13 mai 2013) pris
pour l’application du titre premier de la loi n° 24-09 relative à
la sécurité des produits et des services et complétant le dahir
du 9 ramadan 1331 (12 août 1913) formant code des obligations
et des contrats, notamment ses article 4 et 5 ;
Vu l’arrêté du ministre de l’industrie, du commerce,
de l’investissement et de l’économie numérique, n° 3873-13
du 22 safar 1435 (26 décembre 2013) relatif à l’agrément des
organismes d’évaluation de la conformité, tel que modifié,
notamment ses articles 7, 8, 10 et 11 ;
Vu l’arrêté du ministre de l’industrie, du commerce
et de l’économie verte et numérique n° 2253-21 du 26 hija 1442
(6 août 2021) relatif à l’octroi de l’agrément de la société
Analysis and Control Laboratory (ACLAB) pour l’évaluation
de la conformité des produits industriels ;
Vu l’arrêté du ministre de l’industrie et du commerce
n° 1532-22 du 1er kaada 1443 (1er juin 2022) relatif à l’extension
de l’agrément de la société Analysis and Control Laboratory
(ACLAB) pour l’évaluation de la conformité des produits
industriels ;
Arrêté de la ministre de l’économie et des finances n° 649-26
du 13 chaoual 1447 (1er avril 2026) portant agrément de
la société de bourse « Upline Securities » en qualité de
membre négociateur sur le marché à terme d’instruments
financiers.
LA MINISTRE DE L’ÉCONOMIE ET DES FINANCES,
Vu la loi n° 42-12 relative au marché à terme d’instruments
financiers, promulguée par le dahir n° 1-14-96 du 20 rejeb 1435
(20 mai 2014), notamment ses articles 55 et 59 ;
Après avis de l’instance de coordination du marché à
terme,
ARRÊTE :",Commercial,"Commercial=9, Fiscal=0, Social=0",Commercial,False
134,BO_7500_Fr,PREMIER,fr,"Est octroyé un agrément en qualité
de membre négociateur sur le marché à terme d’instruments
financiers à la société de bourse « Upline Securities » pour
l’exercice de l’activité de négociation d’instruments financiers
à terme.",Commercial,"Commercial=1, Fiscal=0, Social=0",Commercial,False
135,BO_7500_Fr,2,fr,"Le présent arrêté est publié au Bulletin officiel.
Rabat, le 13 chaoual 1447 (1er avril 2026).
NADIA FETTAH.
Le texte en langue arabe a été publié dans l’édition générale du
« Bulletin officiel » n° 7497 du 18 chaoual 1447 (6 avril 2026).
AVIS ET COMMUNICATIONS
Agrément de prestataire de services de confiance conformément aux dispositions
de la loi n°43-20 relative aux services  de confiance pour les transactions électroniques
Par décision n°l/PSCo/2026 du 22 ramadan 1447 (12 mars 2026) de la direction générale de la sécurité des systèmes
d’information (DGSSI) relevant de l’Administration de la défense nationale, agissant en sa qualité d’autorité nationale des
services de confiance pour les transactions électroniques, la société « Barid Al-Maghrib », dont le siège social est sis Avenue
Moulay Ismail, Hassan, Rabat, a été agréée pour une période de trente-six (36) mois, en qualité de prestataire de services de
confiance et ce, pour le service suivant :
– Horodatage électronique qualifié.
Le texte en langue arabe a été publié dans l’édition générale du « Bulletin officiel » n° 7499 du 25 chaoual 1447 (13 avril 2026).",Administratif,"Administratif=1, Commercial=1, Fiscal=0",Administratif,False
136,BO_7505_Ar,34,ar,"من
وبعد المداولة في مجلس الحكومة المنعقد بتاريخ 29 من رمضان 1447
«القانون السالف الذكر رقم.28.13
(19 مارس 2026)،
«يمكن تغيير قائمة الوثائق والمستندات المنصوص عليها ااعله
رسم ما يلي:
«او تتميمها بقرار للسلطة الحكومية المكلفة بالصحة».
المادة االولى
«المادة - .20 يقوم رئيس اللجنة الجهوية.......................................
تغير وتتمم، على النحو التالي، مقتضيات المواد 5 و 8و 10و 16و 20
و 22و 23و 24و 25و 27و 28و) 29الفقرة (3 وعنوان الباب الخامس
«من تاريخ اصداره».
«المادة - .22 تطبيقا الحكام",Fiscal,"Fiscal=1, Social=0, Administratif=0",Fiscal,False
137,BO_7505_Ar,26,ar,"من القانون السالف الذكر
من المرسوم المشار اليه ااعله رقم 2.20.326 الصادر في 22 من
«رقم28.13، يقوم مدير الوكالة المغربية اللدوية والمنتجات الصحية،
شعبان 1442 (5 ابريل 2021)
«بعد استاطلع راي اللجنة االستشارية المنصوص عليها في",Indéterminé,"Fiscal=0, Social=0, Administratif=0",Indéterminé,False
138,BO_7505_Ar,31,ar,"«المادة - .5 يحدد المبلغ االقظصى ................................ بقرار للسلطة
«المكررة ادناه، بالترخيص باجراء بحث بيوطبي تدخلي على االشخاص،
«الحكومية المكلفة بالصحة».
«بناء على ........................... الوثائق والمستندات التالية:
«المادة - .8 يعين اعضاء اللجان الجهوية المشار اليهم في البنود من
«ا (الى ك (من",Indéterminé,"Fiscal=0, Social=0, Administratif=0",Indéterminé,False
139,BO_7505_Ar,7,ar,"ااعله ورؤسائها ونوابهم بقرار للسلطة الحكومية
- «المعلومات المتعلقة ......................................................... الذاتية؛
«المكلفة بالصحة ..................................... جهوية واحدة.
- «مذكرة ................................................... مع المنافع المتوقعة لهم؛
«ويعين ممثل جمعيات المجتمع املدني بقرار للسلطة الحكومية
«المكلفة بالصحة من بين الجمعيات االكثر نشاطا في مجال حماية
- «بروتوكول البحث المنصوص عليه في",Environnement,"Environnement=1, Fiscal=0, Social=0",Environnement,False
140,BO_7505_Ar,25,ar,"من القانون
«المرعضى ومساعدتهم.
«السالف الذكر رقم 28.13 وملخص عنه؛
الجريدة الرسمية2457
عدد16 - 7505 دعقلا ذ)) 16 16 يام ))4
- «نسخة من الترخيص المتعلق بحماية............................................
«المادة - .27 يمكن طيلة مدة البحث...............................................
«باجراء البحث البيوطبي.
.......................................................................................................«
........................................................................................................«
«مع مراعاة مقتضيات",Indéterminé,"Fiscal=0, Social=0, Administratif=0",Indéterminé,False
141,BO_7505_Ar,31,ar,"المكررة ادناه، يقوم مدير الوكالة
........................................................................................................«
«المغربية اللدوية والمنتجات الصحية بوقف الترخيص او سحبه...........
............................«للشروط التي تم بناء عليها الترخيص له.
- «عندما يتعلق االمر ............................................... عند االقتضاء،
«مع بيان قائمة الدول التي سيجرى بها البحث؛
«المادة - .28 تطبيقا الحكام............................................................
«ولترخيص من مدير الوكالة المغربية اللدوية والمنتجات الصحية.
- «نسخة من موافقة اللجنة الجهوية لحماية.................................
«االبحاث البيوطبية؛
«يودع المتعهد...................................................................................
- «نسخة من موافقة المسؤول عن موقع البحث على اجراء البحث
)الباقيا ل تغيير فيه(.
«البيوطبي المعني فيه.
«المادة) 29 الفقرة الثالثة - .(يمكن ملدير الوكالة المغربية اللدوية
«يمكن تغيير قائمة الوثائق والمستندات المنصوص عليها ااعله
«والمنتجات الصحية ان يطلب ........................ لدراسة الملف.
«او تتميمها بقرار للسلطة الحكومية المكلفة بالصحة.
«الباب الخامس
«يودع الطلب والملف المرفق به لدى الوكالة المغربية اللدوية
«احكام انتقالية وختامية»
«والمنتجات الصحية عبر منصة الكترونية تحدث لهذا الغرض.",Urbain,"Urbain=1, Fiscal=0, Social=0",Urbain,False
142,BO_7505_Ar,الثانية,ar,"«تتم معالجة المعطيات الشخصية عبر المنصة االلكترونية وفق
تنسخ وتعوض، على النحو التالي، مقتضيات المواد 6 و) 7الفقرة
«النصوص التشريعية والتنظيمية المتعلقة بحماية االشخاص الذاتيين
االولى (و 13و 32من المرسوم السالف الذكر رقم 2.20.326 الصادر
«تجاه معالجة المعطيات ذات الطابع الشخظصي.
في 22 من شعبان 1442 (5 ابريل 2021)
«المادة - .23 قبل الترخيص...............................................................
«المادة - .6 تطبيقا الحكام",Indéterminé,"Fiscal=0, Social=0, Administratif=0",Indéterminé,False
143,BO_7505_Ar,17,ar,"من القانون السالف الذكر
«بزيارة مراقبة من لدن مفتشين محلفين تابعين للوكالة المغربية
«رقم28.13، يحدد مقر اللجان الجهوية لحماية االشخاص المشاركين
«اللدوية والمنتجات الصحية داخل اجل اقصاه اثلثون (30) يوما من
«في االبحاث البيوطبية، المشار اليها بعده باسم« اللجان الجهوية»، في
«تاريخ ايداع الطلب.
«مقر كل مجموعة من المجموعات الصحية الترابية المحدثة بموجب
«يتحقق المفتشون المشار اليهم ااعله من........................................
«القانون رقم.08.22
«في",Indéterminé,"Fiscal=0, Social=0, Administratif=0",Indéterminé,False
144,BO_7505_Ar,22,ar,"ااعله.
«ولهذه الغاية، تبرم اتفاقية بين الدولة وكل مجموعة صحية
«ويحررون محضرا ............................................... او مواقع البحث.
«ترابية معنية تحدد، على وجه الخصوص، المحل والتجهيزات
«المادة - .24 يمكن ملدير الوكالة المغربية اللدوية والمنتجات
«والمعدات االلزمة التي ستوضع رهن اشارة اللجنة الجهوية المعنية
«الصحية ان يطلب .......................................... العناصر المطلوبة.
«لتمكينها من االضاطلع بمهامها.
«المادة - .25 يمنح ترخيص البحث البيوطبي عبر البوابة االلكترونية
«يوقع على هذه االتفاقية باسم الدولة من لدن السلطة الحكومية
«داخل اجل اقصاه ستون (60) يوما ..................................... كاامل».
«المكلفة بالمالية والسلطة الحكومية المكلفة بالصحة.
الجريدة الرسميةعدد16 - 7505 دعقلا ذ)) 16 16 يام))4
«المادة) 7 الفقرة االولى - .(تتالف كل لجنة جهوية من اربعة عشر(14)
«عضوا يتوزعون كاالتي:
«ويقصد بعبارة« االدارة »الواردة في المواد 39 و 40و 41من
«القانون السالف الذكر رقم 28.13 السلطة الحكومية المكلفة
«بالصحة .ويقصد بعبارة« االدارة »الواردة في المواد 13 و 24و 30
«و 34و 36و 37و 52و 54من القانون نفسه الوكالة المغربية اللدوية
- 1«استاذان باحثان في الطب السريري احدهما رئيس واالخر
«نائب له؛
«والمنتجات الصحية».
- 2«استاذ باحث في طب االسنان؛
المادة الثالثة
- 3«استاذ باحث في طب االطفال؛
تتمم، على النحو التالي، مقتضيات املرسوم رقم 2.20.326 السالف
الذكر بالمواد 3 المكررة و 22مالكررة و 25مالكررة و 29مالكررة وبالباب
- 4«استاذ باحث في علم الصيدلة وعلم تاثير االدوية؛
الرابع المتضمن للمواد 31 المكررة و 31مالكررة مرتين و 31مالكررة
اثلث مرات و 31مالكررة اربع مرات وب",Administratif,"Administratif=1, Fiscal=0, Social=0",Administratif,False
145,BO_7505_Ar,31,ar,"المكررة خمس مرات
- 5«استاذ باحث في الطب او طبيب ينتمي الى مفتشية مصلحة
«الصحة العسكرية؛
المضمنة في الباب الخامس منه:
- 6«استاذ باحث في العلوم القانونية؛
«",Indéterminé,"Fiscal=0, Social=0, Administratif=0",Indéterminé,False
146,BO_7505_Ar,3,ar,"المكررة - .عندما ال يستجيب احد االشخاص المشاركين
«لاثلث دعوات متتالية يوجهها اليه الباحث او الطبيب الذي يمثله
«للمشاركة في البحث البيوطبي، يعتبر منسحبا من هذا البحث .ويشار
«الى هذا االنسحاب في سجل خاص يمسك لهذا الغرض من لدن
- 7«استاذ باحث في علم االجتماع؛
- 8« طبيب او طبيب اسنان او صيدلي مؤهل في االحصاء الحيوي
«او علم االوبئة؛
«الباحث او الطبيب الذي يمثله».
- 9«صيدلي او طبيب احيائي؛
«",Indéterminé,"Fiscal=0, Social=0, Administratif=0",Indéterminé,False
147,BO_7505_Ar,22,ar,"المكررة - .عندما يتعلق االمر ببحث بيوطبي متعدد
«المراكز على الصعيد الدولي، يمكن للوكالة المغربية اللدوية والمنتجات
«الصحية، ان تستند، عند الترخيص باجرائه، الى القرارات وتقارير
«التقييم والمعلومات ذات الصلة الصادرة عن منظمة الصحة العمالية
«او احدى الهيئات المختصة المعترف بها من لدن هذه المنظمة والمدرجة
- 10«ممثل عن المجلس العلمي المحلي المعني؛
- 11«اخصائي نفساني؛
- 12«ممرض متعدد التخصصات؛
- 13«ممثل عن جمعيات المجتمع المدني العاملة في مجال حماية
«المرعضى ومساعدتهم».
«في قائمة:
- «السلطات التنظيمية المرجعيةم لنظمة الصحة العمالية (WLA)؛
«المادة - .13 تتولى كل مجموعة صحية ترابية، بموجب االتفاقية
«المنصوص عليها في",Administratif,"Administratif=1, Civil=1, Environnement=1",Administratif,False
148,BO_7505_Ar,6,ar,"ااعله، مهام كتابة اللجنة الجهوية المحدثة
- «السلطات التنظيمية الوطنية الحاصلة على مستوى النضج
«الثالث او الرابع وفقا الداة المقارنة المعيارية العمالية ملنظمة
«في مجالها الترابي.
«الصحة العمالية».»GBT«
«ولهذا الغرض، يعهد اليها، على وجه الخصوص، بتحضير اجتماعات
«اللجنة الجهوية واعداد محاضرها».
«",Indéterminé,"Fiscal=0, Social=0, Administratif=0",Indéterminé,False
149,BO_7505_Ar,25,ar,"المكررة - .يقوم مدير الوكالة المغربية اللدوية
«والمنتجات الصحية، بطلب من السلطة الحكومية المكلفة بالصحة،
«كلما اقتضت دواعي الصحة العامة ذلك في حالة االستعجال، بتطبيق
«المادة - .32 تمارس المهام المسندة الى السلطة الحكومية المختصة
«بموجب المواد 17 و 20و 21من القانون رقم 28.13 السالف الذكر
«من لدن السلطة الحكومية المكلفة بالصحة .وتمارس االختصاصات
«المسندة الى السلطة الحكومية المختصة بموجب المواد 26 و 29و 31
«و 33و 36و 49و 54من القانون السالف الذكر رقم 28.13 من لدن
«مسطرة مستعجلةم لنح الترخيص باجراء بحث بيوطبي».
«",Indéterminé,"Fiscal=0, Social=0, Administratif=0",Indéterminé,False
150,BO_7505_Ar,29,ar,"المكررة - .تنشر في الموقع االلكتروني الخاص بالوكالة
«المغربية اللدوية والمنتجات الصحية قائمة االبحاث البيوطبية
«الوكالة المغربية اللدوية والمنتجات الصحية.
«المرخص بها او تلك التي تم توقيف ترخيصها او سحبه.
الجريدة الرسمية2459
عدد16 - 7505 دعقلا ذ)) 16 16 يام ))4
«الباب الرابع
«",Indéterminé,"Fiscal=0, Social=0, Administratif=0",Indéterminé,False
151,BO_7505_Ar,31,ar,"المكررة اثلث مرات - .يلتزم اعضاء اللجنة االستشارية
«باالمتناع عن المشاركة في اشغالها، اذا كانت لهم مصلحة مباشرة
«اللجنة االستشارية اللبحاث البيوطبية
«او غير مباشرة في احدى القضايا المدرجة في جدول االعمال .ولهذا
«",Indéterminé,"Fiscal=0, Social=0, Administratif=0",Indéterminé,False
152,BO_7505_Ar,31,ar,"المكررة - .قبل منح الترخيص باجراء البحث البيوطبي
«الغرض، يجب على كل عضو من اعضائها، عند بداية كل جلسة،
«الذي نال موافقة اللجنة الجهوية المعنية، يقوم مدير الوكالة المغربية
«التوقيع على تصريح بعدم وجوده في حالة تنازع المصالح.
«اللدوية والمنتجات الصحية باستاطلع راي لجنة استشارية مستقلة
«ويلزم اعضاء اللجنة االستشارية بكتمان السر مانلهي في شان
«محدثة لديه تحمل اسم« اللجنة االستشارية اللبحاث البيوطبية »
«المعلومات والمعطيات والوثائق التي يطلعون عليها بمناسبة قيامهم
«ويشار اليها بعده باسم« اللجنة االستشارية.»
«بمهامهم.
«كما يستطلع رايها المسبق في شان توقيف الترخيص باجراء
«",Social,"Social=1, Fiscal=0, Administratif=0",Social,False
153,BO_7505_Ar,31,ar,"المكررة اربع مرات - .تحدد بقرار ملدير الوكالة المغربية
«البحث البيوطبي او سحبه.
«اللدوية والمنتجات الصحية كيفيات سير اللجنة االستشارية.
«",Indéterminé,"Fiscal=0, Social=0, Administratif=0",Indéterminé,False
154,BO_7505_Ar,31,ar,"المكررة مرتين - .تتالف اللجنة االستشارية من االعضاء
«",Indéterminé,"Fiscal=0, Social=0, Administratif=0",Indéterminé,False
155,BO_7505_Ar,31,ar,"المكررة خمس مرات - .في انتظار الشروع الفعلي
«االتي بيانهم:
«للمجموعات الصحية الترابية في ممارسة المهام المسندة اليها بموجب
«ا - اثلثة (3) اساتذة باحثين في الطب السريري؛
«القانون السالف الذكر رقم08.22، تستمر اللجان الجهوية في
«ب - استاذ باحث في العناية المركزة واالنعاش؛
«ممارسة مهامها، بصفة انتقالية، كل فيما يخصها، بمقر المديريات
«الجهوية للصحة.
«ج - استاذ باحث في طب االطفال؛
«كما تستمر المديريات الجهوية للصحة، بصفة انتقالية، كل فيما
«د - استاذ باحث في طب االسنان؛
«يخصها، في ممارسة مهام كتابة اللجان الجهوية التي توجد بها مقارها
«ه - استاذ باحث في الطب واستاذ باحث في طب االسنان واستاذ
«الى حين الشروع الفعلي للمجموعات الصحية الترابية في ممارسة
«باحث في علم الصيدلة، ينتمون الى مفتشية مصلحة الصحة
«المهام المسندة اليها».
«العسكرية؛
المادة الرابعة
«و - طبيب او صيدلي متخصص في البيولوجيا الطبية؛
يسند تنفيذ هذا المرسوم، الذي ينشر في الجريدة الرسمية، الى
«ز - استاذ باحث في علم الصيدلة وعلم تاثير االدوية؛
وزيرة االقتصاد والمالية ووزير الصحة والحماية االجتماعية، كل
«ح - استاذان باحثان (2) في علم االوبئة السريري؛
واحد منهما فيما يخصه.
«ط - استاذ باحث في علم التسمم؛
وحرر بالرباط في 12 من ذي القعدة 1447 (30 ابريل 2026)
«ي - صيدلي او طبيب متخصص في الصحة العمومية؛
االمضاء : عزيز اخنوش.
«ك - طبيب عام؛
وقعه بالعطف:
«ل - صيدلي واحد بالمستشفيات.
وزيرة االقتصاد والمالية،
«يعين اعضاء اللجنة ومن بينهم الرئيس المشار اليهم في البنود ا (
االمضاء : نادية فتاح.
«و ب (و ج (و د (و و (و ز (و ح (و ط (و ي (و ك (و ل (ااعله بقرارم لدير
وزير الصحة والحماية االجتماعية،
«الوكالة المغربية اللدوية والمنتجات الصحية .ويعين االعضاء المشار
«اليهم في البند ه ( ااعله وفق المسطرة المعمول بها.
االمضاء : امين التهراوي.
الجريدة الرسميةعدد16 - 7505 دعقلا ذ)) 16 16 يام))4
قرار لوزير االدماج االقتصادي والمقاولة الصغرى والتشغيل والكفاءات رقم 582.26 صادر في 23 من رمضان1447
(13 مارس 2026) بشان تحديد الحرف والتاهايلت موضوع التدرج مانلهي
وزير االدماج االقتصادي والمقاولة الصغرى والتشغيل والكفاءات،
بناء على المرسوم رقم 2.00.1017 الصادر في 28 من ربيع االول 1422 (21 يونيو 2001) بتطبيق القانون رقم 12.00 بشان
احداث وتنظيم التدرج مانلهي، اول سيما المواد 2 و 3 و 4 منه،
قرر ما يلي:
المادة االولى
تطبيقا الحكام المواد 2 و 3 و 4 من المرسوم رقم 2.00.1017 المشار اليه ااعله، تحدد الحرف والتاهايلت موضوع التدرج
مانلهي والمدد االجمالية للتكوين المرتبط بها والدبلومات التي يختتم بها التدرج مانلهي والشهادات التي تثبت المؤاهلت المحصل عليها
وشروط ولوج التكوين في كل حرفة او تاهيل موضوع التدرج مانلهي كما هو مبين في الملحق المرفق بهذا القرار.",Indéterminé,"Fiscal=0, Social=0, Administratif=0",Indéterminé,False
156,BO_7505_Ar,الثانية,ar,"ينشر هذا القرار في الجريدة الرسمية، ويعمل به ابتداء من سنة التكوين2026-2025، وينسخ ابتداء من نفس التاريخ قرار
وزير التشغيل والتكوين مانلهي رقم 546.08 الصادر في 28 من صفر 1429 (7 مارس 2008) بشان تحديد الحرف والتاهايلت
موضوع التدرج مانلهي، كما وقع تغييره وتتميمه.
غير ان المتدربين المسجلين بانتظام قبل سنة التكوين2026-2025، يظلون خاضعينم لقتضيات قرار وزير التشغيل والتكوين
مانلهي رقم 546.08 المذكور ااعله، وتعد صحيحة الدبلومات المسلمة، وفق مقتضياته.
وحرر بالرباط في 23 من رمضان 1447 (13 مارس 2026)
االمضاء : يونس السكوري وبحسو.
*
* *
ا - الافلحة
دبلوم التخصص سنة
تربية االبقار المهني
ا-الحلو ب
اا ل نتا ج
الفالحة الحيواني
دبلوم التخصص سنة
ا-تربية ابقار التسمين المهني
اا ل نتا ج
الفالحة الحيواني
دبلوم التخصص سنة
فارس المهني
ا-مرو ض
اا ل
نتاج
الفالحة الحيواني
دبلوم التخصص سنة
ا-تربية االبل المهني
اا لن تا ج
الفالحة الحيواني
دبلوم التخصص سنة
ا-تربية االغنام والماعز المهني
اا لن تا ج
الفالحة الحيواني
دبلوم التخصص سنة
تربية دجاج المهني
ا-التسمين
اا ل
نتاج
الفالحة الحيواني
ا-فارس السباق دبلوم التاهيل المهني  سنة
اا ل
نتاج
الفالحة الحيواني
الجريدة الرسمية2461
عدد16 - 7505 دعقلا ذ)) 16 16 يام))4
ملحق بقرار وزير االدماج االقتصادي والمقاولة الصغرى والتشغيل والكفاءات رقم582.26
الصادر في 23 من رمضان 1447 (13 مارس 2026) بشان تحديد الحرف والتاهايلت موضوع التدرج مانلهي
قائمة الحرف والتاهايلت موضوع التدرج المهني والمدد االجمالية للتكوين المرتبطة بها والدبلومات التي يختتم بها التدرج المهني والشهادات التي تثبت المؤاهلت المحصل
عليها وشروط ولوج التكوين في كل حرفة او تاهيل موضوع التدرج
المهني
شروط
مدة الولوج
الدبلوم او التكوين
الشهادة
الحرف
والتاهايلت
قطاع ميدان التكوين الرمز
التكوين
الرقم
المستو ى الدراسي*
السن
االقصى
توفر حد ادنى من المؤاهلت في
القراءة والكتابة
والحسا ب
 سنة
شهادة التدرج المهني اشه ر
ا -تربية الدواجن
اا ل
نتاج
الفالحة الحيواني
توفر حد ادنى من المؤاهلت في
القراءة والكتابة
والحسا ب
 سنة
شهادة التدرج المهني اشه ر
ا -تربية النحل
اا ل
نتاج
الفالحة الحيواني
توفر حد ادنى من المؤاهلت في
القراءة والكتابة
والحسا ب
 سنة
شهادة التدرج المهني اشه ر
 تربية
ا-االران ب
اا ل
نتاج
الفالحة الحيواني
توفر حد ادنى من المؤاهلت في
القراءة والكتابة
والحسا ب
 سنة
شهادة التدرج المهني اشه ر
 تربية
ا-االغنام
اا ل نتا ج
الفالحة الحيواني
توفر حد ادنى من المؤاهلت في
القراءة والكتابة
والحسا ب
 سنة
شهادة التدرج المهني اشه ر
ا -تربية الماعز
اا ل نتا ج
الفالحة الحيواني
توفر حد ادنى من المؤاهلت في
القراءة والكتابة
والحسا ب
 سنة
شهادة التدرج المهني اشه ر
ا -تقليم الحوافر
اا ل
نتاج
الفالحة الحيواني
توفر حد ادنى من المؤاهلت في
القراءة والكتابة
والحسا ب
 سنة
شهادة التدرج المهني اشه ر
 تربية
ا-الحلزو ن
اا ل نتا ج
الفالحة الحيواني
توفر حد ادنى من المؤاهلت في
القراءة والكتابة
والحسا ب
 سنة
شهادة التدرج المهني اشه ر
ا -تربية االبقار
اا ل نتا ج
الفالحة الحيواني
توفر حد ادنى من المؤاهلت في
القراءة والكتابة
والحسا ب
 سنة
شهادة التدرج المهني اشه ر
ا -تربية دجاج المزرعة
اا ل نتا ج
الفالحة الحيواني
توفر حد ادنى من المؤاهلت في
القراءة والكتابة
والحسا ب
 سنة
شهادة التدرج المهني اشه ر
 الحدادة
ا-البيطري ة
اا ل
نتاج
الفالحة الحيواني
 سنة بدون حد
للسن بالنسبة
للمترشحين الحاصلين
نهاية السنة السادسة ابتدائي او
ما يعادلها او شهادة التدرج
المهني في نفس مجموعة المهن
على شهادة التدرج
المهني
 سنة بدون حد
للسن بالنسبة
للمترشحين الحاصلين
نهاية السنة السادسة ابتدائي او
ما يعادلها او شهادة التدرج
المهني في نفس مجموعة المهن
على شهادة التدرج
المهني
 سنة بدون حد
للسن بالنسبة
للمترشحين الحاصلين
نهاية السنة السادسة ابتدائي او
ما يعادلها او شهادة التدرج
المهني  في نفس مجموعة المهن
على شهادة التدرج
المهني
 سنة بدون حد
للسن بالنسبة
للمترشحين الحاصلين
نهاية السنة السادسة ابتدائي او
ما يعادلها او شهادة التدرج
المهني  في نفس مجموعة المهن
على شهادة التدرج
المهني
 سنة بدون حد
للسن بالنسبة
للمترشحين الحاصلين
نهاية السنة السادسة ابتدائي او
ما يعادلها او شهادة التدرج
المهني  في نفس مجموعة المهن
على شهادة التدرج
المهني
 سنة بدون حد
للسن بالنسبة
للمترشحين الحاصلين
نهاية السنة السادسة ابتدائي او
ما يعادلها او شهادة التدرج
المهني  في نفس مجموعة المهن
على شهادة التدرج
المهني
 سنة  بدون حد
للسن بالنسبة
للمترشحين الحاصلين
نهاية السنة التاسعة اعدادي او
ما يعادلها او دبلوم التخصص
المهني  في نفس مجموعة المهن
على  دبلوم التخصص
المهني
ا - الافلحة
سنة
دبلوم
التاهيل
المهني
تربية
 اال
بقار
ا-
اا ل
نتاج
الحيواني
الفالحة
سنة
دبلوم
التاهيل
المهني
تربية
الدواجن
ا-
اا ل
نتاج
الحيواني
الفالحة
سنة
دبلوم
التاهيل
المهني
تربية
النحل
ا-
اا ل
نتاج
الحيواني
الفالحة
سنة
دبلوم
التاهيل
المهني
تربية
االغنام
والماعز
ا-
اا ل
نتاج
الحيوان
ي
الفالحة
سنة
دبلوم
التاهيل
المهني
تركيب
حظائر
المواش ي
ا-
اا ل
نتاج
 ال
حيواني
الفالحة
سنة
دبلوم
التاهيل
المهني
تنظيف
ورعاية
الحيوانات
االليف ة
ا-
اا ل
نتاج
الحيواني
الفالحة
ا-الابلستيكية
اا ل
نتاج
النباتي
الفالحة
ا-الخرو ب
اا ل
نتاج
النباتي
الفالحة
الجريدة الرسميةعدد16 - 7505 دعقلا ذ)) 16 16 يام))4
شروط
الولوج
مدة
التكوين
الدبلوم
 او
الشهاد ة
الحرف
والتاهيالت
الرمز
ميدان
التكوين
قطاع
التكوي ن
الرقم
المستوى الدراسي*
السن
االقص ى
 سنة  بدون حد
للسن
بالنسبة
نهاية
السنة
التاسعة
اعدادي
 او
ما
يعادلها
 او
دبلوم
التخصص
للمترشحين
الحاصلين
المهني
 في نفس
مجموعة
المهن
على
دبلوم
التخصص
المهني
 سنة  بدون حد
للسن
بالنسبة
نهاية
السنة
التاسعة
اعدادي
 او
ما
يعادلها
 او
دبلوم
التخصص
للمترشحين
الحاصلين
المهني
  في نفس
مجموعة
المهن
على
دبلوم
التخصص
المهني
 سنة  بدون حد
للسن
بالنسبة
نهاية
السنة
التاسعة
اعدادي
 او
ما
يعادلها
 او
دبلوم
التخصص
للمترشحين
الحاصلين
المهني
  في نفس
مجموعة
المهن
على
دبلوم
التخصص
المهني
 سنة  بدون حد
للسن
بالنسبة
نهاية
السنة
التاسعة
اعدادي
 او
ما
يعادلها
 او
دبلوم
التخصص
للمترشحين
الحاصلين
المهني
  في نفس
مجموعة
المهن
على
دبلوم
التخصص
المهني
 سنة  بدون حد
للسن
بالنسبة
نهاية
السنة
التاسعة
اعدادي
 او
ما
يعادلها
 او
دبلوم
التخصص
للمترشحين
الحاصلين
المهني
  في نفس
مجموعة
المهن
على
دبلوم
التخصص
المهني
 سنة  بدون حد
للسن
بالنسبة
نهاية
السنة
التاسعة
اعدادي
 او
ما
يعادلها
 او
دبلوم
التخصص
للمترشحين
الحاصلين
المهني
  في نفس
مجموعة
المهن
على
دبلوم
التخصص
المهني
توفر حد ادنى من المؤاهلت في
القراءة والكتابة
والحسا ب
 سنة
اشه ر
شهادة
التدرج
المهني
 زراعة
الورديات
ا-
اا ل
نتاج
النباتي
الفالحة
توفر حد ادنى من المؤاهلت في
القراءة والكتابة
والحسا ب
 سنة
اشه ر
شهادة
التدرج
المهني
 الزراعات
الكبر ى
ا-
اا ل
نتاج
النباتي
الفالحة
توفر حد ادنى من المؤاهلت في
القراءة والكتابة
والحسا ب
 سنة
اشه ر
شه",Indéterminé,"Fiscal=0, Social=0, Administratif=0",Indéterminé,True
157,BO_7505_Ar,26,ar,"منه؛
وباقتراح من وزيرة االقتصاد والمالية ووالي بنك المغرب،
قرر ما يلي:
المادة االولى
تطبيقاا لحكام البند الرابع من الفقرة االولى من",Administratif,"Administratif=1, Fiscal=0, Social=0",Administratif,False
158,BO_7505_Ar,26,ar,"من القانون المشار اليه ااعله رقم40.17، تعين السيدتان والسادة
التالية اسماؤهم، اعضاء بمجلس بنك المغرب:
-باقتراح من وزيرة االقتصاد والمالية:
•السيد منصف ادرقاوي : استاذ وباحث في االقتصاد بجامعة محمد السادس متعددة التخصصات التقنية (UM6P)
ومدير سابق للدراسات والتوقعات المالية بوزارة االقتصاد والمالية؛
•السيد الجايللي كنزي : مفتش عام للالمية سابقا ونائب مديرة الخزينة والمالية الخارجية سابقا؛
•السيدة بشرى رحموني : استاذة جامعية وباحثة في الجغرافيا االقتصادية ومديرة معهد التاثير االجتماعي واالقتصادي بجامعة
محمد السادس متعددة التخصصات التقنية.(UM6P)
-باقتراح من والي بنك المغرب:
•السيدة رجاء شاكر : مديرة االبحاث بالمعهد الوطني الفرنؠسي للبحث الزراعي والتغذية والبيئة؛
•السيد فوزي مرجي : استاذ االقتصاد بجامعة الحسن الثاني بالدار البيضاء؛
•السيد عبد الحق الصنهاجي : نائب مدير المالية العمومية بصندوق النقد الدولي سابقا.",Administratif,"Administratif=2, Fiscal=0, Social=0",Administratif,False
159,BO_7505_Ar,الثانية,ar,"ينشر هذا القرار في الجريدة الرسمية.
وحرر بالرباط في 12 من ذي القعدة 1447 (30 ابريل 2026)
االمضاء : عزيز اخنوش.
الجريدة الرسميةعدد16 - 7505 دعقلا ذ)) 16 16 يام))4
قرار لوزير الشباب والثقافة والتواصل رقم 377.26 صادر في
 27من شعبان 1447 (16 فبراير 2026) بتحديد شروط
ممارسة السلطة التاديبية بالنسبة لطلبة المعهد الوطني
- 4التوقيف من اثلثة ايام الى اسبوع؛
- 5الطرد النهائي من المعهد.
المادة الثالثة
العالي للموسيقى والفن الكوريغرافي.
يحق للطالب الذي تعرض حالته على المجلس التاديبي ان يطلع على
وزير الشباب والثقافة والتواصل،
الملف التاديبي المتعلق به، ويمكن ان يدافع عن نفسه امام المجلس.
بناء على القانون رقم 01.00 المتعلق بتنظيم التعليم العالي، الصادر
المادة الرابعة
بتنفيذه الظهير الشريف رقم 1.00.199 بتاريخ 15 من صفر1421
 (19 ماي 2000)، كما وقع تتميمه، اول سيما المواد 35 و 70و 73منه؛
يبدي المجلس رايه في اجل اقصاه شهر واحد يسري ابتداء من
تاريخ احالة الملف التاديبي عليه، غير ان االجل المذكور يرفع الى
وعلى المرسوم رقم 2.05.885 الصادر في 22 من ربيع االول1427
 (21 ابريل 2006) بتطبيق المادتين 33 و 35من القانون رقم 01.00
المتعلق بتنظيم التعليم العالي، اول سيما المواد 4 و 20و 21و 22و 23
شهرين اذا صدر امر باجراء بحث في الموضوع.
المادة الخامسة
منه؛
يعلن مدير المعهد عن العقوبات املنصوص عليها في البنود 1 و2
و 3و 4من",Indéterminé,"Fiscal=0, Social=0, Administratif=0",Indéterminé,False
160,BO_7505_Ar,الثانية,ar,"ااعله، في حين تعرض العقوبة المنصوص عليها
في البند 5 من المادة المذكورة على موافقة السلطة الحكومية المكلفة
وعلى المرسوم رقم 2.25.438 الصادر في 7 محرم 1447 (3 يوليو 2025)
باحداث وتنظيم المعهد الوطني العالي للموسيقى والفن الكوريغرافي،
بالثقافة.
اول سيما",Indéterminé,"Fiscal=0, Social=0, Administratif=0",Indéterminé,False
161,BO_7505_Ar,18,ar,"منه،
قرر ما يلي:
تبلغ العقوبة الى علم الطالب المعني باالمر بعد استدعائه، وتسجل
في ملفه، وتعلق في السبورة المخصصة لهذا الغرض بالمعهد.
المادة االولى
المادة السادسة
يمارس السلطة التاديبية بالمعهد الوطني العالي للموسيقى والفن
الكوريغرافي مجلس المؤسسة، الذي يجتمع كمجلس تاديبي خاص بالطلبة
طبقا للشروط المنصوص عليها في المواد من 20 الى 23 من المرسوم
رقم 2.05.885 الصادر في 22 من ربيع االول 1427 (21 ابريل 2006)
يمكن للطالب الذي تعرض الحدى العقوبات المنصوص عليها في
البنود 1 و 2و 3و 4من",Indéterminé,"Fiscal=0, Social=0, Administratif=0",Indéterminé,False
162,BO_7505_Ar,الثانية,ar,"ااعله، تقديم طلب استعطافي الى
مدير المعهد، الذي يبت في الموضوع، بعد دراسة التوضيحات الكتابية
المقدمة من طرف المعني باالمر واستشارة المجلس التاديبي .غير ان البت
في الطلب االستعطافي المتعلق بالعقوبة المنصوص عليها في البند (5)
من المادة المذكورة يشترط، باالضافة الى ذلك، الحصول على موافقة
المشار اليه ااعله.
يجتمع المجلس المذكور دون حضور الطالب او الطلبة االعضاء
المعروضة حاالتهم عليه.",Indéterminé,"Fiscal=0, Social=0, Administratif=0",Indéterminé,False
163,BO_7505_Ar,الثانية,ar,"السلطة الحكومية المكلفة بالثقافة.
تشتمل العقوبات التاديبية المتخذة من قبل مجلس المؤسسة
المجتمع بصفة مجلس تاديبي، في حق الطلبة الذينا ل يمتثلون للقواعد
المنظمة للمعهد، والذينا ل يحترمون بحظيرته االشخاص والممتلكات،
او الذين يخالفون مقتضيات نظامه الداخلي، حسب درجة خطورة
ويجب البت في الطلب داخل اجل اقصاه خمسة عشر (15) يوما،
ابتداء من تاريخ ايداعه، وفي حال عدم توصل المعني باالمر باي رد في
الموضوع داخل هذا االجل، يعتبر طلبه مرفوضا.
المادة السابعة
االفعال المرتكبة، على ما يلي:
ينشر هذا القرار بالجريدة الرسمية.
- 1االنذار؛
وحرر بالرباط في 27 من شعبان 1447 (16 فبراير 2026)
- 2التوبيخ؛
- 3التوقيف من يوم واحد الى اثلثة ايام؛
االمضاء : محمد المهدي بنسعيد.
الجريدة الرسمية2507
عدد16 - 7505 دعقلا ذ)) 16 16 يام ))4
قرار لوزير الافلحة والصيد البحري والتنمية القروية والمياه والغابات
رقم 583.26 صادر في 26 من رمضان 1447 (16 مارس 2026)
باعتماد شركة »PHYTOMARKET« لتسويق البذور المعتمدة
للذرة والقطاني الغذائية والقطاني العلفية والبذور النموذجية
قرر ما يلي:
المادة االولى
تعتمد شركة»PHYTOMARKET«، الكائن مقرها االجتماعي
بدوار ااولد كهيب، طريق مراكش، ماولي عبدلله ا، الجديدة، لتسويق
للخضر  واالغراس المعتمدة للبطاطس.
البذور المعتمدة للذرة والقطاني الغذائية والقطاني العلفية والبذور
وزير الافلحة والصيد البحري والتنمية القروية والمياه والغابات،
النموذجية للخضر واالغراس المعتمدة للبطاطس.
بناء على الظهير الشريف رقم 1.69.169 الصادر في 10 جمادى
االولى 1389 (25 يوليو 1969) المتعلق بتنظيم انتاج وتسويق البذور",Commercial,"Commercial=2, Fiscal=0, Social=0",Commercial,False
164,BO_7505_Ar,الثانية,ar,"تحدد مدة اصلحية هذا االعتماد في خمس (5) سنوات ابتداء من
واالغراس، كما وقع تغييره، اول سيما الفصول االول و 2و 5منه؛
تاريخ نشر هذا القرار بالجريدة الرسمية.
وعلى القانون رقم 25.08 القاعضي باحداث المكتب الوطني للاسلمة
الصحية للمنتجات الغذائية، الصادر بتنفيذه الظهير الشريف
رقم 1.09.20 بتاريخ 22 من صفر 1430 (18 فبراير 2009)، اول سيما
ويمكن تجديد هذا االعتماد لنفس المدة شريطة ان يقدم طلب
التجديد ستة (6) اشهر، على االقل، قبل انتهاء مدة اصلحيته.",Indéterminé,"Fiscal=0, Social=0, Administratif=0",Indéterminé,False
165,BO_7505_Ar,2,ar,"منه؛
المادة الثالثة
وعلى قرار وزير الافلحة واالاصلح الزراعي رقم 857.75 الصادر في
 8شوال 1397 (22 سبتمبر 1977) بالمصادقة على النظام التقني المتعلق
بانتاج ومراقبة وتعبئة واعتماد بذور القطاني العلفية) الفصة والبرسيم
يجب على شركة »PHYTOMARKET« ان تقدم التصريح المنصوص
عليه في",Commercial,"Commercial=1, Fiscal=0, Social=0",Commercial,False
166,BO_7505_Ar,2,ar,"من القرارات المشار اليها ااعله ذوات االرقام 857.75
والنفل الفار؟سي والجلبان العلفي وبوزغيبة والسمقالة (؛
و 859.75و 862.75و 971.75و622.11، للمكتب الوطني للاسلمة
وعلى قرار وزير الافلحة واالاصلح الزراعي رقم 859.75 الصادر في
 8شوال 1397 (22 سبتمبر 1977) بالمصادقة على النظام التقني
الصحية للمنتجات الغذائية على النحو التالي:
•كل ستة اشهر بمشترياتها ومبيعاتها ومخزوناتها من االغراس
المتعلق بانتاج ومراقبة وتعبئة واعتماد بذور الذرة الصفراء؛
بالنسبة للبطاطس؛
وعلى قرار وزير الافلحة واالاصلح الزراعي رقم 862.75 الصادر في
 8شوال 1397 (22 سبتمبر 1977) بالمصادقة على النظام التقني المتعلق
بانتاج ومراقبة وتعبئة واعتماد بذور القطاني الغذائية) الفول الصغير
•شهريا بمشترياتها ومبيعاتها من البذور بالنسبة اللنواع االخرى
المنصوص عليها في المادة االولى ااعله.
والجلبان والعدس والحمص و اللوبيا (؛
المادة الرابعة
وعلى قرار وزير الافلحة واالاصلح الزراعي رقم 971.75 الصادر في
 8شوال 1397 (22 سبتمبر 1977) بالمصادقة على النظام التقني
يمكن سحب االعتماد موضوع هذا القرار في حالة ثبوت مخالفة
ملقتضيات الظهير الشريف رقم 1.69.169 المشار اليه ااعله او النصوص
المتعلق بمراقبة البذور النموذجية للخضر؛
المتخذة لتطبيقه .
وعلى قرار وزير الافلحة والصيد البحري رقم 622.11 الصادر في
 10ربيع االخر 1432 (15 مارس 2011) بالموافقة على النظام التقني
المادة الخامسة
المتعلق بانتاج اغراس البطاطس ومراقبتها وتوضيبها واعتمادها؛
ينشر هذا القرار في الجريدة الرسمية.
وعلى قرار وزير الافلحة واالاصلح الزراعي رقم 966.93 الصادر
في 28 من شوال 1413 (20 ابريل 1993) بتحديد شروط استيراد
وحرر بالرباط في 26 من رمضان 1447 (16 مارس 2026)
وتسويق البذور، كما وقع تغييره وتتميمه،
االمضاء : احمد البواري.
قرار لوزير الافلحة والصيد البحري والتنمية القروية والمياه والغابات
رقم 584.26 صادر في 26 من رمضان 1447 (16 مارس 2026)
باعتماد شركة »MLK ROSE« لتسويق االغراس المعتمدة
لورد العطر.
وزير الافلحة والصيد البحري والتنمية القروية والمياه والغابات،
بناء على الظهير الشريف رقم 1.69.169 الصادر في 10 جمادى
االولى 1389 (25 يوليو 1969) المتعلق بتنظيم انتاج وتسويق البذور
واالغراس، كما وقع تغييره، اول سيما الفصول االول و 2و 5منه؛
وعلى القانون رقم 25.08 القاعضي باحداث المكتب الوطني للاسلمة
الصحية للمنتجات الغذائية، الصادر بتنفيذه الظهير الشريف
رقم 1.09.20 بتاريخ 22 من صفر 1430 (18 فبراير 2009)، اول سيما",Pénal,"Pénal=1, Commercial=1, Fiscal=0",Pénal,False
167,BO_7505_Ar,2,ar,"منه؛
وعلى قرار وزير الافلحة والصيد البحري رقم 1679.15 الصادر
في 6 شعبان 1436 (25 ماي 2015) بالمصادقة على النظام التقني
المتعلق بانتاج اغراس ورد العطر ومراقبتها وتوضيبها واعتمادها،
قرر ما يلي :
المادة االولى
تعتمد شركة»MLK ROSE«، الكائن مقرها االجتماعي بتنسغارت،
سوق لخميس، دادس، تينغير، لتسويق االغراس المعتمدة لورد",Commercial,"Commercial=1, Fiscal=0, Social=0",Commercial,False
169,BO_7505_Ar,الثانية,ar,"تحدد مدة اصلحية هذا االعتماد في خمس (5) سنوات ابتداء من
تاريخ نشر هذا القرار بالجريدة الرسمية.
ويمكن تجديد هذا االعتماد لنفس المدة شريطة ان يقدم طلب
التجديد ستة (6) اشهر، على االقل، قبل انتهاء مدة اصلحيته.
المادة الثالثة
يجب على شركة »MLK ROSE« ان تقدم التصريح المنصوص
عليه في",Commercial,"Commercial=1, Fiscal=0, Social=0",Commercial,False
170,BO_7505_Ar,2,ar,"من القرار المشار اليه ااعله رقم1679.15، للمكتب
الوطني للاسلمة الصحية للمنتجات الغذائية في شهري ابريل وسبتمبر
من كل سنة بانتاجها ومبيعاتها ومخزوناتها من االغراس المذكورة في
واعتمادها؛
المادة االولى ااعله.
المادة الرابعة
يمكن سحب االعتماد موضوع هذا القرار في حالة ثبوت
مخالفة ملقتضيات الظهير الشريف رقم 1.69.169 المشار اليه ااعله
او النصوص المتخذة لتطبيقه.
الجريدة الرسميةعدد16 - 7505 دعقلا ذ)) 16 16 يام))4
المادة الخامسة
ينشر هذا القرار في الجريدة الرسمية.
وحرر بالرباط في 26 من رمضان 1447 (16 مارس 2026)
االمضاء : احمد البواري.
قرار لوزير الافلحة والصيد البحري والتنمية القروية والمياه والغابات
)رقم 585.26  صادر في 26 من رمضان 1447 (16 مارس 2026)
باعتماد شركة »HORTIVA« لتسويق االغراس المعتمدة للزيتون
والكروم والتين والتين الشوكي والرمان واالركان والتفاحيات
والبذور  واالغراس المعتمدة للورديات ذات النواة وللحوامض.
وزير الافلحة والصيد البحري والتنمية القروية والمياه والغابات،
بناء على الظهير الشريف رقم 1.69.169 الصادر في 10 جمادى
االولى 1389 (25 يوليو 1969) المتعلق بتنظيم انتاج وتسويق البذور
واالغراس، كما وقع تغييره، اول سيما الفصول االول و 2و 5منه؛
وعلى القانون رقم 25.08 القاعضي باحداث المكتب الوطني للاسلمة
الصحية للمنتجات الغذائية، الصادر بتنفيذه الظهير الشريف
رقم 1.09.20 بتاريخ 22 من صفر 1430 (18 فبراير 2009)، اول سيما
وعلى قرار وزير الافلحة والتنمية القروية رقم 2098.03 الصادر في
 8شوال 1424 (3 ديسمبر 2003) بالموافقة على النظام التقني المتعلق
بانتاج بذور واغراس الحوامض ومراقبتها وتوضيبها واعتمادها؛
وعلى قرار وزير الافلحة والتنمية القروية رقم 2100.03 الصادر
في 8 شوال 1424 (3 ديسمبر 2003) بالموافقة على النظام التقني
المتعلق بانتاج اغراس الكروم ومراقبتها واعتمادها؛
وعلى قرار وزير الافلحة والتنمية القروية والصيد البحري
رقم 2110.05 الصادر في 21 من رمضان 1426 (25 اكتوبر 2005)
بالمصادقة على النظام التقني المتعلق بانتاج اغراس الزيتون ومراقبتها
وعلى قرار وزير الافلحة والصيد البحري رقم 2157.11 الصادر في
 16من شعبان 1432 (18 يوليو 2011) بالموافقة على النظام التقني المتعلق
بانتاج اغراس التفاحيات ومراقبتها وتوضيبها واعتمادها؛
وعلى قرار وزير الافلحة والصيد البحري رقم 3548.13 الصادر
في 27 من صفر 1435 (31 ديسمبر 2013) بالمصادقة على النظام
التقني المتعلق بانتاج اغراس التين ومراقبتها وتوضيبها واعتمادها؛
الجريدة الرسمية2509
عدد16 - 7505 دعقلا ذ)) 16 16 يام ))4
•في شهري يناير ويوليو من كل سنة بمشترياتها ومبيعاتها ومخزونها
وعلى قرار وزير الافلحة والصيد البحري رقم 784.16 الصادر في
 29من ذي القعدة 1437 (2 سبتمبر 2016) بالمصادقة على النظام التقني
من البذور واالغراس بالنسبة للحوامض؛
 •سنويا بوضعية مخزونها من االغراس بالنسبة للتين الشوكي؛
 •في شهري نوفمبر وماي من كل سنة بوضعية مخزونها من االغراس
المتعلق بانتاج اغراس الرمان ومراقبتها وتوضيبها واعتمادها؛
وعلى قرار وزير الافلحة والصيد البحري والتنمية القروية والمياه
والغابات رقم 986.19 الصادر في 21 من رجب 1440 (28 مارس 2019)
بالمصادقة على النظام التقني المتعلق بانتاج اغراس التين الشوكي
بالنسبة للرمان؛
 •على االقل مرة واحدة في السنة، قبل 31 ديسمبر، بوضعية
ومراقبتها وتوضيبها واعتمادها؛
مخزونها من البذور واالغراس المعتمدة للورديات ذات النواة؛
وعلى قرار وزير الافلحة والصيد البحري والتنمية القروية والمياه
والغابات رقم 1437.22 الصادر في 25 من شوال 1443 (26 ماي 2022)
بالمصادقة على النظام التقني المتعلق بانتاج بذور واغراس الورديات
•على االقل مرة واحدة في السنة، قبل 31 ديسمبر، بوضعية
مخزونها من االغراس المعتمدة اللركان.
ذات النواة ومراقبتها وتوضيبها واعتمادها؛
المادة الرابعة
وعلى قرار وزير الافلحة والصيد البحري والتنمية القروية والمياه
والغابات رقم 2140.22 الصادر في 4 محرم 1444 (2 اغسطس 2022)
بالمصادقة على النظام التقني المتعلق بانتاج اغراس االركان ومراقبتها
يمكن سحب االعتماد موضوع هذا القرار في حالة ثبوت مخالفة
ملقتضيات الظهير الشريف رقم 1.69.169 المشار اليه ااعله او النصوص
المتخذة لتطبيقه .
وتوضيبها واعتمادها،
المادة الخامسة
قرر ما يلي:
المادة االولى
ينشر هذا القرار في الجريدة الرسمية.
تعتمد شركة»HORTIVA«، الكائن مقرها االجتماعي بعمارة43،
شقة26، زنقة اغلمان سيدي علي، اكدال الرباط، لتسويق االغراس
المعتمدة للزيتون والكروم والتين والتين الشوكي والرمان واالركان
والتفاحيات والبذور واالغراس المعتمدة للورديات ذات النواة
وحرر بالرباط في 26 من رمضان 1447 (16 مارس 2026)
االمضاء : احمد البواري.
وللحوامض.
قرار لوزير الافلحة والصيد البحري والتنمية القروية والمياه والغابات
رقم 586.26 صادر في 26 من رمضان 1447 (16 مارس 2026)
باعتماد شركة »ITALPHYTO« لتسويق االغراس المعتمدة
للزيتون والكروم والتفاحيات والبذور واالغراس المعتمدة",Commercial,"Commercial=3, Pénal=2, Fiscal=0",Commercial,False
171,BO_7505_Ar,الثانية,ar,"تحدد مدة اصلحية هذا االعتماد في خمس (5) سنوات ابتداء من
تاريخ نشر هذا القرار بالجريدة الرسمية.
للورديات ذات النواة .
ويمكن تجديد هذا االعتماد لنفس المدة شريطة ان يقدم طلب
التجديد ستة (6) اشهر، على االقل، قبل انتهاء مدة اصلحيته.
وزير الافلحة والصيد البحري والتنمية القروية والمياه والغابات،
بناء على الظهير الشريف رقم 1.69.169 الصادر في 10 جمادى
االولى 1389 (25 يوليو 1969) المتعلق بتنظيم انتاج وتسويق البذور
المادة الثالثة
يجب على شركة »HORTIVA« ان تقدم التصريح المنصوص عليه
في",Commercial,"Commercial=1, Fiscal=0, Social=0",Commercial,False
172,BO_7505_Ar,2,ar,"من القرارات المشار اليها ااعله ذوات االرقام 2098.03
و 2100.03و 2110.05و 2157.11و 3548.13و 748.16و 986.19
و 1437.22و2140.22، للمكتب الوطني للاسلمة الصحية للمنتجات
واالغراس، كما وقع تغييره، اول سيما الفصول االول و 2و 5منه؛
وعلى القانون رقم 25.08 القاعضي باحداث المكتب الوطني للاسلمة
الصحية للمنتجات الغذائية، الصادر بتنفيذه الظهير الشريف
رقم 1.09.20 بتاريخ 22 من صفر 1430 (18 فبراير 2009)، اول سيما
الغذائية على النحو التالي:
 •في شهري ابريل وسبتمبر من كل سنة:
 -بمشترياتها ومبيعاتها من االغراس بالنسبة للزيتون؛
 -بمشترياتها ومبيعاتها ومخزونها من االغراس بالنسبة للكروم",Indéterminé,"Fiscal=0, Social=0, Administratif=0",Indéterminé,False
173,BO_7505_Ar,2,ar,"منه؛
وعلى قرار وزير الافلحة والتنمية القروية رقم 2100.03 الصادر في
 8شوال 1424 (3 ديسمبر 2003) بالموافقة على النظام التقني المتعلق
والتفاحيات؛
 -بانتاجها ومبيعاتها ومخزونها من االغراس بالنسبة للتين؛
بانتاج اغراس الكروم ومراقبتها واعتمادها؛
وعلى قرار وزير الافلحة والتنمية القروية والصيد البحري
رقم 2110.05 الصادر في 21 من رمضان 1426 (25 اكتوبر 2005)
بالمصادقة على النظام التقني المتعلق بانتاج اغراس الزيتون ومراقبتها
واعتمادها؛
المتخذة لتطبيقه.
وعلى قرار وزير الافلحة والصيد البحري رقم 2157.11 الصادر في
 16من شعبان 1432 (18 يوليو 2011) بالموافقة على النظام التقني المتعلق
بانتاج اغراس التفاحيات ومراقبتها وتوضيبها واعتمادها؛
وعلى قرار وزير الافلحة والصيد البحري والتنمية القروية والمياه
والغابات رقم 1437.22 الصادر في 25 من شوال 1443 (26 ماي 2022)
بالمصادقة على النظام التقني المتعلق بانتاج بذور واغراس الورديات
ذات النواة ومراقبتها وتوضيبها واعتمادها؛
وعلى قرار وزير الافلحة واالاصلح الزراعي رقم 966.93 الصادر في
 28من شوال 1413 (20 ابريل 1993) بتحديد شروط استيراد وتسويق
البذور، كما وقع تغييره وتتميمه،
قرر ما يلي :
المادة االولى
وللحوامض.
تعتمد شركة»ITALPHYTO«، الكائن مقرها االجتماعي بدوار بوستة،
امزري، لوداية، مراكش، لتسويق االغراس المعتمدة للزيتون والكروم
والتفاحيات والبذور واالغراس المعتمدة للورديات ذات النواة.",Commercial,"Commercial=1, Fiscal=0, Social=0",Commercial,False
174,BO_7505_Ar,الثانية,ar,"تحدد مدة اصلحية هذا االعتماد في خمس (5) سنوات ابتداء من
تاريخ نشر هذا القرار بالجريدة الرسمية.
ويمكن تجديد هذا االعتماد لنفس المدة شريطة ان يقدم طلب
التجديد ستة (6) اشهر، على االقل، قبل انتهاء مدة اصلحيته.",Indéterminé,"Fiscal=0, Social=0, Administratif=0",Indéterminé,False
175,BO_7505_Ar,2,ar,"منه؛
المادة الثالثة
يجب على شركة »ITALPHYTO« ان تقدم التصريح المنصوص
عليه في",Commercial,"Commercial=1, Fiscal=0, Social=0",Commercial,False
176,BO_7505_Ar,2,ar,"من القرارات المشار اليها ااعله ذوات االرقام 2100.03
و 2110.05و 2157.11و1437.22، للمكتب الوطني للاسلمة الصحية
واعتمادها؛
للمنتجات الغذائية على النحو التالي:
•في شهري ابريل وسبتمبر من كل سنة:
-بمشترياتها ومبيعاتها من االغراس بالنسبة للزيتون؛
-بمشترياتها ومبيعاتها ومخزونها من االغراس بالنسبة للكروم
والتفاحيات؛
•على االقل مرة واحدة في السنة، قبل 31 ديسمبر، بوضعية
مخزونها من البذور واالغراس المعتمدة للورديات ذات النواة.
واعتمادها؛
الجريدة الرسميةعدد16 - 7505 دعقلا ذ)) 16 16 يام))4
المادة الرابعة
يمكن سحب االعتماد موضوع هذا القرار في حالة ثبوت مخالفة
ملقتضيات الظهير الشريف رقم 1.69.169 المشار اليه ااعله او النصوص
المادة الخامسة
ينشر هذا القرار في الجريدة الرسمية.
وحرر بالرباط في 26 من رمضان 1447 (16 مارس 2026)
االمضاء : احمد البواري.
قرار لوزير الافلحة والصيد البحري والتنمية القروية والمياه والغابات
رقم 587.26 صادر في 26 من رمضان 1447 (16 مارس 2026)
باعتماد شركة »SUDESPACE VERT« لتسويق االغراس
املعتمدة للزيتون والكروم والتين والتين الشوكي واالركان
والتفاحيات والبذور واالغراس المعتمدة للورديات ذات النواة
وزير الافلحة والصيد البحري والتنمية القروية والمياه والغابات،
بناء على الظهير الشريف رقم 1.69.169 الصادر في 10 جمادى
االولى 1389 (25 يوليو 1969) المتعلق بتنظيم انتاج وتسويق البذور
واالغراس، كما وقع تغييره، اول سيما الفصول االول و 2و 5منه؛
وعلى القانون رقم 25.08 القاعضي باحداث المكتب الوطني للاسلمة
الصحية للمنتجات الغذائية، الصادر بتنفيذه الظهير الشريف
رقم 1.09.20 بتاريخ 22 من صفر 1430 (18 فبراير 2009)، اول سيما
وعلى قرار وزير الافلحة والتنمية القروية رقم 2098.03
الصادر في 8 شوال 1424 (3 ديسمبر 2003) بالموافقة على النظام
التقني المتعلق بانتاج بذور واغراس الحوامض ومراقبتها وتوضيبها
وعلى قرار وزير الافلحة والتنمية القروية رقم 2100.03 الصادر في
 8شوال 1424 (3 ديسمبر 2003) بالموافقة على النظام التقني المتعلق
بانتاج اغراس الكروم ومراقبتها واعتمادها؛
وعلى قرار وزير الافلحة والتنمية القروية والصيد البحري
رقم 2110.05 الصادر في 21 من رمضان 1426 (25 اكتوبر 2005)
بالمصادقة على النظام التقني المتعلق بانتاج اغراس الزيتون ومراقبتها
الجريدة الرسمية2511
عدد16 - 7505 دعقلا ذ)) 16 16 يام ))4
•في شهري ابريل وسبتمبر من كل سنة:
وعلى قرار وزير الافلحة والصيد البحري رقم 2157.11 الصادر في
 16من شعبان 1432 (18 يوليو 2011) بالموافقة على النظام التقني المتعلق
-بمشترياتها ومبيعاتها من االغراس بالنسبة للزيتون؛
بانتاج اغراس التفاحيات ومراقبتها وتوضيبها واعتمادها؛
-بمشترياتها ومبيعاتها ومخزونها من االغراس بالنسبة للكروم
وعلى قرار وزير الافلحة والصيد البحري رقم 3548.13 الصادر في
 27من صفر 1435 (31 ديسمبر 2013) بالمصادقة على النظام التقني
والتفاحيات؛
-بانتاجها ومبيعاتها ومخزونها من االغراس بالنسبة للتين؛
المتعلق بانتاج اغراس التين ومراقبتها وتوضيبها واعتمادها؛
•في شهري يناير ويوليو من كل سنة بمشترياتها ومبيعاتها ومخزونها
وعلى قرار وزير الافلحة والصيد البحري والتنمية القروية والمياه
والغابات رقم 986.19 الصادر في 21 من رجب 1440 (28 مارس 2019)
بالمصادقة على النظام التقني المتعلق بانتاج اغراس التين الشوكي
من البذور واالغراس بالنسبة للحوامض؛
•سنويا بوضعية مخزونها من االغراس بالنسبة للتين الشوكي؛
ومراقبتها وتوضيبها واعتمادها؛
•على االقل مرة واحدة في السنة، قبل 31 ديسمبر، بوضعية مخزونها
من البذور واالغراس المعتمدة للورديات ذات النواة؛
وعلى قرار وزير الافلحة والصيد البحري والتنمية القروية والمياه
والغابات رقم 1437.22 الصادر في 25 من شوال 1443 (26 ماي 2022)
بالمصادقة على النظام التقني المتعلق بانتاج بذور واغراس الورديات
•على االقل مرة واحدة في السنة، قبل 31 ديسمبر، بوضعية مخزونها
من االغراس المعتمدة اللركان.
ذات النواة ومراقبتها وتوضيبها واعتمادها؛
المادة الرابعة
وعلى قرار وزير الافلحة والصيد البحري والتنمية القروية والمياه
والغابات رقم 2140.22 الصادر في 4 محرم 1444 (2 اغسطس 2022)
بالمصادقة على النظام التقني المتعلق بانتاج اغراس االركان ومراقبتها
يمكن سحب االعتماد موضوع هذا القرار في حالة ثبوت مخالفة
ملقتضيات الظهير الشريف رقم 1.69.169 المشار اليه ااعله او النصوص
المتخذة لتطبيقه .
وتوضيبها واعتمادها،
المادة الخامسة
قرر ما يلي:
المادة االولى
ينشر هذا القرار في الجريدة الرسمية.
وحرر بالرباط في 26 من رمضان 1447 (16 مارس 2026)
تعتمد شركة»SUDESPACE VERT«، الكائن  مقرها االجتماعي
برقم17، عمارة المهدي، شارع ماولي عبد للها، مراكش، لتسويق
االغراس المعتمدة للزيتون والكروم والتين والتين الشوكي واالركان
والتفاحيات والبذور واالغراس المعتمدة للورديات ذات النواة
االمضاء : احمد البواري.
قرار لوزير الافلحة والصيد البحري والتنمية القروية والمياه والغابات
)رقم 588.26 صادر في 26 من رمضان 1447 (16 مارس 2026)
باعتماد شركة »AGRO SLIMANI« لتسويق البذور المعتمدة
للذرة والقطاني الغذائية والقطاني العلفية والبذور النموذجية
وللحوامض.",Commercial,"Commercial=3, Pénal=2, Fiscal=0",Commercial,False
177,BO_7505_Ar,الثانية,ar,"تحدد مدة اصلحية هذا االعتماد في خمس (5) سنوات ابتداء من
للخضر  واالغراس المعتمدة للبطاطس.
تاريخ نشر هذا القرار بالجريدة الرسمية.
ويمكن تجديد هذا االعتماد لنفس المدة شريطة ان يقدم طلب
وزير الافلحة والصيد البحري والتنمية القروية والمياه والغابات،
بناء على الظهير الشريف رقم 1.69.169 الصادر في 10 جمادى
االولى 1389 (25 يوليو 1969) المتعلق بتنظيم انتاج وتسويق البذور
التجديد ستة (6) اشهر، على االقل، قبل انتهاء مدة اصلحيته.
المادة الثالثة
واالغراس، كما وقع تغييره، اول سيما الفصول االول و 2و 5منه؛
يجب على شركة  »SUDESPACE VERT« ان تقدم التصريح
المنصوص عليه في",Commercial,"Commercial=1, Fiscal=0, Social=0",Commercial,False
178,BO_7505_Ar,2,ar,"من القرارات المشار اليها ااعله ذوات
االرقام 2098.03 و 2100.03و 2110.05و 2157.11و 3548.13
و 986.19و 1437.22و2140.22، للمكتب الوطني للاسلمة الصحية
وعلى القانون رقم 25.08 القاعضي باحداث المكتب الوطني للاسلمة
الصحية للمنتجات الغذائية، الصادر بتنفيذه الظهير الشريف
رقم 1.09.20 بتاريخ 22 من صفر 1430 (18 فبراير 2009)، اول سيما
للمنتجات الغذائية على النحو التالي:",Indéterminé,"Fiscal=0, Social=0, Administratif=0",Indéterminé,False
179,BO_7505_Ar,2,ar,"منه؛
الجريدة الرسميةعدد16 - 7505 دعقلا ذ)) 16 16 يام))4
•كل ستة اشهر بمشترياتها ومبيعاتها ومخزونها من االغراس بالنسبة
وعلى قرار وزير الافلحة واالاصلح الزراعي رقم 857.75 الصادر في
 8شوال 1397 (22 سبتمبر 1977) بالمصادقة على النظام التقني المتعلق
بانتاج ومراقبة وتعبئة واعتماد بذور القطاني العلفية) الفصة والبرسيم
للبطاطس؛
•شهريا بمشترياتها ومبيعاتها من البذور بالنسبة اللنواع االخرى
والنفل الفار؟سي والجلبان العلفي وبوزغيبة والسمقالة (؛
المنصوص عليها في المادة االولى ااعله.
وعلى قرار وزير الافلحة واالاصلح الزراعي رقم 859.75 الصادر في
 8شوال 1397 (22 سبتمبر 1977) بالمصادقة على النظام التقني
المادة الرابعة
يمكن سحب االعتماد موضوع هذا القرار في حالة ثبوت مخالفة
المتعلق بانتاج ومراقبة وتعبئة واعتماد بذور الذرة الصفراء؛
ملقتضيات الظهير الشريف رقم 1.69.169 المشار اليه ااعله او النصوص
وعلى قرار وزير الافلحة واالاصلح الزراعي رقم 862.75 الصادر في
 8شوال 1397 (22 سبتمبر 1977) بالمصادقة على النظام التقني المتعلق
بانتاج ومراقبة وتعبئة واعتماد بذور القطاني الغذائية) الفول الصغير
المتخذة لتطبيقه .
المادة الخامسة
ينشر هذا القرار في الجريدة الرسمية.
والجلبان والعدس والحمص واللوبيا (؛
وحرر بالرباط في 26 من رمضان 1447 (16 مارس 2026)
وعلى قرار وزير الافلحة واالاصلح الزراعي رقم 971.75 الصادر في
 8شوال 1397 (22 سبتمبر 1977) بالمصادقة على النظام التقني
االمضاء : احمد البواري.
المتعلق بمراقبة البذور النموذجية للخضر؛
وعلى قرار وزير الافلحة والصيد البحري رقم 622.11 الصادر في
 10ربيع االخر 1432 (15 مارس 2011) بالموافقة على النظام التقني
قرار لوزير التعليم العالي والبحث العلمي واالبتكار رقم 657.26 صادر
في 11 من شوال 1447 (30 مارس 2026) بتحديد بعض
المتعلق بانتاج اغراس البطاطس ومراقبتها وتوضيبها واعتمادها؛
المعاادلت بين الشهادات.
وعلى قرار وزير الافلحة واالاصلح الزراعي رقم 966.93 الصادر
في 28 من شوال 1413 (20 ابريل 1993) بتحديد شروط استيراد
وزير التعليم العالي والبحث العلمي واالبتكار،
بناء على المرسوم رقم 2.01.333 الصادر في 28 من ربيع االول 1422
 (21 يونيو 2001) المتعلق بتحديد الشروط والمسطرة الخاصة بمنح
وتسويق البذور، كما وقع تغييره وتتميمه،
قرر ما يلي:
المادة االولى
معادلة شهادات التعليم العالي؛
وعلى المرسوم رقم 2.04.89 الصادر في 18 من ربيع االخر 1425
 (7 يونيو 2004) بتحديد اختصاص المؤسسات الجامعية وااسلك
الدراسات العليا وكذا الشهادات الوطنية المطابقة، كما وقع تغييره
تعتمد شركة»AGRO SLIMANI«، الكائن مقرها االجتماعي بالمنطقة
الصناعية، طريق الكارة، مركز مديونة، الدار البيضاء، لتسويق
البذور المعتمدة للذرة والقطاني الغذائية والقطاني العلفية والبذور
وتتميمه؛
النموذجية للخضر واالغراس المعتمدة للبطاطس.
وعلى المرسوم رقم 2.24.991 الصادر في 24 من ربيع االخر 1446
 (28 اكتوبر 2024) المتعلق باختصاصات وزير التعليم العالي والبحث",Pénal,"Pénal=1, Commercial=1, Fiscal=0",Pénal,False
180,BO_7505_Ar,الثانية,ar,"تحدد مدة اصلحية هذا االعتماد في خمس (5) سنوات ابتداء من
العلمي واالبتكار؛
تاريخ نشر هذا القرار بالجريدة الرسمية.
وبعد استشارة اللجنة القطاعية اللداب والعلوم االنسانية
ويمكن تجديد هذا االعتماد لنفس المدة شريطة ان يقدم طلب
المنعقدة بتاريخ 6 فبراير2026،
التجديد ستة (6) اشهر، على االقل، قبل انتهاء مدة اصلحيته.
قرر ما يلي:
المادة االولى
المادة الثالثة
يجب على شركة »AGRO SLIMANI« ان تقدم التصريح المنصوص
عليه في",Commercial,"Commercial=1, Fiscal=0, Social=0",Commercial,False
181,BO_7505_Ar,2,ar,"من القرارات المشار اليها ااعله ذوات االرقام 857.75
و 859.75و 862.75و 971.75و622.11، للمكتب الوطني للاسلمة
تقبلم لعادلة االجازة، الشهادة التالية في الدراسات االاسلمية:
-درجة) البكالوريوس(، المسلمة من الجامعة االاسلمية بالمدينة
المنورة، المملكة العربية السعودية.
الصحية للمنتجات الغذائية على النحو التالي:
الجريدة الرسمية2513
عدد16 - 7505 دعقلا ذ)) 16 16 يام ))4
قرار لوزير التعليم العالي والبحث العلمي واالبتكار رقم 659.26 صادر
في 11 من شوال 1447 (30 مارس 2026) بتحديد بعض",Indéterminé,"Fiscal=0, Social=0, Administratif=0",Indéterminé,False
182,BO_7505_Ar,الثانية,ar,"ينشر هذا القرار بالجريدة الرسمية.
المعاادلت بين الشهادات.
وحرر بالرباط في 11 من شوال 1447 (30 مارس 2026)
وزير التعليم العالي والبحث العلمي واالبتكار،
بناء على المرسوم رقم 2.01.333 الصادر في 28 من ربيع االول 1422
 (21 يونيو 2001) المتعلق بتحديد الشروط والمسطرة الخاصة بمنح
االمضاء : عز الدين المداوي.
قرار لوزير التعليم العالي والبحث العلمي واالبتكار رقم 658.26 صادر
في 11 من شوال 1447 (30 مارس 2026) بتحديد بعض
معادلة شهادات التعليم العالي؛
وعلى المرسوم رقم 2.04.89 الصادر في 18 من ربيع االخر 1425
 (7 يونيو 2004) بتحديد اختصاص المؤسسات الجامعية وااسلك
الدراسات العليا وكذا الشهادات الوطنية المطابقة، كما وقع تغييره
المعاادلت بين الشهادات.
وزير التعليم العالي والبحث العلمي واالبتكار،
وتتميمه؛
بناء على المرسوم رقم 2.01.333 الصادر في 28 من ربيع االول 1422
 (21 يونيو 2001) المتعلق بتحديد الشروط والمسطرة الخاصة بمنح
وعلى المرسوم رقم 2.24.991 الصادر في 24 من ربيع االخر 1446
 (28 اكتوبر 2024) المتعلق باختصاصات وزير التعليم العالي والبحث
معادلة شهادات التعليم العالي؛
العلمي واالبتكار؛
وعلى المرسوم رقم 2.04.89 الصادر في 18 من ربيع االخر 1425
 (7 يونيو 2004) بتحديد اختصاص المؤسسات الجامعية وااسلك
الدراسات العليا وكذا الشهادات الوطنية المطابقة، كما وقع تغييره
وبعد استشارة اللجنة القطاعية اللداب والعلوم االنسانية
المنعقدة بتاريخ 6 فبراير2026،
قرر ما يلي:
المادة االولى
وتتميمه؛
تقبل ملعادلة الدكتوراه، الشهادة التالية في االنجليزية وعلوم
وعلى المرسوم رقم 2.24.991 الصادر في 24 من ربيع االخر 1446
 (28 اكتوبر 2024) المتعلق باختصاصات وزير التعليم العالي والبحث
التربية:
العلمي واالبتكار؛
– Title of doctor (PHD), educational sciences, délivré par
University of Szeged - Hongrie.
وبعد استشارة اللجنة القطاعية اللداب والعلوم االنسانية",Indéterminé,"Fiscal=0, Social=0, Administratif=0",Indéterminé,False
183,BO_7505_Ar,الثانية,ar,"المنعقدة بتاريخ 6 فبراير2026،
قرر ما يلي:
ينشر هذا القرار بالجريدة الرسمية.
المادة االولى
وحرر بالرباط في 11 من شوال 1447 (30 مارس 2026)
تقبلم لعادلة الماستر،  الشهادة التالية  في التوجيه التربوي:
االمضاء : عز الدين المداوي.
– Degree of master of science in counselor education, délivré
قرار لوزير التعليم العالي والبحث العلمي واالبتكار رقم 660.26 صادر
في 11 من شوال 1447 (30 مارس 2026) بتحديد بعض
par Western Connecticut State University - Etats-Unis
d’Amérique.
المعاادلت بين الشهادات.",Indéterminé,"Fiscal=0, Social=0, Administratif=0",Indéterminé,False
184,BO_7505_Ar,الثانية,ar,"وزير التعليم العالي والبحث العلمي واالبتكار،
بناء على المرسوم رقم 2.01.333 الصادر في 28 من ربيع االول 1422
 (21 يونيو 2001) المتعلق بتحديد الشروط والمسطرة الخاصة بمنح
ينشر هذا القرار بالجريدة الرسمية.
وحرر بالرباط في 11 من شوال 1447 (30 مارس 2026)
معادلة شهادات التعليم العالي؛
االمضاء : عز الدين المداوي.
الجريدة الرسميةعدد16 - 7505 دعقلا ذ)) 16 16 يام))4
قرر ما يلي:
المادة االولى
وعلى المرسوم رقم 2.04.89 الصادر في 18 من ربيع االخر 1425
 (7 يونيو 2004) بتحديد اختصاص المؤسسات الجامعية وااسلك
الدراسات العليا وكذا الشهادات الوطنية المطابقة، كما وقع تغييره
تقبلم لعادلة الماستر،  الشهادة التالية  في: Education
وتتميمه؛
– Magistrum  artium, délivré par Universitatis MCGILL -
وعلى المرسوم رقم 2.24.991 الصادر في 24 من ربيع االخر 1446
 (28 اكتوبر 2024) المتعلق باختصاصات وزير التعليم العالي والبحث
Canada.",Indéterminé,"Fiscal=0, Social=0, Administratif=0",Indéterminé,False
185,BO_7505_Ar,الثانية,ar,"العلمي واالبتكار؛
ينشر هذا القرار بالجريدة الرسمية.
وبعد استشارة اللجنة القطاعية اللداب والعلوم االنسانية
وحرر بالرباط في 11 من شوال 1447 (30 مارس 2026)
المنعقدة بتاريخ 6 فبراير2026،
قرر ما يلي:
المادة االولى
االمضاء : عز الدين المداوي.
قرار لوزير التعليم العالي والبحث العلمي واالبتكار رقم 662.26 صادر
في 11 من شوال 1447 (30 مارس 2026) بتحديد بعض
تقبلم لعادلة الماستر،  الشهادة التالية  في الدراسات االوروبية:
– Degree of master of arts in european interdisciplinary
المعاادلت بين الشهادات.
studies, délivré par College of Europe - Pologne.
وزير التعليم العالي والبحث العلمي واالبتكار،
بناء على المرسوم رقم 2.01.333 الصادر في 28 من ربيع االول 1422
 (21 يونيو 2001) المتعلق بتحديد الشروط والمسطرة الخاصة بمنح",Indéterminé,"Fiscal=0, Social=0, Administratif=0",Indéterminé,False
186,BO_7505_Ar,الثانية,ar,"ينشر هذا القرار بالجريدة الرسمية.
وحرر بالرباط في 11 من شوال 1447 (30 مارس 2026)
معادلة شهادات التعليم العالي؛
وعلى المرسوم رقم 2.04.89 الصادر في 18 من ربيع االخر 1425
 (7 يونيو 2004) بتحديد اختصاص المؤسسات الجامعية وااسلك
الدراسات العليا وكذا الشهادات الوطنية المطابقة، كما وقع تغييره
االمضاء : عز الدين المداوي.
قرار لوزير التعليم العالي والبحث العلمي واالبتكار رقم 661.26 صادر
في 11 من شوال 1447 (30 مارس 2026) بتحديد بعض
وتتميمه؛
المعاادلت بين الشهادات.
وعلى المرسوم رقم 2.24.991 الصادر في 24 من ربيع االخر 1446
 (28 اكتوبر 2024) المتعلق باختصاصات وزير التعليم العالي والبحث
العلمي واالبتكار؛
وزير التعليم العالي والبحث العلمي واالبتكار،
بناء على المرسوم رقم 2.01.333 الصادر في 28 من ربيع االول 1422
 (21 يونيو 2001) المتعلق بتحديد الشروط والمسطرة الخاصة بمنح
وبعد استشارة اللجنة القطاعية اللداب والعلوم االنسانية
المنعقدة بتاريخ 6 فبراير2026،
معادلة شهادات التعليم العالي؛
قرر ما يلي:
المادة االولى
وعلى المرسوم رقم 2.04.89 الصادر في 18 من ربيع االخر 1425
 (7 يونيو 2004) بتحديد اختصاص المؤسسات الجامعية وااسلك
الدراسات العليا وكذا الشهادات الوطنية المطابقة، كما وقع تغييره
تقبلم لعادلة الماستر،  الشهادة التالية  في: Diplomatie appliquée
– Degree of master of arts applied diplomacy, délivré par
وتتميمه؛
Depaul University - Etats-Unis d’Amérique.
وعلى المرسوم رقم 2.24.991 الصادر في 24 من ربيع االخر 1446
 (28 اكتوبر 2024) المتعلق باختصاصات وزير التعليم العالي والبحث",Indéterminé,"Fiscal=0, Social=0, Administratif=0",Indéterminé,False
187,BO_7505_Ar,الثانية,ar,"ينشر هذا القرار بالجريدة الرسمية.
العلمي واالبتكار؛
وحرر بالرباط في 11 من شوال 1447 (30 مارس 2026)
وبعد استشارة اللجنة القطاعية اللداب والعلوم االنسانية
المنعقدة بتاريخ 6 فبراير2026،
االمضاء : عز الدين المداوي.
الجريدة الرسمية2515
عدد16 - 7505 دعقلا ذ)) 16 16 يام ))4
قرار لوزير التعليم العالي والبحث العلمي واالبتكار رقم 663.26 صادر
في 11 من شوال 1447 (30 مارس 2026) بتحديد بعض
وعلى المرسوم رقم 2.04.89 الصادر في 18 من ربيع االخر 1425
 (7 يونيو 2004) بتحديد اختصاص المؤسسات الجامعية وااسلك
الدراسات العليا وكذا الشهادات الوطنية المطابقة، كما وقع تغييره
المعاادلت بين الشهادات.
وتتميمه؛
وزير التعليم العالي والبحث العلمي واالبتكار،
وعلى المرسوم رقم 2.24.991 الصادر في 24 من ربيع االخر 1446
 (28 اكتوبر 2024) المتعلق باختصاصات وزير التعليم العالي والبحث
بناء على المرسوم رقم 2.01.333 الصادر في 28 من ربيع االول 1422
 (21 يونيو 2001) المتعلق بتحديد الشروط والمسطرة الخاصة بمنح
العلمي واالبتكار؛
معادلة شهادات التعليم العالي؛
وبعد استشارة اللجنة القطاعية للعلوم القانونية واالقتصادية
وعلى المرسوم رقم 2.04.89 الصادر في 18 من ربيع االخر 1425
 (7 يونيو 2004) بتحديد اختصاص المؤسسات الجامعية وااسلك
الدراسات العليا وكذا الشهادات الوطنية المطابقة، كما وقع تغييره
واالجتماعية والتدبير المنعقدة بتاريخ 29 يناير2026،
قرر ما يلي:
المادة االولى
وتتميمه؛
تقبلم لعادلة الماستر،  الشهادة التالية  في: Relations internationales
وعلى المرسوم رقم 2.24.991 الصادر في 24 من ربيع االخر 1446
 (28 اكتوبر 2024) المتعلق باختصاصات وزير التعليم العالي والبحث
– Qualification of master dans la spécialité de relations
internationales, délivrée par l’Université d’Etat nationale
de recherche de Belgorod - Fédération de Russie.
العلمي واالبتكار؛
وبعد استشارة اللجنة القطاعية اللداب والعلوم االنسانية",Indéterminé,"Fiscal=0, Social=0, Administratif=0",Indéterminé,False
188,BO_7505_Ar,الثانية,ar,"المنعقدة بتاريخ 6 فبراير2026،
ينشر هذا القرار بالجريدة الرسمية.
قرر ما يلي:
المادة االولى
وحرر بالرباط في 11 من شوال 1447 (30 مارس 2026)
تقبلم لعادلة الدكتوراه،  الشهادة التالية  في الهندسة المعمارية:
االمضاء : عز الدين المداوي.
– Degree of doctor of philosophy, architecture, délivré par
قرار لوزير التعليم العالي والبحث العلمي واالبتكار رقم 673.26 صادر
في 11 من شوال 1447 (30 مارس 2026) بتحديد بعض
University of Tokyo - Japon.",Indéterminé,"Fiscal=0, Social=0, Administratif=0",Indéterminé,False
189,BO_7505_Ar,الثانية,ar,"المعاادلت بين الشهادات.
ينشر هذا القرار بالجريدة الرسمية.
وزير التعليم العالي والبحث العلمي واالبتكار،
بناء على المرسوم رقم 2.01.333 الصادر في 28 من ربيع االول 1422
 (21 يونيو 2001) المتعلق بتحديد الشروط والمسطرة الخاصة بمنح
وحرر بالرباط في 11 من شوال 1447 (30 مارس 2026)
االمضاء : عز الدين المداوي.
معادلة شهادات التعليم العالي؛
قرار لوزير التعليم العالي والبحث العلمي واالبتكار رقم 672.26 صادر
في 11 من شوال 1447 (30 مارس 2026) بتحديد بعض
وعلى المرسوم رقم 2.04.89 الصادر في 18 من ربيع االخر 1425
 (7 يونيو 2004) بتحديد اختصاص المؤسسات الجامعية وااسلك
الدراسات العليا وكذا الشهادات الوطنية المطابقة، كما وقع تغييره
المعاادلت بين الشهادات.
وتتميمه؛
وزير التعليم العالي والبحث العلمي واالبتكار،
بناء على المرسوم رقم 2.01.333 الصادر في 28 من ربيع االول 1422
 (21 يونيو 2001) المتعلق بتحديد الشروط والمسطرة الخاصة بمنح
وعلى المرسوم رقم 2.24.991 الصادر في 24 من ربيع االخر 1446
 (28 اكتوبر 2024) المتعلق باختصاصات وزير التعليم العالي والبحث
معادلة شهادات التعليم العالي؛
العلمي واالبتكار؛
الجريدة الرسميةعدد16 - 7505 دعقلا ذ)) 16 16 يام))4
وبعد استشارة اللجنة القطاعية للعلوم القانونية واالقتصادية",Indéterminé,"Fiscal=0, Social=0, Administratif=0",Indéterminé,False
190,BO_7505_Ar,الثانية,ar,"واالجتماعية والتدبير المنعقدة بتاريخ 29 يناير2026،
ينشر هذا القرار بالجريدة الرسمية.
قرر ما يلي:
المادة االولى
وحرر بالرباط في 11 من شوال 1447 (30 مارس 2026)
تقبلم لعادلة االجازة، الشهادة التالية في: Relations internationales
االمضاء : عز الدين المداوي.
– Qualification de bachelor, dans la spécialité relations
internationales, délivrée par l’Université d’Etat nationale
de recherche de Belgorod - Fédération de Russie.
قرار لوزير التعليم العالي والبحث العلمي واالبتكار رقم 675.26 صادر
في 11 من شوال 1447 (30 مارس 2026) بتحديد بعض",Indéterminé,"Fiscal=0, Social=0, Administratif=0",Indéterminé,False
191,BO_7505_Ar,الثانية,ar,"المعاادلت بين الشهادات.
ينشر هذا القرار بالجريدة الرسمية.
وزير التعليم العالي والبحث العلمي واالبتكار،
وحرر بالرباط في 11 من شوال 1447 (30 مارس 2026)
بناء على المرسوم رقم 2.01.333 الصادر في 28 من ربيع االول 1422
 (21 يونيو 2001) المتعلق بتحديد الشروط والمسطرة الخاصة بمنح
االمضاء : عز الدين المداوي.
معادلة شهادات التعليم العالي؛
قرار لوزير التعليم العالي والبحث العلمي واالبتكار رقم 674.26 صادر
في 11 من شوال 1447 (30 مارس 2026) بتحديد بعض
وعلى المرسوم رقم 2.04.89 الصادر في 18 من ربيع االخر 1425
 (7 يونيو 2004) بتحديد اختصاص المؤسسات الجامعية وااسلك
الدراسات العليا وكذا الشهادات الوطنية المطابقة، كما وقع تغييره
المعاادلت بين الشهادات.
وزير التعليم العالي والبحث العلمي واالبتكار،
بناء على المرسوم رقم 2.01.333 الصادر في 28 من ربيع االول 1422
 (21 يونيو 2001) المتعلق بتحديد الشروط والمسطرة الخاصة بمنح
وتتميمه؛
وعلى المرسوم رقم 2.24.991 الصادر في 24 من ربيع االخر 1446
 (28 اكتوبر 2024) المتعلق باختصاصات وزير التعليم العالي والبحث
معادلة شهادات التعليم العالي؛
العلمي واالبتكار؛
وعلى المرسوم رقم 2.04.89 الصادر في 18 من ربيع االخر 1425
 (7 يونيو 2004) بتحديد اختصاص المؤسسات الجامعية وااسلك
الدراسات العليا وكذا الشهادات الوطنية المطابقة، كما وقع تغييره
وبعد استشارة اللجنة القطاعية للعلوم القانونية واالقتصادية
واالجتماعية والتدبير المنعقدة بتاريخ 29 يناير2026،
وتتميمه؛
قرر ما يلي:
وعلى المرسوم رقم 2.24.991 الصادر في 24 من ربيع االخر 1446
 (28 اكتوبر 2024) المتعلق باختصاصات وزير التعليم العالي والبحث
المادة االولى
العلمي واالبتكار؛
تقبلم لعادلة الدكتوراه،  الشهادة التالية  في: Sciences politiques
وبعد استشارة اللجنة القطاعية للعلوم القانونية واالقتصادية
– Grade de doctorat en sciences historiques, délivré
واالجتماعية والتدبير المنعقدة بتاريخ 29 يناير2026،
par l’Université russe de l’Amitié des Peuples Patrice
Lumumba - Fédération de Russie.
قرر ما يلي:
المادة االولى",Indéterminé,"Fiscal=0, Social=0, Administratif=0",Indéterminé,False
192,BO_7505_Ar,الثانية,ar,"تقبل ملعادلة االجازة، الشهادة التالية في Management des
: affaires
ينشر هذا القرار بالجريدة الرسمية.
– Degree of bachelor of business administration in
وحرر بالرباط في 11 من شوال 1447 (30 مارس 2026)
management, délivré par Al-Madinah international
University - Malaisie.
االمضاء : عز الدين المداوي.
الجريدة الرسمية2517
عدد16 - 7505 دعقلا ذ)) 16 16 يام ))4
قرار لوزير التعليم العالي والبحث العلمي واالبتكار رقم 676.26 صادر
في 11 من شوال 1447 (30 مارس 2026) بتحديد بعض
وعلى المرسوم رقم 2.04.89 الصادر في 18 من ربيع االخر 1425
 (7 يونيو 2004) بتحديد اختصاص المؤسسات الجامعية وااسلك
الدراسات العليا وكذا الشهادات الوطنية المطابقة، كما وقع تغييره
المعاادلت بين الشهادات.
وتتميمه؛
وزير التعليم العالي والبحث العلمي واالبتكار،
بناء على المرسوم رقم 2.01.333 الصادر في 28 من ربيع االول 1422
 (21 يونيو 2001) المتعلق بتحديد الشروط والمسطرة الخاصة بمنح
وعلى المرسوم رقم 2.24.991 الصادر في 24 من ربيع االخر 1446
 (28 اكتوبر 2024) المتعلق باختصاصات وزير التعليم العالي والبحث
العلمي واالبتكار؛
معادلة شهادات التعليم العالي؛
وبعد استشارة اللجنة القطاعية للعلوم القانونية واالقتصادية
وعلى المرسوم رقم 2.04.89 الصادر في 18 من ربيع االخر 1425
 (7 يونيو 2004) بتحديد اختصاص المؤسسات الجامعية وااسلك
الدراسات العليا وكذا الشهادات الوطنية المطابقة، كما وقع تغييره
واالجتماعية والتدبير المنعقدة بتاريخ 29 يناير2026،
قرر ما يلي:
المادة االولى
وتتميمه؛
تقبل ملعادلة الماستر، الشهادة التالية في Administration des
وعلى المرسوم رقم 2.24.991 الصادر في 24 من ربيع االخر 1446
 (28 اكتوبر 2024) المتعلق باختصاصات وزير التعليم العالي والبحث
: affaires
العلمي واالبتكار؛
– Master’s degree in master of business administration
(MBA), délivré par Jiangsu University - Chine.
وبعد استشارة اللجنة القطاعية للعلوم القانونية واالقتصادية
واالجتماعية والتدبير المنعقدة بتاريخ 29 يناير2026،",Indéterminé,"Fiscal=0, Social=0, Administratif=0",Indéterminé,False
193,BO_7505_Ar,الثانية,ar,"قرر ما يلي:
المادة االولى
ينشر هذا القرار بالجريدة الرسمية.
وحرر بالرباط في 11 من شوال 1447 (30 مارس 2026)
تقبل ملعادلة الماستر، الشهادة التالية في Management des
االمضاء : عز الدين المداوي.
: entreprises
– Master’s degree, international business administration,
قرار لوزير التعليم العالي والبحث العلمي واالبتكار رقم 678.26 صادر
في 11 من شوال 1447 (30 مارس 2026) بتحديد بعض
délivré par Istanbul Nisantasi University - Turquie.",Indéterminé,"Fiscal=0, Social=0, Administratif=0",Indéterminé,False
194,BO_7505_Ar,الثانية,ar,"المعاادلت بين الشهادات.
ينشر هذا القرار بالجريدة الرسمية.
وزير التعليم العالي والبحث العلمي واالبتكار،
بناء على المرسوم رقم 2.01.333 الصادر في 28 من ربيع االول 1422
 (21 يونيو 2001) المتعلق بتحديد الشروط والمسطرة الخاصة بمنح
وحرر بالرباط في 11 من شوال 1447 (30 مارس 2026)
االمضاء : عز الدين المداوي.
معادلة شهادات التعليم العالي؛
قرار لوزير التعليم العالي والبحث العلمي واالبتكار رقم 677.26 صادر
في 11 من شوال 1447 (30 مارس 2026) بتحديد بعض
وعلى المرسوم رقم 2.04.89 الصادر في 18 من ربيع االخر 1425
 (7 يونيو 2004) بتحديد اختصاص المؤسسات الجامعية وااسلك
الدراسات العليا وكذا الشهادات الوطنية المطابقة، كما وقع تغييره
المعاادلت بين الشهادات.
وتتميمه؛
وزير التعليم العالي والبحث العلمي واالبتكار،
بناء على المرسوم رقم 2.01.333 الصادر في 28 من ربيع االول 1422
 (21 يونيو 2001) المتعلق بتحديد الشروط والمسطرة الخاصة بمنح
وعلى المرسوم رقم 2.24.991 الصادر في 24 من ربيع االخر 1446
 (28 اكتوبر 2024) المتعلق باختصاصات وزير التعليم العالي والبحث
معادلة شهادات التعليم العالي؛
العلمي واالبتكار؛
وبعد استشارة اللجنة القطاعية للعلوم القانونية واالقتصادية
واالجتماعية والتدبير المنعقدة بتاريخ 29 يناير2026،
قرر ما يلي:
المادة االولى
تقبلم لعادلة االجازة، الشهادة التالية في: Finance publique
– Degree of bachelor of arts (BA) in public finance, délivré
par Bursa Uludag Universitesi - Turquie.",Indéterminé,"Fiscal=0, Social=0, Administratif=0",Indéterminé,False
195,BO_7505_Ar,الثانية,ar,"ينشر هذا القرار بالجريدة الرسمية.
وحرر بالرباط في 11 من شوال 1447 (30 مارس 2026)
االمضاء : عز الدين المداوي.
قرار لوزير التعليم العالي والبحث العلمي واالبتكار رقم 679.26 صادر
في 11 من شوال 1447 (30 مارس 2026) بتحديد بعض
المعاادلت بين الشهادات.
وزير التعليم العالي والبحث العلمي واالبتكار،
بناء على المرسوم رقم 2.01.333 الصادر في 28 من ربيع االول 1422
 (21 يونيو 2001) المتعلق بتحديد الشروط والمسطرة الخاصة بمنح
معادلة شهادات التعليم العالي؛
وعلى المرسوم رقم 2.04.89 الصادر في 18 من ربيع االخر 1425
 (7 يونيو 2004) بتحديد اختصاص المؤسسات الجامعية وااسلك
الدراسات العليا وكذا الشهادات الوطنية المطابقة، كما وقع تغييره
وتتميمه؛
وعلى المرسوم رقم 2.24.991 الصادر في 24 من ربيع االخر 1446
 (28 اكتوبر 2024) المتعلق باختصاصات وزير التعليم العالي والبحث
العلمي واالبتكار؛
وبعد استشارة اللجنة القطاعية للعلوم القانونية واالقتصادية
واالجتماعية والتدبير المنعقدة بتاريخ 29 يناير2026،
قرر ما يلي:
المادة االولى
الدار البيضاء.
تقبلم لعادلة الماستر،  الشهادة التالية  في: Droit maritime
– Master of science in maritime affairs, délivré par World
maritime University - Suède.
الجريدة الرسميةعدد16 - 7505 دعقلا ذ)) 16 16 يام))4",Indéterminé,"Fiscal=0, Social=0, Administratif=0",Indéterminé,False
196,BO_7505_Ar,الثانية,ar,"ينشر هذا القرار بالجريدة الرسمية.
وحرر بالرباط في 11 من شوال 1447 (30 مارس 2026)
االمضاء : عز الدين المداوي.
االذن بممارسة الهندسة المعمارية
بموجب مقرر اللمين العام للحكومة رقم 527.26 صادر في 19 من
رمضان 1447 (9 مارس 2026) يرخص تحت عدد 6447 للسيدة عنبر
الموفق الحاملة لدرجة الماستر في الهندسة المعمارية  مسلمة من جامعة
البوليتكنيك في فلنسيا باسبانيا بتاريخ 4 يناير2023، ان تحمل صفة
مهندس معماري وتزاول الهندسة المعمارية بالقطاع الخاص بصفة
مستقلة مع جعل مكتبها بمدينة تطوان.
*
*      *
بموجب مقرر اللمين العام للحكومة رقم 528.26 صادر في 19 من
رمضان 1447 (9 مارس 2026) يرخص تحت عدد 6448 للسيدة
ايمان مزيودي الحاملة لدبلوم مهندس معماري مسلم من المدرسة
العليا للهندسة المعمارية للدار البيضاء بتاريخ 25 مارس2024، ان
تحمل صفة مهندس معماري وتزاول الهندسة المعمارية بالقطاع
الخاص بصفة مستقلة مع جعل مكتبها بمدينة الدار البيضاء.
*
*      *
بموجب مقرر اللمين العام للحكومة رقم 529.26 صادر في 19 من
رمضان 1447 (9 مارس 2026) يرخص تحت عدد 6449 للسيدة سلمى
الخدمي الحاملة لدبلوم الدولة ملهندس معماري مسلم من المدرسة
الوطنية العليا للهندسة المعمارية باريس - بيلفيل بفرنسا بتاريخ
 30ابريل2018، ان تحمل صفة مهندس معماري وتزاول الهندسة
المعمارية بالقطاع الخاص بصفة مستقلة مع جعل مكتبها بمدينة
*
*      *
بموجب مقرر اللمين العام للحكومة رقم 530.26 صادر في 19 من
رمضان 1447 (9 مارس 2026) يرخص تحت عدد 6450 للسيدة
مريم وقاص الحاملة لدبلوم مهندس معماري مسلم من المدرسة
الوطنية العليا للهندسة المعمارية باريس الفيليت بفرنسا بتاريخ
 19ديسمبر2017، ان تحمل صفة مهندس معماري وتزاول الهندسة
المعمارية بالقطاع الخاص بصفة مستقلة مع جعل مكتبها بمدينة
الرباط.
*
*      *
بموجب مقرر اللمين العام للحكومة رقم 531.26 صادر في 19 من
رمضان 1447 (9 مارس 2026) يرخص تحت عدد 6451 للسيد
عبد الباسط الفلوس الحامل لدبلوم  مهندس معماري مسلم من
المدرسة الوطنية للهندسة المعمارية بالرباط بتاريخ 14 يناير1996،
ان يحمل صفة مهندس معماري ويزاول الهندسة المعمارية بالقطاع
الخاص بصفة مستقلة مع جعل مكتبه بمدينة فاس.
*
*      *
بموجب مقرر اللمين العام للحكومة رقم 532.26 صادر في 19 من
رمضان 1447 (9 مارس 2026) يرخص تحت عدد 6452 للسيدة
ايناس اسموني الحاملة لدبلوم مهندس معماري (HMONP) مسلم
من المدرسة الخاصة للهندسة المعمارية بباريس - فرنسا بتاريخ
 18يونيو2024، ان تحمل صفة مهندس معماري وتزاول الهندسة
المعمارية بالقطاع الخاص بصفة مستقلة مع جعل مكتبها بمدينة
الدار البيضاء.
*
*      *
بموجب مقرر اللمين العام للحكومة رقم 533.26 صادر في 19 من
رمضان 1447 (9 مارس 2026) يرخص تحت عدد 6454 للسيدة
فاطمة الزهراء فودالي الحاملة لدبلوم الدولة ملهندس معماري مسلم
من المدرسة الوطنية العليا للهندسة المعمارية باريس - الفيليت
بفرنسا بتاريخ 7 نوفمبر2019، ان تحمل صفة مهندس معماري
وتزاول الهندسة المعمارية بالقطاع الخاص بصفة مستقلة مع جعل
مكتبها بمدينة الدار البيضاء.
*
*      *
الجريدة الرسمية2519
عدد16 - 7505 دعقلا ذ)) 16 16 يام ))4
بموجب مقرر اللمين العام للحكومة رقم 534.26 صادر في 19 من
رمضان 1447 (9 مارس 2026) يرخص تحت عدد 6455 للسيدة
عفاف حريص الحاملة لدبلوم مهندس معماري مسلم من المدرسة
الوطنية للهندسة المعمارية بمراكش بتاريخ 20 يناير2025، ان تحمل
صفة مهندس معماري وتزاول الهندسة المعمارية بالقطاع الخاص
بصفة مستقلة مع جعل مكتبها بمدينة الدار البيضاء.
*
*      *
بموجب مقرر اللمين العام للحكومة رقم 535.26 صادر في 19 من
رمضان 1447 (9 مارس 2026) يرخص تحت عدد 6456 للسيد
فتح للها اراوي الحامل لدبلوم مهندس معماري مسلم من المدرسة
العليا للهندسة المعمارية للدار البيضاء بتاريخ 4 فبراير2025، ان
يحمل صفة مهندس معماري ويزاول الهندسة المعمارية بالقطاع
الخاص بصفة مستقلة مع جعل مكتبه بمدينة الجديدة.
*
*      *
بموجب مقرر اللمين العام للحكومة رقم 536.26 صادر في 19 من
رمضان 1447 (9 مارس 2026) يرخص تحت عدد 6457 للسيدة
شيماء العلمي الحاملة لدبلوم مهندس معماري مسلم من المدرسة
الوطنية للهندسة المعمارية بالرباط بتاريخ 18 مارس2010، ان تحمل
صفة مهندس معماري وتزاول الهندسة المعمارية بالقطاع الخاص
بصفة مستقلة مع جعل مكتبها بمدينة الدار البيضاء.
*
*      *
بمدينة القنيطرة.
الناضور.
الدار البيضاء.
الجريدة الرسميةعدد16 - 7505 دعقلا ذ)) 16 16 يام))4
بموجب مقرر اللمين العام للحكومة رقم 537.26 صادر في 19 من
رمضان 1447 (9 مارس 2026) يرخص تحت عدد 6458 للسيد خالد
التبالي الحامل لدبلوم مهندس معماري مسلم من المدرسة الوطنية
للهندسة المعمارية بالرباط بتاريخ 14 يناير1990، ان يحمل صفة
مهندس معماري ويزاول الهندسة المعمارية بالقطاع الخاص بصفة
بموجب مقرر اللمين العام للحكومة رقم 819.26 صادر في 28 من
شوال 1447 (16 ابريل 2026) يرخص تحت عدد 6495 للسيد كمال
بلفقيه الحامل لدرجة الماستر في الهندسة المعمارية مسلمة من جامعة
الدولة للهندسة المعمارية والهندسة المدنية بسانت بطرس بورغ
بفيدرالية روسيا بتاريخ 30 يونيو2023، ان يحمل صفة مهندس
معماري ويزاول الهندسة المعمارية بالقطاع الخاص بصفة مستقلة
مستقلة مع جعل مكتبه بمدينة طنجة.
مع جعل مكتبه بمدينة الرباط.
*
*
*      *
*      *
بموجب مقرر اللمين العام للحكومة رقم 538.26 صادر في
 19من رمضان 1447 (9 مارس 2026) يرخص تحت عدد 6461
للسيدة زهرة البرحلي الحاملة لدبلوم مهندس معماري مسلم من
المدرسة الوطنية للهندسة المعمارية والتعمير بجامعة قرطاج بتونس
بتاريخ 14 نوفمبر2023، ان تحمل صفة مهندس معماري وتزاول
الهندسة المعمارية بالقطاع الخاص بصفة مستقلة مع جعل مكتبها
بموجب مقرر اللمين العام للحكومة رقم 820.26 صادر في
 28 من شوال 1447 (16 ابريل 2026) يرخص تحت عدد6496
للسيدة بسمة فداني الحاملة لدبلوم الدولة ملهندس معماري مسلم
من المدرسة الوطنية العليا للهندسة المعمارية بليون بفرنسا بتاريخ
 13اكتوبر2020، ان تحمل صفة مهندس معماري وتزاول الهندسة
المعمارية بالقطاع الخاص بصفة مستقلة مع جعل مكتبها بمدينة
الدار البيضاء.
*
*
*      *
*      *
بموجب مقرر اللمين العام للحكومة رقم 817.26 صادر في 28 من
شوال 1447 (16 ابريل 2026) يرخص تحت عدد 6492 للسيد عبد
للها تعزيوت الحامل لدبلوم مهندس معماري مسلم من المدرسة
بموجب مقرر اللمين العام للحكومة رقم 821.26 صادر في
 28من شوال 1447 (16 ابريل 2026) يرخص تحت عدد  6497 للسيد
موتوسامي رنكاسامي اديب نفين الحامل لدبلوم مهندس معماري
مسلم من المدرسة االورومتوسطية للهندسة المعمارية والتصميم
والتعمير بفاس بتاريخ 28 نوفمبر2024، ان يحمل صفة مهندس
معماري ويزاول الهندسة المعمارية بالقطاع الخاص بصفة مستقلة
االورومتوسطية للهندسة المعمارية والتصميم والتعمير بفاس بتاريخ
 25نوفمبر2025، ان يحمل صفة مهندس معماري ويزاول الهندسة
المعمارية بالقطاع الخاص بصفة مستقلة مع جعل مكتبه بمدينة
مع جعل مكتبه بمدينة طنجة.
*
*
*      *
*      *
بموجب مقرر اللمين العام للحكومة رقم 818.26 صادر في
 28من شوال 1447 (16 ابريل 2026) ي",Urbain,"Urbain=25, Fiscal=0, Social=0",Urbain,True
197,BO_7505_Ar,2,ar,"وعلى القانون رقم 59.24 المتعلق بالتعليم العالي والبحث
العلمي، الصادر بتنفيذه الظهير الشريف رقم 1.26.04 بتاريخ
يعتبر الطلبة المسجلون بكليات الطب والصيدلة وطب االسنان
متدربين عند استيفاء الشرطين التاليين :
22من شعبان 1447 (11 فبراير 2026)؛
وعلى المرسوم رقم 2.04.89 الصادر في 18 من ربيع االخر 1425
 (7 يونيو 2004) بتحديد اختصاص المؤسسات الجامعية وااسلك
الدراسات العليا وكذا الشهادات الوطنية المطابقة، كما تم تغييره
- 1ان يكونوا بصدد تحضير احدى الشهادات الوطنية التالية :
-دبلوم دكتور في الطب؛
وتتميمه،ا لسيما",Indéterminé,"Fiscal=0, Social=0, Administratif=0",Indéterminé,False
198,BO_7505_Ar,11,ar,"منه؛
-دبلوم دكتور في طب االسنان؛
وعلى المرسوم رقم 2.18.512 الصادر في 9 رمضان 1440
 (15 ماي 2019) بتحديد شروط وكيفية صرف المنح الدراسية للطلبة
وشروط وكيفية وضع االعتمادات المالية المخصصة لهذه المنح رهن
اشارة المكتب الوطني اللعمال الجامعية االجتماعية والثقافية، كما
-دبلوم دكتور في الصيدلة؛
-دبلوم التخصص الطبي؛
-دبلوم التخصص في طب االسنان؛
تم تغييره وتتميمه؛
-دبلوم التخصص الصيدلي والبيولوجي .
وعلى المرسوم رقم 2.24.646 الصادر في 21 من صفر 1446
 (26 اغسطس 2024) باحداث لجان جهوية مشتركة لتنسيق التكوين
- 2ان يثبتوا التوفر على ترخيص او تعيين، حسب الحالة، يخول
لهم اجراء التداريب االلزمة.
التطبيقي في المهن الصحية؛",Indéterminé,"Fiscal=0, Social=0, Administratif=0",Indéterminé,False
199,BO_7505_Ar,3,ar,يوضع المتدربون، المنصوص عليهم في,Indéterminé,"Fiscal=0, Social=0, Administratif=0",Indéterminé,False
200,BO_7505_Ar,2,ar,"ااعله، في احدى
الوضعيات التالية :
- 1املحظ؛
- 2خارجي؛
- 3داخلي؛
- 4مقيم.",Indéterminé,"Fiscal=0, Social=0, Administratif=0",Indéterminé,False
201,BO_7505_Ar,4,ar,"ينجز المتدربون التداريب المسندة اليهم تحت سلطة المشرفين
والمؤطرين المنصوص عليهم في المادة الثالثة من المرسوم المشار اليه
ااعله رقم 2.24.687 الصادر في 21 من صفر 1446 (26 اغسطس 2024)
يضع عميد الكليةا لئحة اسمية للمتدربين مااللحظين والخارجيين،
ويبلغها الى المدير العام للمجموعة الصحية الترابية المعنية، وعند
االقتضاء، الى مفتش مصلحة الصحة العسكرية  .
يتم تعيين الداخليين والمقيمين النجاز التداريب االلزمة وفق
مقتضيات هذا المرسوم والنصوص الجاري بها العمل.",Indéterminé,"Fiscal=0, Social=0, Administratif=0",Indéterminé,False
202,BO_7505_Ar,5,ar,"تحدد الملفات الوصفية للتكوينات في الطب والصيدلة وطب
االسنان المعتمدة، ضوابط التكوين االستشفائي السيما كيفيات
تنظيم وتاطير وتقييم التداريب االستشفائية االلزامية، وكذا الاغلف
الزمني المخصص لهذه التداريب ومجاالتها وانواع االنشطة التي يتعين
القيام بها من لدن المتدرب، والكفايات المهنية والطبية المراد اكتسابها،
وكيفيات التقييم واستيفاء التداريب االلزامية .
طبقا الحكام القانون رقم 59.24 المشار اليه ااعله اول سيما
المادتين 33 و 49منه، تضع الكليات المعنية:
-ميثاق الطالب المتدرب؛
-ميثاق المقيم؛
-نظام الضوابط المؤطرة للتداريب؛
-ميثاق التدريب االستشفائي بعد استاطلع اللجان الجهوية
المشتركة لتنسيق التكوين التطبيقي في المهن الصحية.
الجريدة الرسمية2523
عدد16 - 7505 دعقلا ذ)) 16 16 يام ))4
الفرع الثاني
وضعية مااللحظين",Indéterminé,"Fiscal=0, Social=0, Administratif=0",Indéterminé,False
203,BO_7505_Ar,6,ar,"تخول وضعية املحظ لكل:
-طالب يتابع دراسته في السنة االولى او الثانية في الطب او طب
االسنان؛
-طالب يتابع دراسته في السنة االولى او الثانية او الثالثة في الصيدلة.",Indéterminé,"Fiscal=0, Social=0, Administratif=0",Indéterminé,False
204,BO_7505_Ar,7,ar,"تحدد االجراءات الخاصة بتداريب مااللحظين وفق دفتر الضوابط
البيداغوجية الخاصة بكل دبلوم.
الفرع الثالث
وضعية الخارجيين",Indéterminé,"Fiscal=0, Social=0, Administratif=0",Indéterminé,False
205,BO_7505_Ar,8,ar,"تخول وضعية خارجي لكل  :
-طالب يتابع دراسته ابتداء من السنة الثالثة في الطب او طب
االسنان؛
-طالب يتابع دراسته ابتداء من السنة الرابعة في الصيدلة.",Indéterminé,"Fiscal=0, Social=0, Administratif=0",Indéterminé,False
206,BO_7505_Ar,9,ar,"دون االاخلل بضوابط التكوين االستشفائي، يلتزم الخارجي
بالقيام، تحت مسؤولية المشرف على التدريب الذي يحدد بتنسيق مع
مؤطري التدريب، االعمال التي يتعين انجازها، باالنشطة التكوينية
االساسية اول سيما :
- 1بالنسبة للتكوين في الطب وطب االسنان:
-تسجيل مااللحظات الطبية؛
-المساهمة في الاعلجات؛
-المشاركة في مهمة الحراسة؛
-التعاون مع مهنيي الصحة العاملين بمقرات التدريب.
- 2بالنسبة للتكوين في الصيدلة، المساهمة في :
-تنفيذ الوصفات الطبية؛
-تسليم االدوية؛
-تحضير االدوية المقيدة في مدونة االدوية والصيدلة؛
-انجاز التحاليل البيولوجية بالمستشفيات.
الجريدة الرسميةعدد16 - 7505 دعقلا ذ)) 16 16 يام))4
يعتبر الخارجي المسجل في السنة السادسة من فريق العناية الطبية .
ويتعين عليه انجاز االنشطة التكوينية بانتظام والمشاركة بصفة
متواصلة في تقديم العناية الطبية اخلل التداريب االستشفائية،
يصادق المشرف على التدريب االستشفائي بعد استيفائه من
طرف الخارجي، وذلك بتنسيق مع مؤطري التداريب.",Indéterminé,"Fiscal=0, Social=0, Administratif=0",Indéterminé,False
207,BO_7505_Ar,13,ar,"واالسهام في الرعاية والاعلج.
يستفيد الخارجيون من اجازة مدتها شهر عن كل سنة، يتقاضون
اخللها التعويض عن المهام المنصوص عليه في النصوص الجاري بها",Indéterminé,"Fiscal=0, Social=0, Administratif=0",Indéterminé,False
208,BO_7505_Ar,10,ar,"يعين الخارجيون النجاز التداريب من لدن عميد الكلية المعنية
بتنسيق مع المدير العام للمجموعة الصحية الترابية المعنية، او مع
مفتش مصلحة الصحة العسكرية عند االقتضاء، بعد استاطلع راي
العمل.
يحدد تاريخ االستفادة من هذه االجازة من قبل المدير العام
للمجموعة الصحية الترابية المعنية، باقتراح من عميد الكلية المعنية .
اللجنة الجهوية المشتركة لتنسيق التكوين التطبيقي في المهن الصحية.
الفرع الرابع
ينجز الخارجيون التداريب االستشفائية تحت سلطة المشرفين
والمؤطرين.
وضعية الداخليين",Indéterminé,"Fiscal=0, Social=0, Administratif=0",Indéterminé,False
210,BO_7505_Ar,14,ar,"ينجز الخارجيون التداريب االستشفائية بدوام جزئي مدته اثلث
ساعات ونصف  (3,5) في اليوم وبدوام كامل مدته سبع (7)  ساعات في
تخول وضعية داخلي لكل مترشح اجتاز بنجاح مباراة ولوج القسم
الداخلي المنصوص عليها في",Indéterminé,"Fiscal=0, Social=0, Administratif=0",Indéterminé,False
211,BO_7505_Ar,15,ar,"بعده .
اليوم، وذلك حسب مستوى التكوين، كما يلي:",Indéterminé,"Fiscal=0, Social=0, Administratif=0",Indéterminé,False
212,BO_7505_Ar,15,ar,"تداريب استشفائية بدوام جزئي اخلل السنتين الثالثة والرابعة
من التكوين في الطب، وبدوام كامل اخلل السنتين الخامسة
تنظم كليات الطب والصيدلة وطب االسنان مباراة لولوج القسم
الداخلي تفتح في وجه الطلبة المسجلين بهذه الكليات الذين استوفوا
بنجاح السنوات االربع االولى من تكوينات دكتور في الطب او دكتور في
والسادسة منه؛
-تداريب استشفائية بدوام جزئي اخلل السنتين الرابعة والخامسة
من التكوين في طب االسنان، وبدوام كامل اخلل السنة السادسة
طب االسنان او دكتور في الصيدلة .
ال يجوز اجتياز مباراة القسم الداخلي بعد تقديم اطروحة
منه؛
الدكتوراه في الطب او الصيدلة او طب االسنان.
-تداريب استشفائية بدوام جزئي اخلل السنة الخامسة من
تحدد شروط االنتقاء، ومعايير القبول، وكيفيات تنظيم هذه
المباراة بقرار مشترك للسلطة الحكومية المكلفة بالتعليم العالي
التكوين في الصيدلة، وبدوام كامل اخلل السنة السادسة منه.
اضافة الى ما سبق، يشارك الخارجيون في مهام الحراسة وفق
والسلطة الحكومية المكلفة بالصحة.
البرمجة الزمنية المحددة لذلك.
يحدد عدد المقاعد المفتوحة للتباري بموجب قرار مشترك للسلطة
الحكومية المكلفة بالتعليم العالي والسلطة الحكومية المكلفة بالصحة،
وعند االقتضاء، السلطة المكلفة بادارة الدفاع الوطني، وذلك باقتراح
من عمداء كليات الطب والصيدلة وطب االسنان المعنيين، او من",Indéterminé,"Fiscal=0, Social=0, Administratif=0",Indéterminé,False
213,BO_7505_Ar,12,ar,"تنظم التداريب االستشفائية ابتداء من اوائل شهر سبتمبر الى
غاية متم شهر يوليو، مع ضمان استمرارية المرفق الصحي.
يحدد عميد الكلية المعنية برمجة زمنية للتداريب االستشفائية
مفتش مصلحة الصحة العسكرية عند االقتضاء.
تاخذ بعين االعتبار فترة اجتياز االمتحانات .",Indéterminé,"Fiscal=0, Social=0, Administratif=0",Indéterminé,False
214,BO_7505_Ar,16,ar,"يتعين على الخارجيين حضور التداريب االستشفائية طبقا
للبرمجة الزمنية المذكورة، وللبرمجة الزمنية المتعلقة بالحراسة التي
يعين المدير العام للمجموعة الصحية الترابية المعنية الداخليين
بالمؤسسات الصحية، بتنسيق مع عميد الكلية المعنية، وباقتراح من
اللجنة الجهوية المشتركة لتنسيق التكوين التطبيقي في المهن الصحية
يحدد جدولها المشرف على التدريب.
يعد حضور التداريب االستشفائية الزاميا .ولهذه الغاية، يتم
تتبع حضورهم والتحقق من التزامهم بمواقيت التداريب المحددة من
لدن المشرفين على التداريب بمساعدة االطباء المكلفين بالتاطير عند
المعنية .
غير ان الداخليين العسكريين والداخليين بالمؤسسات االستشفائية
االقتضاء.
العسكرية يعينون من لدن مفتش مصلحة الصحة العسكرية.
الجريدة الرسمية2525
عدد16 - 7505 دعقلا ذ)) 16 16 يام ))4",Indéterminé,"Fiscal=0, Social=0, Administratif=0",Indéterminé,False
216,BO_7505_Ar,20,ar,"يتم قبول الطلبة االجانب الذين يتابعون تكوينهم بكليات الطب
والصيدلة وطب االسنان العمومية بالمغرب لولوج القسم الداخلي
بعد اجتياز المباراة بنجاح .ويحدد القرار المشترك المنصوص عليه
في الفقرة الرابعة من",Indéterminé,"Fiscal=0, Social=0, Administratif=0",Indéterminé,False
217,BO_7505_Ar,15,ar,"ااعله عدد المقاعد المفتوحة للتباري
ال يجوزا لي كان ان يحمل لقب« داخلي قديم »اذا لم يثبت قضاءه
بالفعل سنتين في القسم الداخلي.",Indéterminé,"Fiscal=0, Social=0, Administratif=0",Indéterminé,False
218,BO_7505_Ar,21,ar,"المخصصة لهم.
يعتبر الداخلي جزءا من فريق العناية الطبية للمؤسسات
يعين المترشحون من الطلبة االجانب داخليين، زيادة على العدد
المقرر بعد مداولة لجنة المباراة، اذا حصلوا على نقطة عددية ال تقل
عن تلك التي حصل عليها اخر مترشح مغربي معلن عن نجاحه، وذلك
وفق الشروط والكيفيات المحددة في القرار المشترك المنصوص عليه
الصحية .ولهذه الغاية، يقوم على الخصوص بالتدريب االستشفائي،
وفق جدولة زمنية تلزمه بالتواجد بالمصالح االستشفائية والقيام
بالحراسة والمداومة بها .كما يستفيد من تاطير ومواكبة مستمرين.
في الفقرة الثالثة من",Indéterminé,"Fiscal=0, Social=0, Administratif=0",Indéterminé,False
221,BO_7505_Ar,18,ar,اعلوة على االنشطة التكوينية االساسية المحددة في,Indéterminé,"Fiscal=0, Social=0, Administratif=0",Indéterminé,False
222,BO_7505_Ar,9,ar,"ااعله،
تطبق مقتضيات المادتين 9 و 12من هذا المرسوم على الداخليين.
يتعين على الداخليين القيام بانشطة اضافية تتعلق اساسا بما يلي:",Indéterminé,"Fiscal=0, Social=0, Administratif=0",Indéterminé,False
223,BO_7505_Ar,19,ar,"المشاركة في الحراسة، والعناية الطبية، والتنسيق مع المصالح
تستغرق مدة العمل بالقسم الداخلي سنتين، يزاول الداخلي
الصحية المتخصصة بما فيها المستعاجلت؛
مهامه اخللهما كامل الوقت تحت سلطة المشرفين على التداريب.
-المساهمة في اعداد الموارد البيداغوجية المتعلقة بالتكوين تحت
يتعين على الداخليين ان يستوفوا جميع التداريب، والتي تشمل
اشراف االستاذ الباحث والمشرف على التدريب؛
وجوبا:
-انجاز بحوث وتقارير بحثية حول الحاالت المرضية المعروضة على
-فيما يتعلق بالداخليين في الطب : تدريبا في الطب العام وتدريبا في
الجراحة العامة، وتدريبا في امراض االطفال او في امراض النساء
الفريق؛
والتوليد؛
-المساهمة في تاطير الخارجيين؛
-فيما يتعلق بالداخليين في الصيدلة : تدريبين بالمصالح التي لها
-المشاركة الفعلية في تدبير انشطة المصلحة االستشفائية
اعلقة باالدوية وتدريبين في مصالح البيولوجيا؛
والمساهمة الفاعلة في تحسين ادائها.
-فيما يتعلق بالداخليين في طب االسنان : تدريبا في امراض اللثة
وعلم تشخيص االمراض وتدريبا في علم المحافظة على االسنان
وتدريبا في علم امراض اسنان االطفال وتقويم االسنان والوجه",Indéterminé,"Fiscal=0, Social=0, Administratif=0",Indéterminé,False
224,BO_7505_Ar,23,ar,"يستفيد الداخليون من اجازة مدتها اسبوعين عن كل فصل مكون
وتدريبا في جهاز االسنان.
من ستة اشهر، يحددها المدير العام للمجموعة الصحية الترابية
يحدد بقرار مشترك للسلطة الحكومية المكلفة بالتعليم العالي
والسلطة الحكومية المكلفة بالصحة، باقتراح من مجالس مؤسسات
الكليات، كيفية تنظيم القسم الداخلي، ومجاالت التداريب
االستشفائية، وكيفية تقييمها واستيفائها، والمهارات التي يجب
اكتسابها، اضافة الى التكوينات التكميلية والبحوث الطبية التي يجب
المعنية، باقتراح من االستاذ رئيس المصلحة االستشفائية.
يستفيد الداخليون اخلل االجازة المذكورة من التعويضات
المحددة بموجب النصوص الجاري بها العمل.
مع مراعاة مقتضيات",Indéterminé,"Fiscal=0, Social=0, Administratif=0",Indéterminé,False
225,BO_7505_Ar,32,ar,"ادناه، يستفيد الداخليون من
ان يقوم بها الداخليون.
الرخص السباب صحية وفق نفس الشروط والكيفيات المطبقة على
يصادق عميد الكلية المعنية على نتائج استيفاء التداريب
االستشفائية والتكوينات التكميلية للقسم الداخلي.
المقيمين.
الفرع الخامس
وضعية المقيمين",Indéterminé,"Fiscal=0, Social=0, Administratif=0",Indéterminé,False
226,BO_7505_Ar,24,ar,"اسنان مقيم .
تخول وضعية طبيب مقيم او صيدلي مقيم او طبيب اسنان مقيم
كما يلي :
- 1للداخليين الحاصلين على دبلوم دكتور في الطب او دبلوم
دكتور في الصيدلة او دبلوم دكتور في طب االسنان، باحدى الكليات
العمومية، وكذا للمترشحين العسكريين الناجحين في مباراة المساعدين
او الممارسين المتمرسين بالمستشفيات العسكرية؛
- 2او بعد النجاح في مباراة ولوج سلك التخصص لتحضير احدى
الشهادات الوطنية التالية:
-دبلوم التخصص الطبي؛
-دبلوم التخصص الصيدلي والبيولوجي؛
-دبلوم التخصص في طب االسنان.
يشار الى االطباء المقيمين والصيادلة المقيمين واطباء االسنان
المقيمين بعده ب« : المقيمين.»",Indéterminé,"Fiscal=0, Social=0, Administratif=0",Indéterminé,False
227,BO_7505_Ar,25,ar,"العمل.
تنظم كليات الطب والصيدلة وطب االسنان مباريات ولوج سلك
التخصص في الطب او التخصص الصيدلي والبيولوجي او التخصص
في طب االسنان، تفتح حسب الحالة، في وجه المترشحين الحاصلين
على احدى الشهادات الوطنية التالية :
-دبلوم دكتور في الطب او اي شهادة معترف بمعادلتها له؛
-دبلوم دكتور في الصيدلة او اي شهادة معترف بمعادلتها له؛
-دبلوم دكتور في طب االسنان او اي شهادة معترف بمعادلتها له.
تحدد شروط االنتقاء ومعايير القبول، وكيفيات تنظيم المباراة
بقرار مشترك للسلطة الحكومية المكلفة بالتعليم العالي والسلطة
المصالح المختصة.
الحكومية المكلفة بالصحة.
يحدد عدد المناصب المفتوحة للتباري بكل تخصص بقرار مشترك
للسلطة الحكومية المكلفة بالتعليم العالي والسلطة الحكومية المكلفة
بالصحة، وعند االقتضاء، السلطة المكلفة بادارة الدفاع الوطني،
وذلك باقتراح من اللجنة الجهوية المشتركة لتنسيق التكوين التطبيقي
في المهن الصحية المعنية، وباقتراح من مفتشية مصلحة الصحة
المادة.
العسكرية عند االقتضاء.
الجريدة الرسميةعدد16 - 7505 دعقلا ذ)) 16 16 يام))4",Indéterminé,"Fiscal=0, Social=0, Administratif=0",Indéterminé,False
228,BO_7505_Ar,26,ar,"ال يمكن للمقيم اجتياز مباراة ولوج سلك التخصص مرة ثانية،
اال بعد انهاء مهامه بصفته طبيبا مقيما او صيدليا مقيما او طبيب",Indéterminé,"Fiscal=0, Social=0, Administratif=0",Indéterminé,False
229,BO_7505_Ar,27,ar,"يعين المقيمون كمتدربين بمقرر مشترك للسلطة الحكومية المكلفة
بالتعليم العالي والسلطة الحكومية المكلفة بالصحة، والسلطة المكلفة
بادارة الدفاع الوطني فيما يخص المقيمين العسكريين .
يعين المقيمون،  غير العسكريين، بالمؤسسات الصحية بصفة
متمرنين، ابتداء من السنة االولى، في الرتبة االولى من الدرجة االولى
الطار طبيب او اطار صيدلي او اطار طبيب اسنان، بمقرر للسلطة
الحكومية المكلفة بالصحة وفق النصوص الجاري بها العمل.
يوقع المقيمون، غير العسكريين، عند تعيينهم بهذه الصفة التزاما
بالعمل، مباشرة بعد الحصول على دبلوم التخصص، بالمجموعات
الصحية الترابية، وعند االقتضاء، بالوزارة المكلفة بالصحة او احدى
المؤسسات االخرى التي تقع تحت وصاية السلطة الحكومية المكلفة
بالصحة، او بالوزارة المكلفة بالتعليم العالي في حالة نجاحهم في مباراة
ولوج هيئة االساتذة الباحثين في الطب والصيدلة وطب االسنان،
وذلك ملدة اثلث (3) سنوات بعد تعيينهم وفق النصوص الجاري بها",Civil,"Civil=1, Fiscal=0, Social=0",Civil,False
230,BO_7505_Ar,28,ar,ال يمكن التحرر من االلتزام المنصوص عليه في,Indéterminé,"Fiscal=0, Social=0, Administratif=0",Indéterminé,False
231,BO_7505_Ar,27,ar,"ااعله
اال بعد الموافقة الصريحة للسلطة المختصة.
وفي حالة الموافقة، يتعين على المعني ارجاع مجموع المبالغ التي
استفاد منها، اضافة الى المبالغ التي تغطي تكلفة التكوين الذي تلقاه
والتي تعادل مجموع المبالغ التي تقاضاها اخلل فترة تكوينه .
اول يسري مفعول التحرر من االلتزام في كل االحوال، اال بعد ان
يدلي المعني باالمر بما يفيد اداءه الفعلي ملجموع المبالغ المذكورة، لدى
وفي حالة انقطاع المقيمين عن التكوين اما بمحض ارادتهم واما
بسبب اقصائهم بصفة نهائية في اطار اجراء تاديبي فيلزمون بقضاء
مدة اثلث (3) سنوات من العمل على االقل ابتداء من تاريخ استئنافهم
للعمل سواء بالمجموعات الصحية الترابية او بالمؤسسات المعينين
فيها، تحت طائلة تطبيق مقتضيات الفقرتين االولى والثانية من هذه
الجريدة الرسمية2527
عدد16 - 7505 دعقلا ذ)) 16 16 يام ))4",Indéterminé,"Fiscal=0, Social=0, Administratif=0",Indéterminé,False
232,BO_7505_Ar,29,ar,"يمكن للمقيمين، عند االقتضاء، اجراء تداريب خارج المجموعة
الصحية الترابية لتعزيز التكوين والكفايات والمهارات المهنية والطبية،
بترخيص من المدير العام للمجموعة الصحية الترابية المعنية بعد
يمكن قبول االطباء والصيادلة واطباء االسنان االجانب الذين
اجتازوا بنجاح المباراة المشار اليها في",Indéterminé,"Fiscal=0, Social=0, Administratif=0",Indéterminé,False
233,BO_7505_Ar,25,ar,"ااعله كمقيمين .
موافقة عميد الكلية واستشارة المشرف على التدريب.
ويعفى االطباء العسكريون والصيادلة العسكريون واطباء
االسنان العسكريين االجانب من هذه المباراة، ويتم قبولهم كمقيمين
غير ان المقيمين العسكريين والمقيمين بالمؤسسات االستشفائية
العسكرية يرخص لهم من لدن مفتش مصلحة الصحة العسكرية بعد
بعد دراسة ملفاتهم.
موافقة عميد الكلية واستشارة المشرف على التدريب.",Indéterminé,"Fiscal=0, Social=0, Administratif=0",Indéterminé,False
234,BO_7505_Ar,30,ar,"يزاول المقيمون مهامهم بدوام كامل تحت سلطة منسق التخصص
ال يجوز الي كان ان يحمل لقب« مقيم قديم »اال اذا اجتاز بنجاح
المعني .
مدة التكوين كاملة وحصل على دبلوم التخصص ذي الصلة.",Indéterminé,"Fiscal=0, Social=0, Administratif=0",Indéterminé,False
236,BO_7505_Ar,31,ar,"يستفيد المقيمون من الرخص وفق النصوص الجاري بها العمل،
مع مراعاة النصوص الجاري بها العمل بالقوات المسلحة الملكية
يعتبر المقيمون مسؤولين عن انشطة العناية الطبية والاعلجية
بالمؤسسات الصحية التي تم تعيينهم بها، ويدمجون في فرق العناية
بالنسبة للعسكريين ومقتضيات",Indéterminé,"Fiscal=0, Social=0, Administratif=0",Indéterminé,False
237,BO_7505_Ar,35,ar,"ادناه.
الطبية لهذه المؤسسات حسب مجاالت تخصصهم.",Indéterminé,"Fiscal=0, Social=0, Administratif=0",Indéterminé,False
238,BO_7505_Ar,33,ar,"يقوم المقيمون، تحت السلطة البيداغوجية ملنسق التخصص
بعد استكمال مدة االلتزام المحددة بموجب هذا المرسوم، يمكن
المعني، بالمهام االساسية التالية:
للمعنيين وفق النصوص الجاري بها العمل:
-التطبيب والاعلج للمرعضى الوافدين على المؤسسات الصحية،
-االستمرار في العمل لدى المجموعة الصحية الترابية او المؤسسات
حسب الجدولة الزمنية المحددة لذلك؛
المعينين فيها بعد اعادة التعيين؛
-تغطية فترات الحراسة وااللزامية والمستعاجلت المبرمجة من
-االنقطاع النهائي عن العمل، شريطة توجيه اخبار الى السلطة
طرف المصالح االستشفائية؛
المختصة شهرين (2) على االقل قبل تاريخ االنقطاع المذكور؛
-انجاز التداريب االستشفائية االلزمة لسلك التخصص، واالنضمام
الى حصص التكوينات االساسية والتكميلية، والندوات والورشات
-التعاقد مع المجموعات الصحية الترابية.
كما يمكن ملقيم قديم االلتحاق، اخلل مدة االلتزام، وفق
المقتضيات التشريعية والتنظيمية الجاري بها العمل، بالجامعة
بعد ان يجتاز بنجاح مباراة ولوج هيئة االساتذة الباحثين في الطب
المبرمجة في مجاالت التخصص؛
-التدرب الدقيق والمستمر على التقنيات التشخيصية والاعلجية
المتاحة؛
والصيدلة وطب االسنان.
-اعداد بحوث ومقاالت علمية في مجاالت التخصص؛
الفرع السادس
-المشاركة في جميع االنشطة البيداغوجية داخل الكلية وفي
مقتضيات مشتركة
فضاءات المؤسسات الصحية؛",Indéterminé,"Fiscal=0, Social=0, Administratif=0",Indéterminé,False
239,BO_7505_Ar,34,ar,"المساهمة في تاطير االطروحات؛
يحيل المدير العام للمجموعة الصحية الترابية المعنية تقريرا
حول االعمال المخالفة للنظام الداخلي للمؤسسة الصحية الى عميد
-المساهمة في تاطير القرب والمواكبة المستمرة للداخليين
والخارجيين؛
الكلية التي ينتمي اليها الطالب المتدرب، من اجل اتخاذ التدابير االلزمة.
-المشاركة الفعلية في تدبير انشطة املصالح او االقسام االستشفائية
اما بالنسبة للمقيمين، فيحيل المدير العام للمجموعة الصحية
الترابية المعنية تقريرا حول المخالفات المهنية، الى السلطة المختصة
من اجل تطبيق المساطر واالجراءات طبقا للنصوص الجاري بها
والمساهمة الفاعلة في تحسين ادائها؛
-انجاز كل المهام التي يكلفهم بها المشرفون او /ومالؤطرون والتي
العمل.
تدخل في نطاق تكوينهم التخصظصي.",Indéterminé,"Fiscal=0, Social=0, Administratif=0",Indéterminé,False
240,BO_7505_Ar,35,ar,"ال تحتسب الرخص السباب صحية التي تفوق مدتها اربعة (4)
اشهر في حساب المدة الفعلية للعمل بالقسم الداخلي او بصفة مقيم .",Indéterminé,"Fiscal=0, Social=0, Administratif=0",Indéterminé,False
241,BO_7505_Ar,36,ar,يستفيد المتدربون المشار اليهم في,Indéterminé,"Fiscal=0, Social=0, Administratif=0",Indéterminé,False
242,BO_7505_Ar,3,ar,"ااعله من نظام التامين
االجباري االسا؟سي عن المرض وفق النصوص الجاري بها العمل.
تتخذ المجموعة الصحية الترابية االجراءات االلزمة من اجل
تامين الطلبة المتدربين فيما يخص حوادث الشغل واالمراض المهنية،
طبقا للنصوص التشريعية والتنظيمية الجاري بها العمل.
الفرع السابع
مقتضيات انتقالية",Social,"Social=1, Fiscal=0, Administratif=0",Social,False
243,BO_7505_Ar,37,ar,"لتطبيق مقتضيات هذا المرسوم، تحل المراكز االستشفائية
الجامعية محل المجموعات الصحية الترابية في الجهات التي لم تشرع
فيها هذه المجموعات فعليا في ممارسة اختصاصاتها.",Indéterminé,"Fiscal=0, Social=0, Administratif=0",Indéterminé,False
244,BO_7505_Ar,38,ar,"تحدد مدة االلتزام بالعمل بالنسبة اللطباء والصيادلة واطباء
االسنان االختصاصيين خريجي فوجي 2024 و 2025في ست (6)
سنوات، ابتداء من تاريخ تعيينهم.
وتحدد مدة االلتزام بالعمل بالنسبة للمقيمين حسب فوج
تخرجهم، على النحو التالي:
-ست (6) سنوات ابتداء من تاريخ تعيينهم بالنسبة لفوج 2026؛
-خمس (5) سنوات ابتداء من تاريخ تعيينهم بالنسبة لفوج 2027؛
-خمس (5) سنوات ابتداء من تاريخ تعيينهم بالنسبة لفوج 2028؛
-اربع (4) سنوات ابتداء من تاريخ تعيينهم بالنسبة لفوج 2029؛
-اربع (4) سنوات ابتداء من تاريخ تعيينهم بالنسبة لفوج 2030؛
-اربع (4) سنوات ابتداء من تاريخ تعيينهم بالنسبة لفوج.2031",Indéterminé,"Fiscal=0, Social=0, Administratif=0",Indéterminé,False
245,BO_7505_Ar,39,ar,"يظل الطلبة المسجلون قبل السنة الجامعية2025-2024، بتكوين
دكتور في الطب او تكوين دكتور في الصيدلة او تكوين دكتور في طب
االسنان خاضعين ملقتضيات الفقرة االولى من",Indéterminé,"Fiscal=0, Social=0, Administratif=0",Indéterminé,False
246,BO_7505_Ar,8,ar,"من المرسوم
رقم 2.91.527 الصادر في 21 من ذي القعدة 1413 (13 ماي 1993)
المتعلق بوضعية الطلبة الخارجيين والداخليين والمقيمين بالمراكز
االستشفائية.
الجريدة الرسميةعدد16 - 7505 دعقلا ذ)) 16 16 يام))4",Indéterminé,"Fiscal=0, Social=0, Administratif=0",Indéterminé,False
247,BO_7505_Ar,40,ar,"يظل الداخليون المسجلون قبل السنة الجامعية2025-2024،
بتكوين دكتور في الطب او تكوين دكتور في الصيدلة او تكوين دكتور
في طب االسنان خاضعين، فيما يخص ولوج نظام االقامة،م لقتضيات
البند« ا »بالفقرة االولى للمادة 21 من المرسوم سالف الذكر
رقم 2.91.527 الصادر في 21 من ذي القعدة 1413 (13 ماي 1993)",Indéterminé,"Fiscal=0, Social=0, Administratif=0",Indéterminé,False
248,BO_7505_Ar,41,ar,"مع مراعاة مقتضيات المادتين 39 و 40ااعله، تنسخ مقتضيات
المرسوم سالف الذكر رقم 2.91.527 الصادر في 21 من ذي القعدة1413
 (13 ماي 1993) المخالفة لهذا المرسوم.
تعوض االحالة الى المرسوم المذكور الواردة في النصوص الجاري
بها العمل، باالحالة الى هذا المرسوم.",Indéterminé,"Fiscal=0, Social=0, Administratif=0",Indéterminé,False
249,BO_7505_Ar,42,ar,"يسند تنفيذ هذا المرسوم، الذي ينشر في الجريدة الرسمية، الى
وزير الصحة والحماية االجتماعية ووزير التعليم العالي والبحث
العلمي واالبتكار والوزير المنتدب لدى رئيس الحكومة المكلف بادارة
الدفاع الوطني والوزير المنتدب لدى وزيرة االقتصاد والمالية المكلف
بالميزانية والوزيرة المنتدبة لدى رئيس الحكومة المكلفة باالنتقال
الرقمي وااصلح االدارة، كل واحد منهم فيما يخصه.
وحرر بالرباط في 12 من ذي القعدة 1447 (30 ابريل 2026)
االمضاء : عزيز اخنوش.
وقعه بالعطف:
وزير الصحة والحماية االجتماعية،
االمضاء : امين التهراوي.
وزير التعليم العالي والبحث العلمي واالبتكار،
االمضاء : عز الدين المداوي.
الوزير المنتدب لدى وزيرة االقتصاد والمالية
المكلف بالميزانية،
االمضاء : فوزي لقجع.
الوزيرة المنتدبة لدى رئيس الحكومة المكلفة
باالنتقال الرقمي وااصلح االدارة،
االمضاء : امل الافلح.
وزارة التربية الوطنية والتعليم االولي والرياضة
قرار لوزير التربية الوطنية والتعليم االولي والرياضة رقم 1283.25
صادر في 21 من ذي القعدة 1446 (19 ماي 2025) بتحديد
شروط وكيفيات شغل مهام االدارة التربوية بمؤسسات التربية
والتعليم العمومي.
وزير التربية الوطنية والتعليم االولي والرياضة،
بناء على المرسوم رقم 2.24.140 الصادر في 13 من شعبان 1445
 (23 فبراير 2024) في شان النظام االسا؟سي الخاص بموظفي الوزارة
المكلفة بالتربية الوطنية، اولسيما",Indéterminé,"Fiscal=0, Social=0, Administratif=0",Indéterminé,False
250,BO_7505_Ar,55,ar,"منه؛
وعلى المرسوم رقم 2.02.376 الصادر في 6 جمادى االولى 1423
 (17 يوليو 2002) بمثابة النظام االسا؟سي الخاص بمؤسسات التربية
والتعليم العمومي، كما وقع تغييره وتتميمه؛
وعلى المرسوم رقم 2.11.672 الصادر في 27 من محرم 1433
 (23 ديسمبر 2011) في شان احداث وتنظيم المراكز الجهوية ملهن
التربية والتكوين، كما وقع تغييره وتتميمه؛
وعلى المرسوم رقم 2.24.141 الصادر في 13 من شعبان 1445
 (23 فبراير 2024) بسن تدابير متفرقة تتعلق بالتعويضات المخولة
ملوظفي الوزارة المكلفة بالتربية الوطنية،
قرر ما يلي:
الباب االول
مقتضيات عامة
المادة االولى
يتم، وفق الشروط والكيفيات المحددة في هذا القرار، شغل مهام
االدارة التربوية، التالية، بمؤسسات التربية والتعليم العمومي:
- 1مهام االدارة التربوية بالمدرسة االبتدائية:
-مدير.
- 2مهام االدارة التربوية بالثانوية االعدادية:
-مدير؛
-حارس عام للخارجية؛
الجريدة الرسمية2529
عدد16 - 7505 دعقلا ذ)) 16 16 يام ))4
-حارس عام للداخلية في حالة توفر الثانوية االعدادية على قسم
داخلي او مطعم مدر؟سي.
- 3مهام االدارة التربوية بالثانوية التاهيلية:
-مدير؛
-ناظر؛
-مدير الدراسة في حالة توفر المؤسسة على اقسام تحضيرية
لولوج المعاهد والمدارس العليا او اقسام لتحضير شهادة التقني
العالي؛
-رئيس االشغال بالنسبة للثانويات التاهيلية التقنية؛
-حارس عام للخارجية؛
-حارس عام للداخلية في حالة توفر الثانوية التاهيلية على قسم
داخلي او مطعم مدر؟سي.",Indéterminé,"Fiscal=0, Social=0, Administratif=0",Indéterminé,False
251,BO_7505_Ar,2,ar,"يتم شغل مهام االدارة التربوية عن طريق التعيين، ثم عن طريق
الحركية او بالتدرج مانلهي.
الباب الثاني
شغل مهام االدارة التربوية عن طريق التعيين",Indéterminé,"Fiscal=0, Social=0, Administratif=0",Indéterminé,False
252,BO_7505_Ar,3,ar,"يعين في مهام مدير المدرسة االبتدائية او مهام رئيس االشغال
بالثانوية التاهيلية التقنية او مهام حارس عام للخارجية او للداخلية
بالثانوية االعدادية او بالثانوية التاهيلية، المتصرفون التربويون
خريجو سلك تكوين اطر االدارة التربوية بالمراكز الجهوية ملهن
التربية والتكوين الحاصلون على دبلوم التكوين في االدارة التربوية
المسلم من هذه المراكز.
الباب الثالث
شغل مهام االدارة التربوية بالتباري عن طريق الحركية
او التدرج مانلهي",Indéterminé,"Fiscal=0, Social=0, Administratif=0",Indéterminé,False
253,BO_7505_Ar,4,ar,"يتولى مهام مدير المدرسة االبتدائية:
-المتصرفون التربويون المزاولون لهذه المهام، الذين قضوا
سنتين (2) على االقل من الخدمة بهذه الصفة في اخر منصب؛
الجريدة الرسميةعدد16 - 7505 دعقلا ذ)) 16 16 يام))4
-المتصرفون التربويون المزاولونم لهام مدير مدرسة ابتدائية، الذين
قضوا سنتين (2) على االقل من الخدمة بهذه الصفة في اخر
-المتصرفون التربويون المزاولون ملهام ناظر او مدير الدراسة
او حارس عام للخارجية او للداخلية او رئيس االشغال، الذين
قضوا سنتين (2) على االقل من الخدمة بهذه الصفة في اخر
منصب؛
منصب.
-المتصرفون التربويون المزاولون ملهام حارس عام للخارجية
او للداخلية او ملهام رئيس االشغال، الذين قضوا سنتين (2) على",Indéterminé,"Fiscal=0, Social=0, Administratif=0",Indéterminé,False
254,BO_7505_Ar,5,ar,"االقل من الخدمة بهذه الصفة في اخر منصب.
يتولى مهام مدير الثانوية االعدادية:",Indéterminé,"Fiscal=0, Social=0, Administratif=0",Indéterminé,False
255,BO_7505_Ar,9,ar,"المتصرفون التربويون المزاولون لهذه المهام، الذين قضوا
يتولى مهام حارس عام للخارجية او حارس عام للداخلية بالثانوية
التاهيلية، المتصرفون التربويون المزاولون لهذه المهام او ملهام رئيس
االشغال، الذين قضوا سنتين (2) على االقل من الخدمة بهذه الصفة
سنتين (2) على االقل من الخدمة بهذه الصفة في اخر منصب؛
-المتصرفون التربويون المزاولون ملهام مدير بالمدرسة االبتدائية
او ناظر او مدير الدراسة او حارس عام للخارجية او للداخلية
او رئيس االشغال، الذين قضوا سنتين (2) على االقل من الخدمة
في اخر منصب.",Indéterminé,"Fiscal=0, Social=0, Administratif=0",Indéterminé,False
256,BO_7505_Ar,10,ar,"بهذه الصفة في اخر منصب.
يتولى مهام رئيس االشغال بالثانوية التاهيلية التقنية، المتصرفون
التربويون المزاولون لهذه المهام او ملهام حارس عام للخارجية او
للداخلية بثانوية تاهيلية، الذين قضوا سنتين (2) على االقل من",Indéterminé,"Fiscal=0, Social=0, Administratif=0",Indéterminé,False
257,BO_7505_Ar,6,ar,"يتولى مهام حارس عام للخارجية او حارس عام للداخلية بالثانوية
االعدادية، المتصرفون التربويون المزاولون لهذه المهام الذين قضوا
الخدمة بهذه الصفة في اخر منصب.
سنتين (2) على االقل من الخدمة بهذه الصفة في اخر منصب.",Indéterminé,"Fiscal=0, Social=0, Administratif=0",Indéterminé,False
259,BO_7505_Ar,7,ar,"يتولى مهام مدير بالثانوية التاهيلية المحتضنة القسام تحضيرية
لولوج المعاهد والمدارس العليا او القسام لتحضير شهادة التقني
يتولى مهام مدير الثانوية التاهيلية:
العالي:
-المتصرفون التربويون المزاولون لهذه المهام، الذين قضوا
-المتصرفون التربويون المزاولون لهذه المهام، الذين قضوا
سنتين (2) على االقل من الخدمة بهذه الصفة في اخر منصب؛
سنتين (2) على االقل من الخدمة بهذه الصفة في اخر منصب؛
-المتصرفون التربويون المزاولون ملهام مدير ثانوية اعدادية او ناظر
او مدير الدراسة، الذين قضوا سنتين (2) على االقل من الخدمة
-المتصرفون التربويون المزاولون ملهام مدير ثانوية تاهيلية، الذين
قضوا سنتين (2) على االقل من الخدمة بهذه الصفة في اخر
بهذه الصفة في اخر منصب؛
منصب؛
-المتصرفون التربويون المزاولون ملهام حارس عام للخارجية
او للداخلية بالثانويات التاهيلية، الذين قضوا سنتين (2) على
-المتصرفون التربويون المزاولونم لهام مدير الدراسة او ناظر، الذين
قضوا سنتين (2) على االقل من الخدمة بهذه الصفة في اخر
االقل من الخدمة بهذه الصفة في اخر منصب؛
منصب؛
-المتصرفون التربويون المزاولون ملهام رئيس االشغال الذين قضوا
-المتصرفون التربويون المزاولون ملهام حارس عام للخارجية
او للداخلية بثانوية تاهيلية او رئيس االشغال، الذين قضوا
سنتين (2) على االقل من الخدمة بهذه الصفة في اخر منصب.",Indéterminé,"Fiscal=0, Social=0, Administratif=0",Indéterminé,False
260,BO_7505_Ar,8,ar,"سنتين (2) على االقل من الخدمة بهذه الصفة في اخر منصب.
يتولى مهام ناظر الثانوية التاهيلية:",Indéterminé,"Fiscal=0, Social=0, Administratif=0",Indéterminé,False
261,BO_7505_Ar,12,ar,"المتصرفون التربويون المزاولون لهذه المهام اوم لهام مدير الدراسة،
الذين قضوا سنتين (2) على االقل من الخدمة بهذه الصفة في
يتولى مهام مدير الدراسة بالثانوية التاهيلية المحتضنة القسام
تحضيرية لولوج المعاهد والمدارس العليا او القسام تحضير شهادة
اخر منصب؛
التقني العالي :
منصب؛
باعتماد المعايير التالية:
على مشروع شخظصي.
بالتربية الوطنية.
الجريدة الرسمية2531
عدد16 - 7505 دعقلا ذ)) 16 16 يام ))4
-المتصرفون التربويون المزاولون لهذه المهام او ملهام ناظر، الذين
قضوا سنتين (2) على االقل من الخدمة بهذه الصفة في اخر",Indéterminé,"Fiscal=0, Social=0, Administratif=0",Indéterminé,False
262,BO_7505_Ar,16,ar,"يستفيد المترشحون الذين تم تعيينهم الول مرة في مهام مدير
ثانوية اعدادية او ثانوية تاهيلية من مواكبة ميدانية تربوية وادارية
اخلل السنة االولى من ممارسة مهامهم من لدن لجنة للمواكبة يتم
تحديد تركيبتها وكيفيات اشتغالها بمقرر للسلطة الحكومية المكلفة
-المتصرفون التربويون المزاولون ملهام حارس عام للخارجية
او للداخلية بثانوية تاهيلية او رئيس االشغال، الذين قضوا
بالتربية الوطنية.
سنتين (2) على االقل من الخدمة بهذه الصفة في اخر منصب.
الباب الخامس
الباب الرابع
التعيين في مناصب االدارة التربوية الشاغرة المتبقية
كيفيات التباري لشغل مهام االدارة التربوية عن طريق الحركية",Indéterminé,"Fiscal=0, Social=0, Administratif=0",Indéterminé,False
263,BO_7505_Ar,17,ar,"و التدرج مانلهي
اذا بقيت مناصب شاغرة ضمن الئحة مناصب االدارة التربوية
المفتوحة للتباري في اطار الحركات االنتقالية الوطنية المتعلقة
بمزاولة مهام االدارة التربوية والتدرج مانلهي، بعد اجرائها، تقوم
االكاديميات الجهوية للتربية والتكوين بفتحها من جديد للتباري على
مستوى الجهة وفق نفس الشروط والمعايير المنصوص عليها في هذا",Indéterminé,"Fiscal=0, Social=0, Administratif=0",Indéterminé,False
264,BO_7505_Ar,13,ar,"يتم شغل مهام االدارة التربوية عن طريق الحركية والتدرج مانلهي
•االقدمية في المنصب : نقطتان (2) عن كل سنة دراسية؛
القرار.
وفي حالة استمرار شغور مناصب، بعد تنظيم العملية سالفة
الذكر على مستوى الجهة، تقوم االكاديميات الجهوية للتربية
والتكوين بتعيين متصرفين تربويين مباشرة فيها بطلب منهم، دون
التقيد بشرطي االقدمية والتدرج مانلهي المنصوص عليهما في هذا
•االقدمية في المهمة : نقطة واحدة عن كل سنة دراسية؛
•االقدمية في المجموعة المدرسية : نقطتان (2) عن كل سنة دراسية
قضاها المترشح الذي يشغل مدير مجموعة مدرسية في حدود
عشر (10) نقط .اول تحتسب هذه االقدمية اال في حالة التباري
القرار .
على منصب مدير بالمدرسة االبتدائية.",Indéterminé,"Fiscal=0, Social=0, Administratif=0",Indéterminé,False
266,BO_7505_Ar,14,ar,"يعين في مهام االدارة التربوية، وفق نفس الكيفية المنصوص عليها
في الفقرة الثانية من",Indéterminé,"Fiscal=0, Social=0, Administratif=0",Indéterminé,False
267,BO_7505_Ar,17,ar,"ااعله:
يتم التعيين لشغل مهام االدارة التربوية عن طريق التدرج مانلهي
طبقام لقتضيات",Indéterminé,"Fiscal=0, Social=0, Administratif=0",Indéterminé,False
268,BO_7505_Ar,55,ar,"من المرسوم المشار اليه ااعله رقم 2.24.140
الصادر في 13 من شعبان 1445 (23 فبراير 2024)، بعد ترتيب
-المتصرفون التربويون الذين سبق ان تم اعفاؤهم من هذه المهام
بطلب منهم، او نتيجة عدم اقرار تعيينهم في المنصب، او السباب
صحية، شريطة االادلء المسبق بشهادة طبية تؤكد قدرة المعنيين
باالمر على مزاولة مهامهم، او السباب تاديبية شريطة مغضي سنة
المترشحين حسب االستحقاق فيا لئحة تعد لهذا الغرض   .
غير انه بالنسبة للمترشحين لشغل مهام مدير ثانوية اعدادية
او مدير ثانوية تاهيليةا لول مرة، فيخضعونا لنتقاء اولي مولقابلة بناء
واحدة ابتداء من تاريخ المصادقة على العقوبة التاديبية؛
-المتصرفون التربويون الذين سبق ان صدرت في حقهم عقوبة
تاديبية واستفادوا من مقتضيات",Pénal,"Pénal=1, Urbain=1, Fiscal=0",Pénal,False
269,BO_7505_Ar,65,ar,"من المرسوم
السالف الذكر رقم 2.24.140 الصادر في 13 من شعبان1445
تحدد كيفيات اجراء المقابلة بمقرر للسلطة الحكومية المكلفة
(23 فبراير 2024)
ويتم تعيين المعنيين باالمر، بناء على طلبهم، وبعد موافقة االدارة
التي ينتمون اليها على ذلك في المناصب الشاغرة المتبقية بعد اجراء
الحركة االنتقالية الوطنية والتدرج مانلهي المتعلقة بمزاولة مهام
االدارة التربوية، واالنتهاء من عملية التباري على هذه المناصب جهويا",Indéterminé,"Fiscal=0, Social=0, Administratif=0",Indéterminé,False
270,BO_7505_Ar,15,ar,"اذا تساوى مجموع نقط مترشحين اثنين او اكثر، يتم الفصل بينهم
عن طريق االقدمية العامة، ثم االقدمية في االطار، ثم االقدمية في
المنصب فاالكبر سنا، ثم ترتيب اختيار المترشح.
وفق مقتضيات",Indéterminé,"Fiscal=0, Social=0, Administratif=0",Indéterminé,False
271,BO_7505_Ar,17,ar,"ااعله.
هذا القرار.
العمومي كل من:
والتدابير المناسبة.
الجريدة الرسميةعدد16 - 7505 دعقلا ذ)) 16 16 يام))4",Indéterminé,"Fiscal=0, Social=0, Administratif=0",Indéterminé,False
273,BO_7505_Ar,19,ar,يسمح للمتصرفين التربويين المشار اليهم في,Indéterminé,"Fiscal=0, Social=0, Administratif=0",Indéterminé,False
274,BO_7505_Ar,17,ar,"ااعله،
تضم اللجنة الجهوية وجوبا، رئيس قسم باالكاديمية الجهوية
الذين تم تعيينهم بالمناصب الشاغرة المتبقية وفقا للفقرة الثانية من",Indéterminé,"Fiscal=0, Social=0, Administratif=0",Indéterminé,False
275,BO_7505_Ar,17,ar,"ااعله، بالمشاركة في الحركة االنتقالية الوطنية المتعلقة
بمزاولة مهام االدارة التربوية او التباري على المناصب الشاغرة
المتبقية جهويا بعد التوفر على الشروط المقررة في الباب الثالث من
للتربية والتكوين المعنية بصفته رئيسا ومفتشين مكلفين بمهام تنسيق
التفتيش الجهوي ومتصرف تربوي مزاول ملهام االدارة التربوية
حسب الحالة .",Indéterminé,"Fiscal=0, Social=0, Administratif=0",Indéterminé,False
277,BO_7505_Ar,20,ar,"تسري مقتضيات هذا القرار، ما عدا المواد) 17 الفقرة الثانية (
في حالة ااغلق مؤسسة تعليمية او حصول تغيير في بنيتها التربوية
نتج عنه تقليص في مناصب االدارة التربوية، يتم تعيين المتصرفين
التربويين المعنيين في مناصب جديدةم لهام االدارة التربوية، مع مراعاة
وضعيتهم السابقة داخل نفس الجماعة او المدينة، او في منصب اخر
ايلئم المهام الموكولة اليهم بموجب النصوص التنظيمية الجاري بها
و 18و 19و) 20الفقرة االولى (منه، على اطر االدارة التربوية غير
المنتمين الطار متصرف تربوي، الذين يزاولون بصفة فعلية مهام
االدارة التربوية، المنصوص عليهم في المادة) 83 الفقرة االولى (من
المرسوم السالف الذكر رقم 2.24.140 الصادر في 13 من شعبان 1445
العمل، داخل نفس الجماعة او المدينة، وذلك بعد موافقتهم.
(23 فبراير 2024)
ويسمح للمعنيين باالمر بالترشح قصد التباري على مناصب
االدارة التربوية الشاغرة حسب السلك التعليمي مااللئم لوضعيتهم
االدارية، دون التقيد بشرط االقدمية في اخر منصب المنصوص عليه",Indéterminé,"Fiscal=0, Social=0, Administratif=0",Indéterminé,False
278,BO_7505_Ar,25,ar,"تنسخ مقتضيات القرارين التاليين:
في مواد الباب الثالث من هذا القرار.
الباب السادس
مقتضيات مشتركة
-قرار وزير التربية الوطنية والتعليم العالي وتكوين االطر والبحث
العلمي رقم 583.07 الصادر في 9 محرم 1428 (29 يناير 2007)
بتحديد كيفيات وضع لوائح االهلية لشغل مهام االدارة التربوية",Indéterminé,"Fiscal=0, Social=0, Administratif=0",Indéterminé,False
279,BO_7505_Ar,21,ar,"بمؤسسات التربية والتعليم العمومي؛
يعفى من مهام االدارة التربوية بمؤسسات التربية والتعليم
-قرار وزير التربية الوطنية والتعليم العالي وتكوين االطر والبحث
-ثبتت عدم كفاءته المهنية ملزاولة مهام االدارة التربوية، وفق
النصوص التشريعية والتنظيمية الجاري بها العمل، استنادا الى
العلمي رقم 1849.05 الصادر في 2 رجب 1426 (8 اغسطس 2005)
بشان تحديد شروط وكيفيات تنظيم التكوين الخاص لفائدة االطر
تقرير تعده اللجنة الجهوية المشار اليها في",Indéterminé,"Fiscal=0, Social=0, Administratif=0",Indéterminé,False
280,BO_7505_Ar,22,ar,"بعده؛
المكلفة بمهام االدارة التربوية.
-ثبتت اصابته باحد االمراض التي تخول له االستفادة من رخصة
مرض طويلة او متوسطة االمد او اصابته بمرض نمهي او حادثة
يحاولن دون القيام بهذه المهام، وذلك بعد مصادقة المجلس",Social,"Social=2, Fiscal=0, Administratif=0",Social,False
281,BO_7505_Ar,26,ar,"تعتبر صحيحة، التعيينات لشغل مهام االدارة التربوية بمؤسسات
الصحي المختص على وضعيته الصحية؛
التربية والتعليم العمومي التي تمت، برسم السنة الدراسية
-صدرت في حقه عقوبة تاديبية، غير عقوبتي االنذار والتوبيخ.
2025 - 2024والى غاية تاريخ نشر هذا القرار بالجريدة الرسمية.",Pénal,"Pénal=1, Fiscal=0, Social=0",Pénal,False
282,BO_7505_Ar,22,ar,"تتولى لجنة جهوية يعين اعضاؤها بمقرر ملدير االكاديمية الجهوية
للتربية والتكوين المعنية، القيام بعملية تقييم اداء المعينين في مهام
االدارة التربوية بمؤسسات التربية والتعليم العمومي على المستويين
االداري والمالي، وانجاز تقرير مفصل في الموضوع يرفع الى مدير
االكاديمية الجهوية للتربية والتكوين المعنية قصد اتخاذ االجراءات",Indéterminé,"Fiscal=0, Social=0, Administratif=0",Indéterminé,False
283,BO_7505_Ar,27,ar,"ينشر هذا القرار بالجريدة الرسمية.
وحرر بالرباط في 21 من ذي القعدة 1446 (19 ماي 2025)
االمضاء : محمد سعد برادة.",Indéterminé,"Fiscal=0, Social=0, Administratif=0",Indéterminé,False
284,BO_7506_Ar,الثانية,ar,"21من جمادى االخرة 1434 (2 ماي 2013)
تتمم، على النحو التالي، احكام الظهير الشريف المشار اليه ااعله
رقم 1.13.50 بالمواد 8 المكررة و 8مالكررة مرتين و 8مالكررة اثلث
«المادة - .4 تتكون اجهزة ................... ولجنة علمية ومجلس علمي،
«باالضافة ............. ادارية».
مرات :
«المادة - .5 يدير المعهد ................... مرة واحدة .
«المجلس العلمي
«ويساعد المدير في مهامه مدير مساعد وكاتب عام .
«",Indéterminé,"Fiscal=0, Social=0, Administratif=0",Indéterminé,False
285,BO_7506_Ar,8,ar,"المكررة - .يتالف المجلس العلمي للمعهد، اضافة الى مدير
«المعهد رئيسا، من:
«يختار المدير المساعد من بين اساتذة التعليم العالي او االساتذة
«المحاضرين المؤهلين، ويختار الكاتب العام ........... متصرف من الدرجة
- «اثلثة علماء مغاربة متخصصين في القراءات او الدراسات
«القرانية، يعينون بمقرر لوزير االوقاف والشؤون االاسلمية بناء
«الثانية او في احدى الدرجات ................ خمس سنوات .
«يعين المدير المساعد والكاتب العام بمقرر.............، وتحدد
«مهامهما بموجب النظام الداخلي، ويستفيدان من نفس ...... الممنوحة
«على اقتراح من مدير المعهد؛
- «ممثل للمجلس العلمي االعلى يعينه االمين العام لهذا المجلس؛
«لنظرائهما بالجامعات».
- «المدير المساعد بالمعهد؛
«المادة - .10 ينظم التكوين بالمعهد في اثلثة ااسلك:
- «اثلثة اساتذة للتعليم العالي او اساتذة محاضرين مؤهلين
«متخصصين في القراءات او الدراسات القرانية، يعينون بمقرر
«لوزير االوقاف والشؤون االاسلمية، بناء على اقتراح من مدير
- «سلك االجازة؛
- «سلك الماستر؛
- «سلك الدكتوراه.
«المعهد، من بين االساتذة الباحثين القارين العاملين بالمعهد.
«يتولى الكاتب العام للمعهد مهمة كتابة المجلس.
«يمكن لرئيس المجلس ان يدعو اي شخص لحضور اجتماعات
«المجلس بصفة استشارية».
«",Urbain,"Urbain=1, Fiscal=0, Social=0",Urbain,False
286,BO_7506_Ar,8,ar,"المكررة مرتين - .يكلف المجلس العلمي، على الخصوص،
«بالمهام التالية:
- «اقتراح المبادئ والتوجهات العامة لنظام الدراسة والتكوين
«بالمعهد؛
- «اقتراح التدابير الكفيلة بتحسين جودة التكوين والبحث وضمان
«املءمته مع االهداف العامة للمعهد؛
- «المصادقة على الخبرات التي ينجزها المعهد؛
الجريدة الرسمية2613
عدد19 - 7506 دعقلا وذ)) 19 19  19  يام ))7
- «ابداء الراي في مشاريع البحث العلمي ومواضيع اطروحات سلك
«الدكتوراه».
«",Indéterminé,"Fiscal=0, Social=0, Administratif=0",Indéterminé,False
287,BO_7506_Ar,8,ar,"المكررة اثلث مرات -.يجتمع المجلس العلمي في دورة
«عادية، مرة في السنة على االقل، بدعوة من رئيسه، ويمكن ان يجتمع
«في دورات استثنائية كلما اقتضت الضرورة ذلك، بمبادرة من رئيسه
«او بطلب من اغلبية اعضائه .
«تحدد شروط انعقاد المجلس وكيفية تسييره بموجب النظام
«الداخلي للمعهد».
المادة الثالثة
ينشر ظهيرنا الشريف هذا بالجريدة الرسمية.
وحرر بالرباط في 17 من ذي القعدة 1447 (5 ماي 2026)
 2614الجريدة الرسميةعدد19 - 7506 دعقلا وذ)) 19 19  19  يام))7
نصوص عامة
مرسوم رقم 2.25.885 صادر في 28 من شوال 1447 (16 ابريل 2026)
بتطبيق احكام القانون رقم 46.21 المتعلق بتنظيم مهنة",Indéterminé,"Fiscal=0, Social=0, Administratif=0",Indéterminé,False
288,BO_7506_Ar,2,ar,"تشتمل المباراة على اختبار كتابي واختبار شفوي.
المفوضين القضائيين.
يشتمل االختبار الكتابي على سؤال او عدة اسئلة حول مواضيع
ذات صلة بمهام المفوض القضائي مدته ساعتان، بمعامل.2
رئيس الحكومة،
يشتمل االختبار الشفوي على:
بناء على القانون رقم 46.21 المتعلق بتنظيم مهنة المفوضين
-اسئلة تتعلق بقانون المسطرة المدنية، بمعامل 1؛
القضائيين، الصادر بتنفيذه الظهير الشريف رقم 1.25.49
بتاريخ
ذي الحجة 1446 (6 يونيو 2025) اول سيما المواد 4 و 7و 17و 19و20
و 21و 33و 37و 39و 55و 58و 68و 104و 105و 106و 113و 115
-اسئلة تتعلق بالقانون المنظمم لهنة المفوضين القضائيين، بمعامل.1",Indéterminé,"Fiscal=0, Social=0, Administratif=0",Indéterminé,False
289,BO_7506_Ar,3,ar,"و 129و 135و 151و 162منه؛
يرتب المترشحون الناجحون في المباراة حسب االستحقاق.
وبعد استاطلع راي الهيئة الوطنية للمفوضين القضائيين؛
اذا تساوى المترشحون في النقط المحصل عليها، يتم اللجوء الى
وبعد المداولة في مجلس الحكومة المنعقد بتاريخ 14 من شوال 1447
القرعة.
(2 ابريل 2026)،",Indéterminé,"Fiscal=0, Social=0, Administratif=0",Indéterminé,False
290,BO_7506_Ar,4,ar,"رسم ما يلي:
يعلن عن الئحة المترشحين الناجحين بصفة نهائية في المباراة،
وكذا عن اسماء المترشحين المسجلين في الئحة االنتظار على الموقع
الباب االول
االلكتروني لوزارة العدل.
مباراة ولوج مهنة المفوضين القضائيي
ن
وامتحان نهاية التمرين والتكوين المستمر
الفرع الثاني
التمرين وكيفيات اجراء امتحان نهايته
الفرع االول",Fiscal,"Fiscal=1, Social=0, Administratif=0",Fiscal,False
291,BO_7506_Ar,5,ar,"نظام وكيفيات اجراء مبارا
ة
ولوج مهنة المفوضين القضائيين
تطبيقام لقتضيات",Indéterminé,"Fiscal=0, Social=0, Administratif=0",Indéterminé,False
292,BO_7506_Ar,7,ar,"من القانون رقم 46.21 السالف الذكر،
يقغضي المفوض القضائي المتمرن فترة تمرين تشمل تكوينا اساسيا
المادة االولى
بالمعهد الوطني لكتابة الضبط والمهن القانونية والقضائية مدت
ه
ستة (6) اشهر، وتدريبا بمكتب مفوض قضائي تحت اشراف المعهد
يحدد بقرار للسلطة الحكومية المكلفة بالعدل تاريخ ومكان اجتياز
مباراة ولوج مهنة المفوضين القضائيين وعدد المكاتب المتبارى عليها
المذكور مدته ستة (6) اشهر.
يتلقى المفوض القضائي المتمرن اخلل مدة التكوين االسا؟سي
بالمعهد المذكور دروسا نظرية وتطبيقية ترمي الى تاهيله ملزاولة
مهام المفوض القضائي تهم على الخصوص تنظيم مهنة المفوضين
القضائيين والقواعد المسطرية المتعلقة بالتبليغ وباجراءات تنفيذ
المقررات القضائية والعقود والسندات التي لها قوة تنفيذية، وكذا
بدائرة كل محكمة ابتدائية.
تتولى االشراف على المباراة المذكورة لجنة تتالف من:
-مدير الشؤون المدنية والمهن القانونية والقضائية، بصفته رئيسا؛
-ممثل عن المجلس االعلى للسلطة القضائية؛
مختلف االجراءات القضائية االخرى.
-ممثل عن رئاسة النيابة العامة؛
اخلل تدريبه، يجب على المفوض القضائي المتمرن ان ينجز تقريرا
كل شهر عما قام به، يبعث به الى المعهد بعد التاشير عليه من قبل
-مدير المعهد الوطني لكتابة الضبط والمهن القانونية والقضائية؛
-رئيس الهيئة الوطنية للمفوضين القضائيين او من يمثله.
المفوض القضائي المشرف على التدريب.
الجريدة الرسمية2615
عدد19 - 7506 دعقلا وذ)) 19 19  19  يام ))7",Pénal,"Pénal=1, Fiscal=0, Social=0",Pénal,False
294,BO_7506_Ar,12,ar,"يحدد بقرار للسلطة الحكومية المكلفة بالعدل تاريخ ومكان اجتياز
يعد المعهد الوطني لكتابة الضبط والمهن القانونية والقضائية في
متم شهر ديسمبر من كل سنة برنامجا سنويا للتكوين المستمر لفائدة
المفوضين القضائيين بتنسيق مع مديرية الشؤون المدنية والمهن
القانونية والقضائية بوزارة العدل، والهيئة الوطنية للمفوضين
امتحان نهاية التمرين.
تتولى اللجنة المنصوص عليها في المادة االولى ااعله االشراف على
امتحان نهاية التمرين.
القضائيين.",Indéterminé,"Fiscal=0, Social=0, Administratif=0",Indéterminé,False
295,BO_7506_Ar,7,ar,"يعلن المعهد المذكور عن البرنامج السنوي للتكوين المستمر،
ويوجه نسخة منه الى رئيس الهيئة الوطنية للمفوضين القضائيين
يشتمل امتحان نهاية التمرين على اختبار كتابي واختبار شفوي.
يشتمل االختبار الكتابي على:
قصد تعميمه على المفوضين القضائيين.
-موضوع في قانون المسطرة المدنية مدته ساعتان، بمعامل 2؛
يتضمن البرنامج السنوي للتكوين المستمر، على الخصوص، ما يلي:
-انجاز اثلثة مشاريع محررات تتعلق باالجراءات امام المحاكم
-مشتاملت دورات التكوين؛
وبممارسة وسيلة من وسائل التنفيذ مدته ساعتان، بمعامل.2
-عدد المفوضين القضائيين المعنيين بالتكوين؛
يشتمل االختبار الشفوي على:
-اسئلة تتعلق بمهام المفوض القضائي واجراءاته، بمعامل 1؛
-طبيعة التكوين) حضوري - عن بعد / مركزي - جهوي (؛
-اسئلة تتعلق بمدونة تحصيل الديون العمومية، بمعامل.1
-تاريخ ومكان اجراء التكوين.",Indéterminé,"Fiscal=0, Social=0, Administratif=0",Indéterminé,False
297,BO_7506_Ar,13,ar,"يتم تقييم كل مادة بدرجات تتراوح بين 0 و 20نقطة.
يتولى المعهد الوطني لكتابة الضبط والمهن القانونية والقضائية حصر
قائمة باسماء المفوضين القضائيين المعنيين بالتكوين المستمر، ويوجه
ال يعتبر ناجحا في امتحان نهاية التمرين من حصل على اقل من 60
نقطة.
لهم استدعاءات للحضور، بكل الوسائل المتاحة، خمسة عشر(15)
يوما على االقل قبل التاريخ المحدد للتكوين المستمر.",Indéterminé,"Fiscal=0, Social=0, Administratif=0",Indéterminé,False
298,BO_7506_Ar,9,ar,"الباب الثاني
يرتب المترشحون الناجحون في امتحان نهاية التمرين حسب
االستحقاق، ويعلن عن قائمة باسمائهم بمقر المعهد الوطني لكتابة
االتعاب والتعويضات
الضبط والمهن القانونية والقضائية.",Indéterminé,"Fiscal=0, Social=0, Administratif=0",Indéterminé,False
299,BO_7506_Ar,14,ar,"الفرع الثالث
تحدد بقرار للسلطة الحكومية المكلفة بالعدل، تعريفة االتعاب
عن االعمال التي يقوم بها المفوضون القضائيون في الميادين المدنية
كيفيات تنظيم التكوين المستمر",Indéterminé,"Fiscal=0, Social=0, Administratif=0",Indéterminé,False
300,BO_7506_Ar,10,ar,"والتجارية واالدارية.
تطبيقام لقتضيات",Indéterminé,"Fiscal=0, Social=0, Administratif=0",Indéterminé,False
301,BO_7506_Ar,33,ar,"من القانون رقم 46.21 السالف الذكر،
يخضع المفوض القضائي لتكوين مستمر في اطار دورات تشتمل على
يحدد بقرار مشترك للسلطة الحكومية المكلفة بالعدل والسلطة
الحكومية المكلفة بالمالية مقدار التعويض الذي يتقاضاه المفوضون
الخصوص على ندوات ولقاءات وحلقات وورشات للتكوين، حضوري
ا
او عن بعد، كما يمكن ان تشمل زيارات ميدانية مرتبطة بموضوع
القضائيون عن مزاولة مهامهم في الميدان الجنائي.
التكوين.",Indéterminé,"Fiscal=0, Social=0, Administratif=0",Indéterminé,False
303,BO_7506_Ar,11,ar,"يحدد نموذج وصل اداء اتعاب المفوض القضائي من كناش ذي
ارومات وكذا كيفيات االداء االلكتروني بقرار للسلطة الحكومية
يخضع المفوض القضائي كل سنة، لدورة على االقل من دورات
التكوين المستمر.
المكلفة بالعدل.
فيما يلي:
الترجيح بينها ما يلي:
جهوي اخر.
 2616الجريدة الرسميةعدد19 - 7506 دعقلا وذ)) 19 19  19  يام))7
الباب الثالث
الباب الرابع
نماذج الساجلت
معايير انتقال المفوض القضائ
ي
وتحديد واجب االنخراط واالشترا
ك
واالنتقال والتامين عن المسؤولية المدنية",Indéterminé,"Fiscal=0, Social=0, Administratif=0",Indéterminé,False
304,BO_7506_Ar,20,ar,"تحدد بقرار للسلطة الحكومية المكلفة بالعدل، نماذج الساجلت
التالية:",Indéterminé,"Fiscal=0, Social=0, Administratif=0",Indéterminé,False
305,BO_7506_Ar,16,ar,"السجل الخاص بالبيانات المتعلقة بالمفوضين القضائيين
وبالكتاب المحلفين الممسوك من قبل رئيس كتابة الضبط
تحدد معايير انتقال المفوض القضائي الذي يمارس مهامه بصفة
فعلية من دائرة محكمة ابتدائية الى دائرة محكمة ابتدائية اخر
ى
بالمحكمة االبتدائية؛
-السجل الخاص باالجراءات اليومية والسجل الخاص بالعمليات
الحسابية الممسوكان من قبل المفوض القضائي؛
-التوفر على اقدمية اثلث (3) سنوات على االقل من العمل
-سجل عقود المشاركة بين المفوضين القضائيين الممسوك من قبل
المتواصل في دائرة المحكمة االبتدائية المراد االنتقال منها؛
رئيس كتابة الضبط بالمحكمة االبتدائية.
-عدم وجود خصاص بدائرة المحكمة االبتدائية المراد االنتقال منها؛
الباب الخامس
-وجود مكتب شاغر بدائرة المحكمة االبتدائية المراد االنتقال اليها.
المشاركة بين المفوضين القضائيين",Pénal,"Pénal=2, Fiscal=0, Social=0",Pénal,False
307,BO_7506_Ar,21,ar,"يبرم عقد المشاركة بين المفوضين القضائيين وفق نموذج يحدد
بقرار للسلطة الحكومية المكلفة بالعدل بعد استاطلع راي الهيئة
اذا فاقت طلبات االنتقال عدد المكاتب الشاغرة المطلوبة، يراعى في
الوطنية للمفوضين القضائيين.
الباب السادس
-االقدمية في ممارسة المهنة) نقطة عن كل سنة (؛
-االقدمية في ممارسة المهنة بدائرة المحكمة االبتدائية المراد
البذلة والبطاقة المهنية واللوحة التعريفية
االنتقال منها) نقطتان عن كل سنة (؛",Civil,"Civil=1, Fiscal=0, Social=0",Civil,False
308,BO_7506_Ar,22,ar,"تاريخ ايداع طلب االنتقال) ربع نقطة عن كل شهر.(
يحدد بقرار للسلطة الحكومية المكلفة بالعدل، شكل ومواصفات
البذلة المهنية المخصصة للمفوض القضائي، بعد استاطلع راي الهيئة",Indéterminé,"Fiscal=0, Social=0, Administratif=0",Indéterminé,False
309,BO_7506_Ar,18,ar,"الوطنية للمفوضين القضائيين.
تحدد بقرار للسلطة الحكومية المكلفة بالعدل، بناء على اقتراح
تستعمل البذلة المهنية من قبل المفوض القضائي حصرا في
الهيئة الوطنية للمفوضين القضائيين، مبالغ واجبات االنخراط
الحاالت التالية:
واالشتراك السنوي واالنتقال من دائرة مجلس جهوي الى دائرة مجلس
-جلسة اداء اليمين امام المحكمة؛
-اخلل دورات التكوين االسا؟سي والتكوين المستمر؛",Indéterminé,"Fiscal=0, Social=0, Administratif=0",Indéterminé,False
310,BO_7506_Ar,19,ar,"عند مباشرة عمليات البيع بالمزاد العلني؛
-عند المثول امام الجهة القضائية المختصة بالبت في المتابعة
تطبيقا ملقتضيات",Indéterminé,"Fiscal=0, Social=0, Administratif=0",Indéterminé,False
311,BO_7506_Ar,39,ar,"من القانون رقم 46.21 السالف
التاديبية المثارة ضد المفوض القضائي؛
الذكر، يحدد الحد االدنى للتامين عن المسؤولية المدنية للمفوض
-عند حضور الجموع العامة بناء على امر قضائي؛
القضائي عن االضرار الناتجة عن االخطاء المهنية المنسوبة اليه
اولجرائه في مليون (1.000.000.00) درهم.
-اخلل عملية االقتراع المتعلقة باالنتخابات المهنية.
الجريدة الرسمية2617
عدد19 - 7506 دعقلا وذ)) 19 19  19  يام ))7",Indéterminé,"Fiscal=0, Social=0, Administratif=0",Indéterminé,False
312,BO_7506_Ar,23,ar,"شهادة مسلمة من رئيس كتابة ضبط المحكمة االبتدائية تثبت
عدم صدور عقوبة تاديبية في حقه باستثناء عقوبة االنذار،
يحدد بقرار للسلطة الحكومية املكلفة بالعدل نموذج البطاقة
وما يثبت رد االعتبار اليه عند االقتضاء؛
المهنية المخصصة للمفوض القضائي وللكاتب المحلف، بعد استاطلع
-البطاقة رقم 3 من السجل العدلي.
راي الهيئة الوطنية للمفوضين القضائيين.
الفرع الثاني",Pénal,"Pénal=2, Fiscal=0, Social=0",Pénal,False
313,BO_7506_Ar,24,ar,"كيفيات التصويت وفرز االصوا
ت
ونموذج محاضر انتخاب رئيس الهيئة الوطني
ة
يحدد بقرار للسلطة الحكومية المكلفة بالعدل، شكل اللوحة التي
يتعين على المفوض القضائي ان يعلقها خارج البناية التي يوجد بها
للمفوضين القضائيين
مكتبه او داخلها وكذا البيانات التي تتضمنها، بعد استاطلع راي الهيئة",Administratif,"Administratif=1, Fiscal=0, Social=0",Administratif,False
314,BO_7506_Ar,26,ar,"الوطنية للمفوضين القضائيين.
يضع المكتب التنفيذي للهيئة الوطنية للمفوضين القضائيين رهن
الباب السابع
اشارة اللجنة المشرفة على سير العملية االنتخابية ما يلي:
نموذج التصريح بالترشيحم لنصب رئي
س
-ا لئحة باسماء الناخبين؛
الهيئة الوطنية للمفوضين القضائيي
ن
-ا لئحة باسماء المترشحين والمترشحاتم لنصب رئيس الهيئة الوطنية؛
وكيفيات التصويت وفرز االصوا
ت
ونموذج محاضر انتخاب رئيس الهيئة الوطنية
-اوراق التصويت تحمل خاتم الهيئة الوطنية للمفوضين القضائيين
وتتضمن اسماء المترشحينم لنصب رئيس الهيئة الوطنية؛
الفرع االول
-صناديق اقتراع شفافة.
نموذج التصريح بالترشيحم لنصب رئيس الهيئة الوطني
ة",Administratif,"Administratif=1, Fiscal=0, Social=0",Administratif,False
315,BO_7506_Ar,27,ar,"للمفوضين القضائيين والوثائق التي يتعين ارفاقها به
تقوم اللجنة المشرفة على سير العملية االنتخابية بافتتاح االقتراع",Indéterminé,"Fiscal=0, Social=0, Administratif=0",Indéterminé,False
316,BO_7506_Ar,25,ar,"في الساعة المحددة في المقرر الصادر عن المكتب التنفيذي للهيئة.
واذا تعذر ذلك لسبب قاهر وجب االشارة الى ذلك في محضر العمليات
تطبيقا ملقتضيات",Indéterminé,"Fiscal=0, Social=0, Administratif=0",Indéterminé,False
317,BO_7506_Ar,129,ar,"من القانون رقم 46.21 السالف
االنتخابية.
الذكر، يودع المفوض القضائي المترشح ملنصب رئيس الهيئة الوطنية
للمفوضين القضائيين تصريحه بالترشيح  وفق نموذج يحدد بقرار
يفتح رئيس اللجنة المشرفة على سير العملية االنتخابية صندوق
االقتراع في الساعة المحددة للشروع في االقتراع، ثم يقوم بااغلقه
بقفلين او ماغلقين متباينين، يحتفظ بمفتاح احدهما ويسلم االخر
للسلطة الحكومية المكلفة بالعدل.
يرفق المترشح تصريحه بالترشيح بالوثائق التالية:
الى المقرر.
-شهادة مسلمة من رئيس المجلس الجهوي الذي ينتمي اليه تثبت",Indéterminé,"Fiscal=0, Social=0, Administratif=0",Indéterminé,False
318,BO_7506_Ar,28,ar,"توفره على صفة ناخب، وكونه رئيسا ملجلس جهوي سابق او قائم
تتم عملية التصويت كما يلي:
او عضوا في مكتبه، وفي حالة ترشح رئيس المجلس الجهوي المذكور
-يقدم الناخب عند دخوله قاعة التصويت ما يثبت هويته؛
فتسلم له الشهادة من قبل الكاتب العام للمجلس؛
-تتحقق اللجنة المشرفة على سير العملية االنتخابية من وجود
-شهادة مسلمة من السلطة الحكومية المكلفة بالعدل تثبت
اسمه فيا لئحة الناخبين؛
ممارسته المهنة بصفة فعلية ملدة ال تقل عن خمس عشرة (15)
سنة؛
-ياخذ كل ناخب ورقة تصويت واحدة؛
-يدخل الناخب الى المعزل، ويصوت بوضع اعلمة امام اسم المترشح
الذي يختاره؛
-يقوم الناخب بطي ورقة التصويت قبل الخروج من المعزل،
ويودعها بنفسه في صندوق االقتراع ثم يوقع مقابل اسمه فيا لئحة
الناخبين.",Indéterminé,"Fiscal=0, Social=0, Administratif=0",Indéterminé,False
319,BO_7506_Ar,29,ar,"تنتهي عملية التصويت في الوقت المحدد في المقرر الصادر عن
المكتب التنفيذي للهيئة، ويعلن عن ذلك في مكان االقتراع، اول يقبل
بعد ذلك اي تصويت.",Indéterminé,"Fiscal=0, Social=0, Administratif=0",Indéterminé,False
320,BO_7506_Ar,30,ar,"تغلق ابواب مكتب التصويت مباشرة بعد انتهاء عملية التصويت،
اول يمكن دخول او خروج اي شخص اال بعد االنتهاء من عملية الفرز
وتحرير محاضر بذلك.",Indéterminé,"Fiscal=0, Social=0, Administratif=0",Indéterminé,False
321,BO_7506_Ar,31,ar,"يقوم رئيس اللجنة المشرفة على العملية االنتخابية، فور انتهاء
عملية التصويت، بفتح صندوق االقتراع امام انظار ممثلي المترشحين
الحاضرين، واحصاء اوراق التصويت الموجودة بالصندوق للتاكد
من مطابقتها لعدد المصوتين، ثم تقوم اللجنة بفرزها حسب التصنيف
التالي:
-االوراق المعتبرة صحيحة؛
-االوراق الملغاة؛
-االوراق المتنازع بشانها.",Indéterminé,"Fiscal=0, Social=0, Administratif=0",Indéterminé,False
322,BO_7506_Ar,32,ar,"تقوم اللجنة المشرفة على العملية االنتخابية باحصاء عدد
االصوات التي حصل عليها كل مترشح.",Indéterminé,"Fiscal=0, Social=0, Administratif=0",Indéterminé,False
324,BO_7506_Ar,136,ar,"من القانون رقم 46.21 السالف
الذكر، تحرر اللجنة المشرفة على سير العملية االنتخابية في اثلثة
نظائر محضرا بالعمليات االنتخابية وفق نموذج يحدد بقرار للسلطة
الحكومية المكلفة بالعدل.
 2618الجريدة الرسميةعدد19 - 7506 دعقلا وذ)) 19 19  19  يام))7
الباب الثامن
نموذج التصريح بالترشيحم لنصب رئيس المجلس الجهوي
للمفوضين القضائيين وعضوية مكتبه وكيفيات التصويت
وفرز االصوات ونموذج محاضر االنتخاب
الفرع االول
نموذج التصريح بالترشيحم لنصب رئيس المجلس الجهوي
للمفوضين القضائيين وعضوية مكتب
ه
والوثائق التي يتعين ارفاقها به",Indéterminé,"Fiscal=0, Social=0, Administratif=0",Indéterminé,False
326,BO_7506_Ar,151,ar,"من القانون رقم 46.21 السالف
الذكر، يودع المفوض القضائي المترشحم لنصب رئيس المجلس الجهوي
للمفوضين القضائيين او لعضوية مكتبه تصريحه بالترشيح وفق
نموذج يحدد بقرار للسلطة الحكومية المكلفة بالعدل.
يرفق المترشح تصريحه بالترشيح بالوثائق التالية:
-شهادة مسلمة من رئيس المجلس الجهوي الذي ينتمي اليه تثبت
توفره على صفة ناخب؛
-شهادة مسلمة من السلطة الحكومية المكلفة بالعدل تثبت
ممارسته المهنة بصفة فعلية ملدة ال تقل عن عشر (10) سنوات
بالنسبة للمترشح ملنصب رئيس املجلس الجهوي، مولدة ال تقل
عن خمس (5) سنوات بالنسبة للمترشح لعضوية مكتب المجلس
الجهوي؛
-شهادة مسلمة من رئيس كتابة ضبط المحكمة االبتدائية تثبت
عدم صدور عقوبة تاديبية في حقه باستثناء عقوبة االنذا
ر
او التوبيخ، وما يثبت رد االعتبار  اليه عند االقتضاء؛
-البطاقة رقم 3 من السجل العدلي.
الفرع الثاني
كيفيات التصويت وفرز االصوات ونموذج محاضر انتخا
ب
رئيس واعضاء مكتب المجلس الجهوي للمفوضين القضائيين",Pénal,"Pénal=2, Fiscal=0, Social=0",Pénal,False
327,BO_7506_Ar,35,ar,"يضع مكتب المجلس الجهوي للمفوضين القضائيين رهن اشارة
اللجنة المشرفة على سير العملية االنتخابية ما يلي:
-ا لئحة باسماء الناخبين؛
-الئحة باسماء المترشحين والمترشحات ملنصب رئيس المجلس
الجهوي اولئحة باسماء المترشحين والمترشحات لعضوية مكتب
المجلس الجهوي؛
-اوراق التصويت تحمل خاتم المجلس الجهوي وتتضمن اسماء
المترشحين ملنصب رئيس المجلس الجهوي، واخرى تتضمن اسماء
المترشحين لعضوية مكتب المجلس؛
-صناديق اقتراع شفافة.",Indéterminé,"Fiscal=0, Social=0, Administratif=0",Indéterminé,False
328,BO_7506_Ar,36,ar,"تقوم اللجنة المشرفة على سير العملية االنتخابية بافتتاح االقتراع
في الساعة المحددة في المقرر الصادر عن مكتب المجلس الجهوي.
واذا تعذر ذلك لسبب قاهر وجب االشارة الى ذلك في محضر العمليات
االنتخابية.
يفتح رئيس اللجنة المشرفة على سير العملية االنتخابية صندوق
االقتراع الخاص بانتخاب رئيس المجلس الجهوي والصندوق الخاص
بانتخاب اعضاء مكتبه، ثم يقوم بااغلق كل واحد منهما بقفلي
ن
او ماغلقين متباينين، يحتفظ بمفتاح كل واحد منهما ويسلم االخر الى
المقرر.",Indéterminé,"Fiscal=0, Social=0, Administratif=0",Indéterminé,False
329,BO_7506_Ar,37,ar,"تتم عملية التصويت كما يلي:
-يقدم الناخب عند دخوله قاعة التصويت ما يثبت هويته؛
-تتحقق اللجنة المشرفة على سير العملية االنتخابية من وجود
اسمه فيا لئحة الناخبين؛
-ياخذ كل ناخب ورقة تصويت خاصة بانتخاب رئيس المجلس
الجهوي، واخرى خاصة بانتخاب اعضاء مكتب المجلس الجهوي؛
-يدخل الناخب الى المعزل، ويصوت بوضع اعلمة امام اسم المترشح
الذي يختاره ملنصب رئيس المجلس الجهوي واعلمة امام اسم
المترشح الذي يختاره لعضوية مكتب المجلس الجهوي؛
-يقوم الناخب بطي ورقتي االقتراع قبل الخروج من المعزل ويودع
بنفسه كل واحدة في صندوق االقتراع الخاص بها ثم يوقع مقابل
اسمه فيا لئحة الناخبين.",Indéterminé,"Fiscal=0, Social=0, Administratif=0",Indéterminé,False
330,BO_7506_Ar,38,ar,"تنتهي عملية التصويت في الوقت المحدد في مقرر مكتب المجلس
الجهوي، ويعلن عن ذلك في مكان االقتراع، اول يقبل بعد ذلك اي
تصويت.
الجريدة الرسمية2619
عدد19 - 7506 دعقلا وذ)) 19 19  19  يام ))7",Indéterminé,"Fiscal=0, Social=0, Administratif=0",Indéterminé,False
331,BO_7506_Ar,39,ar,"تغلق ابواب مكتب التصويت مباشرة بعد انتهاء عملية االقتراع،
اول يمكن دخول او خروج اي شخص اال بعد االنتهاء من عملية الفرز
وتحرير محاضر بذلك.",Indéterminé,"Fiscal=0, Social=0, Administratif=0",Indéterminé,False
332,BO_7506_Ar,40,ar,"يقوم رئيس اللجنة المشرفة على سير العملية االنتخابية، فور انتهاء
عملية التصويت، ااول بفتح صندوق االقتراع الخاص بانتخاب اعضاء
مكتب المجلس الجهوي امام انظار ممثلي المترشحين الحاضرين،
واحصاء اوراق التصويت الموجودة بالصندوق للتاكد من مطابقتها
لعدد المصوتين، ثم تقوم اللجنة بفرزها حسب التصنيف التالي:
-االوراق المعتبرة صحيحة؛
-االوراق الملغاة؛
-االوراق المتنازع بشانها.
كما تقوم اللجنة باحصاء عدد االصوات التي حصل عليها كل
مترشح لعضوية مكتب المجلس الجهوي.",Indéterminé,"Fiscal=0, Social=0, Administratif=0",Indéterminé,False
333,BO_7506_Ar,41,ar,"يتم فتح صندوق االقتراع الخاص بانتخاب رئيس المجلس الجهوي
واحصاء وفرز اوراق التصويت وكذا عدد االصوات التي حصل عليها
كل مترشح وفق مقتضيات",Indéterminé,"Fiscal=0, Social=0, Administratif=0",Indéterminé,False
336,BO_7506_Ar,163,ar,"من القانون رقم 46.21 السالف الذكر،
تحرر اللجنة المشرفة على سير العملية االنتخابية المحاضر المتعلقة
بانتخاب كل من رئيس المجلس الجهوي واعضاء مكتبه في اثلثة نظائر
وفق نموذج يحدد بقرار للسلطة الحكومية المكلفة بالعدل.
الباب التاسع
مقتضيات ختامية",Indéterminé,"Fiscal=0, Social=0, Administratif=0",Indéterminé,False
338,BO_7506_Ar,113,ar,"من القانون رقم 46.21
السالف الذكر، السلطة الحكومية المكلفة بالعدل.",Indéterminé,"Fiscal=0, Social=0, Administratif=0",Indéterminé,False
339,BO_7506_Ar,44,ar,"ينسخ ابتداء من تاريخ نشر هذا المرسوم بالجريدة الرسمية
المرسوم رقم 2.08.372 الصادر في 28 من شوال 1429
 (28 اكتوبر 2008) بتطبيق احكام القانون رقم 81.03 بتنظيم مهنة
المفوضين القضائيين.",Indéterminé,"Fiscal=0, Social=0, Administratif=0",Indéterminé,False
340,BO_7506_Ar,45,ar,"يسند تنفيذ هذا المرسوم، الذي ينشر في الجريدة الرسمية، الى
وزير العدل والوزير المنتدب لدى وزيرة االقتصاد والمالية المكلف
بالميزانية، كل واحد منهما فيما يخصه.
وحرر بالرباط في 28 من شوال 1447 (16 ابريل 2026)
االمضاء : عزيز اخنوش.
وقعه بالعطف:
وزير العدل،
االمضاء : عبد اللطيف وهبي.
الوزير المنتدب لدى وزيرة االقتصاد والمالي
ة
المكلف بالميزانية،
االمضاء : فوزي لقجع.
ذي القعدة 1447 (22 ابريل 2026)
مرسوم رقم 2.26.23 صادر في4
بتغيير وتتميم المرسوم رقم 2.14.377
الصادر في 28 من
شوال 1435 (25 اغسطس 2014) باعادة تنظيم المعهد العالي
للصيد البحري.
رئيس الحكومة،
بعد االاطلع على المرسوم رقم 2.14.377
الصادر في 28 من
شوال 1435 (25 اغسطس 2014) باعادة تنظيم المعهد العالي للصيد
البحري اول سيما المواد 3 و 4و 5و 6و 7و 8و 9و 11و) 12الفقرة
االولى (و 15منه؛
وباقتراح من وزير الافلحة والصيد البحري والتنمية القروية
والمياه والغابات؛
وبعد استاطلع راي مجلس التنسيق بتاريخ 11 ابريل 2025 وراي
اللجنة الوطنية لتنسيق التعليم العالي بتاريخ 25 ابريل 2025؛
وبعد المداولة في مجلس الحكومة المنعقد بتاريخ 14
من شوال1447
 (2 ابريل 2026)،
 2620الجريدة الرسميةعدد19 - 7506 دعقلا وذ)) 19 19  19  يام))7
رسم ما يلي:
المادة االولى
تغير وتتمم، على النحو التالي، مقتضيات المواد 3 و 4و 5و 6و 7
و 8و 9و 11و) 12الفقرة االولى (و 15من المرسوم المشار اليه ااعله
رقم 2.14.377 الصادر في 28 من شوال 1435 (25 اغسطس 2014)
«المادة - .3 ينظم التكوين ................................................. ووحدات.
«وتحدد ااسلك التكوين بالمعهد في االاسلك التالية:
- «االجازة؛
- «الماستر؛
- «المهندس؛
- «الدكتوراه.
«يتم ترصيد الوحدات المكتسبة في هذه التكوينات وفق االرصدة
«القياسية المخصصة لها.
«يعد الرصيد القيا؟سي قيمة عددية متناسبة مع حجم العمل
«المطلوب من الطالب، من الوقت االلزم للدراسة والعمل الشخظصي،
«وكذا التقييم بهدف اكتساب المعارف والكفايات المتوخاة من وحدات
«الفصول الدراسية.
«يخصص لكل فصل درا؟سي 30 رصيدا قياسيا .ويحدد عدد
«االرصدة القياسية المخصصة لكل وحدة وكيفيات توزيعها على
«الفصول الدراسية بسلك التكوين المعني في دفاتر الضوابط
«البيداغوجية الوطنية ودفتر الضوابط العلمية والبيداغوجية
«الوطنية المنصوص عليها في المادتين 7 و 9ادناه.
«تلقن التكوينات بالمعهد حضوريا، ويمكن اللجوء الى التكوين ع
ن
«بعد او بالتناوب، وذلك طبقا للنصوص التشريعية والتنظيمية
«الجاري بها العمل.
«المادة - .4 يتولى المعهد .......................................... الوطنية التالية:
- «االجازة؛
- «الماستر؛
الجريدة الرسمية2621
عدد19 - 7506 دعقلا وذ)) 19 19  19  يام ))7
- «مهندس الدولة؛
«المادة - .11 يصادق على دفاتر الضوابط البيداغوجية الوطنية
«ودفتر الضوابط العلمية والبيداغوجية الوطنية بقرارات مشتركة
«للسلطة الحكومية المكلفة بالصيد البحري والسلطة الحكومية المكلفة
- «الدكتوراه.
«ترفق كل شهادة وطنية بملحق لها يسمى« ملحق الشهادة .»
«ويتضمن، على الخصوص، معلومات مفصلة حول مسار التكوين
«االكاديمي للطالب، بما في ذلك االنشطة البيداغوجية والعلمية
«بالتعليم العالي بناء.
...............................................................................
......................«لتنسيق التعليم العالي.
«والثقافية والفنية والرياضية وباقي االنشطة الموازية.
«المادة) 12 الفقرة االولى - .(تحدد الئحة المسالك المعتمدة بالمعهد
«بقرار مشترك للسلطة الحكومية المكلفة بالصيد البحري والسلطة
«وتحدد نماذج الشهادات الوطنية سالفة الذكر واملحقها بقرار
«للسلطة الحكومية المكلفة بالصيد البحري .وتوقع على الشهادات
«المذكورة ااعله كل من السلطة الحكومية المكلفة بالصيد البحري
«الحكومية المكلفة بالتعليم العالي بعد استاطلع.
..............................
«التعليم العالي».
«ومدير المعهد.
«المادة - .15 يعين المديران المساعدان ................................... من بين
«المادة - .5
يستغرق سلك االجازة.....................................................
«اساتذة التعليم العالي او االساتذة المحاضرين المؤهلين:
................................................«على مرحلتين:
.................................................«
- «تستغرق المرحلة االولى .................................................................
«بدبلوم الدراسات الجامعية العامة؛
)الباقيا ل تغيير فيه(.
- «تستغرق المرحلة الثانية ....................................................... بعد
«دبلوم الدراسات الجامعية العامة او شهادة وطنية من نفس",Fiscal,"Fiscal=1, Urbain=1, Social=0",Fiscal,False
341,BO_7506_Ar,الثانية,ar,"تتمم، على النحو التالي، مقتضيات المرسوم المشار اليه ااعل
ه
«المستوى او شهادة معترف بمعادلتها لها، وتتوج بشهادة االجازة.
رقم 2.14.377 ب",Indéterminé,"Fiscal=0, Social=0, Administratif=0",Indéterminé,False
342,BO_7506_Ar,6,ar,"المكررة:
«المادة - .6 يستغرق سلك الماستر اربعة فصول بعد شهادة االجازة
«او شهادة االجازة في الدراسات االساسية او شهادة االجازة المهني
ة
«او شهادة وطنية................................................................، ويتوج هذا
«",Indéterminé,"Fiscal=0, Social=0, Administratif=0",Indéterminé,False
343,BO_7506_Ar,6,ar,"المكررة - .يستغرق سلك المهندس ستة فصول بعد االقسام
«التحضيرية العلمية والتكنولوجية واجتياز بنجاح المباراة الوطنية
«الللتحاق ببعض مؤسسات تكوين المهندسين، ويفتح هذا السلك
«السلك بشهادة الماستر.
«ايضا، في وجه الحاصلين على دبلوم الدراسات الجامعية العامة،
«او دبلوم الدراسات الجامعية المهنية، او شهادة وطنية من نفس
«المستوى او شهادة معترف بمعادلتها لها، وذلك في ميادين التكوين
«بالمعهد، او الحاصلين على شهادة االجازة او شهادة االجازة في
«الدراسات االساسية او شهادة االجازة المهنية او شهادة االجازة
«في العلوم والتقنيات او شهادة وطنية من نفس المستوى او شهادة
«المادة - .7 تحدد دفاتر .............................................. سلك االجازة
«وسلك الماستر وسلك المهندس ما يلي:
.................................................«
)الباقيا ل تغيير فيه(.
«المادة - .8 يستغرق سلك الدكتوراه اثلث سنوات، بعد شهادة
«الماستر او شهادة الماستر المتخصص او دبلوم مهندس الدولة، او احد
ى
«الشهادات الوطنية المحددةا لئحتها بقرار مشترك للسلطة الحكومية
«معترف بمعادلتها لها، وذلك في ميادين التكوين بالمعهد.
«ويتوج هذا السلك بدبلوم مهندس الدولة».
«المكلفة بالصيد البحري والسلطة الحكومية المكلفة بالتعليم العالي.
....
..................................«بشهادة الدكتوراه.
المادة الثالثة
«يمكن، بصفة استثنائية، تمديد هذه المدة لسنة او سنتين او اثلث
«سنوات على االكثر وفق الشروط الواردة في دفتر الضوابط العلمية
تدخل مقتضيات هذا المرسوم حيز التنفيذ ابتداء من السنة
الدراسية.2025-2024
«والبيداغوجية الوطنية المنصوص عليه في",Indéterminé,"Fiscal=0, Social=0, Administratif=0",Indéterminé,False
344,BO_7506_Ar,9,ar,"بعده.
غير ان الطلبة المسجلين بانتظام قبل السنة الدراسية 2025-2024
لتحضير شهادة االجازة في الدراسات االساسية او شهادة االجازة
المهنية او شهادة الماستر او شهادة الماستر المتخصص او شهادة
الدكتوراه، يظلون خاضعين ملقتضيات المرسوم رقم 2.14.377
«المادة - .9 يحدد دفتر الضوابط العلمية والبيداغوجية الوطنية
«لسلك الدكتوراه:
.................................................«
)الباقيا ل تغيير فيه(.
الجاري به العمل قبل دخول هذا المرسوم حيز التنفيذ.
 2622الجريدة الرسميةعدد19 - 7506 دعقلا وذ)) 19 19  19  يام))7
المادة الرابعة
واستاطلع راي المجلس الوطني للصيد وتربية االحياء المائية في
المياه البرية، المنعقد بتاريخ 29 يناير 2025؛
يسند تنفيذ هذا المرسوم، الذي ينشر بالجريدة الرسمية، الى
وزير الافلحة والصيد البحري والتنمية القروية والمياه والغابات
ووزير التعليم العالي والبحث العلمي واالبتكار والوزير المنتدب لدى
وزيرة االقتصاد والمالية المكلف بالميزانية والوزيرة المنتدبة لدى رئيس
الحكومة المكلفة باالنتقال الرقمي وااصلح االدارة، كل واحد منهم
وبعد المداولة في مجلس الحكومة المنعقد بتاريخ 22
من
رمضان 1447 (12 مارس 2026)،
رسم ما يلي:
الباب االول
مقتضيات عامة
فيما يخصه.
وحرر بالرباط في 4 ذي القعدة 1447 (22 ابريل 2026)
المادة االولى
االمضاء : عزيز اخنوش.
يراد باالدارة المكلفة بالمياه والغابات المشار اليها في القسم االول
والثاني وفي الفصل 34 من الظهير الشريف المشار اليه ااعله الصادر
في 12 من شعبان 1340 (11 ابريل 1922)، الوكالة الوطنية للمياه
وقعه بالعطف:
وزير الافلحة والصيد البحري والتنمي
ة
والغابات، ويشار اليها في ما يلي باسم« الوكالة.»
القروية والمياه والغابات،",Fiscal,"Fiscal=1, Social=0, Administratif=0",Fiscal,False
345,BO_7506_Ar,2,ar,"االمضاء : احمد البواري.
يراد في مدلول هذا المرسوم بالمصطلحات االتية ما يلي :
وزير التعليم العالي والبحث العلمي واالبتكار،
- 1استئجار حق الصيد في المياه البرية : العقد الذي تمنح بموجبه
الوكالة، لفائدة شخص ذاتي او اعتباري، حق ممارسة الصيد في المياه
االمضاء : عز الدين المداوي.
البرية الغراض تجارية او ترفيهية بشكل مؤقت ومقابل اداء اتاوة،
الوزير المنتدب لدى وزيرة االقتصا
د
في وسط مائي معين او من اجل صيد اصناف مائية خاصة؛
والمالية المكلف بالميزانية،
- 2منافسة او مباراة في الصيد الرياعضي : تظاهرة تنظم في وقت
محدد تهدف الى تنظيم سباق في الصيد في المياه البرية، وفق برنامج
االمضاء : فوزي لقجع.
معد سلفا وعدد محدد من المشاركين؛
الوزيرة المنتدبة لدى رئيس الحكوم
ة
- 3الصيد غير القاتل : عملية صيد تقتغضي اعادة االسماك، مهما
كان حجمها، حية وطليقة مباشرة بعد صيدها، الى نفس الوسط المائي
المكلفة باالنتقال الرقمي وااصلح االدارة،
االمضاء : امل الافلح.
الذي تم صيدها فيه.
الباب الثاني
رخص الصيد في المياه البرية
ذي القعدة1447
مرسوم رقم 2.23.968
صادر في5
 (23 ابريل 2026) يتعلق بممارسة الصيد في المياه البرية",Indéterminé,"Fiscal=0, Social=0, Administratif=0",Indéterminé,False
346,BO_7506_Ar,3,ar,"رئيس الحكومة،
بناء على الظهير الشريف الصادر في 12
من شعبان1340
 (11 ابريل 1922) بشان الصيد وتربية االحياء المائية في المياه البرية،
كما تم تغييره وتتميمه، ال سيما احكام الفصول 2 و 5-2و 9-2و 10-2
تسلم رخصة الصيد في المياه البرية المنصوص عليها في الفصل الثاني
من الظهير الشريف السالف الذكر الصادر في 12 من شعبان 1340
(11 ابريل 1922)، من قبل الوكالة او من قبل مستاجر حق الصيد
او من قبل منظم الصيد السياحي تحت مراقبة الوكالة .
و 11-2و 12-2و 13-2و 14-2و 15-2و 3و 4و 5و 1-8و 34منه؛",Indéterminé,"Fiscal=0, Social=0, Administratif=0",Indéterminé,False
347,BO_7506_Ar,4,ar,"وعلى القانون رقم 52.20 المتعلق باحداث الوكالة الوطنية للمياه
والغابات، الصادر بتنفيذه الظهير الشريف رقم 1.21.71 بتاريخ 3 ذي
الحجة 1442 (14 يوليو 2021)، كما تم تغييره، اول سيما المادتين 3
تحدد فئات رخص الصيد في المياه البرية على النحو االتي:
- 1بالنسبة لرخص الصيد التجاري:
-الرخصة ا : تخول الحق في ممارسة الصيد الصغير المنصوص عليه
في الفصل الثالث من الظهير الشريف السالف الذكر الصادر في
و 5منه؛
وبعد استاطلع راي الوكالة الوطنية للمياه والغابات؛
12من شعبان 1340 (11 ابريل 1922)،ا لغراض تجارية؛
- 2بالنسبة لرخص الصيد الترفيهي:
-الرخصة ب : 1-تخول الحق في ممارسة الصيد في المياه التي تحتوي
على السلمونيات؛
-الرخصة ب : 2-تخول الحق في ممارسة الصيد في االوساط المائية
المفتوحة للصيد، باستثناء المياه التي تحتوي على السلمونيات؛
-الرخصة ب : 3-تخول الحق في ممارسة الصيد في المسطحات
المائية المخصصة اللستزراع؛
- 3بالنسبة لرخص الصيد التربوي:
-الرخصة ج : تخول حق ممارسة الصيد اللشخاص المستفيدين
من تكوين في الصيد البالغين اقل من ثمانية عشرة (18)
 سنة،
في تاريخ ايداع طلب الحصول على الرخصة .",Indéterminé,"Fiscal=0, Social=0, Administratif=0",Indéterminé,False
348,BO_7506_Ar,5,ar,تسلم الرخصة- ا -المنصوص عليها في البند (1 من,Indéterminé,"Fiscal=0, Social=0, Administratif=0",Indéterminé,False
349,BO_7506_Ar,4,ar,"ااعله
ملوسم صيد واحد .وتكون صالحة، فقط، من اجل ممارسة الصيد
الهداف تجارية في الوسط المائي المبين فيها.
في حالة ممارسة هذا الصيد بواسطة قارب، وجبت االشارة،
في رخصة الصيد، الى مراجع تسجيل القارب المستعمل.
تسلم رخصة الصيد الترفيهي ورخصة الصيد التربوي المنصوص
عليهما في البندين (2 و (3من",Indéterminé,"Fiscal=0, Social=0, Administratif=0",Indéterminé,False
350,BO_7506_Ar,4,ar,"ااعله،م لوسم صيد واحد او لفترة
او فترات صيد محددة اخلل موسم الصيد المذكور.",Indéterminé,"Fiscal=0, Social=0, Administratif=0",Indéterminé,False
351,BO_7506_Ar,6,ar,"تسلم رخصة الصيد الترفيهي) ب 1-و ب 2-و ب(3-، حسب نوع
الصيد الممارس، لفئات الصيادين التالية :
-الصيادون الكبار البالغون ثمانية عشرة (18) سنة فما فوق في
تاريخ ايداع طلب الحصول على الرخصة؛
-والصيادون الشباب الذين تقل اعمارهم عن ثمانية عشرة (18)
سنة في تاريخ ايداع طلب الحصول على الرخصة؛
-الصيادون االجانب غير المقيمين.
تسلم رخصة الصيد الترفيهي التي تشمل موسم صيد واحد،
مباشرة، من قبل الوكالة الى المستفيدين.
تسلم رخصة الصيد الترفيهي التي تشمل فترة صيد واحدة او اكثر
اخلل موسم صيد واحد، مباشرة من قبل الوكالة، او من قبل مستاجر
حق الصيد الترفيهي او من قبل منظم الصيد السياحي المعتمد.
الجريدة الرسمية2623
عدد19 - 7506 دعقلا وذ)) 19 19  19  يام ))7",Indéterminé,"Fiscal=0, Social=0, Administratif=0",Indéterminé,False
352,BO_7506_Ar,7,ar,"تسلم رخصة الصيد التربوي) الرخصة ج (الى المستفيدين من
التكوين في الصيد المنصوص عليه في الفصل 2-11 من الظهير الشريف
السالف الذكر الصادر في 12 من شعبان 1340 (11 ابريل 1922) من
قبل الوكالة او من قبل مستاجر حق الصيد المعني عندما يتوفر هذا
االخير على مدرسة معتمدة للصيد، وذلك وفق الكيفيات المحددة في
دفتر التحاملت المشار اليه في",Indéterminé,"Fiscal=0, Social=0, Administratif=0",Indéterminé,False
353,BO_7506_Ar,27,ar,"ادناه.
الباب الثالث
استئجار حق الصيد
الفرع االول
منح استئجار حق الصيد في اطار طلب المنافسة",Social,"Social=1, Fiscal=0, Administratif=0",Social,False
354,BO_7506_Ar,8,ar,"ملنح استئجار حق الصيد في اطار طلب المنافسة، ومن اجل تطبيق
احكام الفصل 2-5
من الظهير الشريف السالف الذكر الصادر في
12من شعبان 1340 (11 ابريل 1922)، يؤخذ بعين االعتبار ما يلي:
-طبيعة المشروع المقدم ومحتواه ومدى امكانية انجازه، وكذا مدى
اندماجه ضمن سلسلة الصيد في المياه البرية؛
-البرنامج المرتقب للتهيئة السمكية من اجل تدبير مستدام للموارد
السمكية داخل الوسط المستاجر فيه حق الصيد، بما في ذلك
عدد اليرقات المخصصة الستزراع الوسط المذكور، وكذا التنوع
البيولوجي المائي الذي يزخر به هذا الوسط؛
-الوسائل البشرية، ال سيما اشراك الساكنة المحلية، وكذا
الوسائل المادية والتنظيمية المزمع تعبئتها لضمان استاغلل
مستدام للوسط المستاجر فيه حق الصيد، بما في ذلك بنيات
تثمين المصطادات؛
-االستثمارات المرتقبة قصد االسهام في تنمية السياحة
االيكولوجية، خاصة ما يتعلق منها بااليواء والتنشيط عندما
يتعلق االمر باستئجار حق الصيد الترفيهي؛
-انعكاسات المشروع السوسيو-اقتصادية، بما في ذلك خلق فرص
الشغل على المستوى المحلي؛
-تجربة صاحب الطلب في مجال الصيد في المياه البرية؛
-االنشطة المبرمجة للتحسيس والتربية البيئية، بما في ذلك المساهمة
في تكوين الصيادين الشباب، عندما يتعلق االمر باستئجار حق
الصيد الترفيهي؛
-مبلغ االتاوة السنوية المقترحة.",Social,"Social=1, Fiscal=0, Administratif=0",Social,False
355,BO_7506_Ar,9,ar,"ينشر ااعلن طلب المنافسة واحد وعشرون (21) يوما، على االقل،
قبل التاريخ المحدد لدراسة ملفات المترشحين .وينشر هذا االاعلن
في جريدة واحدة او اكثر من الجرائد واسعة االنتشار على الصعيد
الوطني .ويمكن، عند االقتضاء، نشره على الموقع االلكتروني للوكالة
او بكل وسيلة اخرى يراها المدير العام للوكالة مناسبة.",Indéterminé,"Fiscal=0, Social=0, Administratif=0",Indéterminé,False
356,BO_7506_Ar,10,ar,"تضع المصلحة المختصة التابعة للوكالة التي يوجد الوسط المراد
استئجار حق الصيد فيه ضمن نفوذها ملف استشارة رهن اشارة
المترشحين .ويتضمن هذا الملف:
- مطبوع الطلب يعد وفق النموذج الذي توفره المصلحة المختصة
المذكورة او المتوفر على الموقع االلكتروني للوكالة؛
-المبلغ االدنى اللتاوة السنوية المحددة بالنسبة للوسط المراد
استئجار حق الصيد فيه؛
-كل وثيقة تمكن من تحديد هوية المترشح؛
-مبلغ الضمانة المالية المؤقتة المطلوب؛
-مشروع دفتر التحاملت المتعلق باستئجار حق الصيد والمنصوص
عليه في الفصل 5-2 من الظهير الشريف السالف الذكر الصادر
في 12 من شعبان 1340 (11 ابريل 1922) يعد وفق النموذج
المحدد بقرار للسلطة الحكومية المكلفة بالمياه والغابات.",Indéterminé,"Fiscal=0, Social=0, Administratif=0",Indéterminé,False
357,BO_7506_Ar,11,ar,تودع ملفات الترشح لدى المصلحة المختصة المشار اليها في,Indéterminé,"Fiscal=0, Social=0, Administratif=0",Indéterminé,False
358,BO_7506_Ar,10,ar,"ااعله، في حامل ورقي او بطريقة الكترونية .ويتكون كل ملف على
حدة من جزء اداري وجزء تقني، وعرض المي.",Indéterminé,"Fiscal=0, Social=0, Administratif=0",Indéterminé,False
359,BO_7506_Ar,12,ar,"تتولى لجنة تقنية يعينها المدير العام للوكالة دراسة وتقييم ملفات
الترشح المودعة.
تعد اللجنة، عقب انتهاء اشغالها، تقريرا معالل يتضمن ترتيب
المترشحين ومقترحات منح استئجار حق الصيد.
ويتم منح استئجار حق الصيد داخل وسط مائي معين بموجب
عقد استئجار يتم ابرامه بين الوكالة، ممثلة في شخص مديرها العام،
والمترشح المقبول.
 2624الجريدة الرسميةعدد19 - 7506 دعقلا وذ)) 19 19  19  يام))7
الفرع الثاني
منح استئجار حق الصيد بالتراعضي",Social,"Social=3, Civil=1, Fiscal=0",Social,False
360,BO_7506_Ar,13,ar,"يقتصر منح استئجار حق الصيد بالتراعضي على تعاونيات الصيادين
او جمعيات الصيد، المنصوص عليه في الفصل 2-5 من الظهير الشريف
السالف الذكر الصادر في 12
من شعبان 1340 (11 ابريل 1922)،
على االوساط المائية المخصصة اللغراض التالية:
-تنفيذ مشروع مندمج للتدبير المستدام للموارد السمكية؛
-انجاز برنامج هيكلي يهدف الى تنظيم الصيادين على المستوى
المحلي؛
-او تنفيذ مبادرة للتنمية السوسيو-اقتصادية الترابية ترتكز على
تثمين الموارد السمكية.
من اجل منح استئجار حق الصيد المذكور، يتعين على ممثل
التعاونية او الجمعية، حسب الحالة، تقديم مشروع يهدف الى
المساهمة في التنمية المستدامة المحلية، ويبرز القدرات التقنية والمالية
والتنظيمية للتعاونية او الجمعية من اجل ضمان تنفيذه الفعلي.
يجب ان يتضمن ملف الطلب الذي يتم ايداعه لدى المصلحة
المختصة التابعة للوكالة، الوثائق التالية:
-مذكرة تقديم للمشروع تبرز اهدافه، وكيفيات تنفيذه وانعكاساته
المتوقعة؛
-بطاقة وصفية للوسط المائي المعني؛
-مخطط عمل مفصل ومتعدد السنوات؛
-مشروع دفتر التحاملت يتعلق باستئجار حق الصيد المطلوب
يعد وفق النموذج المحدد بقرار للسلطة الحكومية المكلفة بالمياه
والغابات، وتتم تعبئته والتوقيع عليه من قبل ممثل التعاوني
ة
او الجمعية، حسب الحالة؛
-العرض المالي المتعلق باالتاوة السنوية المقترحة.
الفرع الثالث
عقد استئجار حق الصيد",Social,"Social=2, Civil=1, Environnement=1",Social,False
361,BO_7506_Ar,14,ar,"يعد عقد استئجار حق الصيد المنصوص عليه في الفصل 2-5
من الظهير الشريف السالف الذكر الصادر في 12 من شعبان 1340
 (11 ابريل 1922) المزمع ابرامه بين المدير العام للوكالة ومستاجر حق
الصيد، في نسختين اصليتين.
عقب اختيار مستاجر حق الصيد، يوجه المدير العام للوكالة
قد :
النسختان االصليتان من عقد استئجار حق الصيد الى مالستاجر،
بكل وسيلة تثبت التوصل.
يتوفر مالستاجر المذكور على اجل اثلثين (30) يوما من ايام العمل
يحتسب ابتداء من تاريخ التوصل بالنسختين االصليتين قصد التوقيع
عليهما وايداعهما لدى المصلحة المختصة بالوكالة التابع لنفوذها
الوسط المائي المعني باستئجار حق الصيد او ارسالهما اليها بكل وسيلة
تثبت التوصل.
اذا لم تتوصل المصلحة المختصة المشار اليها ااعله، بعد انصرام
االجل المذكور، بالنسختين االصليتين موقع عليهما من قبل مستاجر
حق الصيد، يصبح عقد استئجار حق الصيد الغيا، ما لم يكن المانع
دفتر التحاملت.
من احترام المستاجر اللجل المذكور قوة قاهرة مثبتة.
يشعر المدير العام للوكالة، بمقرر معلل، المعني باالمر بالغاء عقد
حق الصيد.
استئجار حق الصيد.
ويتم تحويل مبلغ الضمانة المالية المؤقتة المشار اليه في",Civil,"Civil=4, Fiscal=0, Social=0",Civil,False
362,BO_7506_Ar,10,ar,"ااعله، لفائدة الخزينة العامة للمملكة .
هذا المرسوم.
يمكن ان يشكل الوسط المائي المعني موضوع طلب منافسة جديد
الستئجار حق الصيد .",Indéterminé,"Fiscal=0, Social=0, Administratif=0",Indéterminé,False
363,BO_7506_Ar,15,ar,"ترفق نسخة اصلية من عقد استئجار حق الصيد بدفتر التحاملت
المصادق عليه من قبل الوكالة ويتم تسليمها ملستاجر حق الصيد .
تثبت التوصل .
وتحتفظ الوكالة بالنسخة االصلية الثانية.",Civil,"Civil=1, Fiscal=0, Social=0",Civil,False
364,BO_7506_Ar,16,ar,"يبرم عقد استئجار حق الصيدم لدة اثلث (3) سنوات قابلة للتجديد
بالنسبة للصيد الصغير مولدة خمس (5) سنوات قابلة للتجديد
بالنسبة للصيد الكبير.",Civil,"Civil=1, Fiscal=0, Social=0",Civil,False
365,BO_7506_Ar,17,ar,"يمكن تجديد عقد استئجار حق الصيد من قبل المدير العام
للوكالة، بناء على طلب من المستفيد منه .ويودع هذا الطلب من طرف
مستاجر حق الصيد لدى المصلحة المختصة بالوكالة التابع لنفوذها
الوسط المائي المستاجر فيه حق الصيد، اربعين (40) يوما من ايام
العمل، على االقل، قبل تاريخ انتهاء عقد استئجار حق الصيد، تحت
طائلة رفض الطلب.
المتخذة لتطبيقه.
الجريدة الرسمية2625
عدد19 - 7506 دعقلا وذ)) 19 19  19  يام ))7
يرفق طلب التجديد بالوثائق التي تثبت ان مستاجر حق الصيد
-ادى، بصفة منتظمة، مبلغ االتاوة المستحق؛
-احترم جميع االلتزامات المنصوص عليها في دفتر التحاملت.
تعد المصلحة المختصة، بناء على الوثائق التي تم االادلء بها، تقريرا
يتضمن تقييما يوجه الى المدير العام للوكالة .
يمكن للمصلحة المختصة، من اجل انجاز التقييم المذكور، ان
تقوم بزيارة ميدانية او اكثر للتحقق من مدى مطابقة المنجزات لبنود",Civil,"Civil=2, Fiscal=0, Social=0",Civil,False
366,BO_7506_Ar,18,ar,"يكون تجديد عقد استئجار حق الصيد موضوع ملحق بعقد
استئجار حق الصيد المذكور يوقعه المدير العام للوكالة ومستاجر
في حالة عدم تجديد عقد استئجار حق الصيد، يمكن ان يكون
الوسط المعني موضوع استئجار حق الصيد من جديد طبقام لقتضيات",Civil,"Civil=2, Fiscal=0, Social=0",Civil,False
367,BO_7506_Ar,19,ar,"بالنسبة للحاالت المنصوص عليها في الفصل 2-5
من الظهير الشريف
السالف الذكر الصادر في 12 من شعبان 1340 (11 ابريل 1922)،
يبلغ قرار المدير العام للوكالة الى مستاجر حق الصيد بكل وسيلة
الفرع الرابع
مقتضيات مختلفة",Indéterminé,"Fiscal=0, Social=0, Administratif=0",Indéterminé,False
368,BO_7506_Ar,20,ar,"عندما يتم استئجار حق الصيد في نفس الوسط المائي لعدد من
مستاجري حق الصيد، على الشياع، طبقا الحكام الفصل 2-6 من
الظهير الشريف السالف الذكر الصادر في 12
من شعبان1340
 (11 ابريل 1922)، يعد دفتر تحاملت واحد لكل مستاجر على حدة.",Indéterminé,"Fiscal=0, Social=0, Administratif=0",Indéterminé,False
369,BO_7506_Ar,21,ar,"يحرص مستاجرو حق الصيد على ان يتقيد االشخاص الذين
يرخصون لهم بالصيد، باحكام الظهير الشريف السالف الذكر
الصادر في 12 من شعبان 1340 (11 ابريل 1922)، والنصوص
 2626الجريدة الرسميةعدد19 - 7506 دعقلا وذ)) 19 19  19  يام))7
وفي حالة اقتصر استئجار حق الصيد، حصريا، على ممارسة
نشاط واحد فقط من انشطة الصيد المشار اليها في الفصل 2-5 من
يعد السجل المذكور وفق النموذج المحدد بقرار للسلطة الحكومية
المكلفة بالمياه والغابات والمتاح على الموقع االلكتروني للوكالة او المتوفر
لدى المصلحة المختصة التي منحت رخصة الصيد التجاري المتعلقة
الظهير الشريف السالف الذكر الصادر في 12
من شعبان1340
 (11 ابريل 1922)، ال يجوز ملستاجر حق الصيد ان يمنع ممارسة
به .يمكن مسك السجل المذكور على حامل ورقي او في شكل الكتروني .
انشطة الصيد االخرى غير تلك الممنوح في شانها استئجار حق الصيد.
وفي حالة مسك السجل في شكل الكتروني، يجب ان يكون مطابقا
للنموذج المذكور ااعله، وان يكون مزودا بنظام يضمن اسلمة
الباب الرابع
المعلومات المسجلة وامكانية تتبعها.
كيفيات ممارسة الصيد في المياه البرية
يجب ان تكون المعلومات المضمنة في السجل مكتوبة بشكل
الفرع االول
واضح، دون شطب او كتابة فوقها، باي وسيلة كانت.
الصيد التجاري في المياه البرية
يجب ان يوضع السجل رهن اشارة االعوان محرري المحاضر، وذلك
الغراض المراقبة .عندما يتم مسك السجل في شكل الكتروني، يجب ان",Indéterminé,"Fiscal=0, Social=0, Administratif=0",Indéterminé,False
370,BO_7506_Ar,22,ar,"طبقا للفصل 2-9 من الظهير الشريف السالف الذكر الصادر في
 12من شعبان 1340 (11 ابريل 1922)، يجب ان تسجل القوارب قبل
استعمالها الول مرة، من قبل المكيها لدى المصلحة المختصة التابعة
للوكالة .ويحدث لهذا الغرض، سجل لتسجيل القوارب على مستوى
يتوفر على خاصية تمكن االعوان المذكورين من تضمين املحظاتهم،
مع بيان هويتهم وتاريخ المراقبة.
يشير العون محرر المحضر الذي قام بمراقبة السجل الى هويته
وتاريخ مراقبة السجل، وكذا مااللحظات التي اثارها في السجل.
كل جهة .
يحتفظ المستفيد من رخصة الصيد التجاري او مستاجر حق
الصيد بالسجل طيلة مدة اصلحية الرخصة او طيلة مدة استئجار
يعد طلب تسجيل القارب وفق النموذج المتاح على الموقع
االلكتروني للوكالة او المتوفر لدى المصلحة المختصة المذكورة ااعله .
ويجب ان يرفق بالوثائق التي تمكن من تحديد هوية صاحب الطلب
حق الصيد، حسب الحالة.
يجب االادلء بهذا السجل كلما طلب ذلك االعوان محررو المحاضر
المنصوص عليهم في الفصل 34 من الظهير الشريف السالف الذكر
ومن التحقق من الخصائص التقنية المطلوبة في القارب.
وفي حالة نقل ملكية القارب، يتعين على المالك الجديد ان يصرح
بذلك لدى نفس المصلحة المختصة داخل اجل اثلثين (30) يوما من
الصادر في 12 من شعبان 1340 (11 ابريل 1922) من اجل المراقبة.
الفرع الثاني
تاريخ نقل الملكية، قصد تضمين ذلك في السجل المذكور.
الصيد العلمي في المياه البرية
يتم شطب القوارب من السجل المشار اليه ااعله بطلب من المكيها
او، تلقائيا، من قبل المصلحة المختصة المشار اليها ااعله في حالة",Civil,"Civil=1, Fiscal=0, Social=0",Civil,False
371,BO_7506_Ar,24,ar,"فقدانها او ااتلفها.
يعد طلب الحصول على رخصة الصيد العلمي في المياه البرية،
المنصوص عليه في الفصل 2-10 من الظهير الشريف السالف الذكر
الصادر في 12 من شعبان 1340 (11 ابريل 1922)، من قبل المؤسسة
او المعهد او الهيئة العلمية المعنية، وفق النموذج المتوفر على الموقع
تحدد بقرار للسلطة الحكومية املكلفة بالمياه والغابات كيفيات
تسجيل القوارب وتقييد نقل ملكيتها وشطبها من السجل، وكذا
الشروط التقنية المتعلقة بحفظ الصحة والاسلمة ووقاية الوسط
المائي من التلوث التي يجب ان تستجيب لها .
االلكتروني للوكالة او المتوفر، لهذا الغرض، لدى مصالحها المختصة.",Indéterminé,"Fiscal=0, Social=0, Administratif=0",Indéterminé,False
372,BO_7506_Ar,23,ar,"يرفق الطلب بالوثائق والمعلومات التي تمكن المصلحة المختصة من
يتم التصريح باالصناف المصطادة المنصوص عليه في الفصل 2-9
من الظهير الشريف السالف الذكر الصادر في 12 من شعبان 1340
 (11 ابريل 1922)، من اخلل تضمينه في السجل الذي يمسكه لهذا
الغرض المستفيد من رخصة الصيد التجاري في المياه البرية او مستاجر
التحقق من:
-هوية صاحب الطلب؛
-موضوع الدراسة او التجريب؛
حق الصيد التجاري، حسب الحالة.
-الموقع الجغرافي للوسط المائي المعني؛
-الوسائل البشرية والمادية المزمع استعمالها من اجل انجاز اشغال
البحث العلمي او التجريب المعني؛
-كيفيات سير اشغال الدراسة او التجريب.",Indéterminé,"Fiscal=0, Social=0, Administratif=0",Indéterminé,False
373,BO_7506_Ar,25,ar,"تمنح رخصة الصيد العلمي في المياه البرية من قبل المدير العام
للوكالة، شريطة:
-ان تكون اللعمال المزمع القيام بها فائدة علمية او اقتصادية
او بيئية؛
-وان ال تؤثر على ممارسة الصيد او تربية االحياء المائية في المياه
البرية داخل االوساط المعنية؛
-وانا ل تتسبب في تلوث الوسط المائي؛
-وانا ل تشكل تهديدا على االصناف المائية او موطنها او على توالدها.",Environnement,"Environnement=1, Fiscal=0, Social=0",Environnement,False
374,BO_7506_Ar,26,ar,"يخبر المستفيد من رخصة الصيد العلمي في المياه البرية المصلحة
المختصة بالوكالة التابع لنفوذها مكان انجاز اشغال البحث بمكان
وساعة اناطلق عمليات اصطياد العينات الضرورية اللشغال
المذكورة، وذلك ثمانية واربعين (48) ساعة، على االقل، قبل بداية
االشغال .ويجب ان يتم اصطياد العينات المذكورة بحضور عون من
االعوان التابعين للوكالة الذي يعد تقريرا في هذا الشان.
الفرع الثالث
الصيد التربوي في المياه البرية",Indéterminé,"Fiscal=0, Social=0, Administratif=0",Indéterminé,False
375,BO_7506_Ar,27,ar,"يعد طلب اعتماد مدرسة الصيد، المنصوص عليه في الفصل 2-11
من الظهير الشريف السالف الذكر الصادر في 12 من شعبان 1340
 (11 ابريل 1922) من قبل مدرسة الصيد المعنية، وفق النموذج
المتوفر على الموقع االلكتروني للوكالة او المتوفر لدى مصالحها
المختصة .
يرفق الطلب بملف يتكون مما يلي:
-مشروع دفتر التحاملت، المشار اليه في الفصل 11-2 المذكور؛
-الوثائق المنصوص عليها في دفتر التحاملت المشار اليه ااعله؛
-مذكرة تقديم تبين تفاصيل مشروع مدرسة الصيد.
يودع الطلب والملف المرفق به، لدى المصلحة المختصة التابع لها
الوسط المائي المخصص للتكوين في الصيد.
الجريدة الرسمية2627
عدد19 - 7506 دعقلا وذ)) 19 19  19  يام ))7",Indéterminé,"Fiscal=0, Social=0, Administratif=0",Indéterminé,False
376,BO_7506_Ar,28,ar,"اثناء دراسة الطلب والملف المرفق به، يتم االخذ بعين االعتبار،
على الخصوص، ما يلي:
-صفة صاحب الطلب، سواء تعلق االمر بشخص ذاتي او اعتباري؛
-الطاقة االستيعابية اللوساط المائية التي تم اختيارها الغراض
التكوين؛
-الوسائل البشرية مالعباة لهذا الغرض؛
-منشات ومعدات الصيد المخصصةا لنشطة التكوين في الصيد؛
-مضمون وجودة برامج التكوين؛
-تدابير الاسلمة المتخذة من اجل ضمان اسلمة المستفيدين من
التكوين؛
-التزام صاحب الطلب بارسال تقرير سنوي مفصل عن انشطته
الى الوكالة، يتضمن عدد دورات التكوين التي تم تنظيمها وعدد
المستفيدين منها.",Environnement,"Environnement=1, Fiscal=0, Social=0",Environnement,False
377,BO_7506_Ar,29,ar,"يمنح المدير العام للوكالة االعتماد ملدرسة الصيد في المياه البرية
ملدة اثلث (3) سنوات.
ويمكن تجديده لفترات مماثلة، عندما يتبين، عقب زيارة المطابقة
المنصوص عليها في الفصل 2-11 من الظهير الشريف السالف الذكر
الصادر في 12
من شعبان 1340 (11 ابريل 1922)، ان المستفيد منه
ال يزال يستوفي الشروط التي منح على اساسها االعتماد اول مرة .
من اجل قبول طلب تجديد االعتماد، يتم ايداعه لدى المصلحة
المختصة بالوكالة التابعة لنفوذها مدرسة الصيد المعنية، داخل اجل
ستة (6) اشهر، على االقل، قبل تاريخ انتهاء مدة اصلحية االعتماد
ساري المفعول.
يمكن رفض تجديد االعتماد اذا:
-لم تمارس مدرسة الصيد انشطتها طيلة مدة اصلحيته؛
-لم يقم المستفيد منه بارسال التقارير السنوية المتعلقة بانشطته،
المنصوص عليها في",Social,"Social=1, Fiscal=0, Administratif=0",Social,False
378,BO_7506_Ar,28,ar,"ااعله؛
-اخل المستفيد منه ببند او اكثر من بنود دفتر التحاملت.
تحت اشرافها.
على الكفاءات المطلوبة.
المصطادات.
 2628الجريدة الرسميةعدد19 - 7506 دعقلا وذ)) 19 19  19  يام))7",Indéterminé,"Fiscal=0, Social=0, Administratif=0",Indéterminé,False
380,BO_7506_Ar,33,ar,"يتعين على االشخاص مالكلفين بالتكوين في الصيد ضمن مدرسة
الصيد والمشار اليهم باسم« مدربو الصيد»، ان يتوفروا على رخص
الصيد المطابقة لنوع الصيد الذي يتم تعليمه، وان يثبتوا توفرهم
على الكفاءات االلزمة في مجال الصيد في المياه البرية وممارسته
االيكولوجية، من اخلل تكوين في الصيد تنظمه الوكالة او يتم تنظيمه
يعد طلب الحصول على رخصة الصيد التنظيمي وفق النموذج
المتاح على الموقع االلكتروني للوكالة او المتوفر لدى مصالحها المختصة.",Indéterminé,"Fiscal=0, Social=0, Administratif=0",Indéterminé,False
381,BO_7506_Ar,34,ar,"يوجه المستفيد من رخصة الصيد التنظيمي، عقب نهاية عملية
الصيد، تقريرا مفاصل حول العملية الى الوكالة .ويبين هذا التقرير:
تسلم الوكالة، عند نهاية التكوين، لكل مدرب صيد وثيقة تثبت
-االصناف المعنية بالصيد التنظيمي، وكمية العينات المصطادة
تقنيات او اصناف الصيد التي يخول له تعليمها .
وحجمها وعددها، وكذا وجهتها؛
الفرع الرابع
-ظروف سير عملية الصيد التنظيمي؛
الصيد التنظيمي في المياه البرية
-االخاتاللت او حاالت النفوق التي تتم معاينتها؛",Indéterminé,"Fiscal=0, Social=0, Administratif=0",Indéterminé,False
382,BO_7506_Ar,31,ar,"كل معلومات اخرى مفيدة.
يكون الصيد التنظيمي المنصوص عليه في الفصل 2-12 من الظهير
الفرع الخامس
الشريف السالف الذكر الصادر في 12
من شعبان 1340 (11 ابريل 1922)
موضوع مقرر للمدير العام للوكالة، بناء على تقرير تعده المصالح
المختصة التابعة للوكالة المذكورة يبرز ضرورة الحد من انتشار نوع
الصيد الترفيهي في المياه البرية",Indéterminé,"Fiscal=0, Social=0, Administratif=0",Indéterminé,False
383,BO_7506_Ar,35,ar,"غاز او ضرورة اعادة التوازن االيكولوجي لوسط مائي.
يمكن ممارسة الصيد الترفيهي المنصوص عليه في الفصل 2-13
اذا لم تمارس المصالح التابعة للوكالة عملية الصيد التنظيمي
مباشرة، يمكن للمدير العام للوكالة المذكورة منح رخصة الصيد
من الظهير الشريف السالف الذكر الصادر في 12
من شعبان1340
(11 ابريل 1922) بشكل فردي او جماعي، اناطلقا من الضفاف
التنظيمي تمتد للفترة االلزمة اللنجاز عمليات الصيد المذكورة.
او على متن قوارب الصيد، باستعمال الصنارة او باليد او معدات
تمنح الرخصة في اطار احترام مبدا المنافسة، بناء على طلب من
جمعيات او جامعات الصيد، او كل شخص ذاتي او اعتباري يتوفر
الصيد المرخص باستعمالها.
يجب على كل مستفيد من رخصة الصيد الترفيهي ان يمارس
نشاطه، شريطة اال يسبب اي ضرر للنظام البيئي المائي، وان يتقيد
تبين الرخصة هوية الشخص الذي يعهد اليه بمهمة انجاز عمليات
الصيد التنظيمي المذكورة، والوسط او االوساط المائية المعنية،
والصنف او االصناف المستهدفة، وكذا مراحل نمو العينات المراد
اصطيادها، ومعدات وطرق الصيد المرخص باستعمالها، وكذا وجهة
باالجراءات الرامية الى المحافظة على التنوع البيولوجي المتخذة
من قبل الوكالة، وكذا النصوص التشريعية والتنظيمية المتعلقة
بممارسة الصيد في المياه البرية.",Social,"Social=1, Administratif=1, Environnement=1",Social,False
385,BO_7506_Ar,32,ar,"يتعين على منظمي الصيد السياحي، ومنظمي مباريات او منافسات
الصيد، وكذا مستاجري حق الصيد الترفيهي، ان يعملوا على تشجيع
يتم القيام بعمليات الصيد التنظيمي من قبل صيادين يتوفرون
على الكفاءات الضرورية وفي احترام للشروط الصحية والاسلمة
وتطبيق ممارسات صيد تاتلءم مع المحافظة على االصناف المائية،
الصحية المطلوبة طبقا للتشريع والتنظيم الجاري بهما العمل.
ال سيما من اخلل ممارسة الصيد غير القاتل.(No-Kill)
السياحية.
للتجديد.
الطلب.
الجريدة الرسمية2629
عدد19 - 7506 دعقلا وذ)) 19 19  19  يام ))7",Indéterminé,"Fiscal=0, Social=0, Administratif=0",Indéterminé,False
387,BO_7506_Ar,40,ar,"يعد طلب الحصول على اعتماد منظم الصيد السياحي المنصوص
عليه في الفصل 2-14 من الظهير الشريف السالف الذكر الصادر في
 12من شعبان 1340 (11 ابريل 1922) من قبل صاحب الطلب وفق
يمكن للمدير العام للوكالة سحب اعتماد منظم الصيد السياحي،
وفق الشروط المنصوص عليها في الفصل 2-14 من الظهير الشريف
السالف الذكر الصادر في 12 من شعبان 1340 (11 ابريل 1922)، بناء
على تقرير تعده المصلحة المختصة التابعة للوكالة.
النموذج المحدد بقرار للسلطة الحكومية المكلفة بالمياه والغابات.
يبلغ قرار سحب االعتماد معالل الى منظم الصيد السياحي بكل
يرفق الطلب بمذكرة تبين صفة صاحب الطلب، سواء كان شخصا
ذاتيا او اعتباريا، والوسائل المالية والبشرية والتقنية والتنظيمية التي
وسيلة تثبت التوصل.
يتوفر عليها من اجل انجاز مشروعه المتعلق بتنظيم الصيد السياحي .",Indéterminé,"Fiscal=0, Social=0, Administratif=0",Indéterminé,False
388,BO_7506_Ar,41,ar,"كما تبين هذه المذكرة، عند االقتضاء، االنشطة الرئيسية المرتقبة،
وكذا خبرة صاحب الطلب في مجال تنظيم انشطة الصيد او المدارات
يعد طلب الترخيص بتنظيم منافسة او مباراة في الصيد المنصوص
عليه في الفصل 2-15 من الظهير الشريف السالف الذكر الصادر في
 12من شعبان 1340 (11 ابريل 1922)، من قبل صاحب الطلب وفق
النموذج المحدد بقرار للسلطة الحكومية المكلفة بالمياه والغابات.",Indéterminé,"Fiscal=0, Social=0, Administratif=0",Indéterminé,False
389,BO_7506_Ar,38,ar,"يرفق الطلب بملف يتضمن المعلومات المنصوص عليها ف
ي
من اجل منح اعتماد منظم الصيد السياحي، يتم االخذ بعين
االعتبار كفاءات صاحب الطلب في مجال تنظيم انشطة الصيد
الترفيهي، ومعرفته بممارسات الصيد التي تحترم البيئة، وكذا مالامه
الفصل 15-2 المذكور، والمعلومات المتعلقة بما يلي:
- 1هوية صاحب الطلب؛
بالتشريع والتنظيم الجاري بهما العمل في مجال الصيد في المياه البرية.
- 2موقع االوساط المائية المرتقب اقامة المنافسة او المباراة فيها؛",Social,"Social=1, Environnement=1, Fiscal=0",Social,False
390,BO_7506_Ar,39,ar,"3تاريخ تنظيم المنافسة او المباراة، والبرنامج المرتقب، وكيفيات
طبقا للفصل 2-14 من الظهير الشريف السالف الذكر الصادر في
 12من شعبان 1340 (11 ابريل 1922)، يمنح اعتماد منظم الصيد
السياحي من قبل المدير العام للوكالة ملدة اثلث (3) سنوات قابلة
سير المنافسة او المباراة المذكورة؛
- 4عدد المشاركين المتوقع حضورهم؛
- 5االشخاص المكلفين بتنظيم المنافسة او المسابقة.",Indéterminé,"Fiscal=0, Social=0, Administratif=0",Indéterminé,False
391,BO_7506_Ar,42,ar,"يمكن تجديد االعتماد لفترات مماثلة، شريطة ان يبرز تقييم
نشاط منظم الصيد السياحي المعني ان هذا االخير قد ساهم فعليا في
النهوض بالصيد في المياه البرية .ويتم، اخلل عملية التقييم المذكورة،
يمنح المدير العام للوكالة ترخيص تنظيم منافسة او مباراة في
الصيد، اذا تبين، بعد دراسة الطلب والملف المرفق به، ان:
االخذ بعين االعتبار، على الخصوص، العناصر التالية:
-المنافسة او المباراة في الصيد المزمع تنظيمها لها فائدة اقتصادية
-احترام المقتضيات التنظيمية الجاري بها العمل؛
او تربوية؛
-االسهام في تنمية الصيد المستدام؛
-البرنامج المقترح وعدد المشاركين المتوقع يستجيبان ملتطلبات
الاسلمة وحسن سير التظاهرة؛
-تنفيذ انشطة تعزز المحافظة على الموارد السمكية وتثمينها.
-تنظيم منافسة او مباراة في الصيد لن يؤثر على ممارسة انشطة
يتم ايداع طلب تجديد االعتماد لدى المصلحة المختصة التي تولت
دراسة الطلب االول للحصول على االعتماد ستة (6) اشهر، على
االقل، قبل تاريخ انتهاء مدة اصلحية االعتماد، تحت طائلة رفض
الصيد االخرى او بانشطة تربية االحياء المائية في المياه البرية ف
ي
المكان او االماكن المخصصة لتنظيم المنافسة او المباراة.
يتم نشر التراخيص الممنوحة على الموقع االلكتروني للوكالة.",Indéterminé,"Fiscal=0, Social=0, Administratif=0",Indéterminé,False
392,BO_7506_Ar,43,ar,"الدخيلة؛
يتعين على المستفيد من ترخيص تنظيم منافسة او مباراة في
الصيد ان يودع لدى المصلحة المختصة التابعة للوكالة قائمة تضم
اسماء الصيادين المشاركين، ثمانية واربعين (48) ساعة، على االقل،
قبل التاريخ المحدد لتنظيم المنافسة او المباراة.
وحدهم الصيادون الواردة اسماؤهم في القائمة المذكورة، يمكنهم
المشاركة في المنافسة او المباراة في االوساط المائية المعنية.",Indéterminé,"Fiscal=0, Social=0, Administratif=0",Indéterminé,False
393,BO_7506_Ar,44,ar,"يتعين على المستفيد من ترخيص تنظيم منافسة او مباراة في
الصيد ان يث�بت، في االوساط المائية المعنية، اعلمات تشوير مناسبة
في شكل لوحات تشير بوضوح الى االماكن المخصصة للتظاهرة وتاريخ
تنظيمها.
يوجه منظم منافسة او مباراة في الصيد، عقب المنافسة او المباراة،
تقريرا مفاصل حول سير التظاهرة المذكورة الى المصلحة المختصة
التابعة للوكالة .ويبين التقرير، على الخصوص، عدد المشاركين،
وعدد العينات المصطادة، وكذا االنشطة التي تم تنظيمها على هامش
او توالدها.
المنافسة او المباراة.
الباب الخامس
ادخال االصناف المائية الدخيلة الى المياه البرية",Indéterminé,"Fiscal=0, Social=0, Administratif=0",Indéterminé,False
394,BO_7506_Ar,45,ar,"المرخص بها.
تمنح الرخصة المسبقة الدخال االصناف الدخيلة من االحياء
المائية المنصوص عليها في الفصل 8-1 من الظهير الشريف السالف
الذكر الصادر في 12 من شعبان 1340 (11 ابريل 1922)، الى المياه
البرية من قبل المدير العام للوكالة، بناء على طلب من المعني باالمر.",Indéterminé,"Fiscal=0, Social=0, Administratif=0",Indéterminé,False
395,BO_7506_Ar,46,ar,يعد طلب الرخصة المسبقة المشار اليها في,Indéterminé,"Fiscal=0, Social=0, Administratif=0",Indéterminé,False
396,BO_7506_Ar,45,ar,"ااعله، وفق
النموذج المتوفر على الموقع االلكتروني للوكالة او المسلم لهذا الغرض
من قبل مصالحها المختصة.
يودع الطلب، لدى المصالح المذكورة، مرفوقا بملف يتضمن
الوثائق التي تمكن من التحقق مما يلي:
- 1هوية صاحب الطلب، سواء كان شخصا ذاتيا او اعتباريا؛
- 2دوافع عملية ادخال عينات من االصناف المائية الدخيلة؛
- 3مكان عملية ادخال عينات من االصناف المائية الدخيلة واسمه؛
- 4تصميم خرائطي للوسط المائي المعني واالماكن المحيطة به؛
قابلة للتجديد.
 2630الجريدة الرسميةعدد19 - 7506 دعقلا وذ)) 19 19  19  يام))7
- 5مالعدات المستعملة في عملية ادخال عينات من االصناف المائية
- 6االسم العلمي واالسم المحلي اللصناف المائية المراد ادخالها،
ومرحلة نمو العينات المراد ادخالها من االصناف المائية وكميتها؛
- 7التدابير الصحية المتخذة قصد التاكد من ان العينات المراد
ادخالهاا ل تحمل اي طفيليات او اي كائنات مسببة اللمراض المعدية؛
- 8مصدر العينات المراد ادخالها، وكيفيات نقلها، بما في ذلك
وصف االليات المستخدمة في نقلها، وكذا كيفيات تجديد المياه
واالجراءات الصحية المتخذة اخلل عملية النقل؛
- 9الوسائل اللوجستيكية والتنظيمية الموضوعة رهن اشارة
اعوان المصلحة المختصة التابعة للوكالة المكلفين بحضور عملية
ادخال عينات من االصناف المائية المعنية وضمان مراقبتها.
ال يمكن منح الرخصة المشار اليها في",Social,"Social=1, Fiscal=0, Administratif=0",Social,False
397,BO_7506_Ar,45,ar,"ااعله اذا كان من شان
عملية ادخال عينات من االصناف المائية الدخيلة ان يشكل خطرا على
االصناف الموجودة في الوسط المائي المعني او ان يلحق ضررا بموطنه
ا",Indéterminé,"Fiscal=0, Social=0, Administratif=0",Indéterminé,False
398,BO_7506_Ar,47,ar,"تتضمن الرخصة المسبقة الدخال االصناف الدخيلة من االحياء
المائية في المياه البرية البيانات المنصوص عليها في الفقرة الثالثة
من الفصل 1-8 من الظهير الشريف السالف الذكر الصادر في
 12من شعبان 1340 (11 ابريل 1922)، وتبين الوسائل البشرية
والمادية والتنظيمية االلزمة لضمان حسن سير عملية االدخال
يتعين على المستفيد من الرخصة ان يخبر، بكل وسيلة تثبت
التوصل، المصلحة المختصة التابعة للوكالة، على االقل، ثمانية
واربعين (48) ساعة قبل بدء عملية ادخال االصناف المذكورة .ويبين
هذا االخبار بالضبط ساعة بدء عملية االدخال المذكورة.
ال يمكن اجراء اية عملية ادخال عينات من االصناف الدخيلة
من االحياء المائية في المياه البرية دون حضور ممثل الوكالة فعليا الى
المكان المعني .يتاكد هذا االخير من مطابقة العملية للشروط المقررة في
الرخصة المعنية.
الباب السادس
مقتضيات تتعلق ببطاقة الحارس المتطوع",Indéterminé,"Fiscal=0, Social=0, Administratif=0",Indéterminé,False
399,BO_7506_Ar,48,ar,"تطبيقا الحكام الفصل 34 من الظهير الشريف السالف الذكر
الصادر في 12 من شعبان 1340 (11 ابريل 1922)، تسلم بطاقة
الحارس المتطوع من طرف المدير العام للوكالة ملدة اثلث (3) سنوات
يعد طلب الحصول على بطاقة الحارس المتطوع من طرف جمعية
الصيد المعنية، وفق النموذج المتوفر على الموقع االلكتروني للوكال
ة
او المسلم لهذا الغرض من طرف مصالحها المختصة .
يرفق الطلب المذكور بالوثائق التي تمكن المصلحة المختصة المكلفة
بدراسة ملف الطلب من التحقق من هوية كل مترشح من المترشحين
واقدميته، وكذا من استيفائه للشروط االتية:
-اال يقل عمره عن ثمانية عشرة (18) سنة كاملة في تاريخ ايداع
الطلب؛
-اال يكون قد صدر في حقه، اخلل الخمس (5) سنوات السابقة
لتاريخ الطلب، حكم قضائي حائز لقوة الاشيء المقغضي به بسبب
خرقه الحكام الظهير الشريف السالف الذكر الصادر في 12
من
شعبان 1340 (11 ابريل 1922)، او احكام الظهير الشريف الصادر
في 6
ذي الحجة 1341 (21 يوليو 1923) المتعلق بشرطة القنص،
او احكام القانون رقم 29.05 المتعلق بحماية انواع النباتات
والحيوانات المتوحشة ومراقبة االتجار فيها؛
-ان يكون قد تابع بنجاح تكوينا يتعلق باالطار القانوني للصيد
في المياه البرية، طبقا الحكام الظهير الشريف السالف الذكر
الصادر في 12
من شعبان 1340 (11 ابريل 1922)، تلقنه الوكالة
او جامعة صيد، تحت اشراف الوكالة.
يقوم حامل بطاقة الحارس المتطوع بمهام االعوان محرري
المحاضر، طبقاا لحكام الفصل 34 من الظهير الشريف السالف الذكر
الصادر في 12 من شعبان 1340 (11 ابريل 1922) بعد ادائه اليمين
المنصوص عليه في الفصل المذكور.",Indéterminé,"Fiscal=0, Social=0, Administratif=0",Indéterminé,False
400,BO_7506_Ar,49,ar,"تعد بطاقة الحارس المتطوع وفق النموذج المحدد بقرار للسلطة
الحكومية المكلفة بالمياه والغابات وتتضمن، على الخصوص، البيانات
المتعلقة بهوية المستفيد منها والجمعية المعنية والنفوذ الترابي الذي
يمكنه العمل في حدوده.",Indéterminé,"Fiscal=0, Social=0, Administratif=0",Indéterminé,False
401,BO_7506_Ar,50,ar,"يمكن تجديد بطاقة الحارس المتطوع، وفق نفس الشروط التي
سلمت على اساسها، بناء على طلب من الجمعية المعنية، تعده ستة(6)
اشهر على االقل قبل تاريخ انتهاء اصلحية البطاقة المذكورة.
يمكن سحب بطاقة الحارس المتطوع بمقرر للمدير العام للوكالة
في الحاالت التالية:
الجريدة الرسمية2631
عدد19 - 7506 دعقلا وذ)) 19 19  19  يام ))7
-بطلب من حامل البطاقة او من الجمعية المعنية؛
-في حالة ادانة المستفيد من البطاقة بحكم قضائي حائز لقوة
الاشيء المقغضي به من اجل خرق احكام الظهير الشريف السالف
الذكر الصادر في 12
من شعبان 1340 (11 ابريل 1922)،
او احكام الظهير الشريف الصادر في 6
ذي الحجة1341
 (21 يوليو 1923) المتعلق بشرطة القنص، او احكام القانون
رقم 29.05 المتعلق بحماية انواع النباتات والحيوانات المتوحشة
ومراقبة االتجار فيها.
-اذا تبين ان المستفيد من بطاقة الحارس المتطوع قد ادلى، قصد
الحصول عليها، بمعلومات غير صحيحة او غير كاملة او كاذبة.
اذا تقرر سحب بطاقة الحارس المتطوع، يتعين على الحارس
المتطوع ارجاع البطاقة الى الوكالة داخل اجل اقصاه خمسة عشر
(15)يوما من تاريخ تبليغه القرار المذكور.",Indéterminé,"Fiscal=0, Social=0, Administratif=0",Indéterminé,False
402,BO_7506_Ar,51,ar,"توجه الجمعيات التي تضم اعضاء يتوفرون على بطاقة حارس
متطوع تقريرا سنويا مفاصل الى المدير العام للوكالة يتعلق بانشطة
هاؤلء الحراس .
الباب السابع
مقتضيات مختلفة وختامية",Indéterminé,"Fiscal=0, Social=0, Administratif=0",Indéterminé,False
403,BO_7506_Ar,52,ar,"من اجل تطبيق احكام الفصل 2-8 من الظهير الشريف السالف
الذكر الصادر في 12
من شعبان 1340 (11 ابريل 1922)، ال يجوز
ابقاء الشباك واالدوات والوسائل المستعملة في الصيد في المياه البرية،
مغمورة اال من طلوع الشمس الى غروبها، باستثناء صيد االصناف
المشار اليها في عقد استئجار حق الصيد.",Civil,"Civil=1, Fiscal=0, Social=0",Civil,False
404,BO_7506_Ar,53,ar,"تودع الطلبات المنصوص عليها في هذا المرسوم، مقابل وصل، ويتم
البت فيها طبقا للنصوص التشريعية والتنظيمية الجاري بها العمل في
مجال تبسيط المساطر واالجراءات االدارية.",Indéterminé,"Fiscal=0, Social=0, Administratif=0",Indéterminé,False
405,BO_7506_Ar,54,ar,"تحدد بقرار للسلطة الحكومية المكلفة بالمياه والغابات:
-ا لئحة المياه التي يمارس فيها الصيد الكبير؛
-تصنيف المياه حيث يمارس الصيد الصغير، بما في ذلك الصيد
غير القاتل»No Kill«، وكذا الشروط التقنية وكيفيات الصيد
المطبقة؛
 2632الجريدة الرسميةعدد19 - 7506 دعقلا وذ)) 19 19  19  يام))7
-المتطلبات المتعلقة باالدوات والوسائل المسموح بهام لمارسة الصيد
وعلى القانون رقم 86.12 المتعلق بعقود الشراكة بين القطاعين
العام والخاص، الصادر بتنفيذه الظهير الشريف رقم 1.14.192
بتاريخ فاتح ربيع االول 1436 (24 ديسمبر 2014)، كما وقع تغييره
وتتميمه بالقانون رقم 46.18 الصادر بتنفيذه الظهير الشريف
في المياه البرية؛
-فترات الصيد المسموح بها؛
-حصص الصيد في المياه البرية؛
رقم 1.20.04 بتاريخ 11 من رجب 1441 (6 مارس 2020)؛
-ا لئحة المياه التي يتم فيها استئجار حق الصيد؛
وعلى المرسوم رقم 2.15.45
الصادر في 24 من رجب1436
 (13 ماي 2015) بتطبيق القانون رقم 86.12 المتعلق بعقود الشراكة
-االصناف الممنوع صيدها، تطبيقا الحكام الفصل الخامس من
الظهير الشريف السالف الذكر الصادر في 12
من شعبان1340
 (11 ابريل 1922)؛
بين القطاعين العام والخاص؛
وعلى المرسوم رقم 2.21.834 الصادر في 14 من ربيع االول 1443
 (21 اكتوبر 2021) المتعلق باختصاصات وزير الافلحة والصيد
-ا لئحة بعض المسطحات المائية المخصصة اللستزراع؛
-نموذج القانون االسا؟سي لجمعيات الصيد في المياه البرية؛
البحري والتنمية القروية والمياه والغابات؛
-محميات الصيد في المياه البرية؛
وعلى المرسوم رقم 2.20.02 الصادر في 23 من جمادى االخرة 1441
 (18 فبراير 2020) بالمصادقة على عقد الشراكة بين القطاعين العام
والخاص للتمويل المشترك وتصميم وبناء واستاغلل نظام الري في
-الحجم االدنى للمصطادات.",Civil,"Civil=1, Fiscal=0, Social=0",Civil,False
406,BO_7506_Ar,55,ar,"تدخل مقتضيات هذا المرسوم حيز التنفيذ ابتداء من تاريخ سريان
منطقة الداخلة؛
مفعول القرارات المنصوص عليها ااعله وااللزمة لتطبيقها .
وبعد االاطلع على عقد الشراكة بين القطاعين العام والخاص
للتمويل المشترك وتصميم وبناء واستاغلل نظام الري في منطقة
الداخلة الذي تم التوقيع عليه بتاريخ 7 نوفمبر 2019 بين الدولة
المغربية ممثلة في وزير الافلحة والصيد البحري والتنمية القروية
والمياه والغابات) الشخص العام (وشركة) TIRISMA الشريك",Civil,"Civil=1, Fiscal=0, Social=0",Civil,False
407,BO_7506_Ar,56,ar,"يسند تنفيذ هذا المرسوم، الذي ينشر في الجريدة الرسمية، الى
وزير الافلحة والصيد البحري والتنمية القروية والمياه والغابات.
وحرر بالرباط في 5 ذي القعدة 1447 (23 ابريل 2026)
الخاص (؛
االمضاء : عزيز اخنوش.
وعلى اتفاقية تمويل المساهمة العامة الموقعة بتاريخ 7 نوفمبر 2019
بين الحكومة المغربية ممثلة في وزير االقتصاد والمالية وااصلح االدارة
ووزير الافلحة والصيد البحري والتنمية القروية والمياه والغابات من
وقعه بالعطف:
وزير الافلحة والصيد البحري والتنمية القروية
والمياه والغابات،
جهة وشركة TIRISMA من جهة اخرى؛
االمضاء : احمد البواري.
وعلى العقد الملحق رقم 1 التفاقية تمويل المساهمة العامة
ملشروع الشراكة بين القطاعين العام والخاص للتمويل المشترك
وتصميم وبناء واستاغلل نظام الري في منطقة الداخلة الموقعة بتاريخ
ذي القعدة 1447 (23 ابريل 2026)
مرسوم رقم 2.26.297 صادر في5
بالمصادقة على العقد الملحق رقم 2 التفاقية تمويل المساهمة
العامة ملشروع الشراكة بين القطاعين العام والخاص للتمويل
المشترك وتصميم وبناء واستاغلل نظام الري في منطقة
8ابريل 2024؛
وعلى العقد الملحق رقم 2 التفاقية تمويل المساهمة العامة
ملشروع الشراكة بين القطاعين العام والخاص للتمويل المشترك
وتصميم وبناء واستاغلل نظام الري في منطقة الداخلة الموقعة بتاريخ
الداخلة.
رئيس الحكومة،
31ديسمبر 2025؛
بناء على الدستور اول سيما الفصل 90 منه،
وباقتراح من وزير الافلحة والصيد البحري والتنمية القروية
والمياه والغابات والوزير المنتدب لدى وزيرة االقتصاد والمالية المكلف
وعلى القانون 36.15 المتعلق بالماء، الصادر بتنفيذه الظهير الشريف
رقم 1.16.113
بتاريخ 6 ذي القعدة1437 (10 اغسطس 2016)
اول سيما المواد من 72 الى 77 منه؛
بالميزانية،
رسم ما يلي:
المادة االولى
يصادق على العقد الملحق رقم 2 التفاقية تمويل المساهمة
العامة ملشروع الشراكة بين القطاعين العام والخاص للتمويل
المشترك وتصميم وبناء واستاغلل نظام الري في منطقة الداخلة
الموقع بتاريخ 31 ديسمبر2025، بين وزارة الافلحة والصيد البحري
والتنمية القروية والمياه والغابات ووزارة االقتصاد والمالية وشركة
»TIRISMA«والمرفق باصل هذا المرسوم.",Fiscal,"Fiscal=1, Social=0, Administratif=0",Fiscal,False
408,BO_7506_Ar,الثانية,ar,"يسند تنفيذ هذا المرسوم، الذي ينشر في الجريدة الرسمية،
الى وزير الافلحة والصيد البحري والتنمية القروية والمياه والغابات
والوزير المنتدب لدى وزيرة االقتصاد والمالية المكلف بالميزانية، كل
فيما يخصه.
وحرر بالرباط في 5 ذي القعدة 1447 (23 ابريل 2026)
االمضاء : عزيز اخنوش.
وقعه بالعطف:
وزير الافلحة والصيد البحري والتنمية
القروية والمياه والغابات،
االمضاء : احمد البواري.
الوزير المنتدب لدى وزيرة االقتصا
د
والمالية المكلف بالميزانية،
االمضاء : فوزي لقجع.
قرار لوزير النقل واللوجيستيك رقم 1687.24
صادر في 22 من جمادى
االخرة 1446 (24 ديسمبر 2024) يتعلق بتمييز عوائق مااللحة
الجوية.
وزير النقل واللوجيستيك،
بناء على المرسوم رقم 2.23.919 الصادر في 25 من ربيع االخر 1445
 (10 نوفمبر 2023) المتعلق بارتفاقات التصوية المحدثة بجوار
المطارات وعلى طول الطرق الجوية، اولسيما المواد 3 و 7و 8منه؛
واعتبارا اللتفاق الخاص بالطيران المدني الدولي الممغضى عليه
بشيكاغو بتاريخ 7
دجنبر 1944 والصادر بنشره الظهير الشريف
رقم 1.57.172 بتاريخ 10 ذي القعدة 1376 (8 يونيو 1957)، اول سيما
ملحقه رقم14،
الجريدة الرسمية2633
عدد19 - 7506 دعقلا وذ)) 19 19  19  يام ))7
قرر ما يلي:
المادة االولى
تحدد، وفق الملحق رقم 1 بهذا القرار، المواصفات والمتطلبات
التقنية المشار اليها في",Civil,"Civil=1, Fiscal=0, Social=0",Civil,False
409,BO_7506_Ar,3,ar,"من المرسوم المشار اليه ااعله
رقم 2.23.919 والمطبقة على ارتفاقات التصوية من اجل وضع نظام
لتمييز العوائق او من اجل تعديل نظام قائم .",Indéterminé,"Fiscal=0, Social=0, Administratif=0",Indéterminé,False
410,BO_7506_Ar,الثانية,ar,"يحدد، وفق الملحق رقم 3 بهذا القرار، نموذج« االستمارة المتعلقة
بالعائق »المنصوص عليها في",Indéterminé,"Fiscal=0, Social=0, Administratif=0",Indéterminé,False
411,BO_7506_Ar,7,ar,"من المرسوم السالف ذكره
رقم.2.23.919
المادة الثالثة
تجرى الدراسة المتعلقة بالطيران المنصوص عليها في",Indéterminé,"Fiscal=0, Social=0, Administratif=0",Indéterminé,False
412,BO_7506_Ar,8,ar,"من
المرسوم السالف ذكره رقم 2.23.919 وفق الكيفيات المحددة في
الملحق رقم 2 بهذا القرار.
المادة الرابعة
يتم نشر وتحيين مااللحق رقم 1 و 2و 3بهذا القرار من قبل المديرية
العامة للطيران المدني على موقعها االلكتروني.
المادة الخامسة
ينسخ:
-قرار وزير النقل ومااللحة التجارية رقم 1428.99 الصادر في
 28من صفر) 1421 فاتح يونيو (2000 لتطبيق الفصول من
الى 51 من المرسوم رقم 2.61.161 الصادر في 7 صفر1382
 (10 يوليو 1962) بتنظيم مااللحة الجوية المدنية والمتعلقة
باالرتفاقات الجوية؛
-قرار وزير النقل ومااللحة التجارية رقم 1429.99 الصادر في 28 من
صفر) 1421 فاتح يونيو (2000 باحداث وتنظيم اعلمات التمييز
الخاصة باالاسلك الكهربائية لفائدة مااللحة الجوية.
المادة السادسة
ينشر هذا القرار بالجريدة الرسمية.
وحرر بالرباط في 22 من جمادى االخرة 1446 (24 ديسمبر 2024)
االمضاء  : عبد الصمد قيوح.
(1)تراجع مااللحق في نشرة الترجمة الرسمية للجريدة الرسمية عدد 7506 بتاريخ 19 ذي القعدة 1447
(7 ماي 2026)
جنس ونوع ومدة حماية كل نوع.
قرر ما يلي:
 2634الجريدة الرسميةعدد19 - 7506 دعقلا وذ)) 19 19  19  يام))7
قرار لوزير الافلحة والصيد البحري والتنمية القروية والمياه والغابات رقم 744.26 صادر في 19 من شوال 1447 (7 ابريل 2026)
بتغيير قرار وزير الافلحة والصيد البحري والتنمية القروية والمياه والغابات رقم 1806.18 الصادر في 26 من رمضان 1439
(11 يونيو 2018) بتحديد قائمة اجناس وانواع االصناف القابلة للحماية والعناصر التي يشملها حق المستنبط عن كل
وزير الافلحة والصيد البحري والتنمية القروية والمياه والغابات،
بعد االاطلع على قرار وزير الفالحة والصيد البحري والتنمية القروية والمياه والغابات رقم 1806.18 الصادر في
26من رمضان 1439 (11 يونيو 2018) بتحديد قائمة اجناس وانواع االصناف القابلة للحماية والعناصر التي يشملها حق
المستنبط عن كل جنس ونوع ومدة حماية كل نوع، كما تم تغييره وتتميمه،
المادة االولى
يغير على النحو التالي الجدول الملحق بقرار وزير الافلحة والصيد البحري والتنمية القروية والمياه والغابات رقم 1806.18
الصادر في 26 من رمضان 1439 (11 يونيو 2018) المشار اليه ااعله، كما تم تغييره وتتميمه:
الجريدة الرسمية2635
عدد19 - 7506 دعقلا وذ)) 19 19  19  يام))7
""
ب قفرملا لودجلا
رارق لا
 مقر
1806.18
26يف رداصلا
1439ناضمر نم
  (
2018وينوي
  ةيامحلل ةلباقلا فانصلاا عاوناو سانجا ةمئاق ديدحتب (
 . عون لك ةيامح ةدمو عونو سنج لك نع طبنتسملا قح اهلمشي يتلا رصانعلاو""
« Tableau annexé à l’arrêté n°1806-18 du 26 ramadan 1439 (11 juin 2018) fixant la liste des genres et espèces des variétés protégeables, les
 « éléments sur lesquels porte le droit de l'obtenteur pour chaque genre et espèce ainsi que la durée de protection pour chaque espèce.
Genres et Espèces des variétés protégeables
 ةيامحلل ةلباقلا فانصلاا عاوناو سانجا
AGRUMES
  تايضمحلا
Matériel de reproduction et/ou de
multiplication végétative
دلاوتلا رصانع
ل ا رثاكتلا او
  اعم امهوا يشاع
Oranger doux
 ...............
 ........................
 .......
 ................
Mandarinier
 Citrus reticulata blanco نيردناملا
 ""
40 ans
 ةنس
Clémentinier
 ...............  ........................
 .......
 ................
......................................
 ...................................................
 .....................................
 .............................
Nom commun
 عئاشلا مسلاا
Nom Scientifique (Latin)
 ةينيتلالاب يملعلا مسلاا
""
 رييغت نودب يقابلا ""
Eléments sur lesquels porte le droit de
l’obtenteur
طبنتسملا قح اهلمشي يتلا رصانعلا
Durée de la protection
ةدم
ةيامح لا
سنوات تحتسب ابتداء من تاريخ انتهاء الاصلحية المبين في الشهادات المذكورة.
المادة الثالثة - .ينشر هذا القرار بالجريدة الرسمية.
الرسميا لنواع واصناف النباتات القابلة للزراعة في المغرب.
وزير الافلحة والصيد البحري والتنمية القروية والمياه والغابات،
واالغراس، كما وقع تغييره، اولسيما الفصل 4 منه؛
الشريف رقم 1.09.20 بتاريخ 22 من صفر 1430 (18 فبراير 2009)، اولسيما",Environnement,"Environnement=2, Administratif=1, Civil=1",Environnement,False
413,BO_7506_Ar,2,ar,"منه؛
الجديدة في السجل المذكور؛
واختصاصات اللجنة الوطنيةا لنتقاء البذور واالغراس، كما وقع تغييره وتتميمه؛
وبعد اقتراح اللجنة الوطنيةا لنتقاء البذور واالغراس،
قرر ما يلي:
المادة االولى
بهذا القرار.",Indéterminé,"Fiscal=0, Social=0, Administratif=0",Indéterminé,False
414,BO_7506_Ar,الثانية,ar,"مدة التقييد االولى او من اخر تجديد للتقييد.
 2636الجريدة الرسميةعدد19 - 7506 دعقلا وذ)) 19 19  19  يام))7",Indéterminé,"Fiscal=0, Social=0, Administratif=0",Indéterminé,False
415,BO_7506_Ar,الثانية,ar,".يتم تمديد مدة حماية المستنبطات النباتية بالنسبة الجناس وانواع االصناف القابلة للحماية من الماندرين،
التي ما تزال شهادات االستنباط النباتي الممنوحة في شانها قبل نشر هذا القرار بالجريدة الرسمية سارية المفعول، ملدة خمس
وحرر بالرباط في 19 من شوال 1447 (7 ابريل 2026)
االمضاء : احمد البواري.
قرار لوزير الافلحة والصيد البحري والتنمية القروية والمياه والغابات رقم 754.26 صادر في 22 من شوال 1447 (10 ابريل 2026)
يرخص بموجبه تقييد اصناف جديدة من القمح الصلب والقمح اللين والشعير والشمندر السكري والحمص والجلبان
الخضري والفول الصغير والخرطال والسلجم والبطاطس الموسمية والبطاطس التحويلية والبطيخ والخص في السجل
بناء على الظهير الشريف رقم 1.69.169 الصادر في 10 جمادى االولى 1389 (25 يوليو 1969) بتنظيم انتاج وتسويق البذور
وعلى القانون رقم 25.08 القاعضي باحداث المكتب الوطني للاسلمة الصحية للمنتجات الغذائية الصادر بتنفيذه الظهير
وعلى قرار وزير الافلحة واالاصلح الزراعي رقم 863.75 الصادر في 8 شوال 1397 (22 سبتمبر 1977) بتحديد شروط
امساك السجل الرسمي النواع واصناف النباتات القابلة للزراعة في المغرب وكذا طرق التجربة السابقة لتسجيل االصناف
وعلى قرار وزير الافلحة واالاصلح الزراعي رقم 864.75 الصادر في 8 شوال 1397 (22 سبتمبر 1977) بشان تاليف
تقيد في السجل الرسمي النواع واصناف النباتات القابلة للزراعة في المغرب، اصناف القمح الصلب والقمح اللين والشعير
والشمندر السكري والحمص والجلبان الخضري والفول الصغير والخرطال والسلجم والبطاطس الموسمية والبطاطس
التحويلية والبطيخ والخص في السجل الرسمي النواع واصناف النباتات القابلة للزراعة في المغرب، المعينة في الجدول الملحق
يعتبر هذا التقييد مقباولم لدة عشر سنوات ابتداء من تاريخ نشر هذا القرار بالجريدة الرسمية ويمكن تجديدهم لدة خمس(5)
سنوات شريطة ان يقدم الطلب بذلك للمكتب الوطني للاسلمة الصحية للمنتجات الغذائية قبل عامين على ابعد تقدير من انتهاء
الجريدة الرسمية2637
عدد19 - 7506 دعقلا وذ)) 19 19  19  يام))7
المادة الثالثة
ينشر هذا القرار بالجريدة الرسمية.
وحرر بالرباط في 22 من شوال 1447 (10 ابريل 2026)
االمضاء : احمد البواري.
*
*            *
ملحق
بقرار وزير الافلحة والصيد البحري
والتنمية القروية والمياه والغابات رقم
754.26
 ال
صادر
في22
من شوال1447
)
ابريل2026
 (
يرخص بموجبه تقييد اصناف جديدة من القمح الصلب والقمح اللين والشعير والشمندر السكري والحمص
والجلبان الخضري والفول الصغير والخرطال والسلجم والبطاطس الموسمية والبطاطس التحويلية والبطيخ والخص في السجل
الرسميا لنواع واصناف النباتات القابلة للزراعة في المغرب .
*******
Liste des variétés inscrites au Catalogue Officiel
الئحة االصناف المسجلة في السجل الرسمي
ESPECE
VARIETE
النو ع
الصن ف
المستنب ط
Blé dur
LG LAUREANO
LIMAGRAIN EUROPE
EXPLOIT
SAS FLORIMOND DESPREZ
D2011
APSOVSEMENTI spa
Blé tendre
EXPLOIT
القمح الصل ب
LIGABUE
SIS SOCIETA ITALIANA SEMENTI
ARGONE
SIS SOCIETA ITALIANA SEMENTI
YAKOUT
INRA MAROC
LG TEMPERO
LIMAGRAIN EUROPE
Orge
القمح اللي ن
BAHJA
INRA Maroc
KAMAR
INRA Maroc
Betterave à sucre
الشعير
BTS 4675 N
BETASEED GmbH
BTS 7870
BETASEED GmbH
BTS 2555 N
BETASEED GmbH
ALBUS
DLF BEET SEED DANEMARK
CONCORDE
DLF BEET SEED DANEMARK
SONIC YYTECH
DLF BEET SEED DANEMARK
KUMA
KUHN & COBV
BEETHOVEN
KUHN & COBV
SUFIA
KUHN & COBV
FIRMINA KWS
KWS SAAT SE
PRODESSA KWS
KWS SAAT SE
FARAYA KWS
KWS SAAT SE
TORNADO
LLC SOYUZSEMSVEKLA - RUSSIE
GEIZER
LLC SOYUZSEMSVEKLA - RUSSIE
VOLNA
LLC SOYUZSEMSVEKLA - RUSSIE
CABESTAN
MARIBO SEED
FORMULA
MARIBO SEED
SPECTRA
MARIBO SEED
TRIMPLE
SAS FERNAND LEPEUPLE
HISTOIRE
SAS FERNAND LEPEUPLE
FD FOOTING
SAS FLORIMOND DESPREZ VEUVE-FILS
FULGURANCE
SAS FLORIMOND DESPREZ VEUVE-FILS
AUDACE
SAS FLORIMOND DESPREZ VEUVE-FILS
RAINETTE
SES VANDERHAVE NV/SA
AIGLE
SES VANDERHAVE NV/SA
ANCLA
SES VANDERHAVE NV/SA
Pois-chiche
 الحمص
الشمندر السكر ي
JOUD
INRA MAROC
Pois potager
MONARO
PGG WRIGHTSON SEEDS
FERGUSON
PGG WRIGHTSON SEEDS
الجلبان  الخضري
Féverole
الفول الصغير
NOUR
INRA MAROC
OBTENTEUR
 2638الجريدة الرسميةعدد19 - 7506 دعقلا وذ)) 19 19  19  يام))7
Liste des variétés inscrites au Catalogue Officiel (suite 2)
الئحة االصناف المسجلة في السجل الرسمي
(
تتمة( 2
ESPECE
VARIETE
النو ع
الصن ف
المستنب ط
Avoine
AFIA
INRA MAROC
ATLAS
INRA MAROC
Colza
الخرطال
DAHBIA
INRA MAROC
INVIGOR 305 PS
BASF/ BASF MAROC
INV 300 CL PS
BASF/ BASF MAROC
Pomme de terre
type saison
السلجم
SALMA
JAMES HUTTON Ltd
18.WC.1 A 56
JAMES HUTTON Ltd
AICHA
IPR B.V
ARJA
IRISH SEEDS POTATOES Ltd
BOSTON
P.B.C
CAMMEO
V.D .OORD
CASTOR
IPR B.V
البطاطس الموسمية
FAJAH
KWEEK- EN RESEARCHBEDRIJF AGRICO
B.V.,
HIBA
IRISH SEEDS POTATOES LTD
KYRA
FOBEK BV
MARINELLA
DANESPO A/S
SAINT CALAIS
VAN RIJN France
WANDA
SAKA PFLANZENZUCHT GMBH & Co. KG
Pomme de terre
type transformation
CARDYMA
IPR B.V
LUGANO
KWEEK- EN RESEARCHBEDRIJF AGRICO
B.V.,
البطاطس ال
تحويلية
MONTIS
INTERSEED POTATOES GMBH
NORMAN
IPR B.V
PALACE
KWEEK- EN RESEARCHBEDRIJF AGRICO
B.V.
TRAVOLTA
IPR B.V
Melon
KARTINA
SEMILLAS FITO
MAHA
ZH SEEDS HOLLAND
SISSA
SYNGENTA CROP PROTECTION AG
BERKANIA
SYNGENTA CROP PROTECTION AG
YAMIN
HM CLAUSE SAS
VELAR
GREEN DIAMOND SEEDS
HIBA
QUANTUM SEEDS
GHILAAL
RIJK ZWAAN
ANIR
SAKATA SEED SUDAMERICA
M'RZAKE
BOSTON SEEDS
GRENOBLE
HEFEI PANG'S AGRO-PRODUCTS CO., LTD
JAUNE CANARIA
RANA
GSN SEMENCES
البطيخ
GHITA
SUBA SEEDS
TAIRA
SYNGENTA CROP PROTECTION AG
OBTENTEUR
الجريدة الرسمية2639
عدد19 - 7506 دعقلا وذ)) 19 19  19  يام))7
Liste des variétés inscrites au Catalogue Officiel (suite 3)
الئحة االصناف المسجلة في السجل الرسمي
(
تتمة( 3
ESPECE
VARIETE
OBTENTEUR
النو ع
الصن ف
المستنب ط
Melon
PORTUS
BAYER HOLLAND BV
CASTELLO
HORT SEED MEDITERRANI, SL
CAMACHO
ENZA ZADEN
DAKHLA
CAPITAL GENETIC MAROC
AL RIDA
HEFEI PANG'S AGRO-PRODUCTS CO., LTD
MORONA
SEMILLAS FITO
MINERVA
HORT SEED MEDITERRANI, SL
NASR
APOLLO SEEDS USA Inc,
CURELLA
BAYER HOLLAND BV
CARDONA
YUKSEL TOHUM
ELSA
YUKSEL TOHUM
KIALBA
NUNHEMS B.V
KIBIC
NUNHEMS B.V
HALWATE
RIJK ZWAAN
EVERGAL
RIJK ZWAAN
SYGMA
ENZA ZADEN
JABIR
APOLLO SEEDS USA Inc,
MARADONA
HM CLAUSE SAS
البطيخ
SALIM
PRIMUS SEEDS INTERNATIONAL
COMPANY SPA
MADACK
BOSTON SEEDS
MIMOUN
BOSTON SEEDS
Laitue
COLAI
RIJK ZWAAN
VOLTRON
RIJK ZWAAN
SUNGARI
RIJK ZWAAN
PELAYO
ENZA ZADEN
الخ ص
قرر ما يلي:
المادة االولى
قرار لوزير الصناعة والتجارة رقم 756.26
صادر في 22 من
شوال 1447 (10 ابريل 2026) بتتميم قرار وزير التجارة
الخارجية واالستثمارات الخارجية والصناعة التقليدية
  ذي ا",Administratif,"Administratif=4, Environnement=1, Fiscal=0",Administratif,True
416,BO_7506_Ar,الثانية,ar,"بعد االاطلع على قرار وزير التجارة الخارجية واالستثمارات
الخارجية والصناعة التقليدية رقم 1308.94 الصادر في
 7ذي القعدة 1414 (19 ابريل 1994) بتحديد قائمة السلع التي تتخذ
في شانها تدابير تهدف الى وضع قيود كمية على استيرادها وتصديرها،
يعمل بهذا القرار ملدة 24 شهرا ابتداء من تاريخ نشره بالجريدة
الرسمية.
وحرر بالرباط في 22 من شوال 1447 (10 ابريل 2026)
كما تم تغييره وتتميمه،
االمضاء : رياض مزور.
 2640الجريدة الرسميةعدد19 - 7506 دعقلا وذ)) 19 19  19  يام))7
نصوص خاصة
ذي القعدة 1447 (22 ابريل 2026) بااعلن ان المنفعة العامة تقغضي باحداث منتزه عمومي
مرسوم رقم 2.26.277 صادر في4
ومدار طرقي وموقف للسيارات وساحة عمومية والطرق المؤدية اليه بجماعة عين العودة بعمالة الصخيرات - تمارة
وبنزع ملكية القطعة االرضية االلزمة لهذا الغرض.
رئيس الحكومة،
بناء على القانون التنظيمي رقم 113.14 المتعلق بالجماعات، الصادر بتنفيذه الظهير الشريف رقم 1.15.85 بتاريخ
20من رمضان 1436 (7 يوليو 2015)؛
وعلى القانون رقم 7.81 المتعلق بنزع الملكية الجل المنفعة العامة وباالحاتلل المؤقت، الصادر بتنفيذه الظهير الشريف
رقم 1.81.254 بتاريخ 11 من رجب 1402 (6 ماي 1982)؛
وعلى المرسوم رقم 2.82.382 الصادر في 2 رجب 1403 (16 ابريل 1983) بتطبيق القانون رقم 7.81 المشار اليه ااعله؛
وبعد االاطلع على محضري مجلس جماعة عين العودة اخلل دورتيه االستثنائية المنعقدة بتاريخ 21 ديسمبر 2015 والعادية
المنعقدة بتاريخ 7 اكتوبر 2025؛
وعلى نتائج البحث االداري المباشر من 8 ماي الى 9 يوليو 2019؛
وباقتراح من وزير الداخلية،
رسم ما يلي:
المادة االولى
يعلن ان المنفعة العامة تقغضي باحداث منتزه عمومي ومدار طرقي وموقف للسيارات وساحة عمومية والطرق المؤدية اليه
بجماعة عين العودة بعمالة الصخيرات - تمارة.",Fiscal,"Fiscal=1, Administratif=1, Civil=1",Fiscal,False
417,BO_7506_Ar,الثانية,ar,"تنزع بناء على ذلك ملكية القطعة االرضية االلزمة لهذا الغرض، المرسومة حدودها بحاشية ملونة في التصميم الملحق باصل
هذا المرسوم وعينت في الجدول التالي:
الجريدة الرسمية2641
عدد19 - 7506 دعقلا وذ)) 19 19  19  يام))7
التصميم واسمهااسماء وعناوين مااللك المفترضين
وقعه بالعطف:
وزير الداخلية،
االمضاء : عبد الوافي لفتيت.
 2642الجريدة الرسميةعدد19 - 7506 دعقلا وذ)) 19 19  19  يام))7
المادة الثالثة - .يفوض حق نزع الملكية الى رئيس مجلس جماعة عين العودة.
المادة الرابعة - .يسند تنفيذ هذا المرسوم، الذي ينشر في الجريدة الرسمية، الى وزير الداخلية ورئيس مجلس جماعة عين العودة،
كل واحد منهما فيما يخصه.
وحرر بالرباط في 4 ذي القعدة 1447 (22 ابريل 2026)
االمضاء : عزيز اخنوش.
الجريدة الرسمية2643
عدد19 - 7506 دعقلا وذ)) 19 19  19  يام))7
ذي القعدة 1447 (23 ابريل 2026) بااعلن ان المنفعة العامة تقغضي باحداث المدرسة
مرسوم رقم 2.26.312 صادر في5
االبتدائية ايت القاعضي بجماعة امرابطن باقليم الحسيمة وبنزع ملكية القطعتين االرضيتين االلزمتين لهذا الغرض
رئيس الحكومة،
بناء على القانون رقم 7.81
المتعلق بنزع الملكية الجل المنفعة العامة وباالحاتلل المؤقت الصادر بتنفيذه الظهير الشريف
رقم 1.81.254 بتاريخ 11 من رجب 1402 (6 ماي 1982)؛
وعلى المرسوم رقم 2.82.382 الصادر في 2 رجب 1403 (16 ابريل 1983) بتطبيق القانون رقم 7.81 المشار اليه ااعله؛
وبعد االاطلع على ملف البحث االداري المباشر من 9 اكتوبر الى 11 ديسمبر 2024؛
وباقتراح من وزيرة االقتصاد والمالية وبعد استشارة وزير الداخلية،
رسم ما يلي:
المادة االولى
يعلن ان المنفعة العامة تقغضي باحداث المدرسة االبتدائية ايت القاعضي بجماعة امرابطن باقليم الحسيمة.",Administratif,"Administratif=2, Civil=2, Fiscal=1",Administratif,False
418,BO_7506_Ar,الثانية,ar,"تنزع، بناء على ما ذكر، ملكية القطعتين االرضيتين الكائنتين بجماعة امرابطن باقليم الحسيمة، المبينتين في الجدول اسفله،
والمرسومة حدودهما بلون احمر  في التصميم الملحق باصل هذا المرسوم:
رقم القطعة بالتصميمتعيين الملك ومرجعه العقاري
اسماء وعناوين مااللك المفترضين
المساحة التقريبية
بالمتر المربع
1قطعة ارضية غير محفظةورثة احيدار عبد الكريم، الساكنون بجماعة امرابطن باقليم الحسيمة1126.
2قطعة ارضية غير محفظةورثة بوبوح عبد الاسلم، الساكنون بجماعة امرابطن باقليم الحسيمة157.
المادة الثالثة - .يفوض حق نزع الملكية الى مدير ااملك الدولة.
المادة الرابعة - .يسند تنفيذ هذا المرسوم، الذي ينشر بالجريدة الرسمية، الى وزيرة االقتصاد والمالية.
وحرر بالرباط في 5 ذي القعدة 1447 (23 ابريل 2026)
االمضاء : عزيز اخنوش.
وقعه بالعطف:
وزيرة االقتصاد والمالية،
االمضاء : نادية فتاح.
 2644الجريدة الرسميةعدد19 - 7506 دعقلا وذ)) 19 19  19  يام))7
ذي القعدة 1447 (23 ابريل 2026) بااعلن ان المنفعة العامة تقغضي ببناء منشاة فنية
مرسوم رقم 2.26.318
صادر في5
عند النقطة الكيلومترية 225+755 من الخط السككي الرابط بين سطات ومراكش وبنزع ملكية القطع االرضية االلزمة
لهذا الغرض بجماعة حربيل بعمالة مراكش باولية جهة مراكش - اسفي.
رئيس الحكومة،
بناء على القانون رقم 7.81 المتعلق بنزع الملكية الجل المنفعة العامة وباالحاتلل المؤقت الصادر بتنفيذه الظهير الشريف
رقم 1.81.254 بتاريخ 11 من رجب 1402 (6 ماي 1982)؛
وعلى القانون رقم 52.03 المتعلق بتنظيم الشبكة السككية الوطنية وتدبيرها واستاغللها الصادر بتنفيذه الظهير الشريف
رقم 1.04.256 بتاريخ 25 من ذي القعدة 1425 (7 يناير 2005)؛
وعلى المرسوم رقم 2.82.382 الصادر في 2 رجب 1403 (16 ابريل 1983) بتطبيق القانون رقم 7.81 المشار اليه ااعله؛
وبعد االاطلع على ملف البحث االداري المباشر من 22 يناير الى 22 مارس 2025 بمكاتب جماعة حربيل بعمالة مراكش؛
وباقتراح من وزير النقل واللوجيستيك وبعد استشارة وزير الداخلية،
رسم ما يلي:
المادة االولى
يعلن ان المنفعة العامة تقغضي ببناء منشاة فنية عند النقطة الكيلومترية 225+755 من الخط السككي الرابط بين سطات
ومراكش بجماعة حربيل بعمالة مراكش.",Civil,"Civil=2, Fiscal=1, Administratif=1",Civil,False
419,BO_7506_Ar,الثانية,ar,"تنزع بناء على ما ذكر ملكية القطع االرضية المبينة في الجدول اسفله والمعلم عليها في التصميم التجزيئي ذي المقياس 1/1000
الملحق باصل هذا المرسوم:
المادة الثالثة - .يفوض حق نزع الملكية الى المدير العام للمكتب الوطني للسكك الحديدية.
الوطني للسكك الحديدية، كل واحد منهما فيما يخصه.
وقعه بالعطف:
وزير النقل واللوجيستيك،
االمضاء : عبد الصمد قيوح.
الجريدة الرسمية2645
عدد19 - 7506 دعقلا وذ)) 19 19  19  يام))7
المادة الرابعة - .يسند تنفيذ هذا المرسوم، الذي ينشر بالجريدة الرسمية، الى وزير النقل واللوجيستيك والمدير العام للمكتب
وحرر بالرباط في 5 ذي القعدة 1447 (23 ابريل 2026)
االمضاء : عزيز اخنوش.
 2646الجريدة الرسميةعدد19 - 7506 دعقلا وذ)) 19 19  19  يام))7
ذي القعدة 1447 (23 ابريل 2026)
مرسوم رقم 2.26.298
صادر في5",Civil,"Civil=1, Fiscal=0, Social=0",Civil,False
420,BO_7506_Ar,الثانية,ar,"بتجديد ااعلن المنفعة العامة التي تقغضي ببناء الطريق السريع
يسند تنفيذ هذا المرسوم، الذي ينشر بالجريدة الرسمية، الى
الرابط بين تيزنيت والعيون بين ن.ك رقم 601+938 بالطريق
وزير التجهيز والماء.
الوطنية رقم 1 شرقا وحدود اقليم تيزنيت وسيدي افني جنوبا
وحرر بالرباط في 5 ذي القعدة 1447 (23 ابريل 2026)
باقليم تيزنيت باولية جهة سوس - ماسة.
االمضاء : عزيز اخنوش.
رئيس الحكومة،
وقعه بالعطف:
بناء على القانون رقم 7.81 المتعلق بنزع الملكيةا لجل المنفعة العامة
وزير التجهيز والماء،
وباالحاتلل المؤقت الصادر بتنفيذه الظهير الشريف رقم 1.81.254
االمضاء : نزار بركة.
بتاريخ 11 من رجب 1402 (6 ماي 1982)؛
وعلى المرسوم رقم 2.82.382 الصادر في 2 رجب 1403
ذي القعدة 1447 (23 ابريل 2026)
مرسوم رقم 2.26.299
صادر في5
(16 ابريل 1983) بتطبيق القانون رقم 7.81 المشار اليه ااعله؛
بتجديد ااعلن المنفعة العامة القاضية ببناء سد زندولة
وبعد االاطلع على المرسوم رقم 2.16.813 الصادر في 4 محرم 1438
باقليم وزان.
(6 اكتوبر 2016) بااعلن ان المنفعة العامة تقغضي ببناء الطريق السريع
الرابط بين تيزنيت والعيون بين ن.ك 601+938
بالطريق الوطنية رقم 1
رئيس الحكومة،
شرقا وحدود اقليم تيزنيت وسيدي افني جنوبا باقليم تيزنيت باولية
بناء على القانون رقم 7.81 المتعلق بنزع الملكيةا لجل المنفعة العامة
جهة سوس - ماسة؛
وباالحاتلل المؤقت الصادر بتنفيذه الظهير الشريف رقم 1.81.254
وعلى المرسوم رقم 2.21.03 الصادر في 8 جمادى االخرة 1442
بتاريخ 11 من رجب 1402 (6 ماي 1982)؛
(22 يناير 2021) بتجديد ااعلن المنفعة العامة التي تقغضي ببناء
وعلى المرسوم رقم 2.82.382 الصادر في 2 رجب 1403
الطريق السريع الرابط بين تيزنيت والعيون بين ن.ك 601+938
(16 ابريل 1983) بتطبيق القانون رقم 7.81 المشار اليه ااعله؛
بالطريق الوطنية رقم 1 شرقا وحدود اقليم تيزنيت وسيدي افني
وبعد االاطلع على المرسوم رقم 2.23.727
الصادر في 28 من
جنوبا باقليم تيزنيت باولية جهة سوس - ماسة؛
صفر 1445 (14 سبتمبر 2023) بااعلن ان المنفعة العامة تقغضي ببناء
وباقتراح من وزير التجهيز والماء،
سد زندولة باقليم وزان؛
رسم ما يلي:
وباقتراح من وزير التجهيز والماء،
المادة االولى
رسم ما يلي:
يجدد وفقام لقتضيات الفصل 7 من القانون رقم 7.81 المشار اليه
المادة االولى
ااعله، ااعلن المنفعة العامة التي تقغضي ببناء الطريق السريع الرابط
يجدد طبقام لقتضيات الفصل 7 من القانون رقم 7.81 المشار اليه
بين تيزنيت والعيون بين ن.ك رقم  601+938 بالطريق الوطنية رقم 1
ااعله، ااعلن المنفعة العامة التي تقغضي ببناء سد زندولة باقليم وزان،
شرقا وحدود اقليم تيزنيت وسيدي افني جنوبا باقليم تيزنيت باولية
وذلك حسب التصميم الموقعي ذي المقياس 1/50.000 الملحق باصل
جهة سوس - ماسة، وذلك حسب المخطط المبين في التصميم الموقعي
ذي المقياس 1/50.000 الملحق باصل هذا المرسوم.
هذا المرسوم.
الجريدة الرسمية2647
عدد19 - 7506 دعقلا وذ)) 19 19  19  يام ))7
قرار لوزير الشباب والثقافة والتواصل رقم 736.26
صادر في 13 من
شوال) 1447 فاتح ابريل (2026 بتعيين رئيس واعضاء لجنة
دراسة طلبات عروض المشاريع المرشحة للدعم في قطاع",Fiscal,"Fiscal=2, Social=0, Administratif=0",Fiscal,False
421,BO_7506_Ar,الثانية,ar,"يسند تنفيذ هذا المرسوم، الذي ينشر بالجريدة الرسمية،
الى وزير التجهيز والماء.
الكتاب.
وحرر بالرباط في 5 ذي القعدة 1447 (23 ابريل 2026)
وزير الشباب والثقافة والتواصل،
االمضاء : عزيز اخنوش.
بناء على القرار المشترك لوزير الثقافة ووزير االقتصاد والمالي
ة
رقم 1274.14 الصادر في 10 جمادى االولى 1435 (12 مارس 2014)
بتحديد كيفية دعم الكتاب كما تم تغييره وتتميمه، اول سيما",Indéterminé,"Fiscal=0, Social=0, Administratif=0",Indéterminé,False
422,BO_7506_Ar,9,ar,"وقعه بالعطف:
وزير التجهيز والماء،
االمضاء : نزار بركة.
منه،
قرر ما يلي:
قرار لوزير الشباب والثقافة والتواصل رقم 638.26
صادر في 29 من
رمضان 1447 (19 مارس 2026) بتغيير قرار وزير الشباب
المادة االولى
تشكل لجنة دراسة طلبات عروض المشاريع المرشحة للدعم في
والثقافة والتواصل رقم 93.25
الصادر في 6 رجب1446
 (7 يناير 2025) بتعيين اعضاء لجنة البطاقة الفنية ومقررها
قطاع الكتاب برسم موسم 2026 من  االعضاء التاليين:
-عبد الوهاب الرامي، رئيسا؛
وكاتبها.
-محمد المغراوي، عضوا؛
وزير الشباب والثقافة والتواصل،
-عزيزم لتاوي، عضوا؛
بعد االاطلع على قرار وزير الشباب والثقافة والتواصل رقم 93.25
الصادر في 6 رجب 1446 (7 يناير 2025) بتعيين اعضاء لجنة البطاقة
-حميد سويفي، عضوا؛
-مخلص الصغير، عضوا؛
الفنية ومقررها وكاتبها، كما تم تغييره،
قرر ما يلي:
-عمار حمداش، عضوا؛
المادة االولى
-عبد العزيز الزجاري، عضوا؛
تغير، على النحو التالي، مقتضيات",Indéterminé,"Fiscal=0, Social=0, Administratif=0",Indéterminé,False
423,BO_7506_Ar,الثانية,ar,"من قرار وزير
-حميدة بن يعقوب، عضوا؛
الشباب والثقافة والتواصل رقم 93.25
الصادر في 6 رجب1446
 (7 يناير 2025) المشار اليه ااعله:
-محمد الطويل، عضوا؛
-خديجة بوصفيحة، عضوا؛
«",Indéterminé,"Fiscal=0, Social=0, Administratif=0",Indéterminé,False
424,BO_7506_Ar,الثانية,ar,".يعين كل من السيد عبد الحميد كريمة والسيدة
«ياسمينة جابر، ..................االول مقررا والثانية كاتبة للجنة البطاقة
-احمد السرغيني، عضوا؛
«الفنية».
-ايمن الطلبي، عضوا.",Indéterminé,"Fiscal=0, Social=0, Administratif=0",Indéterminé,False
426,BO_7506_Ar,الثانية,ar,"ينشر هذا القرار في الجريدة الرسمية.
ينشر هذا القرار في الجريدة الرسمية.
وحرر بالرباط في 29 من  رمضان 1447 (19 مارس 2026)
وحرر بالرباط في 13 من شوال) 1447 فاتح ابريل.(2026
االمضاء : محمد المهدي بنسعيد.
االمضاء : محمد المهدي بنسعيد.
 2648الجريدة الرسميةعدد19 - 7506 دعقلا وذ)) 19 19  19  يام))7
قرار لوزير التجهيز والماء رقم 711.26 صادر في 15 من شوال 1447
 (3 ابريل 2026) بافتتاح بحث عمومي يتعلق بتحديد الملك
العمومي البحري من الضفة اليمنى ملصب وادي درعة الى
حدود اقليم طانطان بجماعة راس امليل باقليم كلميم بجهة
المادة الرابعة
ينشر هذا القرار بالجريدة الرسمية.
وحرر بالرباط في 15 من شوال 1447 (3 ابريل 2026)
كلميم - واد نون.
االمضاء : نزار بركة.
وزير التجهيز والماء،
قرار لوزير التعليم العالي والبحث العلمي واالبتكار رقم 717.26
صادر في 15 من شوال 1447 (3 ابريل 2026) بتحديد بعض
بناء على الظهير الشريف الصادر في 7 شعبان) 1332 فاتح يوليو (1914
في شان االاملك العمومية، كما وقع تغييره وتتميمه، اول سيما الفصل
المعاادلت بين الشهادات.
السابع منه؛
وعلى المرسوم رقم 2.22.150 الصادر في 5 شوال 1443 (6 ماي 2022)
وزير التعليم العالي والبحث العلمي واالبتكار،
المتعلق بتحديد الملك العمومي للدولة، اول سيما",Indéterminé,"Fiscal=0, Social=0, Administratif=0",Indéterminé,False
427,BO_7506_Ar,3,ar,"منه،
بناء على المرسوم رقم 2.01.333 الصادر في 28 من ربيع االول 1422
 (21 يونيو 2001) المتعلق بتحديد الشروط والمسطرة الخاصة بمنح
قرر ما يلي:
المادة االولى
معادلة شهادات التعليم العالي؛
يجرى بحث عموميم لدة شهرين، من 23 يونيو الى 23 سبتمبر 2026
بجماعة راس امليل باقليم كلميم، وذلك بشان تحديد الملك العمومي
وعلى المرسوم رقم 2.04.89 الصادر في 18 من ربيع االخر 1425
 (7 يونيو 2004) بتحديد اختصاص المؤسسات الجامعية وااسلك
الدراسات العليا وكذا الشهادات الوطنية المطابقة، كما وقع تغييره
البحري من الضفة اليمنىم لصب وادي درعة الى حدود اقليم طانطان.",Indéterminé,"Fiscal=0, Social=0, Administratif=0",Indéterminé,False
428,BO_7506_Ar,الثانية,ar,"وتتميمه؛
تتالف اللجنة الخاصة بالبحث العمومي من:
وعلى المرسوم رقم 2.24.991 الصادر في 24 من ربيع االخر 1446
 (28 اكتوبر 2024) المتعلق باختصاصات وزير التعليم العالي والبحث
-ممثل السلطة المحلية قائد قيادة البيار، رئيسا؛
-ممثل عن المديرية االقليمية للتجهيز والنقل واللوجيستيك بكلميم،
العلمي واالبتكار؛
مكلفا بسكرتارية اللجنة؛
وبعد استشارة اللجنة القطاعية لعلوم الرياضيات والفيزياء
-ممثل رئيس مجلس جماعة راس امليل؛
والكيمياء والحياة واالرض والكون المنعقدة بتاريخ 5 فبراير2026،
-ممثل عن مصلحة المسح العقاري بكلميم؛
قرر ما يلي:
-ممثل عن مصلحة المحافظة العقارية بكلميم.
المادة االولى
المادة الثالثة
تقبل ملعادلة الدكتوراه، الشهادة التالية في Physique, énergie
: solaire, matériaux et systèmes
يودع، لهذا الغرض، ملف البحث العمومي والسجل المعد لتلقي
التعرضات او مااللحظات المتعلقة بمشروع التحديد بمقر جماعة
– Doctorat, mention : physique, spécialité : énergie solaire,
راس امليل التابعةا لقليم كلميم اخلل فترة البحث المشار اليها ااعله.
matériaux et systèmes, délivré par l’Université Cheikh -
Anta - Diop de Dakar - Sénégal.
يتعين على جماعة راس امليل، وفقام لقتضيات",Administratif,"Administratif=3, Fiscal=0, Social=0",Administratif,False
429,BO_7506_Ar,6,ar,"من المرسوم
رقم 2.22.150 الصادر في 5 شوال 1443 (6 ماي 2022) املشار اليه
ااعله، وضع نسخة من هذا القرار والملف المرفق به، المتضمن على
الخصوص التصميم واحداثيات الحدود المقترحة للملك العمومي
البحري من الضفة اليمنى ملصب وادي درعة الى غاية حدود اقليم
طانطان بمكاتبها، رهن اشارة العموم اللاطلع عليها واالادلء، عند",Indéterminé,"Fiscal=0, Social=0, Administratif=0",Indéterminé,False
430,BO_7506_Ar,الثانية,ar,"ينشر هذا القرار بالجريدة الرسمية.
وحرر بالرباط في 15 من شوال 1447 (3 ابريل 2026)
االقتضاء، بتعرضاتهم او املحظاتهم.
االمضاء : عز الدين المداوي.
الجريدة الرسمية2649
عدد19 - 7506 دعقلا وذ)) 19 19  19  يام ))7
قرار لوزير التعليم العالي والبحث العلمي واالبتكار رقم 718.26
صادر في 15 من شوال 1447 (3 ابريل 2026) بتحديد بعض
وعلى المرسوم رقم 2.04.89 الصادر في 18 من ربيع االخر 1425
 (7 يونيو 2004) بتحديد اختصاص المؤسسات الجامعية وااسلك
الدراسات العليا وكذا الشهادات الوطنية المطابقة، كما وقع تغييره
المعاادلت بين الشهادات.
وتتميمه؛
وزير التعليم العالي والبحث العلمي واالبتكار،
بناء على المرسوم رقم 2.01.333 الصادر في 28 من ربيع االول 1422
 (21 يونيو 2001) المتعلق بتحديد الشروط والمسطرة الخاصة بمنح
وعلى المرسوم رقم 2.24.991 الصادر في 24 من ربيع االخر 1446
 (28 اكتوبر 2024) المتعلق باختصاصات وزير التعليم العالي والبحث
العلمي واالبتكار؛
معادلة شهادات التعليم العالي؛
وبعد استشارة اللجنة القطاعية لعلوم الرياضيات والفيزياء
والكيمياء والحياة واالرض والكون المنعقدة بتاريخ 5 فبراير2026،
وعلى المرسوم رقم 2.04.89 الصادر في 18 من ربيع االخر 1425
 (7 يونيو 2004) بتحديد اختصاص المؤسسات الجامعية وااسلك
الدراسات العليا وكذا الشهادات الوطنية المطابقة، كما وقع تغييره
قرر ما يلي:
المادة االولى
وتتميمه؛
تقبل ملعادلة االجازة، الشهادة التالية في Electricité et génie
وعلى المرسوم رقم 2.24.991 الصادر في 24 من ربيع االخر 1446
 (28 اكتوبر 2024) المتعلق باختصاصات وزير التعليم العالي والبحث
: électrique
– Qualification de bachelor dans la spécialité de
العلمي واالبتكار؛
«électricité et génie électrique», délivrée par l’Université
d’Etat nationale de recherche N.P. Ogarev de Mordovie -
Fédération de Russie.
وبعد استشارة اللجنة القطاعية لعلوم الرياضيات والفيزياء
والكيمياء والحياة واالرض والكون المنعقدة بتاريخ 5 فبراير2026،
قرر ما يلي:
المادة االولى",Indéterminé,"Fiscal=0, Social=0, Administratif=0",Indéterminé,False
431,BO_7506_Ar,الثانية,ar,"ينشر هذا القرار بالجريدة الرسمية.
تقبلم لعادلة الدكتوراه،  الشهادة التالية فيMésozoïque source-
وحرر بالرباط في 15 من شوال 1447 (3 ابريل 2026)
: to-sink systems in NW Africa
االمضاء : عز الدين المداوي.
– Degree of doctor (PH.D), délivré par Vrije Universiteit
Amsterdam - Pays-Bas.
قرار لوزير التعليم العالي والبحث العلمي واالبتكار رقم 720.26
صادر في 15 من شوال 1447 (3 ابريل 2026) بتحديد بعض",Indéterminé,"Fiscal=0, Social=0, Administratif=0",Indéterminé,False
432,BO_7506_Ar,الثانية,ar,"المعاادلت بين الشهادات.
ينشر هذا القرار بالجريدة الرسمية.
وحرر بالرباط في 15 من شوال 1447 (3 ابريل 2026)
وزير التعليم العالي والبحث العلمي واالبتكار،
بناء على المرسوم رقم 2.01.333 الصادر في 28 من ربيع االول 1422
 (21 يونيو 2001) المتعلق بتحديد الشروط والمسطرة الخاصة بمنح
االمضاء : عز الدين المداوي.
معادلة شهادات التعليم العالي؛
قرار لوزير التعليم العالي والبحث العلمي واالبتكار رقم 719.26
صادر في 15 من شوال 1447 (3 ابريل 2026) بتحديد بعض
وعلى المرسوم رقم 2.04.89 الصادر في 18 من ربيع االخر 1425
 (7 يونيو 2004) بتحديد اختصاص المؤسسات الجامعية وااسلك
الدراسات العليا وكذا الشهادات الوطنية المطابقة، كما وقع تغييره
المعاادلت بين الشهادات.
وتتميمه؛
وزير التعليم العالي والبحث العلمي واالبتكار،
بناء على المرسوم رقم 2.01.333 الصادر في 28 من ربيع االول 1422
 (21 يونيو 2001) المتعلق بتحديد الشروط والمسطرة الخاصة بمنح
وعلى المرسوم رقم 2.24.991 الصادر في 24 من ربيع االخر 1446
 (28 اكتوبر 2024) المتعلق باختصاصات وزير التعليم العالي والبحث
معادلة شهادات التعليم العالي؛
العلمي واالبتكار؛
 2650الجريدة الرسميةعدد19 - 7506 دعقلا وذ)) 19 19  19  يام))7
وبعد استشارة اللجنة القطاعية لعلوم الرياضيات والفيزياء
– Degree of bachelor of engineering in electronic and
information engineering, délivré par Hangzhou Dianzi
University - Chine.
والكيمياء والحياة واالرض والكون المنعقدة بتاريخ 5 فبراير2026،
قرر ما يلي:
المادة االولى",Indéterminé,"Fiscal=0, Social=0, Administratif=0",Indéterminé,False
433,BO_7506_Ar,الثانية,ar,"ينشر هذا القرار بالجريدة الرسمية.
تقبل ملعادلة االجازة، الشهادة التالية في Ressources
: bioaquatiques et aquaculture
وحرر بالرباط في 15 من شوال 1447 (3 ابريل 2026)
– Qualification de bachelor dans la spécialité de
االمضاء : عز الدين المداوي.
«ressources bioaquatiques et aquaculture», délivrée par
l’Université technique d’Etat d’Astrakhan - Fédération de
Russie.
قرار لوزير التعليم العالي والبحث العلمي واالبتكار رقم 722.26
صادر في 15 من شوال 1447 (3 ابريل 2026) بتحديد بعض
المعاادلت بين الشهادات.",Indéterminé,"Fiscal=0, Social=0, Administratif=0",Indéterminé,False
434,BO_7506_Ar,الثانية,ar,"ينشر هذا القرار بالجريدة الرسمية.
وزير التعليم العالي والبحث العلمي واالبتكار،
بناء على المرسوم رقم 2.01.333 الصادر في 28 من ربيع االول 1422
 (21 يونيو 2001) المتعلق بتحديد الشروط والمسطرة الخاصة بمنح
وحرر بالرباط في 15 من شوال 1447 (3 ابريل 2026)
االمضاء : عز الدين المداوي.
معادلة شهادات التعليم العالي؛
قرار لوزير التعليم العالي والبحث العلمي واالبتكار رقم 721.26
صادر في 15 من شوال 1447 (3 ابريل 2026) بتحديد بعض
وعلى المرسوم رقم 2.04.89 الصادر في 18 من ربيع االخر 1425
 (7 يونيو 2004) بتحديد اختصاص المؤسسات الجامعية وااسلك
الدراسات العليا وكذا الشهادات الوطنية المطابقة، كما وقع تغييره
المعاادلت بين الشهادات.
وتتميمه؛
وزير التعليم العالي والبحث العلمي واالبتكار،
بناء على المرسوم رقم 2.01.333 الصادر في 28 من ربيع االول 1422
 (21 يونيو 2001) المتعلق بتحديد الشروط والمسطرة الخاصة بمنح
وعلى المرسوم رقم 2.24.991 الصادر في 24 من ربيع االخر 1446
 (28 اكتوبر 2024) المتعلق باختصاصات وزير التعليم العالي والبحث
العلمي واالبتكار؛
معادلة شهادات التعليم العالي؛
وبعد استشارة اللجنة القطاعية لعلوم الرياضيات والفيزياء
وعلى المرسوم رقم 2.04.89 الصادر في 18 من ربيع االخر 1425
 (7 يونيو 2004) بتحديد اختصاص المؤسسات الجامعية وااسلك
الدراسات العليا وكذا الشهادات الوطنية المطابقة، كما وقع تغييره
والكيمياء والحياة واالرض والكون المنعقدة بتاريخ 5 فبراير2026،
قرر ما يلي:
المادة االولى
وتتميمه؛
تقبل ملعادلة االجازة، الشهادة التالية في Service automobile -
وعلى المرسوم رقم 2.24.991 الصادر في 24 من ربيع االخر 1446
 (28 اكتوبر 2024) المتعلق باختصاصات وزير التعليم العالي والبحث
: Transport automobile
– Qualification bachelor degree, transport services,
العلمي واالبتكار؛
motor vehicle transport, délivrée par Kharkiv national
automobile and highway University - Ukraine.
وبعد استشارة اللجنة القطاعية لعلوم الرياضيات والفيزياء
والكيمياء والحياة واالرض والكون المنعقدة بتاريخ 5 فبراير2026،",Indéterminé,"Fiscal=0, Social=0, Administratif=0",Indéterminé,False
435,BO_7506_Ar,الثانية,ar,"قرر ما يلي:
المادة االولى
ينشر هذا القرار بالجريدة الرسمية.
وحرر بالرباط في 15 من شوال 1447 (3 ابريل 2026)
تقبل ملعادلة االجازة، الشهادة التالية في Génie électronique et
: génie de l’information
االمضاء : عز الدين المداوي.
الجريدة الرسمية2651
عدد19 - 7506 دعقلا وذ)) 19 19  19  يام ))7
قرار لوزير التعليم العالي والبحث العلمي واالبتكار رقم 723.26
صادر في 15 من شوال 1447 (3 ابريل 2026) بتحديد بعض
وعلى المرسوم رقم 2.04.89 الصادر في 18 من ربيع االخر 1425
 (7 يونيو 2004) بتحديد اختصاص المؤسسات الجامعية وااسلك
الدراسات العليا وكذا الشهادات الوطنية المطابقة، كما وقع تغييره
المعاادلت بين الشهادات.
وتتميمه؛
وزير التعليم العالي والبحث العلمي واالبتكار،
بناء على المرسوم رقم 2.01.333 الصادر في 28 من ربيع االول 1422
 (21 يونيو 2001) المتعلق بتحديد الشروط والمسطرة الخاصة بمنح
وعلى المرسوم رقم 2.24.991 الصادر في 24 من ربيع االخر 1446
 (28 اكتوبر 2024) المتعلق باختصاصات وزير التعليم العالي والبحث
العلمي واالبتكار؛
معادلة شهادات التعليم العالي؛
وبعد استشارة اللجنة القطاعية لعلوم الرياضيات والفيزياء
وعلى المرسوم رقم 2.04.89 الصادر في 18 من ربيع االخر 1425
 (7 يونيو 2004) بتحديد اختصاص المؤسسات الجامعية وااسلك
الدراسات العليا وكذا الشهادات الوطنية المطابقة، كما وقع تغييره
والكيمياء والحياة واالرض والكون المنعقدة بتاريخ 5 فبراير2026،
قرر ما يلي:
المادة االولى
وتتميمه؛
تقبل ملعادلة الماستر، الشهادة التالية في Technologie de
وعلى المرسوم رقم 2.24.991 الصادر في 24 من ربيع االخر 1446
 (28 اكتوبر 2024) المتعلق باختصاصات وزير التعليم العالي والبحث
: l’information
– Degree of master of science information technology,
العلمي واالبتكار؛
délivré par University of Massachusetts Lowell - Etats-Unis
d’Amérique.
وبعد استشارة اللجنة القطاعية لعلوم الرياضيات والفيزياء
والكيمياء والحياة واالرض والكون المنعقدة بتاريخ 5 فبراير2026،",Indéterminé,"Fiscal=0, Social=0, Administratif=0",Indéterminé,False
436,BO_7506_Ar,الثانية,ar,"قرر ما يلي:
المادة االولى
ينشر هذا القرار بالجريدة الرسمية.
وحرر بالرباط في 15 من شوال 1447 (3 ابريل 2026)
تقبلم لعادلة الدكتوراه، الشهادة التالية في: Physique
– Titolo di dottore di ricerca (PH.D.) in fisica degli
االمضاء : عز الدين المداوي.
acceleratori, délivré par Sapienza Université de Rome -
Italie.
قرار لوزير التعليم العالي والبحث العلمي واالبتكار رقم 725.26
صادر في 15 من شوال 1447 (3 ابريل 2026) بتحديد بعض",Indéterminé,"Fiscal=0, Social=0, Administratif=0",Indéterminé,False
437,BO_7506_Ar,الثانية,ar,"المعاادلت بين الشهادات.
ينشر هذا القرار بالجريدة الرسمية.
وزير التعليم العالي والبحث العلمي واالبتكار،
بناء على المرسوم رقم 2.01.333 الصادر في 28 من ربيع االول 1422
 (21 يونيو 2001) المتعلق بتحديد الشروط والمسطرة الخاصة بمنح
وحرر بالرباط في 15 من شوال 1447 (3 ابريل 2026)
االمضاء : عز الدين المداوي.
معادلة شهادات التعليم العالي؛
قرار لوزير التعليم العالي والبحث العلمي واالبتكار رقم 724.26
صادر في 15 من شوال 1447 (3 ابريل 2026) بتحديد بعض
وعلى المرسوم رقم 2.04.89 الصادر في 18 من ربيع االخر 1425
 (7 يونيو 2004) بتحديد اختصاص المؤسسات الجامعية وااسلك
الدراسات العليا وكذا الشهادات الوطنية المطابقة، كما وقع تغييره
المعاادلت بين الشهادات.
وتتميمه؛
وزير التعليم العالي والبحث العلمي واالبتكار،
بناء على المرسوم رقم 2.01.333 الصادر في 28 من ربيع االول 1422
 (21 يونيو 2001) المتعلق بتحديد الشروط والمسطرة الخاصة بمنح
وعلى المرسوم رقم 2.24.991 الصادر في 24 من ربيع االخر 1446
 (28 اكتوبر 2024) المتعلق باختصاصات وزير التعليم العالي والبحث
معادلة شهادات التعليم العالي؛
العلمي واالبتكار؛
 2652الجريدة الرسميةعدد19 - 7506 دعقلا وذ)) 19 19  19  يام))7
وبعد استشارة اللجنة القطاعية لعلوم الرياضيات والفيزياء",Indéterminé,"Fiscal=0, Social=0, Administratif=0",Indéterminé,False
438,BO_7506_Ar,الثانية,ar,"والكيمياء والحياة واالرض والكون المنعقدة بتاريخ 5 فبراير2026،
ينشر هذا القرار بالجريدة الرسمية.
قرر ما يلي:
وحرر بالرباط في 15 من شوال 1447 (3 ابريل 2026)
المادة االولى
االمضاء : عز الدين المداوي.
تقبلم لعادلة االجازة، الشهادة التالية في: Génie logiciel
– Degree of bachelor of engineering, software engineering,
قرار لوزير التعليم العالي والبحث العلمي واالبتكار رقم 727.26
صادر في 15 من شوال 1447 (3 ابريل 2026) بتحديد بعض
délivré par Southwest Petroleum University - Chine.",Indéterminé,"Fiscal=0, Social=0, Administratif=0",Indéterminé,False
439,BO_7506_Ar,الثانية,ar,"المعاادلت بين الشهادات.
ينشر هذا القرار بالجريدة الرسمية.
وحرر بالرباط في 15 من شوال 1447 (3 ابريل 2026)
وزير التعليم العالي والبحث العلمي واالبتكار،
بناء على المرسوم رقم 2.01.333 الصادر في 28 من ربيع االول 1422
 (21 يونيو 2001) المتعلق بتحديد الشروط والمسطرة الخاصة بمنح
االمضاء : عز الدين المداوي.
قرار لوزير التعليم العالي والبحث العلمي واالبتكار رقم 726.26
صادر في 15 من شوال 1447 (3 ابريل 2026) بتحديد بعض
معادلة شهادات التعليم العالي؛
وعلى المرسوم رقم 2.04.89 الصادر في 18 من ربيع االخر 1425
 (7 يونيو 2004) بتحديد اختصاص المؤسسات الجامعية وااسلك
الدراسات العليا وكذا الشهادات الوطنية المطابقة، كما وقع تغييره
المعاادلت بين الشهادات.
وزير التعليم العالي والبحث العلمي واالبتكار،
وتتميمه؛
بناء على المرسوم رقم 2.01.333 الصادر في 28 من ربيع االول 1422
 (21 يونيو 2001) المتعلق بتحديد الشروط والمسطرة الخاصة بمنح
وعلى المرسوم رقم 2.24.991 الصادر في 24 من ربيع االخر 1446
 (28 اكتوبر 2024) المتعلق باختصاصات وزير التعليم العالي والبحث
معادلة شهادات التعليم العالي؛
العلمي واالبتكار؛
وعلى المرسوم رقم 2.04.89 الصادر في 18 من ربيع االخر 1425
 (7 يونيو 2004) بتحديد اختصاص المؤسسات الجامعية وااسلك
الدراسات العليا وكذا الشهادات الوطنية المطابقة، كما وقع تغييره
وبعد استشارة اللجنة القطاعية لعلوم الرياضيات والفيزياء
والكيمياء والحياة واالرض والكون المنعقدة بتاريخ 5 فبراير2026،
وتتميمه؛
قرر ما يلي:
وعلى المرسوم رقم 2.24.991 الصادر في 24 من ربيع االخر 1446
 (28 اكتوبر 2024) المتعلق باختصاصات وزير التعليم العالي والبحث
المادة االولى
تقبلم لعادلة الدكتوراه، الشهادة التالية في: Sciences naturelles
العلمي واالبتكار؛
وبعد استشارة اللجنة القطاعية لعلوم الرياضيات والفيزياء
– Doctorate degree in the area of natural sciences, délivré
والكيمياء والحياة واالرض والكون المنعقدة بتاريخ 5 فبراير2026،
par Lietuvos sporto Universitetas - Lituanie.
قرر ما يلي:",Indéterminé,"Fiscal=0, Social=0, Administratif=0",Indéterminé,False
440,BO_7506_Ar,الثانية,ar,"المادة االولى
ينشر هذا القرار بالجريدة الرسمية.
تقبلم لعادلة االجازة، الشهادة التالية في: Génie logiciel
وحرر بالرباط في 15 من شوال 1447 (3 ابريل 2026)
– Degree of bachelor of engineering in software
engineering, délivré par Sichuan University - Chine.
االمضاء : عز الدين المداوي.
الجريدة الرسمية2653
عدد19 - 7506 دعقلا وذ)) 19 19  19  يام ))7
قرار لوزير التعليم العالي والبحث العلمي واالبتكار رقم 728.26
صادر في 15 من شوال 1447 (3 ابريل 2026) بتحديد بعض
وعلى المرسوم رقم 2.04.89 الصادر في 18 من ربيع االخر 1425
 (7 يونيو 2004) بتحديد اختصاص المؤسسات الجامعية وااسلك
الدراسات العليا وكذا الشهادات الوطنية المطابقة، كما وقع تغييره
المعاادلت بين الشهادات.
وتتميمه؛
وزير التعليم العالي والبحث العلمي واالبتكار،
وعلى المرسوم رقم 2.24.991 الصادر في 24 من ربيع االخر 1446
 (28 اكتوبر 2024) المتعلق باختصاصات وزير التعليم العالي والبحث
بناء على المرسوم رقم 2.01.333 الصادر في 28 من ربيع االول 1422
 (21 يونيو 2001) المتعلق بتحديد الشروط والمسطرة الخاصة بمنح
العلمي واالبتكار؛
معادلة شهادات التعليم العالي؛
وبعد استشارة اللجنة القطاعية لعلوم الرياضيات والفيزياء
وعلى المرسوم رقم 2.04.89 الصادر في 18 من ربيع االخر 1425
 (7 يونيو 2004) بتحديد اختصاص المؤسسات الجامعية وااسلك
الدراسات العليا وكذا الشهادات الوطنية المطابقة، كما وقع تغييره
والكيمياء والحياة واالرض والكون المنعقدة بتاريخ 5 فبراير2026،
قرر ما يلي:
المادة االولى
وتتميمه؛
تقبلم لعادلة الدكتوراه، الشهادة التالية في: Biologie
وعلى المرسوم رقم 2.24.991 الصادر في 24 من ربيع االخر 1446
 (28 اكتوبر 2024) المتعلق باختصاصات وزير التعليم العالي والبحث
– Titre de docteur en biologie, délivré par l’Université du
العلمي واالبتكار؛
Luxembourg - Luxembourg.
وبعد استشارة اللجنة القطاعية لعلوم الرياضيات والفيزياء",Indéterminé,"Fiscal=0, Social=0, Administratif=0",Indéterminé,False
441,BO_7506_Ar,الثانية,ar,"والكيمياء والحياة واالرض والكون المنعقدة بتاريخ 5 فبراير2026،
ينشر هذا القرار بالجريدة الرسمية.
قرر ما يلي:
وحرر بالرباط في 15 من شوال 1447 (3 ابريل 2026)
المادة االولى
االمضاء : عز الدين المداوي.
تقبلم لعادلة الماستر، الشهادة التالية في: Sciences de l’eau
– Grade de maître ès sciences (M.SC.), sciences de l’eau,
قرار لوزير التعليم العالي والبحث العلمي واالبتكار رقم 730.26
صادر في 15 من شوال 1447 (3 ابريل 2026) بتحديد بعض
délivré par l’Université du Québec - Canada.",Indéterminé,"Fiscal=0, Social=0, Administratif=0",Indéterminé,False
442,BO_7506_Ar,الثانية,ar,"المعاادلت بين الشهادات.
ينشر هذا القرار بالجريدة الرسمية.
وزير التعليم العالي والبحث العلمي واالبتكار،
وحرر بالرباط في 15 من شوال 1447 (3 ابريل 2026)
بناء على المرسوم رقم 2.01.333 الصادر في 28 من ربيع االول 1422
 (21 يونيو 2001) المتعلق بتحديد الشروط والمسطرة الخاصة بمنح
االمضاء : عز الدين المداوي.
معادلة شهادات التعليم العالي؛
قرار لوزير التعليم العالي والبحث العلمي واالبتكار رقم 729.26
صادر في 15 من شوال 1447 (3 ابريل 2026) بتحديد بعض
وعلى المرسوم رقم 2.04.89 الصادر في 18 من ربيع االخر 1425
 (7 يونيو 2004) بتحديد اختصاص المؤسسات الجامعية وااسلك
الدراسات العليا وكذا الشهادات الوطنية المطابقة، كما وقع تغييره
المعاادلت بين الشهادات.
وتتميمه؛
وزير التعليم العالي والبحث العلمي واالبتكار،
وعلى المرسوم رقم 2.24.991 الصادر في 24 من ربيع االخر 1446
 (28 اكتوبر 2024) المتعلق باختصاصات وزير التعليم العالي والبحث
بناء على المرسوم رقم 2.01.333 الصادر في 28 من ربيع االول 1422
 (21 يونيو 2001) المتعلق بتحديد الشروط والمسطرة الخاصة بمنح
معادلة شهادات التعليم العالي؛
العلمي واالبتكار؛
 2654الجريدة الرسميةعدد19 - 7506 دعقلا وذ)) 19 19  19  يام))7
وبعد استشارة اللجنة القطاعية لعلوم الرياضيات والفيزياء",Indéterminé,"Fiscal=0, Social=0, Administratif=0",Indéterminé,False
443,BO_7506_Ar,الثانية,ar,"والكيمياء والحياة واالرض والكون المنعقدة بتاريخ 5 فبراير2026،
ينشر هذا القرار بالجريدة الرسمية.
قرر ما يلي:
المادة االولى
وحرر بالرباط في 15 من شوال 1447 (3 ابريل 2026)
تقبل ملعادلة الماستر، الشهادة التالية في Biologie cellulaire
االمضاء : عز الدين المداوي.
: moléculaire
قرار لوزير التعليم العالي والبحث العلمي واالبتكار رقم 732.26
صادر في 15 من شوال 1447 (3 ابريل 2026) بتحديد بعض
– Laurea magistrale in biologia cellular e molecolare,
délivrée par l’Universita degli studi di Cagliari - Italie.
المعاادلت بين الشهادات.",Indéterminé,"Fiscal=0, Social=0, Administratif=0",Indéterminé,False
444,BO_7506_Ar,الثانية,ar,"ينشر هذا القرار بالجريدة الرسمية.
وزير التعليم العالي والبحث العلمي واالبتكار،
وحرر بالرباط في 15 من شوال 1447 (3 ابريل 2026)
بناء على المرسوم رقم 2.01.333 الصادر في 28 من ربيع االول 1422
 (21 يونيو 2001) المتعلق بتحديد الشروط والمسطرة الخاصة بمنح
االمضاء : عز الدين المداوي.
معادلة شهادات التعليم العالي؛
قرار لوزير التعليم العالي والبحث العلمي واالبتكار رقم 731.26
صادر في 15 من شوال 1447 (3 ابريل 2026) بتحديد بعض
وعلى المرسوم رقم 2.04.89 الصادر في 18 من ربيع االخر 1425
 (7 يونيو 2004) بتحديد اختصاص المؤسسات الجامعية وااسلك
الدراسات العليا وكذا الشهادات الوطنية المطابقة، كما وقع تغييره
المعاادلت بين الشهادات.
وزير التعليم العالي والبحث العلمي واالبتكار،
بناء على المرسوم رقم 2.01.333 الصادر في 28 من ربيع االول 1422
 (21 يونيو 2001) المتعلق بتحديد الشروط والمسطرة الخاصة بمنح
وتتميمه؛
وعلى المرسوم رقم 2.24.991 الصادر في 24 من ربيع االخر 1446
 (28 اكتوبر 2024) المتعلق باختصاصات وزير التعليم العالي والبحث
معادلة شهادات التعليم العالي؛
العلمي واالبتكار؛
وعلى المرسوم رقم 2.04.89 الصادر في 18 من ربيع االخر 1425
 (7 يونيو 2004) بتحديد اختصاص المؤسسات الجامعية وااسلك
الدراسات العليا وكذا الشهادات الوطنية المطابقة، كما وقع تغييره
وبعد استشارة اللجنة القطاعية لعلوم الرياضيات والفيزياء
والكيمياء والحياة واالرض والكون المنعقدة بتاريخ 5 فبراير2026،
وتتميمه؛
قرر ما يلي:
وعلى المرسوم رقم 2.24.991 الصادر في 24 من ربيع االخر 1446
 (28 اكتوبر 2024) المتعلق باختصاصات وزير التعليم العالي والبحث
المادة االولى
تقبلم لعادلة الماستر، الشهادة التالية في: Informatique
العلمي واالبتكار؛
– Master of science (MSC) in data science and business
وبعد استشارة اللجنة القطاعية لعلوم الرياضيات والفيزياء
analytics, délivré par Asia Pacific University of technology
and innovation - Malaisie.
والكيمياء والحياة واالرض والكون المنعقدة بتاريخ 5 فبراير2026،
قرر ما يلي:
المادة االولى",Indéterminé,"Fiscal=0, Social=0, Administratif=0",Indéterminé,False
445,BO_7506_Ar,الثانية,ar,"تقبلم لعادلة االجازة، الشهادة التالية في: Informatique
ينشر هذا القرار بالجريدة الرسمية.
– Degree of bachelor of engineering, computer science and
وحرر بالرباط في 15 من شوال 1447 (3 ابريل 2026)
technology, délivré par Nanjing University of information
science and technology - Chine.
االمضاء : عز الدين المداوي.
الجريدة الرسمية2655
عدد19 - 7506 دعقلا وذ)) 19 19  19  يام))7
مقرر لوزيرة االقتصاد والمالية رقم 622.26 صادر في 27 من رمضان 1447 (17 مارس 2026) باالذن بالتخلي عن ملكية القطعة
االرضية االلزمةا لحداث دار الشباب بعمالة مقاطعة عين الشق بجماعة الدار البيضاء بعمالة الدار البيضاء
وزيرة االقتصاد والمالية،
بناء على القانون رقم 7.81
المتعلق بنزع الملكية الجل المنفعة العامة وباالحاتلل المؤقت، الصادر بتنفيذه الظهير الشريف
رقم 1.81.254 بتاريخ 11 من رجب 1402 (6 ماي 1982)؛
وعلى المرسوم رقم 2.82.382 الصادر في 2 رجب 1403 (16 ابريل 1983) بتطبيق القانون رقم 7.81 المشار اليه ااعله؛
وعلى القانون رقم 12.90
المتعلق بالتعمير، الصادر بتنفيذه الظهير الشريف رقم 1.92.31 بتاريخ 15 من ذي الحجة1412
(17 يونيو 1992) اول سيما الفصل 28 منه؛
وبعد االاطلع على المرسوم رقم 2.25.303 الصادر في 3 شوال 1446 (2 ابريل 2025) بالموافقة على التصميم والنظام
المتعلق به الموضوعين لتهيئة مقاطعة عين الشق بجماعة الدار البيضاء بعمالة الدار البيضاء وباالاعلن ان في ذلك منفعة عامة؛
وعلى ملف البحث االداري المباشر من 28 ماي الى 27 يوليو 2025؛
وبعد استشارة وزير الداخلية،
قررت ما يلي:
المادة االولى
يؤذن بالتخلي عن ملكية القطعة االرضية االلزمة الحداث دار الشباب، الكائنة بعمالة مقاطعة عين الشق بجماع
ة
الدار البيضاء بعمالة الدار البيضاء، المبينة في الجدول اسفله والمرسومة حدودها بخط احمر في التصميم الملحق باصل هذا
المقرر:
 2656الجريدة الرسميةعدد19 - 7506 دعقلا وذ)) 19 19  19  يام))7
رقم القطعة
تعيين المل
ك
ومرجعه العقاري
االرضية
بالتصميم",Civil,"Civil=2, Fiscal=0, Social=0",Civil,False
446,BO_7506_Ar,الثانية,ar,".يفوض حق نزع الملكية الى مدير ااملك الدولة.
المادة الثالثة - .ينشر هذا المقرر بالجريدة الرسمية.
وزير التجهيز والماء،
رقم 1.81.254 بتاريخ 11 من رجب 1402 (6 ماي 1982)؛
تزكيت باقليم افران؛
باقليم افران؛
باقليم الحاجب؛
وبعد استشارة وزير الداخلية،
قرر ما يلي:
المادة االولى
1/1000ماللحقة باصل هذا المقرر:
الجريدة الرسمية2657
عدد19 - 7506 دعقلا وذ)) 19 19  19  يام))7
وحرر بالرباط في 27 من رمضان 1447 (17 مارس 2026)
االمضاء : نادية فتاح.
مقرر لوزير التجهيز والماء رقم 605.26 صادر في 28 من رمضان 1447 (18 مارس 2026) باالذن بالتخلي عن ملكية القطع االرضية
االلزمة لتثنية الطريق الجهوية رقم 707 من ن.ك 1+400 الى 19+000 بجماعتي ايت نعمان واقدار باقليم الحاجب
بناء على القانون رقم 7.81
المتعلق بنزع الملكية الجل المنفعة العامة وباالحاتلل المؤقت، الصادر بتنفيذه الظهير الشريف
وعلى المرسوم رقم 2.82.382 الصادر في 2 رجب 1403 (16 ابريل 1983) بتطبيق القانون رقم 7.81 المشار اليه ااعله؛
وعلى المرسوم رقم 2.23.849 الصادر في 23 من ربيع االول 1445 (9 اكتوبر 2023) بااعلن ان المنفعة العامة تقغضي بتثنية
الطريق الجهوية رقم 707 من ن.ك رقم 1+400 الى ن.ك رقم 24+800 بجماعتي ايت نعمان واقدار باقليم الحاجب وبجماعة
وعلى المرسوم رقم 2.25.1055 الصادر في 18 من رجب 1447 (8 يناير 2026) بتجديد ااعلن المنفعة العامة التي تقغضي بتثنية
الطريق الجهوية رقم 707
من ن.ك 1+400 الى ن.ك 24+800 بجماعتي ايت نعمان واقدار باقليم الحاجب وبجماعة تزكيت
وبعد االاطلع على ملف البحث االداري المباشر من 6 نوفمبر 2024 الى 7 يناير 2025 بمكاتب جماعتي ايت نعمان واقدار
يؤذن بالتخلي عن ملكية القطع االرضية االلزمة لتثنية الطريق الجهوية رقم 707 من ن.ك 1+400 الى 19+000 بجماعتي ايت
نعمان واقدار باقليم الحاجب، المبينة في الجدول اسفله والمعلم عليها في التصاميم التجزيئية من 1/12 الى 12/12 ذوات المقياس
 2658الجريدة الرسميةعدد19 - 7506 دعقلا وذ)) 19 19  19  يام))7
الجريدة الرسمية2659
عدد19 - 7506 دعقلا وذ)) 19 19  19  يام))7
رقم القطعة
االرضية
 2660الجريدة الرسميةعدد19 - 7506 دعقلا وذ)) 19 19  19  يام))7
رقم القطعة
االرضية
الجريدة الرسمية2661
عدد19 - 7506 دعقلا وذ)) 19 19  19  يام))7
رقم القطعة
االرضية
 2662الجريدة الرسميةعدد19 - 7506 دعقلا وذ)) 19 19  19  يام))7
رقم القطعة
االرضية
الجريدة الرسمية2663
عدد19 - 7506 دعقلا وذ)) 19 19  19  يام))7
رقم القطعة
االرضية
 2664الجريدة الرسميةعدد19 - 7506 دعقلا وذ)) 19 19  19  يام))7
رقم
القطعة
االرضية",Civil,"Civil=2, Fiscal=0, Social=0",Civil,False
447,BO_7506_Ar,الثانية,ar,".ينشر هذا المقرر بالجريدة الرسمية.
وحرر بالرباط في 28 من رمضان 1447 (18 مارس 2026)
االمضاء : نزار بركة.
مقرر لوزير النقل واللوجيستيك رقم 739.26 صادر في 15 من شوال 1447 (3 ابريل 2026) باالذن بالتخلي عن ملكية القطع االرضية
االلزمة لبناء خط سككي للقطارات ذات السرعة العالية بين القنيطرة ومراكش، من ن.ك 336+324 الى ن.ك 348+616
ومن ن.ك 01+401
الى ن.ك 05+732 ومن ن.ك 02+252 الى ن.ك 05+780 بجماعة النواصر باقليم النواصر باولية جهة
الدار البيضاء - سطات.
وزير النقل واللوجيستيك،
بناء على الظهير الشريف رقم 1.63.225 الصادر في 14 من ربيع االول 1383 (5 اغسطس 1963) المتعلق باحداث المكتب الوطني للسكك
الحديدية، كما وقع تغييره وتتميمه؛
وعلى القانون رقم 7.81 المتعلق بنزع الملكية الجل المنفعة العامة وباالحاتلل المؤقت الصادر بتنفيذه الظهير الشريف رقم 1.81.254
بتاريخ 11 من رجب 1402 (6 ماي 1982)؛
وعلى القانون رقم 52.03 المتعلق بتنظيم الشبكة السككية الوطنية وتدبيرها واستاغللها الصادر بتنفيذه الظهير الشريف رقم 1.04.256
بتاريخ 25 من ذي القعدة 1425 (7 يناير 2005)؛
وعلى المرسوم رقم 2.82.382 الصادر في 2 رجب 1403 (16 ابريل 1983) بتطبيق القانون رقم 7.81 المشار اليه ااعله؛
وبعد االاطلع على المرسوم رقم 2.23.1019 الصادر في 8 جمادى االولى 1445 (22 نوفمبر 2023) بااعلن ان المنفعة العامة تقغضي ببناء
خط حديدي للقطارات ذات السرعة العالية بين القنيطرة ومراكش باولية جهة الرباط - اسل - القنيطرة واولية جهة الدار البيضاء - سطات
واولية جهة مراكش - اسفي كما وقع تغييره؛
وعلى المرسوم رقم 2.25.955 الصادر في 2 رجب 1447 (23 ديسمبر 2025) بتجديد ااعلن المنفعة العامة التي تقغضي ببناء خط حديدي
للقطارات ذات السرعة العالية بين القنيطرة ومراكش باولية جهة الرباط - اسل - القنيطرة واولية جهة الدار البيضاء - سطات واولية جهة
مراكش - اسفي؛
وعلى ملف البحث االداري المباشر من 26 مارس الى 26 ماي 2025 بجماعة النواصر باقليم النواصر؛
وبعد استشارة وزير الداخلية،
قرر ما يلي:
المادة االولى
يؤذن بالتخلي عن ملكية القطع االرضية االلزمة لبناء خط سككي للقطارات ذات السرعة العالية بين القنيطرة ومراكش، من ن.ك
 336+324الى ن.ك 348+616 ومن ن.ك 01+401 الى ن.ك 05+732 ومن ن.ك 02+252 الى ن.ك 05+780 بجماعة النواصر باقليم النواصر
باولية جهة الدار البيضاء - سطات، الواردة في الجدول اسفله والمعلم عليها باللون االحمر في التصميم التجزيئي ذي المقياس 1/1000 الملحق
باصل هذا المقرر:
الجريدة الرسمية2665
عدد19 - 7506 دعقلا وذ)) 19 19  19  يام))7
 2666الجريدة الرسميةعدد19 - 7506 دعقلا وذ)) 19 19  19  يام))7
الجريدة الرسمية2667
عدد19 - 7506 دعقلا وذ)) 19 19  19  يام))7
 2668الجريدة الرسميةعدد19 - 7506 دعقلا وذ)) 19 19  19  يام))7
الجريدة الرسمية2669
عدد19 - 7506 دعقلا وذ)) 19 19  19  يام))7
 2670الجريدة الرسميةعدد19 - 7506 دعقلا وذ)) 19 19  19  يام))7
الجريدة الرسمية2671
عدد19 - 7506 دعقلا وذ)) 19 19  19  يام))7
 2672الجريدة الرسميةعدد19 - 7506 دعقلا وذ)) 19 19  19  يام))7
الجريدة الرسمية2673
عدد19 - 7506 دعقلا وذ)) 19 19  19  يام))7",Civil,"Civil=2, Fiscal=0, Social=0",Civil,False
448,BO_7506_Ar,الثانية,ar,".يفوض حق نزع الملكية الى المدير العام للمكتب الوطني للسكك الحديدية.
المادة الثالثة - .ينشر هذا المقرر بالجريدة الرسمية.
وحرر بالرباط في 15 من شوال 1447 (3 ابريل 2026)
االمضاء : عبد الصمد قيوح.
مقرر لوزير النقل واللوجيستيك رقم 789.26
صادر في 26 من
وعلى القانون رقم 52.03 المتعلق بتنظيم الشبكة السككية الوطنية
شوال 1447 (14 ابريل 2026) باالذن بالتخلي عن ملكية القطع
وتدبيرها واستاغللها الصادر بتنفيذه الظهير الشريف رقم 1.04.256
االرضية االلزمة لبناء خط سككي للقطارات ذات السرعة
بتاريخ 25 من ذي القعدة 1425 (7 يناير 2005)؛
العالية بين القنيطرة ومراكش من ن.ك 239+958 الى ن.ك
244+568بمقاطعة اكدال - الرياض بجماعة الرباط بعمالة
وعلى المرسوم رقم 2.82.382
الصادر في 2 رجب1403
الرباط باولية جهة الرباط - اسل - القنيطرة.
(16 ابريل 1983) بتطبيق القانون رقم 7.81 المشار اليه ااعله؛
وزير النقل واللوجيستيك،
وبعد االاطلع على المرسوم رقم 2.23.1019
الصادر في 8 جمادى
بناء على الظهير الشريف رقم 1.63.225
الصادر في 14 من ربيع
االولى 1445 (22 نوفمبر 2023) بااعلن ان المنفعة العامة تقغضي ببناء
االول 1383 (5 اغسطس 1963) المتعلق باحداث المكتب الوطني
للسكك الحديدية كما وقع تغييره وتتميمه؛
خط حديدي للقطارات ذات السرعة العالية بين القنيطرة ومراكش
وعلى القانون رقم 7.81 المتعلق بنزع الملكية الجل المنفعة العامة
باولية جهة الرباط - اسل - القنيطرة واولية جهة الدار البيضاء -
وباالحاتلل المؤقت الصادر بتنفيذه الظهير الشريف رقم 1.81.254
بتاريخ 11 من رجب 1402 (6 ماي 1982)؛
سطات واولية جهة مراكش - اسفي؛
وعلى المرسوم رقم 2.25.955 الصادر في 2 رجب 1447
(23 ديسمبر 2025) بتجديد ااعلن المنفعة العامة التي تقغضي ببناء
خط حديدي للقطارات ذات السرعة العالية بين القنيطرة ومراكش
بوالية جهة الرباط - اسل - القنيطرة واولية جهة الدار البيضاء -
سطات واولية جهة مراكش - اسفي؛
وعلى ملف البحث االداري المباشر من 16
اكتوبر الى 16 ديسمبر2024
بمقاطعة اكدال - الرياض بجماعة الرباط بعمالة الرباط؛
وبعد استشارة وزير الداخلية،
قرر ما يلي:
المادة االولى
يؤذن بالتخلي عن ملكية القطع االرضية االلزمة لبناء خط سككي
للقطارات ذات السرعة العالية بين القنيطرة ومراكش من ن.ك
239+958الى ن.ك 244+568 بمقاطعة اكدال- الرياض بجماعة
الرباط بعمالة الرباط باولية جهة الرباط - اسل - القنيطرة الواردة في
الجدول اسفله والمعلم عليها باللون االحمر في التصميم التجزيئي ذي
المقياس 1/1000 الملحق باصل هذا المقرر:
العملية.
رئيس مجلس جماعة سيدي يوسف بن احمد،
(7 يوليو 2015)؛
11من رجب 1402 (6 ماي 1982)؛
 2674الجريدة الرسميةعدد19 - 7506 دعقلا وذ)) 19 19  19  يام))7
رقم
القطعة
االرضية
بالتصاميم
المساحة
المرجع العقارياسم المالك او المفترض انه
كذلك وعنوانه
املحظات
ار
س
رسم عقاري
عددR/12427
فطومة ملين بنت الحاج لعربي
الرياض، جماعة الرباط
ارض افلحية
عقار مثقل برهن
ومن  معها، مقاطعة اكدال -
وتقييد
رسم عقاري
عددR/31957
مكتب االستاغلل الصناعي
للحماية، مقاطعة اكدال -
الرياض، جماعة الرباط
06ارض عارية
رسم عقاري
عددR/26064
وكالة االستاغاللت الصناعية
للحماية، مقاطعة اكدال -
الرياض، جماعة الرباط
49ارض عارية
رسم عقاري
عددR/12642
شركة اوطو نجمة، مقاطعة
اكدال - الرياض، جماعة الرباط08
40موقف للسيارات
رسم عقاري
عددR/22747
جماعة كيش االوداية، مقاطعة
اكدال - الرياض، جماعة الرباط02
36ارض عارية
عقار مثقل بتقييدات
رسم عقاري
عددR/22747
جماعة كيش االوداية، مقاطعة
اكدال - الرياض، جماعة الرباط01
57ارض عارية
عقار مثقل بتقييدات
رسم عقاري
عددR/22747
جماعة كيش االوداية، مقاطعة
اكدال - الرياض، جماعة الرباط68
58ارض عارية
عقار مثقل بتقييدات",Administratif,"Administratif=11, Fiscal=7, Civil=2",Administratif,False
449,BO_7506_Ar,الثانية,ar,"يفوض حق نزع الملكية الى المدير العام للمكتب الوطني للسكك
الحديدية.
المادة الثالثة
ينشر هذا المقرر بالجريدة الرسمية.
وحرر بالرباط في 26 من شوال 1447 (14 ابريل 2026)
االمضاء : عبد الصمد قيوح.
قرار لرئيس مجلس جماعة سيدي يوسف بن احمد رقم 2359.25 صادر في 17 من ربيع االول 1447 (10 سبتمبر 2025) بتخطيط حدود الطرق
العامة الحداث الطريق المسماة« لحابلت  »الرابطة بين V63  المنصوص عليها في تصميم التهيئة ملركز صنهاجة ومحطة تصفية المياه
العادمة بدوار صنهاجة بجماعة سيدي يوسف بن احمد باقليم صفرو وبتعيين القطع االرضية المراد نزع ملكيتها ملا تستوجبه هذه
بناء على القانون التنظيمي رقم 113.14
المتعلق بالجماعات، الصادر بتنفيذه الظهير الشريف رقم 1.15.85 بتاريخ 20 من رمضان1436
وعلى القانون رقم 7.81
المتعلق بنزع الملكية الجل المنفعة العامة وباالحاتلل المؤقت، الصادر بتنفيذه الظهير الشريف رقم 1.81.254 بتاريخ
(17 يونيو 1992) كما وقع تغييره وتتميمه؛
بتاريخ 3 ذي الحجة 1442 (14 يوليو 2021)؛
ااعله؛
في الجلسة الثانية بتاريخ 12 يونيو 2024؛
قرر ما يلي:
باقليم صفرو.
الملحق باصل هذا القرار وعينت في الجدول التالي:
الجريدة الرسمية2675
عدد19 - 7506 دعقلا وذ)) 19 19  19  يام))7
وعلى القانون رقم 12.90
المتعلق بالتعمير، الصادر بتنفيذه الظهير الشريف رقم 1.92.31 بتاريخ 15 من ذي الحجة1412
وعلى القانون رقم 57.19 المتعلق بنظام االاملك العقارية للجماعات الترابية، الصادر بتنفيذه الظهير الشريف رقم 1.21.74
وعلى المرسوم رقم 2.82.382 الصادر في 2 رجب 1403 (16 ابريل 1983) بتطبيق القانون رقم 7.81 المشار اليه ااعله؛
وعلى المرسوم رقم 2.92.832 الصادر في 27 من ربيع االخر 1414 (14 اكتوبر 1993) بتطبيق القانون رقم 12.90 المشار اليه
وبعد االاطلع على محضر اجتماع مجلس جماعة سيدي يوسف بن احمد اخلل دورته االستثنائية المنعقدة بتاريخ 7 يونيو 2024
وعلى ملف البحث االداري المباشر من 7 اغسطس الى 7 اكتوبر 2024؛
وبعد موافقة وزيرة اعداد التراب الوطني والتعمير واالسكان وسياسة المدينة ووزير االوقاف والشؤون االاسلمية،
المادة االولى
تخطط حدود الطرق العامة الحداث الطريق المسماة« لحابلت »الرابطة بين V63 المنصوص عليها في تصميم التهيئة ملركز
صنهاجة ومحطة تصفية المياه العادمة، عرضها 12 مترا، وطولها 1869 مترا، بدوار صنهاجة بجماعة سيدي يوسف بن احمد",Administratif,"Administratif=2, Fiscal=0, Social=0",Administratif,False
450,BO_7506_Ar,الثانية,ar,"تعين بناء على ما ذكر القطع االرضية المراد نزع ملكيتهام لا تستوجبه هذه العملية، كما رسمت حدودها بحاشية ملونة في التصميم
 2676الجريدة الرسميةعدد19 - 7506 دعقلا وذ)) 19 19  19  يام))7
لوح يوس
ف
عبد القادر
المادة الثالثة  -.ينشر هذا القرار بالجريدة الرسمية.
الجريدة الرسمية2677
عدد19 - 7506 دعقلا وذ)) 19 19  19  يام))7
وحرر بسيدي يوسف بن احمد في 17 من ربيع االول 1447 (10 سبتمبر 2025)
االمضاء : عبد العزيز فقودي.
 2678الجريدة الرسميةعدد19 - 7506 دعقلا وذ)) 19 19  19  يام))7
قرار لرئيس مجلس جماعة البحراويين رقم 161.26 صادر في 25 من جمادى االولى 1447 (17 نوفمبر 2025) بتخطيط حدود
الطرق العامة الحداث جزء من الطريق العمومية رقم 4 على طول 565 متر وعرض 20 متر  ببني واسين بجماعة
البحراويين باقليم الفحص - انجرة وبتعيين القطع االرضية المراد نزع ملكيتهام لا تستوجبه هذه العملية.
رئيس مجلس جماعة البحراويين،
بناء على القانون التنظيمي رقم 113.14 المتعلق بالجماعات، الصادر بتنفيذه الظهير الشريف رقم 1.15.85 بتاريخ
20من رمضان 1436 (7 يوليو 2015)؛
وعلى القانون رقم 7.81 المتعلق بنزع الملكية الجل المنفعة العامة وباالحاتلل المؤقت، الصادر بتنفيذه الظهير الشريف
رقم 1.81.254 بتاريخ 11 من رجب 1402 (6 ماي 1982)؛
وعلى القانون رقم 12.90 المتعلق بالتعمير، الصادر بتنفيذه الظهير الشريف رقم 1.92.31 بتاريخ 15 من ذي الحجة 1412
(17 يونيو 1992) كما وقع تغييره وتتميمه؛
وعلى القانون رقم 57.19 المتعلق بنظام االاملك العقارية للجماعات الترابية الصادر بتنفيذه الظهير الشريف رقم 1.21.74
بتاريخ 3 ذي الحجة 1442 (14 يوليو 2021)؛
وعلى المرسوم رقم 2.82.382 الصادر في 2 رجب 1403 (16 ابريل 1983) بتطبيق القانون رقم 7.81 المشار اليه ااعله؛
وعلى المرسوم رقم 2.92.832 الصادر في 27 من ربيع االخر 1414 (14 اكتوبر 1993) بتطبيق القانون رقم 12.90 المشار
اليه ااعله؛
وبعد االاطلع على المرسوم رقم 2.20.596 الصادر في 19 من محرم 1442 (8 سبتمبر 2020) بالموافقة على التصميم والنظام
المتعلق به الموضوعين لتهيئة المنطقة الجنوبية لجماعة البحراويين باقليم فحص - انجرة وباالاعلن ان في ذلك منفعة عامة؛
وعلى محضر اجتماع مجلس جماعة البحراويين اخلل دورته العادية المنعقدة بتاريخ 5 فبراير 2025؛
وعلى ملف البحث االداري المباشر من 18 يونيو الى 19 اغسطس 2025؛
وبعد موافقة وزيرة اعداد التراب الوطني والتعمير واالسكان وسياسة المدينة ووزير االوقاف والشؤون االاسلمية،
قرر ما يلي:
المادة االولى
تخطط حدود الطرق العامة الحداث جزء من الطريق العمومية رقم 4 على طول 565 متر وعرض 20 متر ببني واسين
بجماعة البحراويين باقليم الفحص - انجرة.",Administratif,"Administratif=3, Fiscal=0, Social=0",Administratif,False
451,BO_7506_Ar,الثانية,ar,"تعين بناء على ما ذكر، القطع االرضية المراد نزع ملكيتها ملا تستوجبه هذه العملية، المبينة في الجدول اسفله والمرسومة
حدودها بحاشية ملونة في التصميم الملحق باصل هذا القرار:
رقم القطعة
المساحة
بالمتر مربع
االرضية
بالتصميم
المادة الثالثة - .ينشر هذا القرار بالجريدة الرسمية.
الجريدة الرسمية2679
عدد19 - 7506 دعقلا وذ)) 19 19  19  يام))7
وحرر بالبحراويين في 25 من جمادى االولى 1447 (17 نوفمبر 2025)
االمضاء : ادريس ساور المنصوري.",Indéterminé,"Fiscal=0, Social=0, Administratif=0",Indéterminé,False
454,BO_7511_Ar,4,ar,"من قانون المالية رقم
ينشر هذا القرار بالجريدة الرسمية.
25.00 عن الفترة الممتدة من فاتح يوليو الى 31 ديسمبر2000
وحرر بالرباط في 5 ذي الحجة 1447 (22 ماي 2026)
المشار اليها ااعله، يتم وقف استيفاء رسم االستيراد المفروض على
القمح اللين ومشتقاته المذكور ابتداء من فاتح اغسطس.2026
االمضاء : عزيز اخنوش.
وزير التجهيز والماء،
(9 يونيو 2015)، اول سيما",Fiscal,"Fiscal=1, Social=0, Administratif=0",Fiscal,False
455,BO_7511_Ar,64,ar,"منه؛
27.13مالشار اليه ااعله، اول سيما",Indéterminé,"Fiscal=0, Social=0, Administratif=0",Indéterminé,False
456,BO_7511_Ar,40,ar,"منه؛
قرر ما يلي:
القرار والمتضمنان على التوالي:
-ا لئحة المقالع التي تم ااغلقها برسم سنة.2024
ينشر هذا القرار بالجريدة الرسمية.
الجريدة الرسمية2869
عدد8 - 7511 ةجحلا وذ8  ذ)2) 8  8  ام))25 )25
قرار لوزير التجهيز والماء رقم 704.26 صادر في 13 من شوال) 1447 فاتح ابريل (2026 بنشر مستخرجات عن وصاولت
التصاريح التي سلمتم لستغلي المقالع وكذاا لئحة المقالع التي تم ااغلقها برسم سنة2024
بناء على القانون رقم 27.13 المتعلق بالمقالع، الصادر بتنفيذه الظهير الشريف رقم 1.15.66 بتاريخ 21 من شعبان 1436
وعلى المرسوم رقم 2.17.369 الصادر في 11 من ربيع االول 1439 (30 نوفمبر 2017) بتطبيق بعض مقتضيات القانون رقم
وعلى قرار وزير التجهيز والنقل واللوجيستيك والماء رقم 128.18 الصادر في 19 من جمادى االخرة 1439 (8 مارس 2018)
بتحديد مضمون المستخرجات عن وصاولت التصاريح التي تسلمم لستغلي المقالع،
المادة االولى
تطبيقا ملقتضيات",Indéterminé,"Fiscal=0, Social=0, Administratif=0",Indéterminé,False
457,BO_7511_Ar,40,ar,"من المرسوم رقم 2.17.369 المشار اليه ااعله، ينشر بالجريدة الرسمية الجداولن الملحقان بهذا
-مستخرجات عن وصاولت التصاريح المسلمةم لستغلي المقالع برسم سنة 2024؛",Indéterminé,"Fiscal=0, Social=0, Administratif=0",Indéterminé,False
458,BO_7511_Ar,الثانية,ar,"وحرر بالرباط في 13 من شوال) 1447 فاتح ابريل.(2026
االمضاء : نزار بركة.
*
*                  *
الجريدة الرسميةعدد8 - 7511 ةجحلا وذ8  ذ)2) 8  8  ام))25 )25
لامرلاو ةبرتلاا
10.00011.43721/02/2024نيتنسفوشكمةصاخ ةيكلم
24/422/304/3303
H2Z BATIMENTعلقم للاغتساو حتف
 نب يلع يديس
شودمح
ةديدجلا
تاطس ءاضيبلا رادلا
لامرلاو ةبرتلاا
20.00058.305فوشكمةصاخ ةيكلم
302/12/2024تاونس
24/5270/304/3303
ZAYOUF علقم للاغتساو حتف
ةكوتش
ةديدجلا
تاطس ءاضيبلا رادلا
لامرلاو ةبرتلاا
11.5769.47422/11/2024ةنسفوشكمةصاخ ةيكلم
24/3048/304/3303
CHTOUKA SABLEعلقم للاغتساو حتف
 نب يلع يديس
شودمح
ةديدجلا
تاطس ءاضيبلا رادلا
راجحلاا ةلمر
ةلمعتسملا
7.00015.000فوشكمةصاخ ةيكلم
09/05/2024تاونس
MALKITRAعلقم للاغتساو حتف
حلاص دلاوا
ءاضيبلا رادلا
تاطس ءاضيبلا رادلا
ةيسلك روخص
20.000108.206فوشكمةصاخ ةيكلم
1508/04/2024-تاطسةنس
-
OMYA  SAعلقم للاغتساو حتف
  -نابرضلا نيع
فلاحل
تاطس
تاطس ءاضيبلا رادلا
ةيعون
داوملا
ةجرختسملا
ةيسلك راجحا
5.0005.800فوشكمةصاخ ةيكلم
2002/04/2024-تاطسةنس
-
SFPCAعلقم للاغتساو حتف
يبهذلا يديس
تاطس
تاطس ءاضيبلا رادلا
مدرلا داوم
37.00013.277فوشكمةصاخ ةيكلم
30/01/2024/تاطساموي
2024/1
 STE ATLASعلقم للاغتساو حتف
دمحما دلاوا
تاطس
تاطس ءاضيبلا رادلا
مدرلا داوم
4.8561.993فوشكمةصاخ ةيكلم
23/05/2024/تاطساموي
2024/2
TAAMIR SAHARA GROUPعلقم للاغتساو حتف
وبع نب عرشم
تاطس
تاطس ءاضيبلا رادلا
مدرلا داوم
49.7356.338فوشكمةصاخ ةيكلم
16431/05/2024/تاطساموي
2024/03
UNIVERS TRAVAUX ROUTIERSعلقم للاغتساو حتف
ةروزما
تاطس
تاطس ءاضيبلا رادلا
مدرلا داوم
20.00037.044فوشكمةصاخ ةيكلم
45524/07/2024/تاطساموي
2024/02
 **GROUPE MOJAZINEعلقم للاغتساو حتفرركم
حوكركوب
تاطس
تاطس ءاضيبلا رادلا
مدرلا داوم
7.0001.892فوشكمةصاخ ةيكلم
14225/07/2024/تاطساموي
2024/04
UNIVERS TRAVAUX ROUTIERSعلقم للاغتساو حتف
امير
تاطس
تاطس ءاضيبلا رادلا
مدرلا داوم
4.5006.000فوشكمةصاخ ةيكلم
7312/08/2024/تاطساموي
2024/05
STE MEDTRAعلقم للاغتساو حتف
كيزيرم
تاطس
تاطس ءاضيبلا رادلا
ةراجحلا
3.000690.000فوشكمةلودلل صاخ كلم
331/01/2024تاونس
01/2024
Sté GALDAKعلقم للاغتساو حتف
بوكرعلا
ةلخادلا
بهذلا يداو ةلخادلا
ةراجحلا
5.0001.600.000فوشكمةلودلل صاخ كلم
306/06/2024تاونس
02/2024
Sté KOY BTPعلقم للاغتساو حتف
بوكرعلا
ةلخادلا
بهذلا يداو ةلخادلا
ةراجحلا
3.000600.000فوشكمةلودلل صاخ كلم
329/09/2024تاونس
06/2024
SMC- SOCIETE MAROCAINE DE
علقم للاغتساو حتفCONCASSAGE
بوكرعلا
ةلخادلا
بهذلا يداو ةلخادلا
ةراجحلا
40.0008.130.000فوشكمةلودلل صاخ كلم
515/07/2024تاونس
04/2024
Sté SOMAGEC SUDعلقم للاغتساو حتف
بوكرعلا
ةلخادلا
بهذلا يداو ةلخادلا
ةراجحلا
40.0008.000.000فوشكمةلودلل صاخ كلم
515/07/2024تاونس
05/22024
Sté SOMAGEC SUDعلقم للاغتساو حتف
بوكرعلا
ةلخادلا
بهذلا يداو ةلخادلا
ةراجحلا
5.000800.000فوشكمةلودلل صاخ كلم
313/03/2024تاونس
03/2024
 OUCHARI- SUDعلقم للاغتساو حتف
زودنك رئب
درسوا
بهذلا يداو ةلخادلا
لامرلا
32.000220.22221/10/2024نيتنسفوشكمةلودلل صاخ كلم
24/3048/304/3303
OUMRBIA FRUITS علقم للاغتساو حتف
 نب يلع يديس
شودمح
ةديدجلا
تاطس ءاضيبلا رادلا
راجحا
200.000195.071فوشكمةصاخ ةيكلم
2013/11/2024-تاطسةنس
-
3B EQUIPEMENTعلقم للاغتساو حتف
وطراكم
تاطس
تاطس ءاضيبلا رادلا
سلكلا
150.00065.168فوشكمةصاخ ةيكلم
2013/02/2024-تاطسةنس
-
LAFARGE CALCINOR MAROCعلقم للاغتساو حتف
 نيعو ةرزازخل
فلاحل نابرضلا
تاطس
تاطس ءاضيبلا رادلا
ةعيبطلا
ةينوناقلا
راقعلل
ةيمكلا
ةيونسلا
حرصملا
اهجارختساب
)3(م
ةيعون
علقملا
)**(
ةحاسملا
   )2(م
للاغتسلاا ةدم
خيراتلا
 )*( لغتسملا مسامقرلا
مت يتلا علاقملا ةحئلا
2024ةنس مسرب  اهحتف
عوضوم
حيرصتلا
ةعامجلا
ةلامعلا
 وا
ميلقلاا
ةهجلا
الجريدة الرسمية2871
عدد8 - 7511 ةجحلا وذ8  ذ)2) 8  8  ام))25 )25
ةبرتلااو راجحلاا
100.00038.200فوشكمةصاخ ةيكلم
526/02/2024تاونس
 203-131-2024ةكرش
3Fعلقم للاغتساو حتف
ةدمات
رونب يديس
تاطس ءاضيبلا رادلا
ةيتينارغلا لامرلا
2.11073.600فوشكمةصاخ ةيكلم
16/04/2024تاونس
66/30/20/3306
Sté KAINOURعلقم للاغتساو حتف
ةتاتف دلاوا
لمرلاو ىصحلا
راجحلااو
420.000439.129فوشكميوباغ كلم
6605/07/2024رهشا و تاونس
259برغملا تنمسا
علقم للاغتساو حتف
ةغزيت نيع
ناميلسنب
تاطس ءاضيبلا رادلا
لمرلاو ىصحلا
160.000153.920فوشكمةلودلل صاخ كلم
911/07/2024تاونس
270سكيداك
علقم للاغتساو حتف
ةغزيت نيع
ناميلسنب
تاطس ءاضيبلا رادلا
ةيعون
داوملا
ةجرختسملا
مدرلا داوم
22.40052.198فوشكمةصاخ ةيكلم
820/02/2024/ديشربرهشا
2024/01
STE ENTREPRISE EL HALLAOUIعلقم للاغتساو حتف
نايز دلاوا
ديشرب
تاطس ءاضيبلا رادلا
مدرلا داوم
30.00014.230418و رهشا و ةنسفوشكمةصاخ ةيكلم
03/06/2024/ديشرباموي
2024/02
STE GROUBE MOJAZINEعلقم للاغتساو حتف
شيشم نب ةبصق
ديشرب
تاطس ءاضيبلا رادلا
مدرلا داوم
50.00040.000فوشكمةصاخ ةيكلم
411/06/2024/ديشربرهشا
2024/03
STE ENTREPRISE EL HALLAOUIةوردلا علقم للاغتساو حتف
ديشرب
تاطس ءاضيبلا رادلا
مدرلا داوم
20.00011.683فوشكمةصاخ ةيكلم
31/07/2024/ديشربرهشا
2024/04
STE GROUBE MOJAZINEعلقم للاغتساو حتف
شيشم نب ةبصق
ديشرب
مدرلا داوم
30.00013.957فوشكمةصاخ ةيكلم
31/07/2024/ديشربرهشا
2024/05
STE GROUBE MOJAZINEعلقم للاغتساو حتف
شيشم نب ةبصق
ديشرب
مدرلا داوم
40.00035.000فوشكمةصاخ ةيكلم
616/08/2024/ديشربرهشا
2024/06
STE ENTREPRISE EL HALLAOUIعلقم للاغتساو حتف
ةوردلا
ديشرب
تاطس ءاضيبلا رادلا
مدرلا داوم
20.00014.279فوشكمةصاخ ةيكلم
328و رهشا
02/09/2024/ديشرباموي
2024/07
STE GROUBE MOJAZINEعلقم للاغتساو حتف
1ديشرب نييكرابمل
تاطس ءاضيبلا رادلا
مدرلا داوم
20.00010.449فوشكمةصاخ ةيكلم
327و رهشا
16/10/2024/ديشرباموي
2024/08
STE ATLAS TRAVAUX PUBLICSعلقم للاغتساو حتف
ورمع دلاوا ارقفلا
ديشرب
تاطس ءاضيبلا رادلا
مدرلا داوم
20.00017.19328و رهشفوشكمةصاخ ةيكلم
07/11/2024/ديشرباموي
2024/09
STE GROUBE MOJAZINEعلقم للاغتساو حتف
2ديشرب نييكرابمل
تاطس ءاضيبلا رادلا
راجحلاا
40.000172.110فوشكمةصاخ ةيكلم
420/02/2024/ديشربرهشا  و ةنس
2024/01
ETABLISSEMENT NASRI MARBRE
ET MATERIAUX DE
CONSTRUCTION
راجحلاا
150.00090.675فوشكمةصاخ ةيكلم
2020/02/2024/ديشربةنس
2024/03
CIMENT DU MAROCعلقم للاغتساو حتف
وشاعم نب
ديشرب
تاطس ءاضيبلا رادلا
راجحلاا
20.0004.666فوشكمةصاخ ةيكلم
514/03/2024تاونس
23/30/20/3306فيلشوب لامك
علقم للاغتساو حتف
ةتاتف دلاوا
ماخرلا
5005.140فوشكمةصاخ ةيكلم
324/05/2024تاونس
95/30/20/3306
Sté STONE MARKETعلقم للاغتساو حتف
شرطلا ةبصق
ةكبيرخ
ةرفينخ للام ينب
ماخرلا
1.00910.841فوشكمةصاخ ةيكلم
506/03/2024تونس
17/30/20/3306ةياطكوب ديشرو يناميلسلا ظيفح
علقم للاغتساو حتف
شرطلا ةبصق
نيطلا
5.55010.606فوشكمةصاخ ةيكلم
2020/02/2024/ديشربةنس
2024/02
LA MAISON DU CERAMEعلقم للاغتساو حتف
حاير
ديشرب
تاطس ءاضيبلا رادلا
ةعيبطلا
ةينوناقلا
راقعلل
ةيمكلا
",Indéterminé,"Fiscal=0, Social=0, Administratif=0",Indéterminé,True
459,BO_7511_Ar,الثانية,ar,".يسند تنفيذ هذا المرسوم، الذي ينشر بالجريدة الرسمية، الى وزير النقل واللوجيستيك
وحرر بالرباط في 26 من ذي القعدة 1447 (14 ماي 2026)
االمضاء : عزيز اخنوش.
الجريدة الرسميةعدد8 - 7511 ةجحلا وذ8  ذ)2) 8  8  ام))25 )25
مرسوم رقم 2.26.351 صادر في 26 من ذي القعدة1447
 (14 ماي 2026) بالموافقة على التصميم والنظام المتعلق به
الموضوعين لتهيئة جماعة تنغير باقليم تنغير وباالاعلن ان في",Administratif,"Administratif=1, Fiscal=0, Social=0",Administratif,False
460,BO_7511_Ar,الثانية,ar,"يسند تنفيذ هذا المرسوم، الذي ينشر بالجريدة الرسمية، الى
وزيرة اعداد التراب الوطني والتعمير واالسكان وسياسة المدينة
ذلك منفعة عامة.
ورئيس مجلس جماعة تنغير، كل واحد منهما فيما يخصه.
وحرر بالرباط في 26 من ذي القعدة 1447 (14 ماي 2026)
رئيس الحكومة،
االمضاء : عزيز اخنوش.
بناء على القانون التنظيمي رقم 113.14 المتعلق بالجماعات الصادر
وقعه بالعطف:
بتنفيذه الظهير الشريف رقم 1.15.85 بتاريخ 20 من رمضان1436
وزيرة اعداد التراب الوطني والتعمير
(7 يوليو 2015)؛
واالسكان وسياسة المدينة،
وعلى القانون رقم 12.90 المتعلق بالتعمير الصادر بتنفيذه الظهير
االمضاء : فاطمة الزهراء المنصوري.
الشريف رقم 1.92.31 بتاريخ 15 من ذي الحجة 1412 (17 يونيو 1992)،
كما وقع تغييره وتتميمه؛
مرسوم رقم 2.26.352 صادر في 26 من ذي القعدة 1447
 (14 ماي 2026) بالموافقة على التصميم والنظام المتعلق به
الموضوعين لتهيئة مركز جماعة واكليم باقليم تنغير وباالاعلن
وعلى المرسوم رقم 2.92.832 الصادر في 27 من ربيع االخر1414
 (14 اكتوبر 1993) بتطبيق القانون رقم 12.90 المشار اليه ااعله؛
ان في ذلك منفعة عامة.
وعلى المرسوم رقم 2.21.833 الصادر في 14 من ربيع االول 1443
 (21 اكتوبر 2021) المتعلق باختصاصات وزيرة اعداد التراب الوطني
رئيس الحكومة،
بناء على القانون التنظيمي رقم 113.14 المتعلق بالجماعات الصادر
والتعمير واالسكان وسياسة المدينة؛
وبعد االاطلع على محضر اللجنة التقنية المحلية اخلل اجتماعها
بتنفيذه الظهير الشريف رقم 1.15.85 بتاريخ 20 من رمضان1436
المنعقد بتاريخ 27 فبراير 2025؛
(7 يوليو 2015)؛
وعلى ملف البحث العلني المباشر بجماعة تنغير من 5 ماي الى
وعلى القانون رقم 12.90 المتعلق بالتعمير الصادر بتنفيذه الظهير
4يونيو 2025؛
الشريف رقم 1.92.31 بتاريخ 15 من ذي الحجة 1412 (17 يونيو 1992)،
كما وقع تغييره وتتميمه؛
وعلى محضر اجتماع مجلس جماعة تنغير اخلل دورته االستثنائية
وعلى المرسوم رقم 2.92.832 الصادر في 27 من ربيع االخر1414
 (14 اكتوبر 1993) بتطبيق القانون رقم 12.90 المشار اليه ااعله؛
المنعقدة بتاريخ 24 يونيو 2025؛
وعلى محضر اجتماع اللجنة المكلفة بدراسة تعرضات العموم
وعلى المرسوم رقم 2.21.833 الصادر في 14 من ربيع االول 1443
 (21 اكتوبر 2021) المتعلق باختصاصات وزيرة اعداد التراب الوطني
واقتراحات المجلس المنعقدة بتاريخ 27 يناير 2026؛
وباقتراح من وزيرة اعداد التراب الوطني والتعمير واالسكان
والتعمير واالسكان وسياسة المدينة؛
وسياسة المدينة،
وبعد االاطلع على محضر اللجنة التقنية المحلية اخلل اجتماعها
رسم ما يلي:
المنعقد بتاريخ 6 يونيو 2024؛
المادة االولى
وعلى ملف البحث العلني المباشر بجماعة واكليم من 9 ماي الى
10يونيو 2025؛
يوافق على التصميم رقم 01/AUOZT/2025 والنظام المتعلق
به الموضوعين لتهيئة جماعة تنغير باقليم تنغير وباالاعلن ان في ذلك
وعلى محضر اجتماع مجلس جماعة واكليم اخلل دورته االستثنائية
منفعة عامة.
المنعقدة بتاريخ 8 يوليو 2025؛
وعلى محضر اجتماع اللجنة المكلفة بدراسة تعرضات العموم
واقتراحات المجلس المنعقدة بتاريخ 28 يناير 2026؛
وباقتراح من وزيرة اعداد التراب الوطني والتعمير واالسكان
وسياسة المدينة،
رسم ما يلي:
المادة االولى
يوافق على التصميم رقم 02/AUOZT/2025 والنظام المتعلق به
الموضوعين لتهيئة مركز جماعة واكليم باقليم تنغير وباالاعلن ان في
ذلك منفعة عامة.
والحماية االجتماعية؛
وبعد موافقة وزيرة االقتصاد والمالية،
)الباقيا ل تغيير فيه(.
الجريدة الرسمية2907
عدد8 - 7511 ةجحلا وذ8  ذ)2) 8  8  ام ))25 )25",Administratif,"Administratif=6, Fiscal=2, Social=0",Administratif,False
461,BO_7511_Ar,الثانية,ar,"يسند تنفيذ هذا المرسوم، الذي ينشر بالجريدة الرسمية، الى
وزيرة اعداد التراب الوطني والتعمير واالسكان وسياسة المدينة
ورئيس مجلس جماعة واكليم، كل واحد منهما فيما يخصه.
وحرر بالرباط في 26 من ذي القعدة 1447 (14 ماي 2026)
االمضاء : عزيز اخنوش.
وقعه بالعطف:
وزيرة اعداد التراب الوطني والتعمير
واالسكان وسياسة المدينة،
االمضاء : فاطمة الزهراء المنصوري.
قرار لوزير الصحة والحماية االجتماعية رقم 962.26 صادر في 20 من شوال 1447 (8 ابريل 2026) بتتميم القرار
رقم 624.26 الصادر في 13 من رمضان 1447 (3 مارس 2026) بتعيين امرين مساعدين بالصرف ونواب عنهم
وزير الصحة والحماية االجتماعية،
بعد االاطلع على القرار رقم 624.26 الصادر في 13 من رمضان 1447 (3 مارس 2026) بتعيين امرين مساعدين بالصرف
ونواب عنهم؛
وعلى المرسوم رقم 2.22.81 الصادر في 8 رمضان 1444 (30 مارس 2023) المتعلق بتفويض السلطة واالمضاء؛
وعلى المرسوم رقم 2.24.989 الصادر في 24 من ربيع االخر 1446 (28 اكتوبر 2024) المتعلق باختصاصات وزير الصحة
قرر ما يلي:
المادة االولى
تتمم على النحو التالي المادة االولى من القرار المشار اليه ااعله رقم 624.26 بتاريخ 13 من رمضان 1447 (3 مارس 2026)
«المادة االولى - .يعين االشخاص المشار الى مهامهم في الجدول التالي االولون امرين مساعدين واالخرون نوابا عنهم لصرف
«االعتمادات المفوضة اليهم من لدن وزير الصحة والحماية االجتماعية من الميزانية العامة لوزارة الصحة والحماية االجتماعية
«والحساب الخصوطصي للخزينة الحامل عنوان« الحساب الخاص بالصيدلية المركزية »وكذا:
 •«اصدار بيانات الدفع واالوامر بالتحصيل المتعلقة بالصفقات المبرمة في اطار هذه االعتمادات المفوضة وذلك فيما يخص:
- «الغرامات المترتبة عن التاخير في تنفيذ الصفقات؛
 - «حجز الضمان المؤقت او النهائي او االقتطاع الضامن.
 •«اصدار بيانات الدفع واالوامر بالتحصيل المتعلقة بالمدفوعات الزائدة والمتعلقة بالنفقات المنفذة في اطار االعتمادات المفوضة:
االختصاص الترابي
االمرون المساعدون بالصرف
النواب
المحاسب المكلف
مجموع تراب المملكة
........................................................................................................
........................................................................................................
الخازن الوزاري - الصحة
كذلك
........................................................................................................
........................................................................................................
كذلك
كذلك
مدير الموارد البشرية
........................................................................................................
كذلك
كذلك
مدير التجهيزات والصيانة
 -رئيسة قسم الممتلكات والبرمجة بنفس المديرية؛
-رئيس مصلحة الصفقات بنفس المديرية.
كذلك
كذلك
رئيسة القسم المالي بمديرية التخطيط والموارد المالية
........................................................................................................
كذلك
كذلك
........................................................................................................
........................................................................................................
كذلك
الجريدة الرسميةعدد8 - 7511 ةجحلا وذ8  ذ)2) 8  8  ام))25 )25",Administratif,"Administratif=1, Fiscal=0, Social=0",Administratif,False
462,BO_7511_Ar,الثانية,ar,".ينشر هذا القرار بالجريدة الرسمية ويسري مفعوله ابتداء من تاريخ نشره بالجريدة الرسمية.
وحرر بالرباط في 20 من شوال 1447 (8 ابريل 2026)
االمضاء : امين التهراوي.
قرار لوزيرة السياحة والصناعة التقليدية واالقتصاد االجتماعي والتضامني رقم 941.26 صادر في 10 ذي القعدة 1447
(28 ابريل 2026) بتعيين امرين مساعدين بالصرف ونواب عنهم
وزيرة السياحة والصناعة التقليدية واالقتصاد االجتماعي والتضامني،
بناء على المرسوم الملكي رقم 330.66 الصادر في 10 محرم 1387 (21 ابريل 1967) بسن نظام عام للمحاسبة العامة كما وقع
تغييره وتتميمه اول سيما الفصلين 5 و 64منه؛
وعلى المرسوم رقم 2.22.81 الصادر في 8 رمضان 1444 (30 مارس 2023) المتعلق بتفويض السلطة واالمضاء؛
وعلى المرسوم رقم 2.21.837 الصادر في 14 من ربيع االول 1443 (21 اكتوبر 2021) المتعلق باختصاصات وزيرة السياحة
والصناعة التقليدية واالقتصاد االجتماعي والتضامني؛
وبعد موافقة وزيرة االقتصاد والمالية،
قررت ما يلي:
المادة االولى
يعين االشخاص المشار الى مهامهم في الجدول التالي االولون امرين مساعدين بالصرف واالخرون نوابا عنهم لصرف
االعتمادات المفوضة اليهم من لدن وزيرة السياحة والصناعة التقليدية واالقتصاد االجتماعي والتضامني من الميزانية العامة
لوزارة السياحة والصناعة التقليدية واالقتصاد االجتماعي والتضامني:
اسم المؤسسة
االمرون المساعدون بالصرف
النواب
المحاسبون
المكلفون
المعهد العالي الدولي للسياحة بطنجة.
مدير المعهد العالي الدولي للسياحة بطنجة
الكاتب العام للمعهد العالي الدولي للسياحة بطنجة.
خازن عمالة طنجة
المعهد المتخصص للتكنولوجيا التطبيقية
الفندقية والسياحية بطنجة.
مدير المعهد المتخصص للتكنولوجيا التطبيقية
الفندقية والسياحية بطنجة
مدير الدراسات للمعهد المتخصص للتكنولوجيا
التطبيقية الفندقية والسياحية بطنجة
خازن عمالة طنجة
المعهد المتخصص للتكنولوجيا التطبيقية
الفندقية والسياحية بتواركة.
مدير المعهد المتخصص للتكنولوجيا التطبيقية
الفندقية والسياحية بتواركة
مدير الدراسات للمعهد المتخصص للتكنولوجيا
التطبيقية الفندقية والسياحية بتواركة
خازن عمالة الرباط
المعهد المتخصص للتكنولوجيا التطبيقية
الفندقية والسياحية بورزازات
مدير المعهد المتخصص للتكنولوجيا التطبيقية
الفندقية والسياحية بورزازات
مدير الدراسات للمعهد المتخصص للتكنولوجيا
التطبيقية الفندقية والسياحية بورزازات
الخازن االقليمي
بورزازات",Administratif,"Administratif=3, Fiscal=0, Social=0",Administratif,False
463,BO_7511_Ar,الثانية,ar,".تحدد في تفويض االعتمادات المسند الى االمرين المساعدين بالصرف المشار اليهم ااعله بنود الميزانية التي
يقومون بصرف النفقات منها.
المادة الثالثة - .ينشر هذا القرار بالجريدة الرسمية ويسري مفعوله ابتداء من تاريخ نشره وينسخ القرار رقم 706.26
الصادر في 28 من رمضان 1447 (18 مارس 2026) بتعيين امرين مساعدين بالصرف.
وحرر بالرباط في 10 ذي القعدة 1447 (28 ابريل 2026)
االمضاء : فاطمة الزهراء عمور.
الجريدة الرسمية2909
عدد8 - 7511 ةجحلا وذ8  ذ)2) 8  8  ام))25 )25
قرار لوزيرة السياحة والصناعة التقليدية واالقتصاد االجتماعي والتضامني رقم 942.26 صادر في 10 ذي القعدة 1447
(28 ابريل 2026) بتعيين امرين مساعدين بالصرف ونواب عنهم
وزيرة السياحة والصناعة التقليدية واالقتصاد االجتماعي والتضامني،
بناء على المرسوم الملكي رقم 330.66 الصادر في 10 محرم 1387 (21 ابريل 1967) بسن نظام عام للمحاسبة العامة كما وقع
تغييره وتتميمه اول سيما الفصول 5 و 64و 65و 66منه؛
وعلى المرسوم رقم 2.22.81 الصادر في 8 رمضان 1444 (30 مارس 2023) المتعلق بتفويض السلطة واالمضاء؛
وعلى المرسوم رقم 2.21.837 الصادر في 14 من ربيع االول 1443 (21 اكتوبر 2021) المتعلق باختصاصات وزيرة السياحة
والصناعة التقليدية واالقتصاد االجتماعي والتضامني؛
وبعد موافقة وزيرة االقتصاد والمالية،
قررت ما يلي:
المادة االولى
يعين االشخاص المشار الى مهامهم في الجدول التالي االولون امرين مساعدين بالصرف واالخرون نوابا عنهم لتنفيذ العمليات
املتعلقة بموارد ونفقات ميزانية مرافق الدولة المسيرة بصورة مستقلة المسماة« المعهد العالي الدولي للسياحة بطنجة »و« المعهد
المتخصص للتكنولوجيا التطبيقية الفندقية والسياحية بطنجة »و« المعهد المتخصص للتكنولوجيا التطبيقية الفندقية
والسياحية بورزازات »و« المعهد المتخصص للتكنولوجيا التطبيقية الفندقية والسياحية بتواركة »التابعة لوزارة السياحة
والصناعة التقليدية واالقتصاد االجتماعي والتضامني كل حسب اختصاصه:
بيان المرفق
االمرون المساعدون بالصرف
النواب
المحاسبون
المكلفون
المعهد العالي الدولي للسياحة بطنجة
مدير المعهد العالي الدولي للسياحة بطنجة
الكاتب العام للمعهد العالي الدولي للسياحة بطنجة
خازن عمالة طنجة
المعهد المتخصص للتكنولوجيا التطبيقية
الفندقية والسياحية بطنجة
مدير المعهد المتخصص للتكنولوجيا التطبيقية
الفندقية والسياحية بطنجة
مدير الدراسات للمعهد المتخصص للتكنولوجيا
التطبيقية الفندقية والسياحية بطنجة
خازن عمالة طنجة
المعهد المتخصص للتكنولوجيا التطبيقية
الفندقية والسياحية بتواركة
مدير المعهد المتخصص للتكنولوجيا التطبيقية
الفندقية والسياحية بتواركة
مدير الدراسات للمعهد المتخصص للتكنولوجيا
التطبيقية الفندقية والسياحية بتواركة
خازن عمالة الرباط
المعهد المتخصص للتكنولوجيا التطبيقية
الفندقية والسياحية بورزازات
مدير المعهد المتخصص للتكنولوجيا التطبيقية
الفندقية والسياحية بورزازات
مدير الدراسات للمعهد المتخصص للتكنولوجيا
التطبيقية الفندقية والسياحية بورزازات
الخازن االقليمي
بورزازات",Administratif,"Administratif=3, Fiscal=0, Social=0",Administratif,False
464,BO_7511_Ar,الثانية,ar,".تحددا لئحة االمرين المساعدين بالصرف المعنيين بالوحدات االدارية التي تم تغيير تسمياتها:
التسمية القديمة
التسمية الجديدة
مركز التاهيل الفندقي والسياحي بتواركة
المعهد المتخصص للتكنولوجيا التطبيقية الفندقية والسياحية بتواركة
المادة الثالثة - .ينشر هذا القرار بالجريدة الرسمية ويسري مفعوله ابتداء من تاريخ نشره وينسخ القرار رقم 1699.01
الصادر في 18 من جمادى االخرة 1422 (7 سبتمبر 2001) بتعيين امرين بالصرف مساعدين.
وحرر بالرباط في 10 ذي القعدة 1447 (28 ابريل 2026)
االمضاء : فاطمة الزهراء عمور.
الجريدة الرسميةعدد8 - 7511 ةجحلا وذ8  ذ)2) 8  8  ام))25 )25
قرار لوزير التربية الوطنية والتعليم االولي والرياضة رقم812.26
صادر في 26 من شوال 1447 (14 ابريل 2026) بتحديد بعض
قرار لوزير التربية الوطنية والتعليم االولي والرياضة رقم813.26
صادر في 26 من شوال 1447 (14 ابريل 2026) بتحديد بعض
المعاادلت بين الشهادات.
المعاادلت بين الشهادات.
وزير التربية الوطنية والتعليم االولي والرياضة،
وزير التربية الوطنية والتعليم االولي والرياضة،
بناء على الظهير الشريف رقم 1.59.072 الصادر في 15 من
محرم 1379 (21 يوليو 1959) بتحديد اختصاصات وزير التربية
الوطنية في ميدان المماثلة في الرتب الجامعية والشهادات واالجازات
بناء على الظهير الشريف رقم 1.59.072 الصادر في 15 من
محرم 1379 (21 يوليو 1959) بتحديد اختصاصات وزير التربية
الوطنية في ميدان المماثلة في الرتب الجامعية والشهادات واالجازات
وشهادات متابعة الدروس؛
وشهادات متابعة الدروس؛
وعلى المرسوم رقم 2.59.364 الصادر في 17 من صفر1379
 (22 اغسطس 1959) بتحديد الشروط والمسطرة الخاصة بمنح
وعلى المرسوم رقم 2.59.364 الصادر في 17 من صفر1379
 (22 اغسطس 1959) بتحديد الشروط والمسطرة الخاصة بمنح
معاادلت الشهادات؛
معاادلت الشهادات؛
وعلى المرسوم رقم 2.24.988 الصادر في 24 من ربيع االخر 1446
 (28 اكتوبر 2024) المتعلق باختصاصات وزير التربية الوطنية
وعلى المرسوم رقم 2.24.988 الصادر في 24 من ربيع االخر 1446
 (28 اكتوبر 2024) المتعلق باختصاصات وزير التربية الوطنية
والتعليم االولي والرياضة؛
والتعليم االولي والرياضة؛
وعلى قرار وزير التربية الوطنية رقم 2071.01 الصادر في
 7رمضان 1422 (23 نوفمبر 2001) بشان النظام المدر؟سي في التعليم
وعلى قرار وزير التربية الوطنية رقم 2071.01 الصادر في
 7رمضان 1422 (23 نوفمبر 2001) بشان النظام المدر؟سي في التعليم
االولي واالبتدائي والثانوي؛
االولي واالبتدائي والثانوي؛
وعلى قرار وزير التربية الوطنية والتعليم العالي وتكوين االطر
وعلى قرار وزير التربية الوطنية والتعليم العالي وتكوين االطر
والبحث العلمي رقم 2385.06 الصادر في 23 من رمضان1427
 (16 اكتوبر 2006) بشان تنظيم امتحانات نيل شهادة البكالوريا،
والبحث العلمي رقم 2385.06 الصادر في 23 من رمضان1427
 (16 اكتوبر 2006) بشان تنظيم امتحانات نيل شهادة البكالوريا،
كما وقع تغييره وتتميمه؛
كما وقع تغييره وتتميمه؛
وعلى محضر اجتماع اللجنة المركزية ملعالجة طلبات المعاادلت
وعلى محضر اجتماع اللجنة المركزية ملعالجة طلبات المعاادلت
بين الشهادات المنعقد بتاريخ 25 فبراير2026،
بين الشهادات المنعقد بتاريخ 25 فبراير2026،
قرر ما يلي:
المادة االولى
قرر ما يلي:
المادة االولى
تقبل ملعادلة شهادة البكالوريا المغربية« شعبة العلوم التجريبية -
تقبل ملعادلة شهادة البكالوريا المغربية« شعبة العلوم التجريبية -
مسلك علوم الحياة واالرض»، الشهادة التالية:
مسلك العلوم الفيزيائية»، الشهادة التالية:
– Diplôme du baccalauréat général «spécialités :
– Diplôme du baccalauréat général «spécialités : arts
mathématiques, sciences de la vie et de la terre,
baccalauréat français international - Arabe parcours
bilingue», délivré par le ministère de l’éducation nationale
et de la jeunesse - République française.
(cinéma-audiovisuel), mathématiques», délivré par le
ministère de l’éducation nationale, de l’enseignement
supérieur et de la recherche - République française.",Indéterminé,"Fiscal=0, Social=0, Administratif=0",Indéterminé,False
466,BO_7511_Ar,الثانية,ar,"ينشر هذا القرار بالجريدة الرسمية.
ينشر هذا القرار بالجريدة الرسمية.
وحرر بالرباط في 26 من شوال 1447 (14 ابريل 2026)
وحرر بالرباط في 26 من شوال 1447 (14 ابريل 2026)
االمضاء : محمد سعد برادة.
االمضاء : محمد سعد برادة.
الجريدة الرسمية2911
عدد8 - 7511 ةجحلا وذ8  ذ)2) 8  8  ام ))25 )25
قرار لوزير التربية الوطنية والتعليم االولي والرياضة رقم814.26
صادر في 26 من شوال 1447 (14 ابريل 2026) بتحديد بعض
قرار لوزير التربية الوطنية والتعليم االولي والرياضة رقم815.26
صادر في 26 من شوال 1447 (14 ابريل 2026) بتحديد بعض
المعاادلت بين الشهادات.
المعاادلت بين الشهادات.
وزير التربية الوطنية والتعليم االولي والرياضة،
وزير التربية الوطنية والتعليم االولي والرياضة،
بناء على الظهير الشريف رقم 1.59.072 الصادر في 15 من
محرم 1379 (21 يوليو 1959) بتحديد اختصاصات وزير التربية
الوطنية في ميدان المماثلة في الرتب الجامعية والشهادات واالجازات
بناء على الظهير الشريف رقم 1.59.072 الصادر في 15 من
محرم 1379 (21 يوليو 1959) بتحديد اختصاصات وزير التربية
الوطنية في ميدان المماثلة في الرتب الجامعية والشهادات واالجازات
وشهادات متابعة الدروس؛
وشهادات متابعة الدروس؛
وعلى المرسوم رقم 2.59.364 الصادر في 17 من صفر1379
 (22 اغسطس 1959) بتحديد الشروط والمسطرة الخاصة بمنح
وعلى المرسوم رقم 2.59.364 الصادر في 17 من صفر1379
 (22 اغسطس 1959) بتحديد الشروط والمسطرة الخاصة بمنح
معاادلت الشهادات؛
معاادلت الشهادات؛
وعلى المرسوم رقم 2.24.988 الصادر في 24 من ربيع االخر 1446
 (28 اكتوبر 2024) المتعلق باختصاصات وزير التربية الوطنية
وعلى المرسوم رقم 2.24.988 الصادر في 24 من ربيع االخر 1446
 (28 اكتوبر 2024) المتعلق باختصاصات وزير التربية الوطنية
والتعليم االولي والرياضة؛
وعلى قرار وزير التربية الوطنية رقم 2071.01 الصادر في
 7رمضان 1422 (23 نوفمبر 2001) بشان النظام المدر؟سي في التعليم
والتعليم االولي والرياضة؛
وعلى قرار وزير التربية الوطنية رقم 2071.01 الصادر في
 7رمضان 1422 (23 نوفمبر 2001) بشان النظام المدر؟سي في التعليم
االولي واالبتدائي والثانوي؛
وعلى قرار وزير التربية الوطنية والتعليم العالي وتكوين االطر
االولي واالبتدائي والثانوي؛
والبحث العلمي رقم 2385.06 الصادر في 23 من رمضان1427
 (16 اكتوبر 2006) بشان تنظيم امتحانات نيل شهادة البكالوريا،
وعلى قرار وزير التربية الوطنية والتعليم العالي وتكوين االطر
كما وقع تغييره وتتميمه؛
والبحث العلمي رقم 2384.06 الصادر في 23 من رمضان1427
 (16 اكتوبر 2006) بشان تنظيم امتحانات نيل شهادة السلك
وعلى محضر اجتماع اللجنة المركزية ملعالجة طلبات المعاادلت
بين الشهادات المنعقد بتاريخ 25 فبراير2026،
االعدادي، كما وقع تغييره وتتميمه؛
قرر ما يلي:
المادة االولى
وعلى محضر اجتماع اللجنة المركزية ملعالجة طلبات المعاادلت
بين الشهادات المنعقد بتاريخ 25 فبراير2026،
تقبل ملعادلة شهادة البكالوريا المغربية« شعبة العلوم التجريبية -
قرر ما يلي:
المادة االولى
مسلك علوم الحياة واالرض»، الشهادة التالية:
– Certificat
d’enseignement
secondaire
supérieur,
enseignement secondaire général, section de transition,
orientation d’études : langue moderne I Néerlandais (4),
langue moderne II Anglais (4), sciences économiques (4),
mathématique (4), sciences (3), délivré par la Communauté
française de Belgique.
تقبلم لعادلة شهادة السلك االعدادي، الشهادة التالية:
– Attestation finale en classe : 3 GD, délivrée par le Centre
scolaire Ma Compagne - Fédération Wallonie - Bruxelles -
Royaume de Belgique.",Indéterminé,"Fiscal=0, Social=0, Administratif=0",Indéterminé,False
468,BO_7511_Ar,الثانية,ar,"ينشر هذا القرار بالجريدة الرسمية.
ينشر هذا القرار بالجريدة الرسمية.
وحرر بالرباط في 26 من شوال 1447 (14 ابريل 2026)
وحرر بالرباط في 26 من شوال 1447 (14 ابريل 2026)
االمضاء : محمد سعد برادة.
االمضاء : محمد سعد برادة.
الجريدة الرسميةعدد8 - 7511 ةجحلا وذ8  ذ)2) 8  8  ام))25 )25
قرار لوزير التربية الوطنية والتعليم االولي والرياضة رقم816.26
صادر في 26 من شوال 1447 (14 ابريل 2026) بتحديد بعض
قرار لوزير التعليم العالي والبحث العلمي واالبتكار رقم 868.26
صادر في 11 من ذي القعدة 1447 (29 ابريل 2026) بتحديد
المعاادلت بين الشهادات.
بعض المعاادلت بين الشهادات.
وزير التربية الوطنية والتعليم االولي والرياضة،
وزير التعليم العالي والبحث العلمي واالبتكار،
بناء على الظهير الشريف رقم 1.59.072 الصادر في 15 من
محرم 1379 (21 يوليو 1959) بتحديد اختصاصات وزير التربية
الوطنية في ميدان المماثلة في الرتب الجامعية والشهادات واالجازات
بناء على المرسوم رقم 2.01.333 الصادر في 28 من ربيع االول 1422
(21 يونيو 2001) المتعلق بتحديد الشروط والمسطرة الخاصة بمنح
وشهادات متابعة الدروس؛
معادلة شهادات التعليم العالي؛
وعلى المرسوم رقم 2.59.364 الصادر في 17 من صفر1379
 (22 اغسطس 1959) بتحديد الشروط والمسطرة الخاصة بمنح
وعلى المرسوم رقم 2.04.89 الصادر في 18 من ربيع االخر 1425
معاادلت الشهادات؛
(7 يونيو 2004) بتحديد اختصاص المؤسسات الجامعية وااسلك
وعلى المرسوم رقم 2.24.988 الصادر في 24 من ربيع االخر 1446
 (28 اكتوبر 2024) المتعلق باختصاصات وزير التربية الوطنية
الدراسات العليا وكذا الشهادات الوطنية المطابقة، كما وقع تغييره
والتعليم االولي والرياضة؛
وتتميمه؛
وعلى قرار وزير التربية الوطنية رقم 2071.01 الصادر في
 7رمضان 1422 (23 نوفمبر 2001) بشان النظام المدر؟سي في التعليم
وعلى المرسوم رقم 2.24.991 الصادر في 24 من ربيع االخر 1446
االولي واالبتدائي والثانوي؛
(28 اكتوبر 2024) المتعلق باختصاصات وزير التعليم العالي والبحث
وعلى قرار وزير التربية الوطنية والتعليم العالي وتكوين االطر
العلمي واالبتكار؛
والبحث العلمي رقم 2385.06 الصادر في 23 من رمضان1427
 (16 اكتوبر 2006) بشان تنظيم امتحانات نيل شهادة البكالوريا،
وبعد استشارة اللجنة القطاعية للعلوم القانونية واالقتصادية
كما وقع تغييره وتتميمه؛
واالجتماعية والتدبير المنعقدة بتاريخ 4 مارس2026،
وعلى محضر اجتماع اللجنة المركزية ملعالجة طلبات المعاادلت
قرر ما يلي:
بين الشهادات المنعقد بتاريخ 25 فبراير2026،
المادة االولى
قرر ما يلي:
المادة االولى
تقبلم لعادلة الماستر، الشهادة التالية في: Sciences politiques
تقبل ملعادلة شهادة البكالوريا المغربية« شعبة العلوم االقتصادية
– Degree of master of arts in political science, délivré par
والتدبير - مسلك العلوم االقتصادية»، الشهادة التالية:
Hankuk University of foreign studies -  Corée du sud.
– Diplôme du baccalauréat international, délivré par
«Enko Bamako international school» - République du Mali.",Indéterminé,"Fiscal=0, Social=0, Administratif=0",Indéterminé,False
470,BO_7511_Ar,الثانية,ar,"ينشر هذا القرار بالجريدة الرسمية.
ينشر هذا القرار بالجريدة الرسمية.
وحرر بالرباط في 11 من ذي القعدة 1447 (29 ابريل 2026)
وحرر بالرباط في 26 من شوال 1447 (14 ابريل 2026)
االمضاء : محمد سعد برادة.
االمضاء : عز الدين المداوي.
الجريدة الرسمية2913
عدد8 - 7511 ةجحلا وذ8  ذ)2) 8  8  ام ))25 )25
قرار لوزير التعليم العالي والبحث العلمي واالبتكار رقم 869.26
قرار لوزير التعليم العالي والبحث العلمي واالبتكار رقم 870.26
صادر في 11 من ذي القعدة 1447 (29 ابريل 2026) بتحديد
صادر في 11 من ذي القعدة 1447 (29 ابريل 2026) بتحديد
بعض المعاادلت بين الشهادات.
بعض المعاادلت بين الشهادات.
وزير التعليم العالي والبحث العلمي واالبتكار،
وزير التعليم العالي والبحث العلمي واالبتكار،
بناء على المرسوم رقم 2.01.333 الصادر في 28 من ربيع االول 1422
بناء على المرسوم رقم 2.01.333 الصادر في 28 من ربيع االول 1422
(21 يونيو 2001) المتعلق بتحديد الشروط والمسطرة الخاصة بمنح
(21 يونيو 2001) المتعلق بتحديد الشروط والمسطرة الخاصة بمنح
معادلة شهادات التعليم العالي؛
معادلة شهادات التعليم العالي؛
وعلى المرسوم رقم 2.04.89 الصادر في 18 من ربيع االخر 1425
وعلى المرسوم رقم 2.04.89 الصادر في 18 من ربيع االخر 1425
(7 يونيو 2004) بتحديد اختصاص المؤسسات الجامعية وااسلك
(7 يونيو 2004) بتحديد اختصاص المؤسسات الجامعية وااسلك
الدراسات العليا وكذا الشهادات الوطنية المطابقة، كما وقع تغييره
الدراسات العليا وكذا الشهادات الوطنية المطابقة، كما وقع تغييره
وتتميمه؛
وتتميمه؛
وعلى المرسوم رقم 2.24.991 الصادر في 24 من ربيع االخر 1446
وعلى المرسوم رقم 2.24.991 الصادر في 24 من ربيع االخر 1446
(28 اكتوبر 2024) المتعلق باختصاصات وزير التعليم العالي والبحث
(28 اكتوبر 2024) المتعلق باختصاصات وزير التعليم العالي والبحث
العلمي واالبتكار؛
العلمي واالبتكار؛
وبعد استشارة اللجنة القطاعية للعلوم القانونية واالقتصادية
وبعد استشارة اللجنة القطاعية للعلوم القانونية واالقتصادية
واالجتماعية والتدبير المنعقدة بتاريخ 4 مارس2026،
واالجتماعية والتدبير المنعقدة بتاريخ 4 مارس2026،
قرر ما يلي:
قرر ما يلي:
المادة االولى
المادة االولى
تقبلم لعادلة الماستر، الشهادة التالية في: Economie appliquée
تقبلم لعادلة الماستر، الشهادة التالية في: Administration publique
– Degree of master of applied economics, délivré par
– Grade de maître en administration publique (M.A.P.),
délivré par l’Université du Québec - Canada.
Wuhan University of technology -  Chine.",Indéterminé,"Fiscal=0, Social=0, Administratif=0",Indéterminé,False
472,BO_7511_Ar,الثانية,ar,"ينشر هذا القرار بالجريدة الرسمية.
ينشر هذا القرار بالجريدة الرسمية.
وحرر بالرباط في 11 من ذي القعدة 1447 (29 ابريل 2026)
وحرر بالرباط في 11 من ذي القعدة 1447 (29 ابريل 2026)
االمضاء : عز الدين المداوي.
االمضاء : عز الدين المداوي.
الجريدة الرسميةعدد8 - 7511 ةجحلا وذ8  ذ)2) 8  8  ام))25 )25
قرار لوزير التعليم العالي والبحث العلمي واالبتكار رقم 871.26
قرار لوزير التعليم العالي والبحث العلمي واالبتكار رقم 872.26
صادر في 11 من ذي القعدة 1447 (29 ابريل 2026) بتحديد
صادر في 11 من ذي القعدة 1447 (29 ابريل 2026) بتحديد
بعض المعاادلت بين الشهادات.
بعض المعاادلت بين الشهادات.
وزير التعليم العالي والبحث العلمي واالبتكار،
وزير التعليم العالي والبحث العلمي واالبتكار،
بناء على المرسوم رقم 2.01.333 الصادر في 28 من ربيع االول 1422
بناء على المرسوم رقم 2.01.333 الصادر في 28 من ربيع االول 1422
(21 يونيو 2001) المتعلق بتحديد الشروط والمسطرة الخاصة بمنح
(21 يونيو 2001) المتعلق بتحديد الشروط والمسطرة الخاصة بمنح
معادلة شهادات التعليم العالي؛
معادلة شهادات التعليم العالي؛
وعلى المرسوم رقم 2.04.89 الصادر في 18 من ربيع االخر 1425
وعلى المرسوم رقم 2.04.89 الصادر في 18 من ربيع االخر 1425
(7 يونيو 2004) بتحديد اختصاص المؤسسات الجامعية وااسلك
(7 يونيو 2004) بتحديد اختصاص المؤسسات الجامعية وااسلك
الدراسات العليا وكذا الشهادات الوطنية المطابقة، كما وقع تغييره
الدراسات العليا وكذا الشهادات الوطنية المطابقة، كما وقع تغييره
وتتميمه؛
وتتميمه؛
وعلى المرسوم رقم 2.24.991 الصادر في 24 من ربيع االخر 1446
وعلى المرسوم رقم 2.24.991 الصادر في 24 من ربيع االخر 1446
(28 اكتوبر 2024) المتعلق باختصاصات وزير التعليم العالي والبحث
العلمي واالبتكار؛
(28 اكتوبر 2024) المتعلق باختصاصات وزير التعليم العالي والبحث
العلمي واالبتكار؛
وبعد استشارة اللجنة القطاعية للعلوم القانونية واالقتصادية
واالجتماعية والتدبير المنعقدة بتاريخ 4 مارس2026،
وبعد استشارة اللجنة القطاعية للعلوم القانونية واالقتصادية
قرر ما يلي:
واالجتماعية والتدبير المنعقدة بتاريخ 4 مارس2026،
المادة االولى
قرر ما يلي:
تقبل ملعادلة الماستر، الشهادة التالية في Administration des
المادة االولى
: affaires
تقبلم لعادلة االجازة، الشهادة التالية في: Sciences de gestion
– Degree of master of business administration, délivré
– Grade de bachelier en administration des affaires (B.A.A.),
par California state University, Los Angeles - Etats-Unis
délivré par l’Université du Québec à Montréal - Canada.
d’Amérique.",Indéterminé,"Fiscal=0, Social=0, Administratif=0",Indéterminé,False
474,BO_7511_Ar,الثانية,ar,"ينشر هذا القرار بالجريدة الرسمية.
ينشر هذا القرار بالجريدة الرسمية.
وحرر بالرباط في 11 من ذي القعدة 1447 (29 ابريل 2026)
وحرر بالرباط في 11 من ذي القعدة 1447 (29 ابريل 2026)
االمضاء : عز الدين المداوي.
االمضاء : عز الدين المداوي.
الجريدة الرسمية2915
عدد8 - 7511 ةجحلا وذ8  ذ)2) 8  8  ام ))25 )25
قرار لوزير التعليم العالي والبحث العلمي واالبتكار رقم 873.26
قرار لوزير التعليم العالي والبحث العلمي واالبتكار رقم 874.26
صادر في 11 من ذي القعدة 1447 (29 ابريل 2026) بتحديد
صادر في 11 من ذي القعدة 1447 (29 ابريل 2026) بتحديد
بعض المعاادلت بين الشهادات.
بعض المعاادلت بين الشهادات.
وزير التعليم العالي والبحث العلمي واالبتكار،
وزير التعليم العالي والبحث العلمي واالبتكار،
بناء على المرسوم رقم 2.01.333 الصادر في 28 من ربيع االول 1422
بناء على المرسوم رقم 2.01.333 الصادر في 28 من ربيع االول 1422
(21 يونيو 2001) المتعلق بتحديد الشروط والمسطرة الخاصة بمنح
(21 يونيو 2001) المتعلق بتحديد الشروط والمسطرة الخاصة بمنح
معادلة شهادات التعليم العالي؛
معادلة شهادات التعليم العالي؛
وعلى المرسوم رقم 2.04.89 الصادر في 18 من ربيع االخر 1425
وعلى المرسوم رقم 2.04.89 الصادر في 18 من ربيع االخر 1425
(7 يونيو 2004) بتحديد اختصاص المؤسسات الجامعية وااسلك
(7 يونيو 2004) بتحديد اختصاص المؤسسات الجامعية وااسلك
الدراسات العليا وكذا الشهادات الوطنية المطابقة، كما وقع تغييره
الدراسات العليا وكذا الشهادات الوطنية المطابقة، كما وقع تغييره
وتتميمه؛
وتتميمه؛
وعلى المرسوم رقم 2.24.991 الصادر في 24 من ربيع االخر 1446
وعلى المرسوم رقم 2.24.991 الصادر في 24 من ربيع االخر 1446
(28 اكتوبر 2024) المتعلق باختصاصات وزير التعليم العالي والبحث
العلمي واالبتكار؛
(28 اكتوبر 2024) المتعلق باختصاصات وزير التعليم العالي والبحث
العلمي واالبتكار؛
وبعد استشارة اللجنة القطاعية للعلوم القانونية واالقتصادية
واالجتماعية والتدبير المنعقدة بتاريخ 4 مارس2026،
وبعد استشارة اللجنة القطاعية للعلوم القانونية واالقتصادية
قرر ما يلي:
واالجتماعية والتدبير المنعقدة بتاريخ 4 مارس2026،
المادة االولى
قرر ما يلي:
تقبل ملعادلة الماستر، الشهادة التالية في L’apprentissage et
المادة االولى
: développement dans les organisations
تقبلم لعادلة الماستر، الشهادة التالية في: Marketing
– Degree of master of science in learning and development
– Degree of master of arts, marketing, délivré par
in organisations, délivré par Maastricht University -
Bahçesehir University - Turquie.
Pays-Bas.",Indéterminé,"Fiscal=0, Social=0, Administratif=0",Indéterminé,False
476,BO_7511_Ar,الثانية,ar,"ينشر هذا القرار بالجريدة الرسمية.
ينشر هذا القرار بالجريدة الرسمية.
وحرر بالرباط في 11 من ذي القعدة 1447 (29 ابريل 2026)
وحرر بالرباط في 11 من ذي القعدة 1447 (29 ابريل 2026)
االمضاء : عز الدين المداوي.
االمضاء : عز الدين المداوي.
الجريدة الرسميةعدد8 - 7511 ةجحلا وذ8  ذ)2) 8  8  ام))25 )25
قرار لوزير التعليم العالي والبحث العلمي واالبتكار رقم 875.26
قرار لوزير التعليم العالي والبحث العلمي واالبتكار رقم 876.26
صادر في 11 من ذي القعدة 1447 (29 ابريل 2026) بتحديد
صادر في 11 من ذي القعدة 1447 (29 ابريل 2026) بتحديد
بعض المعاادلت بين الشهادات.
بعض المعاادلت بين الشهادات.
وزير التعليم العالي والبحث العلمي واالبتكار،
وزير التعليم العالي والبحث العلمي واالبتكار،
بناء على المرسوم رقم 2.01.333 الصادر في 28 من ربيع االول 1422
بناء على المرسوم رقم 2.01.333 الصادر في 28 من ربيع االول 1422
(21 يونيو 2001) المتعلق بتحديد الشروط والمسطرة الخاصة بمنح
(21 يونيو 2001) المتعلق بتحديد الشروط والمسطرة الخاصة بمنح
معادلة شهادات التعليم العالي؛
معادلة شهادات التعليم العالي؛
وعلى المرسوم رقم 2.04.89 الصادر في 18 من ربيع االخر 1425
وعلى المرسوم رقم 2.04.89 الصادر في 18 من ربيع االخر 1425
(7 يونيو 2004) بتحديد اختصاص المؤسسات الجامعية وااسلك
(7 يونيو 2004) بتحديد اختصاص المؤسسات الجامعية وااسلك
الدراسات العليا وكذا الشهادات الوطنية المطابقة، كما وقع تغييره
الدراسات العليا وكذا الشهادات الوطنية المطابقة، كما وقع تغييره
وتتميمه؛
وتتميمه؛
وعلى المرسوم رقم 2.24.991 الصادر في 24 من ربيع االخر 1446
وعلى المرسوم رقم 2.24.991 الصادر في 24 من ربيع االخر 1446
(28 اكتوبر 2024) المتعلق باختصاصات وزير التعليم العالي والبحث
(28 اكتوبر 2024) المتعلق باختصاصات وزير التعليم العالي والبحث
العلمي واالبتكار؛
العلمي واالبتكار؛
وبعد استشارة اللجنة القطاعية للعلوم القانونية واالقتصادية
وبعد استشارة اللجنة القطاعية للعلوم القانونية واالقتصادية
واالجتماعية والتدبير المنعقدة بتاريخ 4 مارس2026،
واالجتماعية والتدبير المنعقدة بتاريخ 4 مارس2026،
قرر ما يلي:
قرر ما يلي:
المادة االولى
المادة االولى
تقبلم لعادلة الماستر، الشهادة التالية في: Management
تقبلم لعادلة االجازة، الشهادة التالية في: Sciences de gestion
– Degree of master of science in management of
– Degree of bachelor of science, international trade and
technology and innovation, délivré par Korea University
finance, délivré par Istanbul Gelisim University - Turquie.
of technology and education - Corée du sud.",Indéterminé,"Fiscal=0, Social=0, Administratif=0",Indéterminé,False
478,BO_7511_Ar,الثانية,ar,"ينشر هذا القرار بالجريدة الرسمية.
ينشر هذا القرار بالجريدة الرسمية.
وحرر بالرباط في 11 من ذي القعدة 1447 (29 ابريل 2026)
وحرر بالرباط في 11 من ذي القعدة 1447 (29 ابريل 2026)
االمضاء : عز الدين المداوي.
االمضاء : عز الدين المداوي.
الجريدة الرسمية2917
عدد8 - 7511 ةجحلا وذ8  ذ)2) 8  8  ام ))25 )25
قرار لوزير التعليم العالي والبحث العلمي واالبتكار رقم 877.26
قرار لوزير التعليم العالي والبحث العلمي واالبتكار رقم 878.26
صادر في 11 من ذي القعدة 1447 (29 ابريل 2026) بتحديد
صادر في 11 من ذي القعدة 1447 (29 ابريل 2026) بتحديد
بعض المعاادلت بين الشهادات.
بعض المعاادلت بين الشهادات.
وزير التعليم العالي والبحث العلمي واالبتكار،
وزير التعليم العالي والبحث العلمي واالبتكار،
بناء على المرسوم رقم 2.01.333 الصادر في 28 من ربيع االول 1422
بناء على المرسوم رقم 2.01.333 الصادر في 28 من ربيع االول 1422
(21 يونيو 2001) المتعلق بتحديد الشروط والمسطرة الخاصة بمنح
(21 يونيو 2001) المتعلق بتحديد الشروط والمسطرة الخاصة بمنح
معادلة شهادات التعليم العالي؛
معادلة شهادات التعليم العالي؛
وعلى المرسوم رقم 2.04.89 الصادر في 18 من ربيع االخر 1425
وعلى المرسوم رقم 2.04.89 الصادر في 18 من ربيع االخر 1425
(7 يونيو 2004) بتحديد اختصاص المؤسسات الجامعية وااسلك
(7 يونيو 2004) بتحديد اختصاص المؤسسات الجامعية وااسلك
الدراسات العليا وكذا الشهادات الوطنية المطابقة، كما وقع تغييره
الدراسات العليا وكذا الشهادات الوطنية المطابقة، كما وقع تغييره
وتتميمه؛
وتتميمه؛
وعلى المرسوم رقم 2.24.991 الصادر في 24 من ربيع االخر 1446
وعلى المرسوم رقم 2.24.991 الصادر في 24 من ربيع االخر 1446
(28 اكتوبر 2024) المتعلق باختصاصات وزير التعليم العالي والبحث
(28 اكتوبر 2024) المتعلق باختصاصات وزير التعليم العالي والبحث
العلمي واالبتكار؛
العلمي واالبتكار؛
وبعد استشارة اللجنة القطاعية للعلوم القانونية واالقتصادية
وبعد استشارة اللجنة القطاعية للعلوم القانونية واالقتصادية
واالجتماعية والتدبير المنعقدة بتاريخ 4 مارس2026،
واالجتماعية والتدبير المنعقدة بتاريخ 4 مارس2026،
قرر ما يلي:
قرر ما يلي:
المادة االولى
المادة االولى
تقبل ملعادلة الماستر، الشهادة التالية في Administration des
تقبلم لعادلة الماستر، الشهادة التالية في: Sciences de gestion
: affaires
– Grade de maître en gestion de projet (M.G.P.), délivré par
– Master’s degree, business administration (marketing),
l’Université du Québec à Trois-Rivières - Canada.
délivré par Kutahya Dumlupinar University - Turquie.",Indéterminé,"Fiscal=0, Social=0, Administratif=0",Indéterminé,False
480,BO_7511_Ar,الثانية,ar,"ينشر هذا القرار بالجريدة الرسمية.
ينشر هذا القرار بالجريدة الرسمية.
وحرر بالرباط في 11 من ذي القعدة 1447 (29 ابريل 2026)
وحرر بالرباط في 11 من ذي القعدة 1447 (29 ابريل 2026)
االمضاء : عز الدين المداوي.
االمضاء : عز الدين المداوي.
الجريدة الرسميةعدد8 - 7511 ةجحلا وذ8  ذ)2) 8  8  ام))25 )25
قرار لوزير التعليم العالي والبحث العلمي واالبتكار رقم 879.26
قرار لوزير التعليم العالي والبحث العلمي واالبتكار رقم 880.26
صادر في 11 من ذي القعدة 1447 (29 ابريل 2026) بتحديد
صادر في 11 من ذي القعدة 1447 (29 ابريل 2026) بتحديد
بعض المعاادلت بين الشهادات.
بعض المعاادلت بين الشهادات.
وزير التعليم العالي والبحث العلمي واالبتكار،
وزير التعليم العالي والبحث العلمي واالبتكار،
بناء على المرسوم رقم 2.01.333 الصادر في 28 من ربيع االول 1422
بناء على المرسوم رقم 2.01.333 الصادر في 28 من ربيع االول 1422
(21 يونيو 2001) المتعلق بتحديد الشروط والمسطرة الخاصة بمنح
(21 يونيو 2001) المتعلق بتحديد الشروط والمسطرة الخاصة بمنح
معادلة شهادات التعليم العالي؛
معادلة شهادات التعليم العالي؛
وعلى المرسوم رقم 2.04.89 الصادر في 18 من ربيع االخر 1425
وعلى المرسوم رقم 2.04.89 الصادر في 18 من ربيع االخر 1425
(7 يونيو 2004) بتحديد اختصاص المؤسسات الجامعية وااسلك
(7 يونيو 2004) بتحديد اختصاص المؤسسات الجامعية وااسلك
الدراسات العليا وكذا الشهادات الوطنية المطابقة، كما وقع تغييره
الدراسات العليا وكذا الشهادات الوطنية المطابقة، كما وقع تغييره
وتتميمه؛
وتتميمه؛
وعلى المرسوم رقم 2.24.991 الصادر في 24 من ربيع االخر 1446
وعلى المرسوم رقم 2.24.991 الصادر في 24 من ربيع االخر 1446
(28 اكتوبر 2024) المتعلق باختصاصات وزير التعليم العالي والبحث
(28 اكتوبر 2024) المتعلق باختصاصات وزير التعليم العالي والبحث
العلمي واالبتكار؛
العلمي واالبتكار؛
وبعد استشارة اللجنة القطاعية للعلوم القانونية واالقتصادية
وبعد استشارة اللجنة القطاعية للعلوم القانونية واالقتصادية
واالجتماعية والتدبير المنعقدة بتاريخ 4 مارس2026،
واالجتماعية والتدبير المنعقدة بتاريخ 4 مارس2026،
قرر ما يلي:
قرر ما يلي:
المادة االولى
المادة االولى
تقبل ملعادلة الماستر، الشهادة التالية في Relations
تقبلم لعادلة االجازة، الشهادة التالية في: Sciences de gestion
: internationales
– Degree of bachelor of science, business administration,
– Gradum magistri, international relations - international
délivré par State University of New York - Etats-Unis
relations and international organization, délivré par
d’Amérique.
Academia Groningana - Pays-Bas.",Indéterminé,"Fiscal=0, Social=0, Administratif=0",Indéterminé,False
482,BO_7511_Ar,الثانية,ar,"ينشر هذا القرار بالجريدة الرسمية.
ينشر هذا القرار بالجريدة الرسمية.
وحرر بالرباط في 11 من ذي القعدة 1447 (29 ابريل 2026)
وحرر بالرباط في 11 من ذي القعدة 1447 (29 ابريل 2026)
االمضاء : عز الدين المداوي.
االمضاء : عز الدين المداوي.
الجريدة الرسمية2919
عدد8 - 7511 ةجحلا وذ8  ذ)2) 8  8  ام ))25 )25
قرار لوزير التعليم العالي والبحث العلمي واالبتكار رقم 881.26
قرار لوزير التعليم العالي والبحث العلمي واالبتكار رقم 882.26
صادر في 11 من ذي القعدة 1447 (29 ابريل 2026) بتحديد
صادر في 11 من ذي القعدة 1447 (29 ابريل 2026) بتحديد
بعض المعاادلت بين الشهادات.
بعض المعاادلت بين الشهادات.
وزير التعليم العالي والبحث العلمي واالبتكار،
وزير التعليم العالي والبحث العلمي واالبتكار،
بناء على المرسوم رقم 2.01.333 الصادر في 28 من ربيع االول 1422
بناء على المرسوم رقم 2.01.333 الصادر في 28 من ربيع االول 1422
(21 يونيو 2001) المتعلق بتحديد الشروط والمسطرة الخاصة بمنح
(21 يونيو 2001) المتعلق بتحديد الشروط والمسطرة الخاصة بمنح
معادلة شهادات التعليم العالي؛
معادلة شهادات التعليم العالي؛
وعلى المرسوم رقم 2.04.89 الصادر في 18 من ربيع االخر 1425
وعلى المرسوم رقم 2.04.89 الصادر في 18 من ربيع االخر 1425
(7 يونيو 2004) بتحديد اختصاص المؤسسات الجامعية وااسلك
(7 يونيو 2004) بتحديد اختصاص المؤسسات الجامعية وااسلك
الدراسات العليا وكذا الشهادات الوطنية المطابقة، كما وقع تغييره
الدراسات العليا وكذا الشهادات الوطنية المطابقة، كما وقع تغييره
وتتميمه؛
وتتميمه؛
وعلى المرسوم رقم 2.24.991 الصادر في 24 من ربيع االخر 1446
وعلى المرسوم رقم 2.24.991 الصادر في 24 من ربيع االخر 1446
(28 اكتوبر 2024) المتعلق باختصاصات وزير التعليم العالي والبحث
(28 اكتوبر 2024) المتعلق باختصاصات وزير التعليم العالي والبحث
العلمي واالبتكار؛
العلمي واالبتكار؛
وبعد استشارة اللجنة القطاعية للعلوم القانونية واالقتصادية
وبعد استشارة اللجنة القطاعية للعلوم القانونية واالقتصادية
واالجتماعية والتدبير المنعقدة بتاريخ 4 مارس2026،
واالجتماعية والتدبير المنعقدة بتاريخ 4 مارس2026،
قرر ما يلي:
قرر ما يلي:
المادة االولى
المادة االولى
تقبلم لعادلة دبلوم الدراسات الجامعية العامة، الشهادة التالية في
تقبلم لعادلة الماستر، الشهادة التالية في: Relations internationales
: Sciences économiques
– Diplôme de master en relations internationales, délivré
– Degree of associate of arts in international trade, délivré
par l’Université occidentale - Azerbaidjan.
par Istanbul Bilgi University - Turquie.",Indéterminé,"Fiscal=0, Social=0, Administratif=0",Indéterminé,False
484,BO_7511_Ar,الثانية,ar,"ينشر هذا القرار بالجريدة الرسمية.
ينشر هذا القرار بالجريدة الرسمية.
وحرر بالرباط في 11 من ذي القعدة 1447 (29 ابريل 2026)
وحرر بالرباط في 11 من ذي القعدة 1447 (29 ابريل 2026)
االمضاء : عز الدين المداوي.
االمضاء : عز الدين المداوي.
قرار لوزير التعليم العالي والبحث العلمي واالبتكار رقم 883.26
صادر في 11 من ذي القعدة 1447 (29 ابريل 2026) بتحديد
بعض المعاادلت بين الشهادات.
وزير التعليم العالي والبحث العلمي واالبتكار،
بناء على المرسوم رقم 2.01.333 الصادر في 28 من ربيع االول 1422
 (21 يونيو 2001) المتعلق بتحديد الشروط والمسطرة الخاصة بمنح
معادلة شهادات التعليم العالي؛
وعلى المرسوم رقم 2.04.89 الصادر في 18 من ربيع االخر 1425
 (7 يونيو 2004) بتحديد اختصاص المؤسسات الجامعية وااسلك
الدراسات العليا وكذا الشهادات الوطنية المطابقة، كما وقع تغييره
وتتميمه؛
وعلى المرسوم رقم 2.24.991 الصادر في 24 من ربيع االخر 1446
 (28 اكتوبر 2024) المتعلق باختصاصات وزير التعليم العالي والبحث
العلمي واالبتكار؛
وبعد استشارة اللجنة القطاعية للعلوم القانونية واالقتصادية
واالجتماعية والتدبير المنعقدة بتاريخ 4 مارس2026،
قرر ما يلي:
المادة االولى
تقبلم لعادلة الماستر، الشهادة التالية في: Droit privé
-شهادة الماستر في مجال القانون الخاص المسلمة من جامعة
نواكشوط، موريتانيا.",Indéterminé,"Fiscal=0, Social=0, Administratif=0",Indéterminé,False
485,BO_7511_Ar,الثانية,ar,"ينشر هذا القرار بالجريدة الرسمية.
وحرر بالرباط في 11 من ذي القعدة 1447 (29 ابريل 2026)
االمضاء : عز الدين المداوي.
الجريدة الرسميةعدد8 - 7511 ةجحلا وذ8  ذ)2) 8  8  ام))25 )25
استدراك خطا وقع بالجريدة الرسمية عدد 7506 بتاريخ
19ذي القعدة 1447 (7 ماي 2026) الصفحة2648
قرار لوزير التجهيز والماء رقم 711.26 صادر في 15 من شوال 1447
(3 ابريل 2026) بافتتاح بحث عمومي يتعلق بتحديد الملك
العمومي البحري من الضفة اليمنى ملصب وادي درعة الى
حدود اقليم طانطان بجماعة راس امليل باقليم كلميم بجهة
كلميم - واد نون.
بادل من:
المادة االولى
يجرى بحث عموميم لدة شهرين، من 23 يونيو الى 23 سبتمبر 2026
بجماعة راس امليل باقليم كلميم، وذلك بشان تحديد الملك العمومي
البحري من الضفة اليمنىم لصب وادي درعة الى حدود اقليم طانطان.
يقرا:
المادة االولى
يجرى بحث عموميم لدة شهرين، من 23 يوليو الى 23 سبتمبر2026،
بجماعة راس امليل باقليم كلميم، وذلك بشان تحديد الملك العمومي
البحري من الضفة اليمنىم لصب وادي درعة الى حدود اقليم طانطان.
عدد8 - 7511 ةجحلا وذ8  ذ)2) 8  8  ام))25 )25
ااعلنات وابلغات
راي
المجلس االقتصادي واالجتماعي والبيئ ي
حول
مشروع
قانون  رقم
16.22
 يتعلق بتنظيم مهنة
القانونالعدول
المتعلق
مجموعة عمل
خاصة
رئيس مجموعة العمل :حسن طارق
مقرر الموضوع :محمد عبد الصادق
السعيد ي
فهرس
تقديم
................................
................................
................................
................................
................
.1السياق
العام
................................
................................
................................
................................
  ....
1.1
.نبذة
تاريخية
 عن
االطار
القانوني
المنظم
لمهنة
العدول
 …………………………………………………………...
2.1
. القانون
 رقم16.03
 المتعلق
بخطة
العدالة
. ..................................................................................
3.1.ازدواجية
نظام
التوثيق
بالمغرب
…………………………………………………………………………………
.2عرض
وتحليل
مشروع
القانون
 رقم16.22
 المتعلق
بتنظيم
مهنة
العدول
 ……………………………………
1.2
.هيكلة
ومضامين
مشروع
القانون
 ………………………………………………………………………………..
2.2.المستجدات
التشريعية
لمشروع
القانون
 …………………………………………………………………………..
1.2.2
 .تحول
مفاهيمي
 من""
خطة
العدالة
 ""ال ى""
مهنة
العدول
""
 ……………………………………………………
2.2.2
 .شروط
الولوج
 الى
المهنة
 …………………………………………………………………………………
3.2.2
 .اعادة
هيكلة
منظومة
التكوين
 ………………………….………………………………………………….
4.2.2
 .
اقرا ر
الزامية
التكوين
المستمر
 ……………………………………………………………………………
5.2.2
 .توسيع
واجبات
العدول
وتحديثها
 ………………………………………………………………………….
6.2.2
 .ارساء
نظام
متكامل
للمسؤولية
المهنية
 ……………………………………………………………………
7.2.2
 .رقمنة
المهنة
وتحديث
وسائل
العمل
 ………………………………………………………………………
8.2.2
 .ضبط
 ادق
الجراءات
التوثيق
 …………………………………………………………………………….
9.2.2
 .تنظيم
الحقوق
المالية
وتعزيز
الشفافية
 …………………………………………………………………….
10.2.2
 .تقوية تنظيم المهنة وهيئاتها وتمثيلية المراة العدل ……………………………………………………….
ب
تنظيم
مهنة
العدول
 .
الملحق1
:ا لئحة اعضاء
مجموعة العمل الخاصة
الملحق:2 ا لئحة الفاعلين الذين تم االنصات اليهم
الجريدة الرسميةعدد8 - 7511 ةجحلا وذ8  ذ)2) 8  8  ام))25 )25
.3املحظات
 في
منهجية
اعداد
وتصميم
مشروع
القانون
 ………………..…………………………………..
1.3
.غياب
دراسة
االثر
 …………………………………………………………………………………………..
2.3
 .تعدد
االحاالت
 على
نصوص
تنظيمية
 دون
تحديد
 افق
زمني
الصدارها
 ……………………………………..
.4املحظات
حول
منظومة
التوثيق
العدلي
وتحديث
مهنة
العدول
 ……………………………………………...
1.4
 خطاب
القاضي
 ………………………………………………………………………………………………
2.4
 ثنائية
التلقي
 ………………………………………………………………………………………………….
3.4
 شهادة
اللفيف
 ………………………………………………………………………………………………..
4.4
 غياب
 الية
لتدبير
الودائع
 ……………………………………………..………………………………………
5.4
 قضايا
اخرى
تحتاج
 الى
حسم
تشريعي
 ……………………………………………………………………….
.5الرؤية
والتوصيات
 …………………………………………………………………………………
المحور
االول
 :
تعزيز
االثر
التشريعي
والتعجيل
باصدار
النصوص
التطبيقية
 ……………………………………….
المحور
الثاني
 :
تحسين
االطار
التنظيمي
وتاهيل
الموارد
البشرية
 …………………………………………………..
المحور
الثالث
 :
تسريع
التحول
الرقمي
لمهنة
العدول
 ………………………………………………………………
المحور
الرابع
 :
تحديث
اليات
التوثيق
العدلي
وتعزيز
االمن
التعاقدي
 ………………………………………………
املحق
 …………………………………………………………………………………………….
ملحق
:ا لئحة
اعضاء
مجموع ة
العمل
الخاصة
 ……………………………………………………………………..
ملحق
:ا لئحة
الفاعلين
الذين
 ت م
االنصات
اليهم
 ……………………………………………………………………..
طبقا
لمقتضيا ت
القانون
التنظيمي
رقم
128.12
 المتعلق
بالمجلس
 اال
قتصا د
 ي
واالجتماعي
والبيئي، ال
سيما
 في
مادتيه
 4 و7، توصل
المجلس
باحالة
من
السي د
رئيس
مجل س
النوا ب
بتاريخ
 يناير، من
اجل
ابداء
الراي
بشان
مشروع
قانون
 رقم16.22
يتعل ق
وفي
هذا
االطار،
وعامل
باحكام
النظام
الداخلي
للمجلس،
احد ث
مكت ب
المجلس
مجموعة
عم ل
خاص ة 1
عهد اليها
باعدا د
مشروع
 راي
 في
الموضو ع
 .
واخلل
دورتها
 ال
عادية
الثمانين
 بع د
المائة
180(
 (المنعقدة
بتاريخ
 مارس،  صادقت
الجمعية
العامة
للمجلس
االقتصادي
واالجتماعي
والبيئ ي
باالجماع
 على هذا
الراي
 .
وق د جاء هذا
الراي، الذ ي
جرى
اعداده
 وفق
مقاربة
تشاركية،
ثمرة
نقاشا ت
موسعة
 بين
مختلف
الفئا ت
المكونة
للمجلس،
ومخرجا ت
جلسا ت
االنصا ت
المنظمة
 مع
ابرز
الفاعلين
المعنيي ن. 2
تقديم
قانون رقم
16.22
 يتعلق بتنظيم مهنة العدول.""
خدماتها.3
للممارسة المهنية والتمثيل المؤسساتي والمراقبة والتاديب .
والتحاولت
االقتصادية واالجتماعية
التي يشهدها المجتمع .
بنيوية ووظيفية .
الجريدة الرسمية2923
عدد8 - 7511 ةجحلا وذ8  ذ)2) 8  8  ام))25 )25
طبقاا لحكام الفصل
 من الدستور ومقتضيات القانون التنظيمي رقم
128.12
 المتعلق بالمجلس االقتصادي
واالجتماع ي
والبيئي، توصل المجلس باحالة من السيد رئيس مجلس النواب بتاريخ
 يناير، من اجل ابداء
الرا ي بشان""  مشروع
ويندرج مشروع القانون في اطار مواصلة تنزيل ااصلح منظومة
العدالة،ا ل سيما
االجراءا ت الرامية الى تقوية
القدرا ت
المؤسساتية للمهن القانونية
والقضائية،
ومن بينها مهنة العدول، وتاهيل مواردها
البشرية،
ودع م اليات تعزيز ثقة
المواط ن
في  اعمال  ومحررات  هذه  المهن،
وانخراط هذه االخيرة في جهود التحديث واستعمال التكنولوجيات الرقمية في تقديم
ويرتكز االطار التشريعي والتنظيمي الحالي ملمارسة
مهن ة
العدول
على القانون رقم16.03
 المتعلق بخطة العدالة
)الصادر
في14
فبراير2006
 (ونصوص
ه
التطبيقي ة4،
من اخل ل
تحديد شروط االنخراط وضبط االختصاصات الموكولة الى العدول،
والتنصيص على االلتزامات والضمانات املخولة
لهم باعتبارهم
من مساعدي القضاء، وما يترتب عن ذلك من قواعد
وياتي مشروع القانون رقم16.22
ليحل محل القانون المذكور، متضمنا مستجدات تهم شروط الولوج الى المهنة، وتنظيم
التكوين، وتحديد حقوق وواجبات العد",Indéterminé,"Fiscal=0, Social=0, Administratif=0",Indéterminé,True
486,BO_7511_Ar,45,ar,(والمنصة الرقمية لحفظ الوثائق),Indéterminé,"Fiscal=0, Social=0, Administratif=0",Indéterminé,False
487,BO_7511_Ar,83,ar,"(،
والحد االدنى لتامين ضمان
المسؤولية المدنية للعدل
)المادة
(، وغيرها من المقتضيات ذات االثر المباشر على فعالية التطبيق .
وتبرز التجربة العملية ان عددا من القوانين يستكمل مساره التشريعي من حيث
المصادقة والنشر في الجريدة الرسمية،
غير ان بعض مقتضياته تظل معلقة بسبب تاخر اصدار النصوص التنظيمية املحال عليها، وهو ما يعكس واقعا عاما في
المنظومة التشريعية يتسم ببطء وتيرة استكمال البناء القانوني، وضعف الحكامة التشريعية  .
وتؤكد مرجعيات منظمة التعاون
والتنمية االقتصادية،
ان فعالية التشريعا ل تتحقق بمجرد صدور القانون، بل تظل رهينة
بارساء اطار تنظيمي واضح،
يضمن تنزيله العملي في اجال معقولة .كما
يتم التاكيد على ضرورة اعتماد مقاربة شمولية،
تجعل من قابلية القاعدة القانونية للتنفيذ عنصرا اساسيا في جودة التشريع، من اخلل ضمان االتساق بين النصوص
القانونية والنصوص التنظيمية الكفيلة بتفعيله ا  .22
واعلوة على ذلك،
تشدد مبادئ المنظمة المتعلقة ب تحليل االثر
التنظيم ي
على ان تصميم التشريع ينبغي ان يدمج منذ البداية اعتبارات التنفيذ واالنفاذ، بما في ذلك تحديد االليات
التنظيمية المصاحبة له، حتىا ل يحدث انفصال بين اعتماد القانون وتطبيقه الفعلي .
ومن جهة اخرى، تفي د
مبادئ مراجعة
رصيد التشريعات ان
نجاعة القوانين تقتض  ي استتباع االطار ال
تشريعي
بالنصوص التنظيمية والتدابير االجرائية مااللئم ة
وبالتالي، فا
ن اصدار النصوص التنظيمية في اجال معقولة يشكل عنصرا جوهريا في الحكامة التشريعية،
باعتباره شرطا
لضمان التطبيق الفعلي للقانون، وتعزيز االمن القانوني، وتفادي تعطيل االاصلحات التشريعية
التيا ل تدخل حيز التنفيذ
.4املحظات حول
منظومة التوثيق ا ل
عدلي وتحديث مهنة العدول
جاء مشروع القانون رقم16.22
بمستجدات تشريعية تروم عصرنة مهنة العدول، ويتجلى ذلك، ااول، في تسمية المشروع
نفسها التي تكرس االعتراف القانوني بعمل العدول باعتباره مهنة قائمة الذات، كما يتجلى في عدد من المقتضيات المرتبطة
بالتكوين االساس ي والتكوين المستمر، وتوظيف الرقمنة، وتحديث وسائل العمل، وارساء التامين عن المسؤولية المدنية
للعدل، وتعزيز ضمانات
حمايته القانونية، وغيرها من التدابير الرامية الى تطوير الممارسة المهني ة
للعدول  .
مجلس النواب، الجلسة العامة،3
فبراير2026
22 OCDE, Recommendation of the Council on Regulatory Policy and Governance, 2012, p.7-8.
23 OCDE(2012), Ibid.
24 OCDE (2020),Ibid.,pp.24-26.
الجريدة الرسميةعدد8 - 7511 ةجحلا وذ8  ذ)2) 8  8  ام))25 )25
غي ر
انه،
حس ب
مهنيي ن
وخبرا ء
 تم
االنصات
اليهم،
ايلحظ
 ا ن
مشروع
القانو ن
 رقم16.22
ل م
يذهب
بعيد ا
 في
وتيرة
تحدي ث
ممارسة
مهنة
التوثيق
العدلي،
  بما
يستوعب
التحاولت
االقتصادية
واالجتماعية
والتكنولوجي ة
المتسارعة
التي
يعرفه ا
املجتمع
المغربي،
والتي
تم  س
كذلك
البنية
البشرية
للمهنة
بانفتاحها
على
كفاءات
جديدة ومتنوعة
مقارنة
بالنموذ ج
التقليد ي
للعدل
 .
كم ا
ابق ى
المشروع
عل ى بعض
المقتضيا ت
االجرائية
الت ي
سبق ا ن
كان ت
مح ل
نقاش
 في
اطار
الحوا ر
الوطن ي
حو ل
ااصلح
منظوم ة
العدالة،
 ال
سيم ا
 من حيث
مد ى
مواكبتها
للمستجدا ت
وانسجامها
 مع بعض
المرجعيا ت
والمعايي ر
الدولية
المؤطرة
مله ن
التوثيق
 .
لقد
كرس مشروع القانون رقم16.22
نفس المقاربة التي اعتمدها القانون الجاري به العمل، اي القانون رقم16.03
المتعلق
بخطة العدالة، فيما يخص خطاب القاض ي، وثنائية التلقي، وشهادة اللفيف،   و
ذلك ملا تثيره هذه المقتضيات حسب
الممارسي ن25،
من اشكاالت عملية متعددة تنعكس سلبا على حقوق االفراد ومصالحهم االقتصادية واالجتماعية المشروعة،
وتمس كذلك بحق العدول في
مزاولة
مهنتهم بصفة مستقلة،
وفي ظروف املئمة
 .
1.4
 خطاب القاضي
تعد الية خطاب القاض ي من الخصوصيات االساسية التي تميز نظام التوثيق العدلي في التشريع المغربي، حيث تشكل مرحلة
قانونية الزمة الستكمال الطابع الرسمي للعقود والشهادات التي يتلقاها العدالن .و ي
قصد بخطاب القاض ي قيام القاض ي
المكلف بالتوثيق بمراقبة الوثيقة بعد تحريرها والتاكد من استيفائها للشروط الشكلية والقانونية المطلوبة، قبل وضع
توقيعه وخاتمه عليها، االمر الذي يضفي عليها الصفة الرسمية ويمنحها الحجية القانونية الكاملة .وتقوم هذه االلية على
منطق ا
لرقابة القضائية السابقة التي تروم تعزيز االمن التوثيقي وحماية حقوق المتعاقدين، من اخلل ضمان اسلمة
االجراءات واحترام مقتضيات القانون قبل اعتماد الوثيقة.
و
يعد النموذج المغربي
في التوثيق العدلي
من بين
النماذج التوثيقية التي
تعتمد الية الرقابة القضائية السابقة على العقود
العدلية، مقارنة مع معظم البلدان االاسلمية االخرى .بحيث ثم ة
توجه عام يقوم على اضفاء الصفة الرسمية على
مالحرر
التوثيقي
مباشرة دون حاجة الى اعتماد قضائي مسبق، استنادا الى منطق المسؤولية المهنية المباشرة، وتحقيق السرعة
والفعالية، وتخفيف العبء عن القضاء .
ذلك ان
تعدد المراحل االجرائية قد يؤدي الى ابطاء انجاز العقود وتاخير اثارها
القانونية، مما يدفع نحو تبسيط المساطر واعتماد اليات مراقبة اكثر مر و
نة وفعالية
 .
ومن الناحية العملية،
ووفق افادات المهنيين،
تطرح الية خطاب القاض ي عددا من
االشكاالت
 :
.1
صعوبة التوفيق بين االمن
ا ل
قانوني
وفعالية
التوثيق
  :
يؤدي
خطاب القاض ي
الى تاخير انجاز العقود، بل
وتعطيلها احيانا، فاضل عما قد يترتب عنه من تدخل في مضمون ارادة االطراف، او احتمال ضياع الحقوق نتيجة
رفض الخطاب
تبعا للسلطة التقديرية للقاض ي المكلف بالتوثيق، خاصة في ظل غياب الية تم كن العدل من
الطعن او استئناف قرار
ال
قاض ي
 .
جلسة االنصات الى الهيئة الوطنية للعدول،18
فبراير2026
الجريدة الرسمية2937
عدد8 - 7511 ةجحلا وذ8  ذ)2) 8  8  ام))25 )25
هذا، واذا كانت
مراقبة القاض ي تسهم في ضمان اسلمة املحررات وحماية حقوق المتعاقدين، فان غياب
تقيي م
الثر  ا
لقانون الجاري به العمل، قائمة على معطيات رقمية
 و
مؤشرات
موضوعية،
ال يساعد على قياس نجاعة
الدور الرقابي والوقائي الذي يضطلع به القاض ي في تحصين الوثائق واملحررات العدلية .كما ان
وجود قصور في
اداء بعض العدول ال يحول دون العمل على تاهيل المهن
يين
واالرتقاء بكفاءاتهم، في افق مراجعة الية خطاب
القاض ي مستقابل بما يحقق توازنا افضل بين مقتضيات االمن التوثيقي ومتطلبات الفعالية والنجاعة
  .
و
سعيا الى تدارك البطء الناجم عن هذا االجراء، نص مشروع القانو ن
رقم16.22، في",Indéterminé,"Fiscal=0, Social=0, Administratif=0",Indéterminé,False
488,BO_7511_Ar,77,ar,"، على اجل اقصاه
اثلثة (3) ايام النجاز خطاب القاض ي .غير ان
ه ف ي
غياب تقييم موضوعي اللمكانيات البشرية والمادية المتاحة،
اولجال التاشير القضائي على الوثائق العدلية المعمول بها في مختلف محاكم
المملكة،
يصعب
توقع مدى اجرائية
هذا
االجل املحدد في 3 ايام
وضمان تطبيقه بفعالية
 .
.2
 مفارقة المسؤولية والحجية في الية خطاب قاض ي التوثيق
 :
تنص",Indéterminé,"Fiscal=0, Social=0, Administratif=0",Indéterminé,False
489,BO_7511_Ar,57,ar,"من مشروع القانون رقم16.22
على
ان""
يحرر العقد او الشهادة تحت مسؤولية العدلين
""…، تاكيدام لا ورد في",Indéterminé,"Fiscal=0, Social=0, Administratif=0",Indéterminé,False
490,BO_7511_Ar,33,ar,"من القانون رقم16.03
الجاري
به العمل .وفي المقابل، تنص",Indéterminé,"Fiscal=0, Social=0, Administratif=0",Indéterminé,False
491,BO_7511_Ar,77,ar,"من المشروع نفسه على ان القاض ي المكلف بالتوثيق يخاطب يدويا او
الكترونيا على العقود والشهادات بعد مراقبتها والتاكد من استيفائها للشروط واالجراءات المطلوبة قانونا .
ويترتب
عن ذلك ان العدلين يتحاملن المسؤولية الكاملة عن مضمون العقد او الشهادة، ويساالن عند ثبوت اي تجاوز او
تقصير، ومع ذلك فان توقيعهما ال يكفي الضفاء الحجية القانونية النهائية على الوثائق التي يحررانها .
 و
يظل
القا
ض ي الذي يضفي بتوقيعه الصفة الرسمية على الوثيقة غير
ملزم ب
مسؤولية مباشرة عن مضمونها، رغم
مشاركته في انشاء ا
ملسؤولية القانونية
المترتبة عن التاشير
 .
.3
عدم التكافؤ بين مهنيي التوثي ق
 :
تكرس الية خطاب القاض ي وضعا قانونيا يفتقر الى االنسجام في ظل ازدواجية
نظام التوثيق .فبينما يتمتع الموثق باستاقللية كاملة في ابرام العقود وتحرير الوثائق واضفاء الصفة الرسمية
عليها
وايداعها
مباشرة لدى المصالح املختصة بالحفظ والتوثيق
)العقود
العقارية(، يظل العدل خاضعا لرقابة
قضاء التوثيق، االمر الذي يجعله في موقع اقرب الى التبعية المهنية .وينتج عن ذلك وضع يتسم بعدم التكافؤ بين
مهنيي التوثيق العدلي ومهنيي التوثيق العصري، سواء من حيث هامش االستاقلل المنهي او من حيث نطاق ممارسة
االختصاصات التوثيقية، فاضل
عن كونه  و
ضعا ال ينسجم مع متطلبات المنافسة المهنية العادلة بين الفاعلين في
مجال التوثيق
 .
2.4
ثنائية التلق ي
يتوقف تحرير الشهادات والعقود في نظام التوثيق العدلي على شرط مشاركة عدلين اثنين، اخلفاا لنظمة التوثيق الحديثة،
بما فيها نظام التوثيق العصري بالمغرب، التي تعتمد مبدا الممارسة الفردية ملهنة التوثيق .وتعد ثنائية التلقي في منظومة
العدول قاعدة تم االبقاء عليها
في مشروع القانون رقم16.22
  .و
لم يبادر
المشرع، من اخلل مشروع القانون المذكور، الى
مراجعة هذا االختيار بما ينسجم مع تطور المنظومة القانونية الحديثة وتوجهات مهن التوثيق، وبما ياتلءم مع ارادة عصرنة
مهنة العد و
ل .
بالنظر الى ارتباطه بالوازع الشرعي .26
ومسؤولية قانونية واضحة .
والنجاعة .
الخطاب ع
ليه ا .
3.4
شهادة
اللفيف
الجريدة الرسميةعدد8 - 7511 ةجحلا وذ8  ذ)2) 8  8  ام))25 )25
ويفيد القطاع الحكومي صاحب المبادرة التشريعية
ب
ان املجلس العلمي االعلى سبق ان اصدر فتوى في هذا الشان،
تؤكد
على وجوب
تلقي الشهادات من قبل عدلين اثنين،
فاضل عن ضرورة خطاب القاض ي،
مع اعتبار االمر ملزما لكافة المعنيين
وجدير بالذكر ان عددا من
الدول االاسلمية تعتمد م
قاربات
متباينة بشان
ثنائية التلقي في توثيق المعااملت
كما يكرسه ا
التشريع المغرب
ي .
ففي
سلطنة عمان27، يتولى"" كاتب العدل ""
توثيق المحررات والعقود والتصديق عليها بصفة فردية، حيث
يمارس اختصاصاته بشكل مستقل من حيث التحقق من هوية االطراف واهليتهم ومطابقة التصرفات للقانون .غير انه ال
يزاول نشاطه في اطار مهنة حرة، بل يشتغل كموظف عمومي تابع لوزارة العدل، يتولى اضفاء الصفة الرسمية على الوثائق
بما يضمن حجيتها القانونية ويعزز االمن القانوني للمعااملت .
وقد شهدت مهنة التوثيق في تون س 28
تطورا تدريجيا انتقل بها
من النظام التقليدي المرتبط بالقضاء الشرعي الى نموذج نمهي مستقل يقوم على"" عدل االشهاد ""
باعتباره ضابطا عموميا
يمارس مهنة حرة، بحي ث  يمارس
سلطة تحرير العقود واضفاء الصفة الرسمية عليها مباشرة، في اطار استاقلل نمهي
من جهة اخرى، وبالن
ظر
الى الصعوبات واالكراهات العملية التي تثيرها
قاعدة ثنائية التلقي،
تشير افادات المهنيين
الى
بع ض
الممارسات التي ال
تلتزم
بمسطر ة
جواز التلقي بكيفية منفردة طبقا للقانون،
وبالتالي، يتم استدعاء عدل ثان ل""المصادقة ""
او"" التزكية)  ""العدل العاطف )
دون
ان يكون قد حضر الوقائع .ويثير هذا الوضع اشكاالت جدية من زاوية اسلمة المسطرة
وتحمل المسؤولية المهنية للعدول، فاضل عن تاثيره على مصداقية العمل التوثيقي وانسجامه مع متطلبات الشفافية
كما ان ثنائية التلقي
فيما يتعلق
بتحرير وتوثيق
العقود المدنية، يصعب القبول بها من قبل ا
ملرتفقين .فعملية بيع
عقار
محفظ، ماثل، يمكن انجازها بصورة قانونية كاملة من طرف موثق واحد، في حين تتطلب العملية نفسها مشاركة مهنيين
اثنين من العدول،
باالضاف ة
ال ى
تدخل طرف ثالث،
هو قاض ي التوثيق
الذي يتعين عليه
مراق ب ة الوثيق ة  ووضع تاشيرة
تعد شهادة اللفيف من خصوصيات نظام االثبات في التشريع المغربي، وهي وسيلة اثبات تقوم على شهادة جماعة من
االشخاص
اللادلء بمعطيات تتعلق بوقائع او تصرفات يصعب اثباتها بالوسائل االعتيادية .وقد استمدت هذه االلية
جذورها من الفقه المالكي، واعتمدها المشرع المغربي في اطار التوثيق العدلي الثبات بعض الوقائع ذات الطابع االجتماعي او
الواقعي .
وتستند شهادة اللفيف الى فكرة تغليب القرائن المستمدة من الشهادة الجماعية، اال انها تثير نقاشا قانونيا
متوااصل بشان مدى املءمتهام لتطلبات االثبات الحديثة ومقتضيات االمن القانوني .
مجلس النواب، تقرير لجنة العدل والتشريع وحقوق االنسان والحريات حول مشروع قانون رقم16.22
يتعلق بتنظيم مهنة العدول، ص61.
.
https://www.mcrpsc.gov.ma/PDF/PPL/Projets/N/3105/Representants/RAP_COM_1.pdf
 قانون الكتاب
بالعدل، صدر بموجب المرسوم السلطاني رقم
/
 وتم تعديله بموجب المرسوم السلطاني رقم
 /
https://qanoon.om/p/2003/l2003040/
 قانون عدد
 لسنة
 مؤرخ في23
 ماي
 يتعلق بتنظيم مهنة عدول
االشهاد
https://www.justice.gov.tn/index.php?id=278&utm_source=chatgpt.com
https://www.iort.gov.tn/WD120AWP/WD120Awp.exe/CTX-13540 -45-heldINXjjs/RechercheTexte/SYNC-2044279611
الجريدة الرسمية2939
عدد8 - 7511 ةجحلا وذ8  ذ)2) 8  8  ام))25 )25
ومن ابرز الحاالت التي
يتم
فيها
اللجوء
 الى
شهادة اللفيف
كما هو متداو ل
 :
•
اثبات الحيازة والتصرف في العقارات غير املحفظة او في ااملك لم يوثق التصرف فيها كتابة؛
•
اثبات الحالة المدنية او العائلية في بعض الوقائع التقليدية، مثل الزواج او النسب او
اجراء رسم االراثة بع د
الوفاة؛
•
اثبات الملك او االنتفاع بناء على االستعمال الطويل او الشهرة بين الناس؛
•
اثبات بعض الوقائع االجتماعية التي يصعب اثباتها بوسائل اخرى، كالسكنى او االستاغلل الفعلي لعقار
 .
وتجدر االشارة الى ان مشروع القانون رقم16.22
قد ادرج الول مرة مقتضيات لتقنين وتنظيم شهادة اللفيف،
وتم
التنصيص على عبارة"" شهادة جمع من الناس ""
)",Administratif,"Administratif=2, Fiscal=1, Commercial=1",Administratif,False
492,BO_7511_Ar,66,ar,")
التي تفيد الرجال والنساء معا .كما ابدى القطاع الحكومي
صاحب المبادرة التشريعية استعداده لقبول اي تعديل في صياغة هذا المقتض ى من شانه
التنصيص صراحة على شهادة
النساء الى جانب الرجا ل29، مما سيضمن فهما واضحا وموحدا يتقاسمه كافة الفاعلين المعنيين بانفاذ القانون، سواء كانوا
عداول او قضاة او موظفين عموميين.
ومن جهة اخرى،
 نص
 م
شروع
القانو ن
 على
عدد اثني عش ر
12(
 (شاهدا
المعمول به
حاليا، بالرغم مما يطرحه ذلك من
صعوبات عملية في حشد هذا العدد، ال
سيما
في ظل
التحاولت الديموغرافية العميقة التي
 ي
عرفها المغرب
فيما
يتعل ق
بتقلص االمتداد االسر ي 30
وتاثير الهجرة .فقد انخفض مؤشر الخصوبة بشكل ملحوظ من حوالي سبعة اطفال لكل امراة
في اوائل الستينيات الى1,97
طفل لكل امراة سنة2024، كما تراجعت نسبة السكان المقيمين بالعالم القروي من نحو71
في المائة الى37,2
في المائة خالل الفترة نفسه ا31، فاضل عن تاثير الهجرة نحو الخارج .
ويمكن
لهذه
 ا
لتحاولت
في
العديد من
المناطق،ا ل سيما في العالم ال ق
روي،
ان تحول دون تيسير
استيفاء العدد المطلوب من الشهود في عدد من الحاالت
 .
هذا،
واذا كان مشروع القانون رقم16.22
قد سعى الى الحد من بعض االشكاالت المتكررة والنزاعات المرتبطة بتراجع الشهود
عن شهاداتهم، وذلك من اخلل المقتضيات الواردة في المواد69
 و74
 و75، فانه لم يذهب الى حد اعتماد وسائل
حديثة، من
قبيل تسجيل الشهادة امام العدول بالصوت والصورة،
او تلقيها عن بعد عبر الوسائل الرقمية، مع ضمان التحقق من
هوية الشاهد واسلمة ارادته وحماية معطياته الشخصية
 .
من جهة اخرى،
من شان
تعميم نظام التحفيظ العقاري وتعميم ورقمنة
نظام
الحالة المدنية، الحد من اللجوء
 الى
شهادة
اللفيف كوسيلة اللثبات، واعتماد وسائل اثبات قانونية اكثر انسجاما مع االنظمة التشريعية الحديثة
  .
مجلس النواب، تقرير
لجنة العدل والتشريع وحقوق االنسان والحريات حول مشروع قانون رقم16.22
يتعلق بتنظيم مهنة العدول، ص96.
.
https://www.mcrpsc.gov.ma/PDF/PPL/Projets/N/3105/Representants/RAP_COM_1.pdf
انخفض معدل عدد افراد االسرة
الى3,9
 مقارنة
 مع2004
5,3)
)، المندوبية السامية للتخطيط،
االحصاء العام
للسكان والسكنى2024، مذكرة حول النتائج
الرئيسية، دجنبر2024
 ص9
 .
المندوبية السامية للتخطيط،
االحصاء العام للسكان والسكنى2024، مذكرة حول النتائج الرئيسية، دجنبر2024، ص7 .
.
الجريدة الرسميةعدد8 - 7511 ةجحلا وذ8  ذ)2) 8  8  ام))25 )25
4.4
غياب الية
ل
تدبير الودائع
تؤدي بعض المساطر المرتبطة بالعقود العدلية، من قبيل خطاب القاض ي واجراءات التسجيل وغيرها، الى تاخر استكمال
االجراءات بعد توقيع االطراف .
كما قد تبرز اكراهات اخرى تحول دون
اتمام االجراءات  واضفاء الطابع الرسمي على الوثيقة
املحررة، وهو ما قد ينعكس سلبا على حقوق المتعاقدين ومصالحهم، ال سيم ا عندما يتعلق االمر بالعقار واالصول التجارية .
اال ا ن
مشروع القانون رقم16.22
ال يتضمن مقتضيات صريحة تمكن العدول من الية مؤطرة وفعالة لتدبير الودائع،
و
تكفل ضمان حقوق االطراف،  وتمنع اي تصرف غير مشروع في االموال الى حين استكمال المساطر القانونية، وذلك
انسجاما مع توصيات الميثاق الوطني الاصلح منظومة
العدالة) التوصية
(
 . 32
5.4
 قضايا اخرى
تحتاج الى حسم تشريع ي
بين الورق ي و الرقمي
يتضح من اخلل بعض مقتضيات مشروع القانون رقم16.22
 وجود نوع من مال
راوحة
بين المقاربة التقليدية القائمة على
العمل اليدوي والدعامات الورقية، وبين توجه معلن نحو التحديث والرقمنة .فعلى سبيل المثال،
وفاضل عن الزام العدول
بمسك سجل على حامل ورقي او الكتروني لحفظ العقود والشهادات
وكناش الجيب او مذكرة الحفظ لتسجيل المعلومات
والمعطيات،
تلزم",Administratif,"Administratif=1, Fiscal=0, Social=0",Administratif,False
493,BO_7511_Ar,41,ar,"العدل باعداد تقرير سنوي يتضمن احصائيات العقود والشهادات المنجزة اخلل السنة،
وايداعه لدى المجلس الجهوي مقابل وصل داخل اجل محدد، كما تلزم رئيس المجلس الجهوي باعداد تقرير تركيبي مفص ل
النشطة العدول في الدائرة االستئنافي ة
واحالته على عدة جهات،
فاضل عن اعداد الهيئة الوطنية للعدول لتقرير سنوي
مماثل .
ان االمكانيات التكنولوجية التي تتيحها الرقمنة كفيلة بتمكين العدول وهيئاتهم التمثيلية، وطنيا وجهويا،  من
تجميع
المعطيات واالحصائيات بشكل فوري واني، دون الحاجة الى مساطر اعداد تقارير ورقية دورية
اضافية .ومن
ثم التساؤل
حول جدوى
االبقاء على اليات تقليدية للتجميع واالابلغ في سياق يفترض ان تتاسس فيه المنظومة الجديدة على التحول
الرقمي والنجاعة .
بين تعدد الرقابة على العدول ومتطلبات تحديث املهن ة
يكرس مشروع القانون رقم16.22
مقاربة تقييدي ة
في تدبير السلطة الرقابية على العدول، على اخلف التوجهات الحديثة
التي تعزز مبدا المسؤولية المهنية للعدل وتنسجم مع ارادة التحديث والرقمنة المعلن عنها بما تتيحه من اليات
لتعزيز
المسؤولية الفردية للعدول، وتبسيط المراقبة المهنية، وتحسين مؤشرات الشفافية .
وفي هذا السياق، ينص المشروع على تعدد مستويات المراقبة السنوية ملكاتب العدول، اذ يراقب قاض ي التوثيق مكاتب
العدول التابعين لدائرة نفوذه مرة واحدة في السنة على االقل)",Indéterminé,"Fiscal=0, Social=0, Administratif=0",Indéterminé,False
494,BO_7511_Ar,102,ar,"(، كما يخضع العدل ملراقبة المجلس الجهوي
للعدول مرة واحدة في السنة على االقل)",Indéterminé,"Fiscal=0, Social=0, Administratif=0",Indéterminé,False
495,BO_7511_Ar,103,ar,"(، فاضل عن اجراء تفتيش سنوي واحد على االقل من طرف الوكيل
العام للملك املختص او من ينتدبه لهذه الغاية)",Indéterminé,"Fiscal=0, Social=0, Administratif=0",Indéterminé,False
496,BO_7511_Ar,105,ar,")
وهذا فاضل عن مراقبة المصالح التابعة للسلطة الحكومية
المكلفة بالمالية
)المادة
(104، ولجان البحث والتفتيش التابعة للسلطة الحكومية المكلفة
بالعدل، التي يتم ايفادها بصفة
تلقائية او بناء على شكاية او تقرير
او معلومات)",Indéterminé,"Fiscal=0, Social=0, Administratif=0",Indéterminé,False
497,BO_7511_Ar,106,ar,")
الهيئة العليا للحوار الوطني حول ااصلح منظومة العدالة، ميثاق ااصلح منظومة العدالة، ص65.
.
سلطة
التاديب والتنظيم
الذاتي
.5
الرؤية والتوصيا ت
الفعالية والشفافية والنجاعة في االداء
 .
العمل، في المدى البعيد، على
التقائية
مهن التوثيق
 .
بناء على
هذه
الرؤي
ة
يوص
ي
املجلس
ب :
التوثيقية واالمن القانوني وحقوق المرتفقين
 .
المرجع الساب ق
الجريدة الرسمية2941
عدد8 - 7511 ةجحلا وذ8  ذ)2) 8  8  ام))25 )25
اخلفا
ملا
جاء في
توصيات الميثاق الوطني الاصلح منظومة
العدالة
)التوصية
 (، التي دعت الى احداث هيئة مختلطة
ذات طابع قضائي ونمهي للبت في المتابعات التاديبية
الخاصة بالمهن القضائية والقانونية، اسندت",Indéterminé,"Fiscal=0, Social=0, Administratif=0",Indéterminé,False
498,BO_7511_Ar,120,ar,"من مشروع
القانون رقم16.22
 هذا االختصاص الى غرفة المشورة بمحكمة االستئناف التي يقع مكتب العدل داخل دائرة نفوذها
 .
وهو
ما يفيد اعتماد تشكيل قضائي خالص دون تمثيل منهي ضمن الهيئة المق ررة
  .و
يمكن الطعن بالنقض وفق الشروط والقواعد
واالجال المنصوص عليها في قانون المسطرة المدنية، كما ان طعن الوكيل العام للملك يقدم دون محامي ويعفى من الرسوم
القضائية
)المادة
(، وهو ما
ال يوفر ل
لعدل كافة ضمانات املحاكمة العادلة
كما يكرسها الدستور) الفصل120
  .)
اناطلقا من
هذه القراءة التحليلية،
يرى املجلس ان االرتقاء بمنظومة التوثيق العدلي يمر عبر تعزيز استاقللية مهنة العدول
وترسيخ المسؤولية المهنية الفردية للعدل، بما يكرس الثقة في املحررات التي ينجزها ويرفع من جودة الخدمة المقدمة
للمواطنات والمواطنين .ويعتبر المجلس ان رافعة التكوين، اول سيما ال ت
كوين المستمر، تمثل مداخل اساسيا لتاهيل
الكفاءات ومواكبة التحاولت القانونية واالقتصادية والتكنولوجية، الى جانب التوظيف الواسع للرقمنة بما يضمن
كما يسجل املجلس ان المغرب
يتمي ز
 ب
وجود منظومتين متكاملتين للتوثيق، وهي
ازدواجية
ال يرى المجلس مانعا في استمراريتها
ما دامت تحتفظ
لك ل
منظومة
منهما بمجاالت اختصاص حصرية،
فاضل عن االختصاصات المشتركة،
  و
طمالا يسعى
هذا
التنظي م
المزدو ج
الى ان
يكفل للمواطن خدمة موثوقة وذات جودة، سواء لجا الى الموثق او الى العدل
  .و
يؤكد املجلس
في هذا
الصدد
على ضرورة ان تحرص
المنظومة التشريعية
والتنظيمية
على توفير شروط ممارسة مهنية الئقة للجميع، وصون
الوضع االعتباري
لكل
مهنة، وضمان قواعد المنا
فسة الشريفة والتكافؤ بين الفاعلين في املجال، دون
استبعاد امكانية
المحور االول :تعزيز
االثر التشريعي
والتعجيل باصدار
النصو ص
التطبيقية
.1
تفعيل المقتضيات القانونية الجاري بها العمل المتعلقة بارفاق التشريعات الجديدة والمراجعات القانونية
الهيكلية، كما
هو الش
 ا
ن بالنسبة ملشروع القانون رقم16.22،
بدراسة
اللث ر،
التي يمكن انجازها
عند اعداد
مشروع القانون او بعد ذلك،
بهدف
بلورة تشخيص شام ل
لواقع التوثيق العدلي،
يستند الى
معطيات رقمية
ومؤشرات دقيقة، مع تقييم
انعكاساتها المتوقعة على المستويات االقتصادية واالجتماعية والمؤسساتية والمالية،
واعتماد
 ال
تشاور
الممنه ج
  ومال
وسع
م ع
مختلف االطراف المعني ة،
وقياس
اثر التشريع الجديد
على جودة الخدمات
للمقتضيات
الجديدة
وتحقي ق
االهداف
المتوخاة
 منها .
المحور الثاني :تحسين االطار التنظيمي
وتاهيل الموارد البشرية
الدولية الحديثة في تنظيم مهن التوثيق
 .
الع
دالت
في تدبير شؤون المهنة وتطويرها
 .
للعدول ومواكبة
ال ت
طور المطرد
  ل
لمعااملت
المدنية، اول سيما في المجال
االقتصادي.
للعدول الجدد يستجيب
ل
لمعايير المهني
ة  و
الممارسات الحديثة للعمل
التوثيقي.
المحور ال
ثال ث
 :تسريع التحول الرقمي لمهنة العدول
بها، بما يوازن بين متطلبات الرقابة المهنية وحقوق االفراد في حماية
معطيات ه
م ا
لشخصية
  .
ومسؤوليته المهنية
 .
الجريدة الرسميةعدد8 - 7511 ةجحلا وذ8  ذ)2) 8  8  ام))25 )25
.2
  التعجيل، في
ضوء
نتائج
دراسة
واقع
التوثيق
العدلي،
باصدار
النصوص
التنظيمية
المحال
عليها
  في
مشرو ع
القانو ن
 رقم16.22
 المتعلق
بتنظيم
مهنة
العدول،
داخ ل
اجا ل
معقولة
ومحددة،
ال سيما
النصوص
المرتبطة
بالرقمنة،
والتكوين
االساس ي
والمستمر
للعدول،
والتامي ن
  عن
المسؤولية
المدنية،
  بما
يضمن
التنزيل
الفعلي
.3
تعزيز استاقللية العدول،
بصفة تدريجية
ومدروسة، بم ا
يفض ي الى االرتقاء بجودة الخدمات المقدمة للمواطنات
والمواطنين، في افق مراجعة الية خطاب القاض ي وتكريس مبدا الممارسة الفردية للمهنة .ومن شان هذا التوجه
ان يعزز المسؤولية المهنية للعدول، ويرفع من نجاعة التوثيق العدلي، ويحقق
االنسجام االمث ل
مع التوجهات
.4
 تعزيز تمثيلية النساء العدول داخل
االجهزة التنفيذي ة
للهيئة الوطنية والمجالس الجهوية
للعدول،
من اخلل
اعتماد تدابير تشريعية وتنظيمية تشجع ولوجهن الى الهيئات التمثيلية للمهنة وتضمن حضورا متوازنا داخلها،
وذلك في افق تحقيق مبدا المناصفة المنصوص عليه دستوريا، بما يسهم في ترسيخ المساواة وتثمين كفاءات النساء
.5
 مراجعة شروط الولوج الى مهنة العد
و ل، بما يقتصر على الحاصلين على شهادات علياا ل تقل عن مستوى الماستر
في تخصصات تضمن تكوينا
معمقا
في القانون او الشريعة، وذلك بهدف الرفع من مستوى التاهيل العلمي ومانلهي
.6
 ا
عتماد
استراتيجية
للتكوين المستمر
 و
وضع ب ر
امج ت
ستند الى نتائج
ال
دراسة
الشاملة لواقع
التوثيق العدلي، بهدف
تعزيز التاهيل المنهي والرفع من كفاءة العدول الممارسين، الى جانب اعداد تصور متكاملم لحتوى التكوين االساس ي
.7
تطوير منظومة رقمية متكاملة لدعم ومواكبة المراقبة المهنية للعمل التوثيقي للعدول، بما في ذلك اعتماد ادوات
الذكاء االصطناعي لتحليل المعطيات ورصد االخاتلالت المحتملة وتعزيز تتبع جودة االداء، وذلك في اطار مقاربة
وقائية ترتكز على تحسين النجاعة والشفافية .وينبغي
ان يتم ذلك مع التقيد الصارم بمقتضيات اسلمة وامن
االنظمة المعلوماتية، وضمان حماية المعطيات ذات الطابع الشخص ي، وفق المعايير القانونية والتنظيمية المعمول
.8
 ادماج تطبيقات الذكاء االصطناعي
كاداة داعمةم لمارسة مهنة العدول .ويهدف ذلك الى مساعدة العدول في تدقيق
الصياغة القانونية للعقود، وتيسير الولوج الى النصوص القانونية واالجتهادات القضائية املحينة، بما يساهم في
تحسين جودة الخدمات التوثيقية وتقليص اجال معالجة الملفات، مع الحفاظ على الدور المح و
ري للعدل
الجريدة الرسمية2943
عدد8 - 7511 ةجحلا وذ8  ذ)2) 8  8  ام))25 )25
.9
 االسراع ب
احداث
مال
نص ة
الرقمية المنصوص عليها في مشروع القانون، وذلك باعتما د
تقنية التوقيع االلكتروني
المؤمن واسلسل الكت ل
 (Blockchain)
بما يضمن
اسلمة الوثائق  و
عدم قابلي
تها ل
لاتلعب، مع توحيد المعايير
الوطنية واالنفتاح على الممارسات الدولية،
 و
انشاء
تخزين سيادي
للمعطيات
داخل البنية التحتية السحابية
الوطني ة
 )Cloud National( لتعزيز االمن التعاقدي وحماية حقوق المواطنين والمقااولت
 .
 .اعتماد رقمنة
شاملة الجراء خطاب القاض ي ولتدبير الاعلقة بين قاض ي التوثيق والعدول، من اخلل
المنصة
الرقمية المنصوص على احداثها، وذلك بما ي
تيح ايداع المحررات وتتبع مالها داخل اجال محددة،
 و
يعزز الشفافية
وسرعة المعالجة وتوحيد
مسارات االيداع والتاشير
  .
المحور
الرابع
 :تحديث
اليا ت
التوثيق
العدلي
وتعزيز االمن التعاقد ي
 .
مراجعة
كيفيات اداء شه
ادة اللفيف، بما يراعي التحاولت الديموغرافية واالجتماعية التي شهدها المغرب اخلل
العقود االخيرة، مع
اعتماد اليات حديثة لتلقي الشهادة، بما في ذلك التلقي عن بعد عبر وسائل رقمية موثوقة
ومؤمنة،
 و
ضمان التحقق من هوية الشهود واسلمة ارادتهم وحماية معطياتهم الشخصية .
 .التنصيص صراحة في
مشروع
القانون على قبول شهادة المراة ضمن اللفيف، تكريسا ملبدا المساواة وتفاديا الي
تاوايلت او ممارسات متباينة في التطبيق
 .
 .اقرار الية واضحة ومؤطرة قانونا،
تمكن العدل من الطعن او استئناف قرار االمتناع عن الخطا ب
من قبل قاض ي
التوثيق، داخل اجال معقولة وبمسطرة مبسطة
 .
 .تمكين العدل م",Administratif,"Administratif=2, Environnement=2, Pénal=1",Administratif,True
499,BO_7513_Ar,2,ar,الجل تطبيق مقتضيات الفقرة االولى من,Indéterminé,"Fiscal=0, Social=0, Administratif=0",Indéterminé,False
500,BO_7513_Ar,81,ar,"من القانون
التنظيمي رقم 100.13 السالف الذكر، يتم االاعلن عن فتح باب
الترشيح لشغل مهام قاعضي االتصال بقرار للرئيس المنتدب للمجلس،
رئيس الحكومة،
بناء على القانون التنظيمي رقم 100.13 المتعلق بالمجلس االعلى
يتضمن ما يلي:
للسلطة القضائية، الصادر بتنفيذه الظهير الشريف رقم 1.16.40
بتاريخ 14 من جمادى االخرة 1437 (24 مارس 2016)، كما وقع
-الشروط والكفاءات المهنية المطلوبة لتولي هذه المهمة؛
تغييره وتتميمه، اول سيما",Indéterminé,"Fiscal=0, Social=0, Administratif=0",Indéterminé,False
501,BO_7513_Ar,81,ar,"منه؛
-تاريخ ومكان اجراء مقابلة االنتقاء؛
وعلى القانون التنظيمي رقم 106.13 المتعلق بالنظام االسا؟سي
-اجل ايداع الترشيحات الذي يجب اال تقل مدته عن خمسة عشر
(15)يوما قبل تاريخ اجراء مقابلة االنتقاء؛
للقضاة، الصادر بتنفيذه الظهير الشريف رقم 1.16.41 بتاريخ 14 من
جمادى االخرة 1437 (24 مارس 2016) كما وقع تغييره وتتميمه،
-الجهة المختصة بتلقي الترشيحات؛
اول سيما المواد من 79 الى 85 منه؛
-محتويات ملف الترشيح.
وعلى المرسوم رقم 2.04.534 الصادر في 16 من ذي القعدة 1425
ينشر هذا القرار بالموقع االلكتروني للمجلس االعلى للسلطة
القضائية.
(29 ديسمبر 2004) بشان النظام االسا؟سي الخاص بموظفي وزارة
الشؤون الخارجية والتعاون، كما وقع تغييره وتتميمه؛",Indéterminé,"Fiscal=0, Social=0, Administratif=0",Indéterminé,False
502,BO_7513_Ar,3,ar,طبقا ملقتضيات الفقرة االولى من,Indéterminé,"Fiscal=0, Social=0, Administratif=0",Indéterminé,False
503,BO_7513_Ar,81,ar,"من القانون التنظيمي
رقم 100.13 السالف الذكر، تتالف لجنة انتقاء المترشحين لشغل
مهام قاعضي االتصال من ممثل عن كل من المجلس االعلى للسلطة
وباقتراح من وزير العدل ووزير الشؤون الخارجية والتعاون
االفريقي والمغاربة المقيمين بالخارج؛
وبعد استاطلع راي المجلس االعلى للسلطة القضائية ورئاسة
القضائية والوزارة المكلفة بالعدل ورئاسة النيابة العامة .
النيابة العامة؛
يتولى كل من وزير العدل ورئيس النيابة العامة تعيين ممثل عنه
في لجنة االنتقاء.
وبعد المداولة في مجلس الحكومة المنعقد بتاريخ 5 ذي القعدة 1447
(23 ابريل 2026)،
يعين الرئيس المنتدب للمجلس مماثل عنه في اللجنة المذكورة
بصفته رئيسا.
رسم ما يلي:",Fiscal,"Fiscal=1, Social=0, Administratif=0",Fiscal,False
504,BO_7513_Ar,4,ar,"المادة االولى
تتولى لجنة االنتقاء المشار اليها في",Indéterminé,"Fiscal=0, Social=0, Administratif=0",Indéterminé,False
505,BO_7513_Ar,3,ar,"ااعله، دراسة ملفات
المترشحين وحصر الئحة المقبولين منهم بعد مراقبة استيفائهم
للشروط والكفاءات المهنية المطلوبة لشغل مهام قاعضي االتصال،
تطبيقا ملقتضيات",Indéterminé,"Fiscal=0, Social=0, Administratif=0",Indéterminé,False
506,BO_7513_Ar,81,ar,"من القانون التنظيمي رقم 100.13
المتعلق بالمجلس االعلى للسلطة القضائية المشار اليه ااعله، يحՔ دد
هذا المرسوم مهام قضاة االتصال ومسطرة انتقائهم وتعيينهم .
وكذا اجراء مقاابلت معهم .
يشار في هذا المرسوم الى الرئيس المنتدب للمجلس االعلى للسلطة
يتعين على اللجنة المذكورة، عند دراسة الترشيحات المقدمة واجراء
القضائية بعبارة« الرئيس المنتدب للمجلس.»
المقاابلت، ان تراعي مبادئ تكافؤ الفرص والكفاءة واالستحقاق.",Indéterminé,"Fiscal=0, Social=0, Administratif=0",Indéterminé,False
507,BO_7513_Ar,5,ar,"يقՔ دم كل مترشح عرضا امام لجنة االنتقاء، يتضمن تصوره
حول كيفية اضاطلعه بالمهام التي يتطلبها المنصب موضوع الترشيح،
وبرنامج عمله لتعزيز اعلقات التعاون القضائي وكذا التقني واالداري
بين المملكة المغربية وبلد االعتماد في المجاالت التي تهم العدالة.",Indéterminé,"Fiscal=0, Social=0, Administratif=0",Indéterminé,False
508,BO_7513_Ar,6,ar,"الوزارة.
تحصر لجنة االنتقاء، بعد اجراء المقابلة، قائمة باسماء اثلثة
مترشحين على االكثر مرتبين حسب االستحقاق، لتولي مهام قاعضي
االتصال، وتعد تقريرا يتضمن على الخصوص ما يلي:
-عدد الترشيحات التي تلقتها؛
-نتائج دراسة ملفات المترشحين؛
-عدد المترشحين الذين تم قبولهما لجراء المقابلة؛
-نتائج المقاابلت؛
-اسماء المترشحين المقترحين من قبل اللجنة لتولي مهام قاعضي
االتصال مرتبين حسب االستحقاق.
توجه اللجنة التقرير المذكور الى الرئيس المنتدب للمجلس ويحتفظ
كل عضو من اعضائها بنظير منه.",Indéterminé,"Fiscal=0, Social=0, Administratif=0",Indéterminé,False
509,BO_7513_Ar,7,ar,"اذا لم يتقدم اي مترشح لتولي المنصب المتبارى بشانه، او اذا لم
يستوف المترشحون الشروط والكفاءات المهنية المحددة في قرار
الرئيس المنتدب للمجلس المشار اليه في",Indéterminé,"Fiscal=0, Social=0, Administratif=0",Indéterminé,False
510,BO_7513_Ar,2,ar,"ااعله، او في حالة
عدم اقتراح اي مترشح من قبل لجنة االنتقاء، يتولى الرئيس المنتدب
للمجلس اقتراح قاض تتوفر فيه الشروط المحددة في القرار السالف
الذكر، مع مراعاة الكفاءة واالستحقاق والخبرة والتجربة والقدرة
على االضاطلع بالمهام التي يتطلبها المنصب المعلن عنه.",Indéterminé,"Fiscal=0, Social=0, Administratif=0",Indéterminé,False
511,BO_7513_Ar,8,ar,"المعنية.
تطبيقام لقتضيات الفقرة االولى من",Indéterminé,"Fiscal=0, Social=0, Administratif=0",Indéterminé,False
512,BO_7513_Ar,81,ar,"من القانون التنظيمي
رقم 100.13 السالف الذكر، يعين قاضيا اللتصال، احد المترشحين
الواردة اسماؤهم بالقائمة المنصوص عليها في الفقرة االولى من",Indéterminé,"Fiscal=0, Social=0, Administratif=0",Indéterminé,False
513,BO_7513_Ar,6,ar,"من هذا المرسوم، او القاعضي المقترح من قبل الرئيس المنتدب للمجلس
في احدى الحاالت المنصوص عليها في",Indéterminé,"Fiscal=0, Social=0, Administratif=0",Indéterminé,False
514,BO_7513_Ar,7,ar,"ااعله، حسب الحالة،
وذلك بموجب قرار مشترك للرئيس المنتدب للمجلس والوزير المكلف
بشان:
تنفيذها؛
بالعدل والوزير المكلف بالشؤون الخارجية والتعاون.
الجريدة الرسمية3119
عدد15 - 7513 جحلا وذ   15 15    وينوي  حتاف)تاف ))",Indéterminé,"Fiscal=0, Social=0, Administratif=0",Indéterminé,False
515,BO_7513_Ar,9,ar,"تحدد مدة تعيين قاعضي االتصال في اربع سنوات، ويمكن تمديد
هذه المدة لسنة واحدة قابلة للتجديد اثلث مرات كحد اقظصى،
ويلحق، اخلل المدة المذكورة، لدى الوزارة المكلفة بالشؤون الخارجية
والتعاون للعمل راسا بالبعثة الدبلوماسية المعين بها، وذلك اخلفا
للمدة المحددة في مقتضيات النظام االسا؟سي الخاص بموظفي هذه
غير انه يمكن وضع حد لتعيين قاعضي االتصال قبل انقضاء المدة
المحددة ااعله، وفق نفس الكيفية المنصوص عليها في",Indéterminé,"Fiscal=0, Social=0, Administratif=0",Indéterminé,False
516,BO_7513_Ar,8,ar,"ااعله.
الباب الثاني
مهام قاعضي االتصال",Indéterminé,"Fiscal=0, Social=0, Administratif=0",Indéterminé,False
517,BO_7513_Ar,10,ar,"يعهد الى قاعضي االتصال، بتنسيق مع رئيس البعثة الدبلوماسية،
ومع مراعاة النصوص التشريعية والتنظيمية الجاري بها العمل،
تعزيز التعاون القضائي بين المملكة المغربية وبلد االعتماد في المواد
المدنية والتجارية واالدارية واالسرية والجنائية، وتعزيز التعاون
االداري والتقني، وكذا تقديم المشورة للبعثة الدبلوماسية والمراكز
القنصلية للمملكة المغربية لدى بلد االعتماد في المسائل القانونية
والقضائية ذات الصلة بمجاالت مهامه، وذلك بما يتوافق مع
االتفاقيات الدولية ذات الصلة وكذا احكام هذا المرسوم.
الفرع االول
تتبع تنفيذ اجراءات التعاون القضائي",Indéterminé,"Fiscal=0, Social=0, Administratif=0",Indéterminé,False
518,BO_7513_Ar,11,ar,"يتولى قاعضي االتصال تتبع تنفيذ اجراءات التعاون القضائي في
المواد المدنية والتجارية واالدارية واالسرية بين المملكة المغربية وبلد
االعتماد، والمساهمة في تسريع وتيرتها مع السلطات المعتمد لديها، في
احترام لقوانين البلدين، وبتنسيق مع رؤساء البعثات الدبلوماسية
ولهذه الغاية، يقوم على الخصوص بتتبع طلبات التعاون القضائي
الموجهة من السلطات القضائية املغربية الى نظيرتها في بلد االعتماد
-تتبع االعتراف المتبادل باالحكام والعقود المدنية وتيسير سبل
-تتبع تنفيذ االنابات القضائية المدنية وتسريع وتيرتها؛
-تتبع تنفيذ طلبات تبليغ الطيات القضائية؛
-التنسيق في حاالت الزواج المختلط، والمساهمة في تذليل الصعوبات
وايجاد حلول اللشكاليات المثارة بشان ذلك؛
-استرجاع االطفال وممارسة حقي الزيارة والحضانة بالخارج؛
-استيفاء النفقة بالخارج؛
-المساعدة القضائية والقانونية بالخارج؛
-تصفية التركات المتعلقة بالمغاربة المتوفين بالخارج؛
-الجوانب المدنية اللختطاف الدولي اللطفال.",Indéterminé,"Fiscal=0, Social=0, Administratif=0",Indéterminé,False
519,BO_7513_Ar,12,ar,"يتولى قاعضي االتصال تتبع تنفيذ اجراءات التعاون القضائي في
المادة الجنائية بين المملكة المغربية وبلد االعتماد، وابداء الراي بشان
الصعوبات المثارة بشانها، والمساهمة في تسريع وتيرتها مع السلطات
المعتمد لديها، في احترام لقوانين البلدين، وبتنسيق مع رؤساء البعثات
الدبلوماسية المعنية .
ولهذه الغاية، يقوم على الخصوص بتتبع القضايا التالية:
-ملفات تسليم االشخاص المشتبه فيهم او المتابعين او المحكوم
عليهم؛
-ملفات ترحيل ونقل المحكوم عليهم من او الى المملكة المغربية وبلد
االعتماد؛
-الشكايات الرسمية امام السلطات القضائية؛
-تنفيذ االنابات القضائية الجنائية؛
-تبليغ الطيات القضائية الجنائية؛
-تنفيذ االجراءات الجنائية بشان االختطاف الدولي اللطفال.",Indéterminé,"Fiscal=0, Social=0, Administratif=0",Indéterminé,False
520,BO_7513_Ar,13,ar,"يساهم قاعضي االتصال في التحضيرا لجتماعات اللجان االستشارية
المختلطة في المواد المدنية والتجارية واالدارية واالسرية والجنائية،
المحدثة بين المملكة المغربية وبلد االعتماد بتنسيق مع رئيس البعثة
الدبلوماسية المعنية، ويعمل على موافاة الجهات المختصة بالمواضيع
والملفات المقترح ادراجها ضمن جدول اعمال هذه اللجان، ويقترح
الحلول مااللئمة للقضايا المعروضة عليها، ويحضر اجتماعات تلك
اللجان.
الجريدة الرسميةعدد15 - 7513 جحلا وذ   15 15    وينوي  حتاف)تاف))",Indéterminé,"Fiscal=0, Social=0, Administratif=0",Indéterminé,False
521,BO_7513_Ar,14,ar,"يعمل قاعضي االتصال على تتبع وتسهيل تنفيذ اتفاقيات التعاون
الثنائي التي تربط المملكة المغربية وبلد االعتماد في المواد المدنية
والتجارية واالدارية واالسرية والجنائية، كما يعمل على اقتراح
الصيغ المناسبة لتفعيل مقتضياتها، وعند االقتضاء، اقتراح تحيينها
واملءمتها مع المستجدات القانونية والقضائية على الصعيدين الوطني
والدولي بتنسيق مع رؤساء البعثات الدبلوماسية المعنية.
الفرع الثاني
تتبع تنفيذ برامج التعاون االداري والتقني",Indéterminé,"Fiscal=0, Social=0, Administratif=0",Indéterminé,False
522,BO_7513_Ar,15,ar,"يساهم قاعضي االتصال في تفعيل اتفاقيات التعاون االداري
والتقني المبرمة بين المملكة المغربية وبلد االعتماد، التي تهم المجلس
االعلى للسلطة القضائية والوزارة المكلفة بالعدل ورئاسة النيابة
العامة .ولهذه الغاية، يتولى على الخصوص، تتبع وتسهيل تنفيذ برامج
التعاون التي تشتمل عليها هذه االتفاقيات.",Indéterminé,"Fiscal=0, Social=0, Administratif=0",Indéterminé,False
523,BO_7513_Ar,16,ar,"اعلوة على المهام المسندة اليه بموجب مقتضيات مواد هذا الباب،
يضطلع قاعضي االتصال بما يلي:
-تقديم مقترحات ملشاريع جديدة التفاقيات او مذكرات تفاهم في
مجال العدالة والتعاون القضائي او التقني، او من اجل تحيين
القائمة منها؛
-المساهمة في وضع ادلئل اجرائية وموحدة لتيسير التعاون القضائي
الدولي؛
-العمل على تيسير االستفادة من التجارب والممارسات الفضلى
ببلد االعتماد في المجاالت القانونية والقضائية .ولهذه الغاية،
يعمل على اشعار المجلس االعلى للسلطة القضائية ووزارة العدل
ورئاسة النيابة العامة بالمستجدات التشريعية والمؤسساتية التي
تهم منظومة العدالة وكذا باالجتهادات القضائية المتميزة الصادرة
عن السلطات القضائية، ال سيما تلك المرتبطة بتطبيق احكام
االتفاقيات الثنائية، واالتفاقيات متعددة االطراف؛
-العمل على تعزيز التواصل بين المؤسسات القضائية والقانونية
في كل من المملكة المغربية وبلد االعتماد، اول سيما معاهد تكوين
القضاة والموظفين والمهن القانونية والقضائية.
الجريدة الرسمية3121
عدد15 - 7513 جحلا وذ   15 15    وينوي  حتاف)تاف ))",Indéterminé,"Fiscal=0, Social=0, Administratif=0",Indéterminé,False
525,BO_7513_Ar,20,ar,"يقوم قاعضي االتصال باابلغ رئيس البعثة الدبلوماسية ببلد
االعتماد بانشطته، كما يوافيه بتقارير عن ظروف التعاون
من اجل القيام بالمهام المسندة اليه بموجب احكام هذا المرسوم،
وطبقا للفقرة الثالثة من",Indéterminé,"Fiscal=0, Social=0, Administratif=0",Indéterminé,False
526,BO_7513_Ar,81,ar,"من القانون التنظيمي رقم 100.13
السالف الذكر، تضع الوزارة المكلفة بالشؤون الخارجية والتعاون
رهن اشارة قاعضي االتصال المقر، ويستعين في ممارسة مهامه باالطر
االدارية التابعة لهذه الوزارة .وترصد االعتمادات المالية االخرى
واالشكاليات المطروحة بشانه كلما اقتغضى االمر ذلك.",Indéterminé,"Fiscal=0, Social=0, Administratif=0",Indéterminé,False
527,BO_7513_Ar,21,ar,"يوՔج ه قاعضي االتصال للرئيس المنتدب للمجلس تقريرا سنويا عن
حصيلة نشاطه برسم السنة المنتهية، ومشاريع عمله المبرمجة برسم
السنة الموالية، وعن ظروف تنفيذ اتفاقيات التعاون القضائي وكذا
اتفاقيات التعاون التقني واالداري، واقتراحاته بشان ذلك، قبل متم
المتعلقة بمهامه ضمن ميزانية المجلس االعلى للسلطة القضائية.
الباب الثالث
شهر يناير من السنة الموالية.
مقتضيات مختلفة
يحيل الرئيس المنتدب للمجلس نسخة من التقرير الى كل من",Indéterminé,"Fiscal=0, Social=0, Administratif=0",Indéterminé,False
528,BO_7513_Ar,18,ar,"الوزير المكلف بالعدل ورئيس النيابة العامة .
يمكن للمجلس االعلى للسلطة القضائية او الوزارة المكلفة بالعدل
او رئاسة النيابة العامة دعوة قاعضي االتصال لحضور اجتماع او
القيام بمهمة او المشاركة في االنشطة واللقاءات العلمية المنظمة
بالمغرب او بالخارج، وذلك في اطار االختصاصات المسندة اليه
يوجه قاعضي االتصال الى كل من المجلس االعلى للسلطة القضائية
ووزارة العدل ورئاسة النيابة العامة تقارير عن المهام التي كلف بها من
قبل الجهات المذكورة.",Indéterminé,"Fiscal=0, Social=0, Administratif=0",Indéterminé,False
529,BO_7513_Ar,22,ar,"بموجب احكام هذا المرسوم .
ينشر هذا المرسوم في الجريدة الرسمية.
تتحمل الجهة الداعية نفقات تنقل واقامة قاعضي االتصال.
وحرر بالرباط في 26 من ذي القعدة 1447 (14 ماي 2026)
كل تنقل لقاعضي االتصال في اطار تطبيق هذه المادة، يستلزم اذنا
من رئيس البعثة الدبلوماسية للمملكة لدى بلد االعتماد مع اشعار
االمضاء :  عزيز اخنوش.
وقعه بالعطف:
يوجهه قاعضي االتصال الى المجلس االعلى للسلطة القضائية.
وزير العدل،",Indéterminé,"Fiscal=0, Social=0, Administratif=0",Indéterminé,False
530,BO_7513_Ar,19,ar,"االمضاء : عبد اللطيف وهبي.
يمكن لقاعضي االتصال المشاركة في االنشطة واللقاءات العلمية
ذات الصلة بمجال اختصاصه المنظمة ببلد االعتماد، وذلك بعد
وزير الشؤون الخارجية والتعاون االفريقي
والمغاربة المقيمين بالخارج،
موافقة رئيس البعثة الدبلوماسية التي ينتمي اليها.
االمضاء :  ناصر بوريطة.
الجريدة الرسميةعدد15 - 7513 جحلا وذ   15 15    وينوي  حتاف)تاف))
نصوص خاصة
مرسوم رقم 2.26.186 صادر في 26 من ذي القعدة 1447 (14 ماي 2026) بااعلن ان المنفعة العامة تقغضي بتثنية الطريق االقليمية
رقم 6015  من ن.ك رقم 11+000 الى ن.ك رقم 12+850 وبنزع ملكية القطع االرضية االلزمة لهذا الغرض بجماعة فزوان
باقليم بركان.
رئيس الحكومة،
بناء على القانون رقم 7.81 المتعلق بنزع الملكية الجل المنفعة العامة وباالحاتلل المؤقت الصادر بتنفيذه الظهير الشريف
رقم 1.81.254 بتاريخ 11 من رجب 1402 (6 ماي 1982)؛
وعلى المرسوم رقم 2.82.382 الصادر في 2 رجب 1403 (16 ابريل 1983) بتطبيق القانون رقم 7.81 المشار اليه ااعله؛
وبعد االاطلع على البحث االداري المباشر من 12 فبراير الى 14 ابريل 2025 بمكاتب جماعة فزوان باقليم بركان؛
وباقتراح من وزير التجهيز والماء وبعد استشارة وزير الداخلية،
رسم ما يلي:
المادة االولى
يعلن ان المنفعة العامة تقغضي بتثنية الطريق االقليمية رقم 6015 من ن.ك رقم 11+000 الى ن.ك رقم 12+850 وبنزع ملكية
القطع االرضية االلزمة لهذا الغرض بجماعة فزوان باقليم بركان.",Civil,"Civil=2, Fiscal=1, Administratif=1",Civil,False
531,BO_7513_Ar,الثانية,ar,"تنزع بناء على ما ذكر ملكية القطع االرضية المبينة في الجدول اسفله والمعلم عليها في التصاميم التجزيئية ذات المقياس
1/1000ماللحقة باصل هذا المرسوم:
الجريدة الرسمية3123
عدد15 - 7513 جحلا وذ   15 15    وينوي  حتاف)تاف))
المساحة
مراجعها العقاريةاسماء مااللك او المفترض انهم كذلك
ارقام القطع
املحظات
بالمتر
المربع
االرضية
المادة الثالثة -. يسند تنفيذ هذا المرسوم، الذي ينشر بالجريدة الرسمية، الى وزير التجهيز والماء.
وحرر بالرباط في 26 من ذي القعدة 1447 (14 ماي 2026)
االمضاء : عزيز اخنوش.
وقعه بالعطف:
وزير التجهيز والماء،
االمضاء : نزار بركة.
الجريدة الرسميةعدد15 - 7513 جحلا وذ   15 15    وينوي  حتاف)تاف))
مرسوم رقم 2.26.316 صادر في 26 من ذي القعدة 1447 (14 ماي 2026) بااعلن ان المنفعة العامة تقغضي بتزويد جماعتي
قلعة السراغنة والعطاوية والجماعات المجاورة بالماء الصالح للشرب اناطلقا من القناة المدارية وبنزع ملكية القطع
االرضية االلزمة لهذا الغرض باقليم قلعة السراغنة.
رئيس الحكومة،
بناء على القانون رقم 7.81 المتعلق بنزع الملكية الجل المنفعة العامة وباالحاتلل المؤقت الصادر بتنفيذه الظهير الشريف
رقم 1.81.254 بتاريخ 11 من رجب 1402 (6 ماي 1982)؛
وعلى القانون رقم 40.09 المتعلق بالمكتب الوطني للكهرباء والماء الصالح للشرب الصادر بتنفيذه الظهير الشريف
رقم 1.11.160 بتاريخ فاتح ذي القعدة 1432 (29 سبتمبر 2011)، كما وقع تغييره وتتميمه؛
وعلى المرسوم رقم 2.82.382 الصادر في 2 رجب 1403 (16 ابريل 1983) بتطبيق القانون رقم 7.81 المشار اليه ااعله؛
وبعد االاطلع على ملف البحث االداري المباشر من 10 يوليو الى 9 سبتمبر 2024 بمكاتب جماعة اجبيل باقليم
قلعة السراغنة؛
وباقتراح من وزير التجهيز والماء وبعد استشارة وزير الداخلية،
رسم ما يلي:
المادة االولى
يعلن ان المنفعة العامة تقغضي بتزويد جماعتي قلعة السراغنة والعطاوية والجماعات المجاورة بالماء الصالح للشرب
اناطلقا من القناة المدارية.",Civil,"Civil=2, Fiscal=1, Administratif=1",Civil,False
532,BO_7513_Ar,الثانية,ar,"تنزع بناء على ما ذكر، ملكية القطع االرضية، المبينة في الجدول اسفله والمعلم عليها بالون مختلفة في التصاميم التجزيئية
من 15/21 الى 21/21 ذات المقياس 1/1000 الملحقة باصل هذا المرسوم:
الجريدة الرسمية3125
عدد15 - 7513 جحلا وذ   15 15    وينوي  حتاف)تاف))
المرجع العقاري
اسم وعنوان مااللك او المفترض انهم مااللك
رقم القطعة
الجريدة الرسميةعدد15 - 7513 جحلا وذ   15 15    وينوي  حتاف)تاف))
المادة الثالثة - .يفوض حق نزع الملكية الى المدير العام للمكتب الوطني للكهرباء والماء الصالح للشرب.
المادة الرابعة - .يسند تنفيذ هذا المرسوم، الذي ينشر بالجريدة الرسمية، الى وزير التجهيز والماء والمدير العام للمكتب
الوطني للكهرباء والماء الصالح للشرب، كل واحد منهما فيما يخصه.
وحرر بالرباط في 26 من ذي القعدة 1447 (14 ماي 2026)
االمضاء : عزيز اخنوش.
وقعه بالعطف:
وزير التجهيز والماء،
االمضاء : نزار بركة.
مرسوم رقم 2.26.317 صادر في 26 من ذي القعدة 1447 (14 ماي 2026)
بااعلن ان المنفعة العامة تقغضي بتزويد جماعتي قلعة السراغنة
والعطاوية والمراكز والدواوير المجاورة بالماء الصالح للشرب
اناطلقا من القناة المدارية وبنزع ملكية القطعة االرضية االلزمة",Civil,"Civil=2, Fiscal=0, Social=0",Civil,False
533,BO_7513_Ar,الثانية,ar,"تنزع بناء على ما ذكر ملكية القطعة االرضية االلزمة لهذا الغرض،
المبينة في الجدول اسفله والمعلم عليها بلون مختلف في التصميم التجزيئي
لهذا الغرض باقليم قلعة السراغنة.
رقم 21/21 ذي المقياس 1/1000 الملحق باصل هذا المرسوم:
االرضية
المرجع العقاري
اسم وعنوان مااللك او المفترض انهم مااللك
مساحتها
رئيس الحكومة،
رقم القطعة
االسم
العنوان
س
ار
ه
بناء على القانون رقم 7.81 المتعلق بنزع الملكيةا لجل المنفعة العامة
وباالحاتلل المؤقت الصادر بتنفيذه الظهير الشريف رقم 1.81.254
128التحديد االداري
AP3/200
اراعضي الجموع
ااولد مبارك
جماعة قلعة السراغنة
اقليم قلعة السراغنة
بتاريخ 11 من رجب 1402 (6 ماي 1982)؛
المادة الثالثة
وعلى القانون رقم 40.09 المتعلق بالمكتب الوطني للكهرباء والماء
الصالح للشرب الصادر بتنفيذه الظهير الشريف رقم 1.11.160
بتاريخ فاتح ذي القعدة 1432 (29 سبتمبر 2011)، كما وقع تغييره
يفوض حق نزع الملكية الى المدير العام للمكتب الوطني للكهرباء
والماء الصالح للشرب.
وتتميمه؛
المادة الرابعة
وعلى المرسوم رقم 2.82.382 الصادر في 2 رجب 1403
(16 ابريل 1983) بتطبيق القانون رقم 7.81 المشار اليه ااعله؛
يسند تنفيذ هذا المرسوم، الذي ينشر بالجريدة الرسمية، الى
وبعد االاطلع على ملف البحث االداري المباشر من 5 يوليو
الى 5 سبتمبر 2023 بمكاتب جماعة قلعة السراغنة باقليم قلعة
وزير التجهيز والماء والمدير العام للمكتب الوطني للكهرباء والماء
الصالح للشرب، كل واحد منهما فيما يخصه.
السراغنة؛
وحرر بالرباط في 26 من ذي القعدة 1447 (14 ماي 2026)
وباقتراح من وزير التجهيز والماء وبعد استشارة وزير الداخلية،
االمضاء : عزيز اخنوش.
رسم ما يلي:
المادة االولى
وقعه بالعطف:
يعلن ان المنفعة العامة تقغضي بتزويد جماعتي قلعة السراغنة
والعطاوية والمراكز والدواوير المجاورة بالماء الصالح للشرب اناطلقا
وزير التجهيز والماء،
من القناة المدارية.
االمضاء : نزار بركة.
الرشيدية.
رئيس الحكومة،
رسم ما يلي:
رقم
القطعة
مطلب عدد
14 /38647
وقعه بالعطف:
وزير التجهيز والماء،
االمضاء : نزار بركة.
الجريدة الرسمية3127
عدد15 - 7513 جحلا وذ   15 15    وينوي  حتاف)تاف))
مرسوم رقم 2.26.333 صادر في 26 من ذي القعدة 1447 (14 ماي 2026) بااعلن ان المنفعة العامة تقغضي بتقوية تزويد
جماعة الرشيدية بالماء الصالح للشرب وبنزع ملكية القطعتين االرضيتين االلزمتين لهذا الغرض بجماعة الخنك باقليم
بناء على القانون رقم 7.81 المتعلق بنزع الملكية الجل المنفعة العامة وباالحاتلل المؤقت، الصادر بتنفيذه الظهير الشريف
رقم 1.81.254 بتاريخ 11 من رجب 1402 (6 ماي 1982)؛
وعلى القانون رقم 40.09 المتعلق بالمكتب الوطني للكهرباء والماء الصالح للشرب، الصادر بتنفيذه الظهير الشريف رقم 1.11.160
بتاريخ فاتح ذي القعدة 1432 (29 سبتمبر 2011) كما وقع تغييره وتتميمه؛
وعلى المرسوم رقم 2.82.382 الصادر في 2 رجب 1403 (16 ابريل 1983) بتطبيق القانون رقم 7.81 المشار اليه ااعله؛
وبعد االاطلع على ملف البحث االداري المباشر من 7 سبتمبر الى 7 نوفمبر 2022 بمكاتب جماعة الخنك باقليم الرشيدية؛
وباقتراح من وزير التجهيز والماء وبعد استشارة وزير الداخلية،
المادة االولى
يعلن ان المنفعة العامة تقغضي بتقوية تزويد جماعة الرشيدية بالماء الصالح للشرب باقليم الرشيدية.",Administratif,"Administratif=5, Fiscal=2, Civil=2",Administratif,False
534,BO_7513_Ar,الثانية,ar,"تنزع بناء على ما ذكر ملكية القطعتين االرضيتين االلزمتين لهذا الغرض، الكائنتين بجماعة الخنك باقليم الرشيدية، المبينتين
في الجدول اسفله والمعلم عليهما بلون مختلف في التصميم التجزيئي رقم 1/1 ذي المقياس 1/1000 الملحق باصل هذا المرسوم:
المساحة
اسم المالك او المفترض انه كذلك
وعنوانه
المرجع العقاري
املحظات
االرضية
ه
ار
س
العنوان
االسم
مطلب موضوع تعرض جزئي الصادر عن
جماعة الخنك
اقليم الرشيدية
الجماعة الاسللية
مندوب ااملك الدولة بالرشيدية لفائدة
اليت ازدك الخنك
الدولة المغربية
المادة الثالثة -. يفوض حق نزع الملكية الى المدير العام للمكتب الوطني للكهرباء والماء الصالح للشرب.
المادة الرابعة -. يسند تنفيذ هذا المرسوم، الذي ينشر بالجريدة الرسمية، الى وزير التجهيز والماء والمدير العام للمكتب
الوطني للكهرباء والماء الصالح للشرب، كل واحد منهما في ما يخصه.
وحرر بالرباط في 26 من ذي القعدة 1447  (14 ماي 2026)
االمضاء : عزيز اخنوش.
رئيس الحكومة،
الخميسات؛
رسم ما يلي:
الجريدة الرسميةعدد15 - 7513 جحلا وذ   15 15    وينوي  حتاف)تاف))
مرسوم رقم 2.26.136 صادر في 4 ذي  الحجة 1447 (21 ماي 2026) بااعلن ان المنفعة العامة تقغضي ببناء مركز التحويل من
فئة 60/225 ك.ف بجماعة سيدي الغندور باقليم الخميسات من طرف المكتب الوطني للكهرباء والماء الصالح للشرب
وبنزع ملكية القطع االرضية االلزمة لهذا الغرض.
بناء على القانون رقم 7.81 المتعلق بنزع الملكية الجل المنفعة العامة وباالحاتلل المؤقت الصادر بتنفيذه الظهير الشريف
رقم 1.81.254 بتاريخ 11 من رجب 1402 (6 ماي 1982)؛
وعلى المرسوم رقم 2.82.382 الصادر في 2 رجب 1403 (16 ابريل 1983) بتطبيق القانون رقم 7.81 المشار اليه ااعله؛
وبعد االاطلع على ملف البحث االداري المباشر من 5 فبراير الى 5 ابريل 2025 بمكاتب جماعة سيدي الغندور باقليم
وباقتراح من وزيرة االنتقال الطاقي والتنمية المستدامة وبعد استشارة وزير الداخلية،
المادة االولى
يعلن ان المنفعة العامة تقغضي ببناء مركز التحويل من فئة 60/225 ك.ف بجماعة سيدي الغندور باقليم الخميسات.",Administratif,"Administratif=2, Civil=2, Fiscal=1",Administratif,False
535,BO_7513_Ar,الثانية,ar,"تنزع بناء على ما ذكر، ملكية القطع االرضية االلزمة لهذا الغرض، المبينة في الجدول اسفله والمعلم عليها بلون احمر في
التصميم التجزيئي الملحق باصل هذا المرسوم:
المرجع
العقاري
اسماء مااللك او المظنون انهم
مااللك
الجريدة الرسمية3129
عدد15 - 7513 جحلا وذ   15 15    وينوي  حتاف)تاف))
المادة الثالثة - .يفوض حق نزع الملكية الى المدير العام للمكتب الوطني للكهرباء والماء الصالح للشرب.
المادة الرابعة - .يسند تنفيذ هذا المرسوم، الذي ينشر بالجريدة الرسمية، الى وزيرة االنتقال الطاقي والتنمية المستدامة
والمدير العام للمكتب الوطني للكهرباء والماء الصالح للشرب، كل واحد منهما فيما يخصه.
وحرر بالرباط في 4 ذي الحجة 1447 (21 ماي 2026)
االمضاء : عزيز اخنوش.
وقعه بالعطف:
وزيرة االنتقال الطاقي والتنمية المستدامة،
االمضاء : ليلى بنعلي.
الجريدة الرسميةعدد15 - 7513 جحلا وذ   15 15    وينوي  حتاف)تاف))
مرسوم رقم 2.26.361 صادر في 4 ذي  الحجة 1447 (21 ماي 2026) بااعلن ان المنفعة العامة تقغضي ببناء سد ااولد سالم
)منطقة االشغال 1 و 2والحقينة (وبنزع ملكية القطع االرضية االلزمة لهذا الغرض بجماعتي لعمامرة ونكا باقليم اسفي
رئيس الحكومة،
بناء على القانون رقم 7.81 المتعلق بنزع الملكية الجل المنفعة العامة وباالحاتلل المؤقت الصادر بتنفيذه الظهير الشريف
رقم 1.81.254 بتاريخ 11 من رجب 1402 (6 ماي 1982)؛
وعلى المرسوم رقم 2.82.382 الصادر في 2 رجب 1403 (16 ابريل 1983) بتطبيق القانون رقم 7.81 المشار اليه ااعله؛
وبعد االاطلع على ملف البحث االداري المباشر من 24 ابريل الى 24 يونيو 2024 بمكاتب جماعتي لعمامرة ونكا باقليم اسفي؛
وباقتراح من وزير التجهيز والماء وبعد استشارة وزير الداخلية،
رسم ما يلي:
المادة االولى
يعلن ان المنفعة العامة تقغضي ببناء سد ااولد سالم) منطقة االشغال 1 و 2والحقينة (بجماعتي لعمامرة ونكا باقليم اسفي.",Civil,"Civil=2, Fiscal=1, Social=0",Civil,False
536,BO_7513_Ar,الثانية,ar,"تنزع بناء على ما ذكر، ملكية القطع االرضية، المبينة في الجدول اسفله والمعلم عليها باللون االحمر في التصاميم التجزيئية
ذات المقياس 1/1.000 الملحقة باصل هذا المرسوم:
الجريدة الرسمية3131
عدد15 - 7513 جحلا وذ   15 15    وينوي  حتاف)تاف))
الجريدة الرسميةعدد15 - 7513 جحلا وذ   15 15    وينوي  حتاف)تاف))
الجريدة الرسمية3133
عدد15 - 7513 جحلا وذ   15 15    وينوي  حتاف)تاف))
الجريدة الرسميةعدد15 - 7513 جحلا وذ   15 15    وينوي  حتاف)تاف))
38عريان الراس عائشة بنت احمدHH179323
وقعه بالعطف:
وزير التجهيز والماء،
االمضاء : نزار بركة.
الجريدة الرسمية3135
عدد15 - 7513 جحلا وذ   15 15    وينوي  حتاف)تاف))
سد ااولد سالم
المادة الثالثة - .يسند تنفيذ هذا المرسوم، الذي ينشر بالجريدة الرسمية، الى وزير التجهيز والماء.
وحرر بالرباط في 4 ذي الحجة 1447 (21 ماي 2026)
االمضاء : عزيز اخنوش.
رئيس الحكومة،
الجماعي المقترح؛
والمياه والغابات،
رسم ما يلي:
باقليم ميدلت.
الجريدة الرسميةعدد15 - 7513 جحلا وذ   15 15    وينوي  حتاف)تاف))
مرسوم رقم 2.26.322 صادر في 26 من ذي القعدة 1447 (14 ماي 2026)",Fiscal,"Fiscal=1, Civil=1, Social=0",Fiscal,False
537,BO_7513_Ar,الثانية,ar,"باالذن باجراء مقايضة عقارية بدون معدل بين الدولة) الملك
يحرر عقد اثبات هذه المقايضة استنادا الى هذا المرسوم الذي
ينشر بالجريدة الرسمية.
الغابوي (والجماعة الاسللية ايت واافل باقليم ميدلت.
وحرر بالرباط في 26 من ذي القعدة 1447 (14 ماي 2026)
االمضاء : عزيز اخنوش.
بناء على الظهير الشريف الصادر في 20 من ذي الحجة1335
 (10 اكتوبر 1917) المتعلق بالمحافظة على الغابات واستاغللها، كما وقع
وقعه بالعطف:
وزير الافلحة والصيد البحري
تغييره وتتميمه اول سيما الفصل الثاني منه؛
والتنمية القروية والمياه والغابات،
وعلى القانون رقم 52.20 المتعلق باحداث الوكالة الوطنية للمياه
والغابات الصادر بتنفيذه الظهير الشريف رقم 1.21.71 بتاريخ 3 ذي
االمضاء : احمد البواري.
وزير الداخلية،
الحجة 1442 (14 يوليو 2021) كما وقع تغييره؛
االمضاء : عبد الوافي لفتيت.
وعلى المرسوم رقم 2.24.990 الصادر في 24 من ربيع االخر 1446
 (28 اكتوبر 2024) المتعلق باختصاصات وزير الافلحة والصيد
وزيرة االقتصاد والمالية،
االمضاء : نادية فتاح.
البحري والتنمية القروية والمياه والغابات؛
مرسوم رقم 2.26.337 صادر في 26 من ذي القعدة1447
 (14 ماي 2026) بااعلن ان المنفعة العامة تقغضي بالفصل
عن النظام الغابوي لقطعة ارضية تابعة لغابة« مزكوط»،
وضمها الى ملك الدولة الخاص، قصد تسوية الوضعية
وبعد االاطلع على محضر اللجنة االدارية للخبرة المنعقدة بتاريخ
 20يونيو 2023 من اجل تحديد قيمة العقارات الغابوية والعقار
القانونيةم لقر الدرك الملكي بجماعة صاكة باقليم جرسيف.
وبعد استشارة وزير الداخلية ووزيرة االقتصاد والمالية؛
وباقتراح من وزير الافلحة والصيد البحري والتنمية القروية
رئيس الحكومة،
بناء على الظهير الشريف الصادر في 20 من ذي الحجة1335
 (10 اكتوبر 1917) المتعلق بالمحافظة على الغابات واستاغللها، كما
وقع تغييره وتتميمه اول سيما الفصل الثاني منه؛
المادة االولى
وعلى القانون رقم 52.20 المتعلق باحداث الوكالة الوطنية للمياه
والغابات الصادر بتنفيذه الظهير الشريف رقم 1.21.71 بتاريخ
 3ذي الحجة 1442 (14 يوليو 2021)، كما وقع تغييره؛
يؤذن باجراء مقايضة عقارية بدون معدل لاثلث قطع ارضية
تابعة للملك الغابوي مساحتها االجمالية 178 هكتارا )جزان من
وعلى المرسوم رقم 2.58.1371 الصادر في 29 من ذي القعدة 1378
 (6 يونيو 1959) في تحديد تاليف اللجنة المكلفة بابداء رايها في حالة
الرسم العقاري عدد 42/20685 مساحتهما 6 هكتارات و 50ارا
و 67سنتيارا، وجزء من مطلب التحفيظ عدد 42/3249 مساحته
 171هكتارا و 49ارا و 33سنتيارا(، مقابل قطعة ارضية جماعية
مساحتها 178 هكتارا) جزء من الرسم العقاري عدد(42/34044،
فصل ااملك عن النظام الغابوي وفي كيفية تسيير شؤونها؛
وعلى المرسوم رقم 2.24.990 الصادر في 24 من ربيع االخر 1446
 (28 اكتوبر 2024) المتعلق باختصاصات وزير الافلحة والصيد
البحري والتنمية القروية والمياه والغابات؛
وقد رسمت حدود القطع االرضية المذكورة، اعلوة على ذلك،
وبعد االاطلع على طلب الوزارة المنتدبة لدى رئيس الحكومة
في التصميمين الملحقين باصل هذا المرسوم.
المكلفة بادارة الدفاع الوطني؛
وعلى محضر اللجنة االدارية المكلفة بابداء الراي في حالة فصل
ااملك عن النظام الغابوي المجتمعة بتاريخ 23 نوفمبر 2023؛
وعلى محضر اللجنة االدارية للخبرة المنعقدة بتاريخ 23 نوفمبر 2023؛
وبعد استشارة وزير الداخلية ووزيرة االقتصاد والمالية؛
وبعد استشارة عامل اقليم جرسيف؛
وباقتراح من وزير الافلحة والصيد البحري والتنمية القروية
والمياه والغابات،
رسم ما يلي:
المادة االولى
يعلن ان المنفعة العامة تقغضي بالفصل عن النظام الغابوي
للقطعة االرضية البالغة مساحتها 7.000 متر مربع، التابعة لغابة
«مزكوط »موضوع الرسم العقاري عدد79/12878، وذلك قصد
تسوية الوضعية القانونية ملقر الدرك الملكي بجماعة صاكة باقليم
جرسيف.
وقد رسمت حدود القطعة االرضية المذكورة، اعلوة على ذلك، في
التصميم الملحق باصل هذا المرسوم.",Fiscal,"Fiscal=1, Civil=1, Social=0",Fiscal,False
538,BO_7513_Ar,الثانية,ar,"تضم القطعة االرضية موضوع الفصل المشار اليها في المادة االولى
ااعله الى ملك الدولة الخاص.
المادة الثالثة
تحدد القيمة التجارية للقطعة االرضية موضوع الفصل في مبلغ
قدره 175.000,00 درهم.
المادة الرابعة
تدفع الوزارة المنتدبة لدى رئيس الحكومة المكلفة بادارة الدفاع
الوطني مبلغا قدره 175.000,00 درهم الى صندوق اعادة توظيف
ااملك الدولة) سطر المياه والغابات المخصص القتناء اراض
للتشجير(، بعد نشر هذا المرسوم بالجريدة الرسمية.
الجريدة الرسمية3137
عدد15 - 7513 جحلا وذ   15 15    وينوي  حتاف)تاف ))
المادة الخامسة
يسند تنفيذ هذا المرسوم، الذي ينشر بالجريدة الرسمية، الى
وزير الافلحة والصيد البحري والتنمية القروية والمياه والغابات
ووزير الداخلية ووزيرة االقتصاد والمالية والوزير المنتدب لدى رئيس
الحكومة المكلف بادارة الدفاع الوطني، كل واحد منهم فيما يخصه.
وحرر بالرباط في 26 من ذي القعدة 1447 (14 ماي 2026)
االمضاء :عزيز اخنوش.
وقعه بالعطف:
وزير الافلحة والصيد البحري
والتنمية القروية والمياه والغابات،
االمضاء : احمد البواري.
وزير الداخلية،
االمضاء : عبد الوافي لفتيت.
وزيرة االقتصاد والمالية،
االمضاء : نادية فتاح.
مرسوم رقم 2.26.353 صادر في 4 ذي  الحجة 1447 (21 ماي 2026)
بالمصادقة على عملية التحديد االداري رقم 340 المتعلقة
بالعقار المدعو« جموع مقام بني فاشت 1 و »2 التابع للجماعات
الاسللية« لدواوير) ااولد دحمان، ااولد بنعلي، ااولد امحمد،
ااولد مسعود(،) بني يعلى، العسارة، السراتة، ااولد عدي »(
الكائن بقيادة الكعدة بدائرة دبدو باقليم تاوريرت.
رئيس الحكومة،
بناء على القانون رقم 63.17 المتعلق بالتحديد االداري الراعضي
الجماعات الاسللية الصادر بتنفيذه الظهير الشريف رقم 1.19.116
بتاريخ 7 ذي الحجة 1440 (9 اغسطس 2019) اول سيما",Indéterminé,"Fiscal=0, Social=0, Administratif=0",Indéterminé,False
539,BO_7513_Ar,15,ar,"منه؛
وعلى القرار الوزاري الصادر في 14 من شوال 1373 (16 يونيو 1954)
بشان االمر بتحديد عقارين جماعيين كائنيين بتراب قبيلة اهل دبدو
)ملحقة دبدو من ناحية وجدة (؛
وبعد االاطلع على ملف التحديد االداري رقم 340 المتعلق بالعقار
المدعو« جموع مقام بني فاشت 1 و »2 التابع للجماعات الاسللية
«لدواوير) ااولد دحمان، ااولد بنعلي، ااولد امحمد، ااولد مسعود(،
)بني يعلى، العسارة، السراتة، ااولد عدي »(الكائن بقيادة الكعدة
بدائرة دبدو باقليم تاوريرت اول سيما محضر التحديد والتصميم
النهائي المرفق به؛
وعلى الشهادة المسلمة من طرف المحافظ على االاملك العقارية
لتاوريرت تحت عدد/220 م ع 51/بتاريخ 5 نوفمبر 2025 من اجل
المصادقة على التحديد االداري رقم 340 المشار اليه ااعله؛
وباقتراح من وزير الداخلية،
الجريدة الرسميةعدد15 - 7513 جحلا وذ   15 15    وينوي  حتاف)تاف))
رسم ما يلي:
وبعد االاطلع على ملف التحديد االداري رقم 452 المتعلق بالعقار
المدعو« اجفيرات »التابع للجماعة الاسللية« السجع »الكائن بقيادة
مستكمر بدائرة العيون باقليم تاوريرت اول سيما محضر التحديد
المادة االولى
يصادق على عملية التحديد االداري رقم 340 للعقار المدعو
«جموع مقام بني فاشت 1 و »2 التابع للجماعات الاسللية« لدواوير
)ااولد دحمان، ااولد بنعلي، ااولد امحمد، ااولد مسعود(،) بني يعلى،
العسارة، السراتة، ااولد عدي »(الكائن بقيادة الكعدة بدائرة دبدو
والتصميم النهائي المرفق به؛
وعلى الشهادة المسلمة من طرف المحافظ على االاملك العقارية
لتاوريرت عدد/220 م ع 51/بتاريخ 5 نوفمبر 2025 من اجل المصادقة
على التحديد االداري رقم 452 المشار اليه ااعله؛
باقليم تاوريرت.
وباقتراح من وزير الداخلية،",Fiscal,"Fiscal=1, Social=0, Administratif=0",Fiscal,False
540,BO_7513_Ar,الثانية,ar,"رسم ما يلي:
يصنف نهائيا ضمن ااملك الجماعات الاسللية« لدواوير) ااولد
دحمان، ااولد بنعلي، ااولد امحمد، ااولد مسعود(،) بني يعلى،
العسارة، السراتة، ااولد عدي »(العقار المدعو« جموع مقام بني
فاشت 1 و»2، مساحته 485 هكتارا و 73ارا و 55سنتيارا والمبينة
حدوده في التصميم النهائي المرفق بمحضر التحديد االداري الملحق
المادة االولى
يصادق على عملية التحديد االداري رقم 452 للعقار المدعو
«اجفيرات »التابع للجماعة الاسللية« السجع »الكائن بقيادة مستكمر
بدائرة العيون باقليم تاوريرت.
باصل هذا المرسوم.",Fiscal,"Fiscal=1, Social=0, Administratif=0",Fiscal,False
541,BO_7513_Ar,الثانية,ar,"يصنف نهائيا ضمن ااملك الجماعة الاسللية« السجع »العقار
المدعو« اجفيرات»، مساحته 4641 هكتارا و 67ارا و 31سنتيارا
والمبينة حدوده في التصميم النهائي المرفق بمحضر التحديد االداري
المادة الثالثة
يسند تنفيذ هذا المرسوم، الذي ينشر بالجريدة الرسمية، الى
وزير الداخلية.
الملحق باصل هذا المرسوم.
وحرر بالرباط في 4 ذي الحجة 1447 (21 ماي 2026)
المادة الثالثة
االمضاء : عزيز اخنوش.
يسند تنفيذ هذا المرسوم، الذي ينشر بالجريدة الرسمية، الى
وزير الداخلية.
وقعه بالعطف:
وحرر بالرباط في 4 ذي الحجة 1447 (21 ماي 2026)
وزير الداخلية،
االمضاء : عزيز اخنوش.
االمضاء : عبد الوافي لفتيت.
وقعه بالعطف:
مرسوم رقم 2.26.354 صادر في 4 ذي  الحجة 1447 (21 ماي 2026)
بالمصادقة على عملية التحديد االداري رقم 452 المتعلقة
بالعقار المدعو« اجفيرات »التابع للجماعة الاسللية« السجع »
وزير الداخلية،
االمضاء : عبد الوافي لفتيت.
الكائن بقيادة مستكمر بدائرة العيون باقليم تاوريرت.
مرسوم رقم 2.26.355 صادر في 4 ذي  الحجة 1447 (21 ماي 2026)
بالمصادقة على عملية التحديد االداري رقم 568 المتعلقة بالعقار
المدعو« ابلد بني كاولل »التابع للجماعة الاسللية« بني كاولل »
رئيس الحكومة،
بناء على القانون رقم 63.17 المتعلق بالتحديد االداري الراعضي
الجماعات الاسللية الصادر بتنفيذه الظهير الشريف رقم 1.19.116
بتاريخ 7 ذي الحجة 1440 (9 اغسطس 2019) اول سيما",Indéterminé,"Fiscal=0, Social=0, Administratif=0",Indéterminé,False
542,BO_7513_Ar,15,ar,"الكائن بقيادة اهل تاوريرت بدائرة تاوريرت باقليم تاوريرت.
رئيس الحكومة،
بناء على القانون رقم 63.17 المتعلق بالتحديد االداري الراعضي
الجماعات الاسللية الصادر بتنفيذه الظهير الشريف رقم 1.19.116
بتاريخ 7 ذي الحجة 1440 (9 اغسطس 2019) اول سيما",Indéterminé,"Fiscal=0, Social=0, Administratif=0",Indéterminé,False
543,BO_7513_Ar,15,ar,"منه؛
وعلى المرسوم رقم 2.07.034 الصادر في 12 من محرم1428
)فاتح فبراير (2007 القاعضي بتحديد عقار جماعي يقع بتراب قبيلة
السجع بقيادة احواز العيون بدائرة العيون باقليم تاوريرت؛
منه؛
الجريدة الرسمية3139
عدد15 - 7513 جحلا وذ   15 15    وينوي  حتاف)تاف ))
مرسوم رقم 2.26.356 صادر في 4 ذي  الحجة 1447 (21 ماي 2026)
بالمصادقة على عملية التحديد االداري رقم 772 المتعلقة
بالعقار المدعو« السبيع الخوخات »التابع للجماعة الاسللية
وعلى المرسوم رقم 2.15.208 الصادر في 10 جمادى االخرة1436
(31 مارس 2015) القاعضي بتحديد عقار جماعي يقع بتراب قبيلة
بني كاولل بقيادة اهل تاوريرت بدائرة تاوريرت باقليم تاوريرت؛
«الزوى »الكائن بقيادة الزوى بدائرة دبدو باقليم تاوريرت.
وبعد االاطلع على ملف التحديد االداري رقم 568 المتعلق بالعقار
رئيس الحكومة،
بناء على القانون رقم 63.17 المتعلق بالتحديد االداري الراعضي
الجماعات الاسللية الصادر بتنفيذه الظهير الشريف رقم 1.19.116
المدعو« ابلد بني كاولل »التابع للجماعة الاسللية« بني كاولل »الكائن
بقيادة اهل تاوريرت بدائرة تاوريرت باقليم تاوريرت اول سيما محضر
بتاريخ 7 ذي الحجة 1440 (9 اغسطس 2019)؛
التحديد والتصميم النهائي المرفق به؛
وعلى المرسوم رقم 2.19.922 الصادر في 15 من ربيع االول1441
 (13 نوفمبر 2019) بتحديد تاريخ افتتاح عملية التحديد االداري
للعقار المدعو« السبيع الخوخات »الواقع بالنفوذ الترابي لقيادة
الزوى بدائرة دبدو باقليم تاوريرت الجاري على ملك الجماعة
وعلى الشهادة المسلمة من طرف المحافظ على االاملك العقارية
لتاوريرت عدد/220 م ع 51/بتاريخ 5 نوفمبر 2025 من اجل المصادقة
على التحديد االداري رقم 568 المشار اليه ااعله؛
الاسللية الزوى؛
وباقتراح من وزير الداخلية،
وبعد االاطلع على ملف التحديد االداري رقم 772 المتعلق بالعقار
المدعو« السبيع الخوخات »التابع للجماعة الاسللية« الزوى »الكائن
بقيادة الزوى بدائرة دبدو باقليم تاوريرت اول سيما محضر التحديد
رسم ما يلي:
المادة االولى
والتصميم النهائي المرفق به؛
وعلى الشهادة المسلمة من طرف المحافظ على االاملك العقارية
لتاوريرت عدد ع/220 م ع 51/بتاريخ 5 نوفمبر 2025 من اجل
يصادق على عملية التحديد االداري رقم 568 للعقار المدعو« ابلد
بني كاولل »التابع للجماعة الاسللية« بني كاولل »الكائن بقيادة اهل
المصادقة على التحديد االداري رقم 772 المشار اليه ااعله؛
تاوريرت بدائرة تاوريرت باقليم تاوريرت.
وباقتراح من وزير الداخلية،
رسم ما يلي:
المادة االولى
يصادق على عملية التحديد االداري رقم 772 للعقار المدعو
«السبيع الخوخات »التابع للجماعة الاسللية« الزوى »الكائن بقيادة",Fiscal,"Fiscal=2, Administratif=2, Social=0",Fiscal,False
544,BO_7513_Ar,الثانية,ar,"يصنف نهائيا ضمن ااملك الجماعة الاسللية« بني كاولل »العقار
المدعو« ابلد بني كاولل»، مساحته 6982 هكتارا و 5ارات و 50سنتيارا
الزوى بدائرة دبدو باقليم تاوريرت.
والمبينة حدوده في التصميم النهائي المرفق بمحضر التحديد االداري",Indéterminé,"Fiscal=0, Social=0, Administratif=0",Indéterminé,False
545,BO_7513_Ar,الثانية,ar,"يصنف نهائيا ضمن ااملك الجماعة الاسللية« الزوى »العقار
المدعو« السبيع الخوخات»، مساحته 791 هكتارا و 74ارا و 53
سنتيارا والمبينة حدوده في التصميم النهائي المرفق بمحضر التحديد
الملحق باصل هذا المرسوم.
المادة الثالثة
يسند تنفيذ هذا المرسوم، الذي ينشر بالجريدة الرسمية، الى
االداري الملحق باصل هذا المرسوم.
وزير الداخلية.
المادة الثالثة
يسند تنفيذ هذا المرسوم، الذي ينشر بالجريدة الرسمية، الى
وحرر بالرباط في 4 ذي الحجة 1447 (21 ماي 2026)
وزير الداخلية.
وحرر بالرباط في 4 ذي الحجة 1447 (21 ماي 2026)
االمضاء : عزيز اخنوش.
وقعه بالعطف:
االمضاء : عزيز اخنوش.
وقعه بالعطف:
وزير الداخلية،
وزير الداخلية،
االمضاء : عبد الوافي لفتيت.
االمضاء : عبد الوافي لفتيت.
الجريدة الرسميةعدد15 - 7513 جحلا وذ   15 15    وينوي  حتاف)تاف))
مرسوم رقم 2.26.357 صادر في 4 ذي  الحجة 1447 (21 ماي 2026)
بالمصادقة على عملية التحديد االداري رقم 1152 المتعلقة
بالعقار المدعو« ااولد هاتن »1 التابع للجماعة الاسللية« ااولد
هاتن »الكائن بقيادة بني عمير بدائرة الفقيه بن صالح باقليم
المادة الثالثة
يسند تنفيذ هذا المرسوم، الذي ينشر بالجريدة الرسمية، الى
وزير الداخلية.
وحرر بالرباط في 4 ذي الحجة 1447 (21 ماي 2026)
الفقيه بن صالح.
االمضاء : عزيز اخنوش.
وقعه بالعطف:
رئيس الحكومة،
وزير الداخلية،
بناء على القانون رقم 63.17 المتعلق بالتحديد االداري الراعضي
الجماعات الاسللية الصادر بتنفيذه الظهير الشريف رقم 1.19.116
االمضاء : عبد الوافي لفتيت.
بتاريخ 7 ذي الحجة 1440 (9 اغسطس 2019)؛
مرسوم رقم 2.26.358 صادر في 4 ذي  الحجة 1447 (21 ماي 2026)
بالمصادقة على عملية التحديد االداري رقم 1154 المتعلقة
بالعقار المدعو« ااولد هاتن »2 التابع للجماعة الاسللية« ااولد
هاتن »الكائن بقيادة بني عمير بدائرة الفقيه بن صالح باقليم
وعلى المرسوم رقم 2.22.929 الصادر في 6 جمادى االولى1444
)فاتح ديسمبر (2022 بتحديد تاريخ افتتاح عملية التحديد االداري
للعقار المدعو« ااولد هاتن »1 الواقع بالنفوذ الترابي لقيادة بني عمير
بدائرة الفقيه بن صالح باقليم الفقيه بن صالح، الجاري على ملك
الفقيه بن صالح.
الجماعة الاسللية« ااولد هاتن »؛
رئيس الحكومة،
بناء على القانون رقم 63.17 المتعلق بالتحديد االداري الراعضي
الجماعات الاسللية الصادر بتنفيذه الظهير الشريف رقم 1.19.116
وبعد االاطلع على ملف التحديد االداري رقم 1152 المتعلق
بالعقار المدعو« ااولد هاتن »1 التابع للجماعة الاسللية« ااولد هاتن »
الكائن بقيادة بني عمير بدائرة الفقيه بن صالح باقليم الفقيه بن صالح
بتاريخ 7 ذي الحجة 1440 (9 اغسطس 2019)؛
وعلى المرسوم رقم 2.22.930 الصادر في 6 جمادى االولى1444
)فاتح ديسمبر (2022 بتحديد تاريخ افتتاح عملية التحديد االداري
للعقار المدعو« ااولد هاتن »2 الواقع بالنفوذ الترابي لقيادة بني عمير
بدائرة الفقيه بن صالح باقليم الفقيه بن صالح، الجاري على ملك
اول سيما محضر التحديد والتصميم النهائي المرفق به؛
وعلى الشهادة المسلمة من طرف المحافظ على االاملك العقارية
بالفقيه بن صالح بتاريخ 20 نوفمبر 2025 من اجل المصادقة على
التحديد االداري رقم 1152 المشار اليه ااعله؛
الجماعة الاسللية ااولد هاتن؛
وبعد االاطلع على ملف التحديد االداري رقم 1154 المتعلق
بالعقار المدعو« ااولد هاتن »2 التابع للجماعة الاسللية« ااولد هاتن »
الكائن بقيادة بني عمير بدائرة الفقيه بن صالح باقليم الفقيه بن صالح
وباقتراح من وزير الداخلية،
رسم ما يلي:
اول سيما محضر التحديد والتصميم النهائي المرفق به؛
المادة االولى
وعلى الشهادة المسلمة من طرف المحافظ على االاملك العقارية
بالفقيه بن صالح بتاريخ 20 نوفمبر 2025 من اجل المصادقة على
يصادق على عملية التحديد االداري رقم 1152 للعقار المدعو
«ااولد هاتن »1 التابع للجماعة الاسللية« ااولد هاتن »الكائن بقيادة
التحديد االداري رقم 1154 المشار اليه ااعله؛
بني عمير بدائرة الفقيه بن صالح باقليم الفقيه بن صالح.
وباقتراح من وزير الداخلية،",Fiscal,"Fiscal=1, Social=0, Administratif=0",Fiscal,False
546,BO_7513_Ar,الثانية,ar,"رسم ما يلي:
يصنف نهائيا ضمن ااملك الجماعة الاسللية ااولد هاتن العقار
المدعو« ااولد هاتن»1، مساحته 202 هكتارا و 94ارا و 26سنتيارا
والمبينة حدوده في التصميم النهائي المرفق بمحضر التحديد االداري
المادة االولى
يصادق على عملية التحديد االداري رقم 1154 للعقار المدعو
«ااولد هاتن »2 التابع للجماعة الاسللية« ااولد هاتن »الكائن بقيادة
بني عمير بدائرة الفقيه بن صالح باقليم الفقيه  بن صالح.
الملحق باصل هذا المرسوم.
الجريدة الرسمية3141
عدد15 - 7513 جحلا وذ   15 15    وينوي  حتاف)تاف ))",Fiscal,"Fiscal=1, Social=0, Administratif=0",Fiscal,False
547,BO_7513_Ar,الثانية,ar,"رسم ما يلي:
يصنف نهائيا ضمن ااملك الجماعة الاسللية ااولد هاتن العقار
المدعو« ااولد هاتن»2، مساحته 65 هكتارا و 90ارا و 47سنتيارا
والمبينة حدوده في التصميم النهائي المرفق بمحضر التحديد االداري
المادة االولى
يصادق على عملية التحديد االداري رقم 1156 للعقار المدعو
«ااولد هاتن »3 التابع للجماعة الاسللية« ااولد هاتن »الكائن بقيادة
الملحق باصل هذا المرسوم.
بني عمير بدائرة الفقيه بن صالح باقليم الفقيه  بن صالح.
المادة الثالثة",Fiscal,"Fiscal=1, Social=0, Administratif=0",Fiscal,False
548,BO_7513_Ar,الثانية,ar,"يسند تنفيذ هذا المرسوم، الذي ينشر بالجريدة الرسمية، الى
يصنف نهائيا ضمن ااملك الجماعة الاسللية ااولد هاتن العقار
المدعو« ااولد هاتن»3، مساحته 304 هكتارات و 11ارا و 75سنتيارا
والمبينة حدوده في التصميم النهائي المرفق بمحضر التحديد االداري
وزير الداخلية.
وحرر بالرباط في 4 ذي الحجة 1447 (21 ماي 2026)
الملحق باصل هذا المرسوم.
االمضاء : عزيز اخنوش.
المادة الثالثة
وقعه بالعطف:
يسند تنفيذ هذا المرسوم، الذي ينشر بالجريدة الرسمية، الى
وزير الداخلية،
وزير الداخلية.
االمضاء : عبد الوافي لفتيت.
وحرر بالرباط في 4 ذي الحجة 1447 (21 ماي 2026)
مرسوم رقم 2.26.359 صادر في 4 ذي  الحجة 1447 (21 ماي 2026)
بالمصادقة على عملية التحديد االداري رقم 1156 المتعلقة
بالعقار المدعو« ااولد هاتن »3 التابع للجماعة الاسللية« ااولد
هاتن »الكائن بقيادة بني عمير بدائرة الفقيه بن صالح باقليم
االمضاء : عزيز اخنوش.
وقعه بالعطف:
وزير الداخلية،
الفقيه بن صالح.
االمضاء : عبد الوافي لفتيت.
رئيس الحكومة،
بناء على القانون رقم 63.17 المتعلق بالتحديد االداري الراعضي
الجماعات الاسللية الصادر بتنفيذه الظهير الشريف رقم 1.19.116
قرار لوزير االوقاف والشؤون االاسلمية رقم 912.26 صادر في
 12 من ذي القعدة 1447 (30 ابريل 2026) بتغيير القرار
رقم 679.24  الصادر في 20 من شعبان) 1445 فاتح مارس(2024
بتاريخ 7 ذي الحجة 1440 (9 اغسطس 2019)؛
بتفويض االمضاء والمصادقة على الصفقات.
وعلى المرسوم رقم 2.22.931 الصادر في 6 جمادى االولى1444
)فاتح ديسمبر (2022 بتحديد تاريخ افتتاح عملية التحديد االداري
للعقار المدعو« ااولد هاتن »3 الواقع بالنفوذ الترابي لقيادة بني عمير
بدائرة الفقيه بن صالح باقليم الفقيه بن صالح، الجاري على ملك
وزير االوقاف والشؤون االاسلمية،
بعد االاطلع على القرار رقم 679.24 الصادر في 20 من شعبان1445
)فاتح مارس (2024 بتفويض االمضاء والمصادقة على الصفقات كما
الجماعة الاسللية ااولد هاتن؛
وقع تغييره؛
وبعد االاطلع على ملف التحديد االداري رقم 1156 المتعلق
بالعقار المدعو« ااولد هاتن »3 التابع للجماعة الاسللية« ااولد هاتن »
الكائن بقيادة بني عمير بدائرة الفقيه بن صالح باقليم الفقيه بن صالح
وعلى المرسوم رقم 2.21.827 الصادر في 14 من ربيع االول1443
 (21 اكتوبر 2021) المتعلق باختصاصات وزير االوقاف والشؤون
االاسلمية،
اول سيما محضر التحديد والتصميم النهائي المرفق به؛
قرر ما يلي:
وعلى الشهادة المسلمة من طرف المحافظ على االاملك العقارية
بالفقيه بن صالح بتاريخ 20 نوفمبر 2025 من اجل المصادقة على
المادة االولى
التحديد االداري رقم 1156 المشار اليه ااعله؛
تغير على النحو التالي المادة الثالثة من القرار المشار اليه ااعله
وباقتراح من وزير الداخلية،
رقم 679.24 بتاريخ 20 من شعبان) 1445 فاتح مارس: (2024
الجريدة الرسميةعدد15 - 7513 جحلا وذ   15 15    وينوي  حتاف)تاف))
«المادة الثالثة - .اذا تغيب السيد مبارك بتها ...... اسند التفويض
«المبين في البند 2 من المادة االولى ااعله الى السيد محمد روشدي،
«رئيس قسم الشؤون التربوية بمديرية التعليم العتيق ومحو االمية",Indéterminé,"Fiscal=0, Social=0, Administratif=0",Indéterminé,False
549,BO_7513_Ar,الثانية,ar,"يفوض الى السيد احمد ابن الخديم االمضاء نيابة عن وزيرة
االنتقال الطاقي والتنمية المستدامة على الوثائق والتصرفات االدارية
المتعلقة بموظفي واعوان المفتشية العامة لقطاع التنمية المستدامة
«بالمساجد ........................ بنفس المديرية».",Environnement,"Environnement=1, Fiscal=0, Social=0",Environnement,False
550,BO_7513_Ar,الثانية,ar,"وذلك فيما يخص:
ينشر هذا القرار بالجريدة الرسمية.
-االوامر الصادرة للموظفين واالعوان للقيام بماموريات داخل
المملكة؛
وحرر بالرباط في 12 من ذي القعدة 1447 (30 ابريل 2026)
-تنقيط الموظفين؛
االمضاء : احمد التوفيق.
-الرخص السنوية؛
قرار لوزيرة االنتقال الطاقي والتنمية المستدامة رقم928.26
صادر في 11 من ذي القعدة 1447 (29 ابريل 2026) بتفويض
-الرخص االستثنائية او االذن بالتغيب للموظفين الذين يدلون
بمبررات عائلية وباسباب خطيرة واستثنائية على اال تتجاوز مدة
االمضاء.
هذه الرخص عشرة (10) ايام في السنة.
المادة الثالثة
وزيرة االنتقال الطاقي والتنمية المستدامة،
بناء على الظهير الشريف رقم 1.21.111 الصادر في 4 ربيع االول 1443
ينشر هذا القرار بالجريدة الرسمية.
(11 اكتوبر 2021) بتعيين اعضاء الحكومة كما وقع تغييره؛
وحرر بالرباط في 11 من ذي القعدة 1447 (29 ابريل 2026)
وعلى المرسوم رقم 2.22.81 الصادر في 8 رمضان1444
 (30 مارس 2023) المتعلق بتفويض السلطة واالمضاء؛
االمضاء : ليلى بنعلي.
وعلى الظهير الشريف رقم 1.58.008 الصادر في 4 شعبان 1377
 (24 فبراير 1958) بمثابة النظام االسا؟سي العام للوظيفة العمومية
قرار لوزير الشباب والثقافة والتواصل رقم 915.26 صادر في
 17من ذي القعدة 1447 (5 ماي 2026) بتفويض االمضاء
كما وقع تغييره وتتميمه؛
والمصادقة على الصفقات.
وعلى القرار الصادر في 7 جمادى االولى 1350 (20 سبتمبر 1931)
بتنظيم التعويض عن مصاريف التنقل والقيام بماموريات كما وقع
تغييره وتتميمه بالمرسوم رقم 2.73.312 بتاريخ 10 صفر1394
 (5 مارس 1974) اول سيما الفصل 20 منه؛
وزير الشباب والثقافة والتواصل،
بناء على الظهير الشريف رقم 1.21.111 الصادر في 4 ربيع
االول 1443 (11 اكتوبر 2021) بتعيين اعضاء الحكومة كما وقع
وعلى المرسوم رقم 2.05.1367 الصادر في 29 من شوال1426
 (2 ديسمبر 2005) بتحديد مسطرة تنقيط وتقييم موظفي االدارات
تغييره؛
العمومية اول سيما",Indéterminé,"Fiscal=0, Social=0, Administratif=0",Indéterminé,False
551,BO_7513_Ar,2,ar,"منه؛
وعلى المرسوم رقم 2.22.81 الصادر في 8 رمضان 1444 (30 مارس 2023)
المتعلق بتفويض السلطة واالمضاء؛
وعلى المرسوم رقم 2.21.839 الصادر في 14 من ربيع االول1443
 (21 اكتوبر 2021) المتعلق باختصاصات وزيرة االنتقال الطاقي
والتنمية المستدامة،
قررت ما يلي:
المادة االولى
وعلى المرسوم الملكي رقم 330.66 الصادر في 10 محرم1387
 (21 ابريل 1967) بسن نظام عام للمحاسبة العامة كما وقع تغييره
وتتميمه اول سيما الفصلين 5 و 64 منه؛
يفوض الى السيد احمد ابن الخديم، المفتش العام لقطاع التنمية
المستدامة، االمضاء او التاشير نيابة عن وزيرة االنتقال الطاقي
والتنمية المستدامة على جميع الوثائق المتعلقة بتسيير مصالح
المفتشية العامة لقطاع التنمية المستدامة ما عدا المراسيم والقرارات
وعلى القرار الصادر في 7 جمادى االولى 1350 (20 سبتمبر 1931)
بتنظيم التعويض عن مصاريف التنقل والقيام بماموريات كما وقع
تغييره وتتميمه بالمرسوم رقم 2.73.312 بتاريخ 10 صفر1394
 (5 مارس 1974) اول سيما الفصل 20 منه؛
التنظيمية.
الجريدة الرسمية3143
عدد15 - 7513 جحلا وذ   15 15    وينوي  حتاف)تاف ))
وعلى قرار الوزير االول رقم 3.228.74 الصادر في 21 من جمادى
االخرة 1394 (12 يوليو 1974) بتحديد شروط وضع اوامر القيام
المادة الخامسة
يفوض الى السيد عبد الواحد بن الحاج االمضاء او التاشير نيابة
عن وزير الشباب والثقافة والتواصل على الوثائق التالية المتعلقة
بماموريات في الخارج؛
وعلى المرسوم رقم 2.22.431 الصادر في 15 من شعبان1444
 (8 مارس 2023) المتعلق بالصفقات العمومية؛
بالمصالح التابعة لقطاع الشباب:
-القرارات المتعلقة باحداث شساعات التسبيقات والمداخيل وقرارات
تعيين شسيعي التسبيقات والمداخيل وماموريهم المحصلين لدى
وعلى المرسوم رقم 2.21.841 الصادر في 14 من ربيع االول1443
 (21 اكتوبر 2021) المتعلق باختصاصات وزير الشباب والثقافة
مختلف مصالح وزارة الشباب والثقافة والتواصل - قطاع الشباب؛
والتواصل،
-طلبات احداث حسابات المستعملين ملنظومة التدبير المندمج
للنفقات وبوابة الصفقات العمومية وكذا جميع طلبات التداخلت
قرر ما يلي:
المادة االولى
التقنية المرتبطة بهما؛
يفوض الى السيد عبد الواحد بن الحاج، مدير الشؤون االدارية
-الوثائق المتعلقة بتكليف الوكيل القضائي للمملكة بتتبع اجراءات
المنازعات والدعاوى القضائية التي تكون وزارة الشباب والثقافة
والعامة لوزارة الشباب والثقافة والتواصل - قطاع الشباب، االمضاء
او التاشير نيابة عن وزير الشباب والثقافة والتواصل على جميع
الوثائق المتعلقة بالمهام المنوطة به ما عدا المراسيم والقرارات
والتواصل - قطاع الشباب طرفا فيها.
التنظيمية.
المادة السادسة",Environnement,"Environnement=1, Fiscal=0, Social=0",Environnement,False
552,BO_7513_Ar,الثانية,ar,"ينشر هذا القرار  بالجريدة الرسمية وينسخ القرار رقم 1084.25
الصادر في 22 من شوال 1446 (21 ابريل 2025) بتفويض االمضاء
يفوض الى السيد عبد الواحد بن الحاج االمضاء او التاشير نيابة
عن وزير الشباب والثقافة والتواصل على االوامر بصرف او تحويل
او تفويض االعتمادات وعلى الوثائق المثبتة للنفقات واالوامر بقبض
الموارد وبصفة عامة على جميع الوثائق الحسابية المتعلقة بميزانيتي
التسيير والتجهيز لقطاع الشباب ومرافق الدولة المسيرة بصورة
والمصادقة على الصفقات.
وحرر بالرباط في 17 من ذي القعدة 1447 (5 ماي 2026)
االمضاء : محمد المهدي بنسعيد.
مستقلة التابعة للقطاع.
المادة الثالثة
قرار لوزير الافلحة والصيد البحري والتنمية القروية والمياه والغابات
رقم 919.26 صادر في 18 من ذي القعدة 1447 (6 ماي 2026)
يفوض الى السيد عبد الواحد بن الحاج المصادقة على جميع
اشكال الصفقات المبرمة لفائدة المصالح التابعة لقطاع الشباب
وفسخها وكذا الكشوفات الحسابية النهائية المتعلقة بها، كما يفوض
اليه امضاء االعذارات وكذا قرارات تعيين لجان فتح االظرفة المتعلقة
بالصفقات المذكورة واتخاذ المقررات الممنوح بموجبها تعويضات
لتسوية المطالبات التي يقدمها المقاولون او الموردون المدرجة في اطار
الميزانية العامة لنفس القطاع وكذا مرافق الدولة المسيرة بصورة
باسناد انتداب صحي.
وزير الافلحة والصيد البحري والتنمية القروية والمياه والغابات،
بناء على القانون رقم 21.80 المتعلق بممارسة الطب البيطري
والجراحة والصيدلة البيطرية بصفة حرة، الصادر بتنفيذه الظهير
الشريف رقم 1.80.340 بتاريخ 17 من صفر 1401 (25 ديسمبر 1980)،
مستقلة التابعة للقطاع .
كما وقع تغييره وتتميمه، اول سيما الفصل 2 منه؛
المادة الرابعة
يفوض الى السيد عبد الواحد بن الحاج االمضاء او التاشير
نيابة عن وزير الشباب والثقافة والتواصل على جميع الوثائق
املتعلقة بتدبير شؤون الموارد البشرية بقطاع الشباب بما في ذلك
االوامر الصادرة للموظفين واالعوان التابعين لنفس القطاع للقيام
بماموريات داخل المملكة او خارجها وكذا الوثائق المتعلقة بالترخيص
لهم باستعمال سياراتهم الخاصة للتنقل لحاجيات المصلحة خارج
وعلى المرسوم رقم 2.82.541 الصادر في 29 من جمادى االولى 1403
 (15 مارس 1983) بتطبيق القانون االنف الذكر رقم21.80، اول سيما
الفصل 6 منه؛
وعلى القانون رقم 25.08 القاعضي باحداث المكتب الوطني للاسلمة
الصحية للمنتجات الغذائية، الصادر بتنفيذه الظهير الشريف
رقم 1.09.20 بتاريخ 22 من صفر 1430 (18 فبراير 2009)؛
المكان المعينين للعمل فيه.
وعلى المرسوم رقم 2.94.264 الصادر في 10 محرم1416
 (9 يونيو 1995) لتطبيق الظهير الشريف المعتبر بمثابة قانون
رقم 1.93.230 بتاريخ 19 من ربيع االخر 1414 (6 اكتوبر 1993)
المتعلق بهيئة البياطرة الوطنية؛
وعلى المرسوم رقم 2.24.990 الصادر في 24 من ربيع االخر 1446
 (28 اكتوبر 2024) المتعلق باختصاصات وزير الافلحة والصيد
البحري والتنمية القروية والمياه والغابات،
قرر ما يلي:
المادة االولى
يسند االنتداب الصحي المنصوص عليه في الفصل 2 من القانون
المشار اليه ااعله رقم 21.80 الى السيد مروان ارمياشي الطبيب البيطري
المقيد بجدول هيئة البياطرة الوطنية تحت رقم 1918/CN/2026
بتاريخ 25 مارس.2026",Indéterminé,"Fiscal=0, Social=0, Administratif=0",Indéterminé,False
553,BO_7513_Ar,الثانية,ar,"يسند تنفيذ هذا القرار، الذي ينشر بالجريدة الرسمية، الى المدير
العام للمكتب الوطني للاسلمة الصحية للمنتجات الغذائية.
وحرر بالرباط في 18 من ذي القعدة 1447 (6 ماي 2026)
االمضاء : احمد البواري.
قرار لوزير الافلحة والصيد البحري والتنمية القروية والمياه والغابات
رقم 920.26 صادر  في 18 من ذي القعدة 1447 (6 ماي 2026)
باسناد انتداب صحي.
وزير الافلحة والصيد البحري والتنمية القروية والمياه والغابات،
بناء على القانون رقم 21.80 المتعلق بممارسة الطب البيطري
والجراحة والصيدلة البيطرية بصفة حرة، الصادر بتنفيذه الظهير
الشريف رقم 1.80.340 بتاريخ 17 من صفر 1401 (25 ديسمبر 1980)،
كما وقع تغييره وتتميمه، اول سيما الفصل 2 منه؛
وعلى المرسوم رقم 2.82.541 الصادر في 29 من جمادى االولى 1403
 (15 مارس 1983) بتطبيق القانون االنف الذكر رقم21.80، اول سيما
الفصل 6 منه؛
وعلى القانون رقم 25.08 القاعضي باحداث المكتب الوطني للاسلمة
الصحية للمنتجات الغذائية، الصادر بتنفيذه الظهير الشريف
رقم 1.09.20 بتاريخ 22 من صفر 1430 (18 فبراير 2009)؛
الجريدة الرسميةعدد15 - 7513 جحلا وذ   15 15    وينوي  حتاف)تاف))
وعلى المرسوم رقم 2.94.264 الصادر في 10 محرم1416
(9 يونيو 1995) لتطبيق الظهير الشريف المعتبر بمثابة قانون
رقم 1.93.230 بتاريخ 19 من ربيع االخر 1414 (6 اكتوبر 1993)
المتعلق بهيئة البياطرة الوطنية؛
وعلى المرسوم رقم 2.24.990 الصادر في 24 من ربيع االخر 1446
(28 اكتوبر 2024) المتعلق باختصاصات وزير الافلحة والصيد
البحري والتنمية القروية والمياه والغابات،
قرر ما يلي:
المادة االولى
يسند االنتداب الصحي المنصوص عليه في الفصل 2 من القانون
المشار اليه ااعله رقم 21.80 الى السيد اكرم خوية الطبيب البيطري
المقيد بجدول هيئة البياطرة الوطنية تحت رقم 1917/CN/2026
بتاريخ 25 مارس.2026",Indéterminé,"Fiscal=0, Social=0, Administratif=0",Indéterminé,False
554,BO_7513_Ar,الثانية,ar,"يسند تنفيذ هذا القرار، الذي ينشر بالجريدة الرسمية، الى المدير
العام للمكتب الوطني للاسلمة الصحية للمنتجات الغذائية.
وحرر بالرباط في 18 من ذي القعدة 1447 (6 ماي 2026)
االمضاء : احمد البواري.
االذن بممارسة الهندسة المعمارية
بموجب مقرر اللمين العام للحكومة رقم 862.26 صادر في
6ذي القعدة 1447 (24 ابريل 2026) يرخص تحت عدد 6485
للسيد اسامة بن سماعيل الحامل لدرجة الماستر في البناء والهندسة
المعمارية مسلمة من الجامعة الوطنية للبناء والهندسة المعمارية
كييف باوكرانيا بتاريخ 31 ماي2024، ان يحمل صفة مهندس
معماري ويزاول الهندسة المعمارية بالقطاع الخاص بصفة مستقلة
مع جعل مكتبه بمدينة بني املل.
*
* *
بموجب مقرر اللمين العام للحكومة رقم 863.26 صادر في
 6ذي القعدة 1447 (24 ابريل 2026) يرخص تحت عدد 6498 للسيد
الياس الخطيب الحامل لدرجة الماستر في الهندسة المعمارية مسلمة
من «O.M Beketov National University of Urban Economy«
بخاركيف - اوكرانيا بتاريخ 31 ماي2024، ان يحمل صفة مهندس
معماري ويزاول الهندسة المعمارية بالقطاع الخاص بصفة مستقلة
مع جعل مكتبه بمدينة تاونات.
*
* *
بموجب مقرر اللمين العام للحكومة رقم 864.26 صادر في
 5ذي القعدة 1447 (23 ابريل 2026) يرخص تحت عدد 6499 للسيد
انس الداودي الحامل لدرجة الماستر في الهندسة المعمارية مسلمة
من «O.M Beketov National University of Urban Economy«
بخاركيف - اوكرانيا بتاريخ 31 ماي2024، ان يحمل صفة مهندس
معماري ويزاول الهندسة المعمارية بالقطاع الخاص بصفة مستقلة
مع جعل مكتبه بمدينة وجدة.
*
* *
بموجب مقرر اللمين العام للحكومة رقم 950.26 صادر في
 19من ذي القعدة 1447 (7 ماي 2026) يرخص تحت عدد 6500 للسيد
سعد اعبيدي الحامل لدرجة الماستر في الهندسة المعمارية مسلمة
من «O.M Beketov National University of Urban Economy«
بخاركيف - اوكرانيا بتاريخ 31 ماي2024، ان يحمل صفة مهندس
معماري ويزاول الهندسة المعمارية بالقطاع الخاص بصفة مستقلة مع
ابن جرير.
جعل مكتبه بمدينة مراكش.
*
* *
بموجب مقرر اللمين العام للحكومة رقم 951.26 صادر في
 23من ذي القعدة 1447 (11 ماي 2026) يرخص تحت عدد 6501
للسيدة منال احادي الحاملة لدبلوم مهندس معماري مسلم من
المدرسة الوطنية للهندسة المعمارية بفاس بتاريخ 29 اكتوبر2025،
ان تحمل صفة مهندس معماري وتزاول الهندسة المعمارية بالقطاع
الرباط.
الخاص بصفة مستقلة مع جعل مكتبها بمدينة صفرو.
*
* *
الجريدة الرسمية3145
عدد15 - 7513 جحلا وذ   15 15    وينوي  حتاف)تاف ))
بموجب مقرر اللمين العام للحكومة رقم 952.26 صادر في
 23من ذي القعدة 1447 (11 ماي 2026) يرخص تحت عدد 6502
للسيد ايمن القادري الحامل لدبلوم مهندس معماري مسلم من
المدرسة الوطنية للهندسة المعمارية بالرباط بتاريخ 26 نوفمبر2025،
ان يحمل صفة مهندس معماري ويزاول الهندسة المعمارية بالقطاع
الخاص بصفة مستقلة مع جعل مكتبه بمدينة بنسليمان.
*
* *
بموجب مقرر اللمين العام للحكومة رقم 953.26 صادر في
 23من ذي القعدة 1447 (11 ماي 2026) يرخص تحت عدد 6503
للسيد سامي سبتي الحامل لدبلوم مهندس معماري مسلم من المدرسة
الوطنية للهندسة المعمارية بتطوان بتاريخ 27 اكتوبر2025، ان
يحمل صفة مهندس معماري ويزاول الهندسة المعمارية بالقطاع
الخاص بصفة مستقلة مع جعل مكتبه بمدينة بالقنيطرة.
*
* *
بموجب مقرر اللمين العام للحكومة رقم 954.26 صادر في 23 من
ذي القعدة 1447 (11 ماي 2026) يرخص تحت عدد 6504 للسيدة
مريم نفيد الحاملة لدبلوم مهندس معماري مسلم من المدرسة
االورومتوسطية للهندسة المعمارية والتصميم والتعمير بفاس بتاريخ
 28نوفمبر2024، ان تحمل صفة مهندس معماري وتزاول الهندسة
المعمارية بالقطاع الخاص بصفة مستقلة مع جعل مكتبها بمدينة
*
* *
بموجب مقرر اللمين العام للحكومة رقم 955.26 صادر في 23 من
ذي القعدة 1447 (11 ماي 2026) يرخص تحت عدد 6506 للسيدة
خولة حيمري الحاملة لدبلوم مهندس معماري مسلم من المدرسة
العليا للهندسة المعمارية التابعة للجامعة الدولية للرباط بتاريخ
 28اكتوبر2025، ان تحمل صفة مهندس معماري وتزاول الهندسة
المعمارية بالقطاع الخاص بصفة مستقلة مع جعل مكتبها بمدينة
*
* *
الرباط.
الجريدة الرسميةعدد15 - 7513 جحلا وذ   15 15    وينوي  حتاف)تاف))
بموجب مقرر اللمين العام للحكومة رقم 956.26 صادر في 23 من
ذي القعدة 1447 (11 ماي 2026) يرخص تحت عدد 6507 للسيدة
ندى صاحب الحاملة لدبلوم مهندس معماري مسلم من المدرسة
الوطنية للهندسة المعمارية بالرباط بتاريخ 30 سبتمبر2025، ان
تحمل صفة مهندس معماري وتزاول الهندسة المعمارية بالقطاع
بموجب مقرر اللمين العام للحكومة رقم 958.26 صادر في 23 من
ذي القعدة 1447 (11 ماي 2026) يرخص تحت عدد 6509 للسيدة
حفصة بولعيش الحاملة لدبلوم مهندس معماري مسلم من المدرسة
العليا للهندسة المعمارية التابعة للجامعة الدولية للرباط بتاريخ
 28يناير2025، ان تحمل صفة مهندس معماري وتزاول الهندسة
المعمارية بالقطاع الخاص بصفة مستقلة مع جعل مكتبها بمدينة
الخاص بصفة مستقلة مع جعل مكتبها بمدينة الرباط.
*
طنجة.
* *
بموجب مقرر اللمين العام للحكومة رقم 957.26 صادر في 23 من
ذي القعدة 1447 (11 ماي 2026) يرخص تحت عدد 6508 للسيدة
امال عصام الحاملة لدبلوم مهندس معماري مسلم من المدرسة
العليا للهندسة المعمارية التابعة للجامعة الدولية للرباط بتاريخ
 28اكتوبر2025، ان تحمل صفة مهندس معماري وتزاول الهندسة
المعمارية بالقطاع الخاص بصفة مستقلة مع جعل مكتبها بمدينة
*
* *
بموجب مقرر اللمين العام للحكومة رقم 959.26 صادر في 23 من
ذي القعدة 1447 (11 ماي 2026) يرخص تحت عدد 6510 للسيد
بدر سعد الدين الحامل لدبلوم مهندس معماري مسلم من المدرسة
العليا للهندسة المعمارية التابعة للجامعة الدولية للرباط بتاريخ
 28اكتوبر2025، ان يحمل صفة مهندس معماري ويزاول الهندسة
المعمارية بالقطاع الخاص بصفة مستقلة مع جعل مكتبه بمدينة
*
* *
الدار البيضاء.
عدد15 - 7513 جحلا وذ   15 15    وينوي  حتاف)تاف))
نظام موظفي االدارات العامة
نصوص خاصة",Urbain,"Urbain=18, Fiscal=0, Social=0",Urbain,False
555,BO_7513_Ar,الثانية,ar,"يسند تنفيذ هذا المرسوم، الذي ينشر في الجريدة الرسمية،
الى وزيرة االقتصاد والمالية والوزيرة المنتدبة لدى رئيس الحكومة
المكلفة باالنتقال الرقمي وااصلح االدارة، كل واحدة منهما فيما
وزارة االقتصاد والمالية
يخصها.
مرسوم رقم 2.26.270 صادر في 12 من ذي القعدة 1447
وحرر بالرباط في 12 من ذي القعدة 1447 (30 ابريل 2026)
(30 ابريل 2026) بتغيير وتتميم المرسوم رقم 2.07.995 بتاريخ
االمضاء : عزيز اخنوش.
23من شوال 1429 (23 اكتوبر 2008) بشان اختصاصات
وقعه بالعطف:
وتنظيم وزارة االقتصاد والمالية.
وزيرة االقتصاد والمالية،
االمضاء : نادية فتاح.
رئيس الحكومة،
الوزيرة المنتدبة لدى رئيس الحكومة
بعد االاطلع على المرسوم رقم 2.07.995 الصادر في 23 من
المكلفة باالنتقال الرقمي وااصلح االدارة،
شوال 1429 (23 اكتوبر 2008) بشان اختصاصات وتنظيم وزارة
االمضاء : امل الافلح.
االقتصاد والمالية، كما وقع تغييره وتتميمه؛
قرار لوزيرة االقتصاد والمالية رقم 939.26 صادر في 19 من ذي
القعدة 1447 (7 ماي 2026) بتغيير وتتميم قرار وزير االقتصاد
والمالية رقم 1393.11 بتاريخ 21 من جمادى االخرة 1432
 (25 ماي 2011) بشان احداث وتحديد اختصاصات االقسام
وبعد المداولة في مجلس الحكومة المنعقد بتاريخ 5 ذي القعدة 1447
(23 ابريل 2026)،
رسم ما يلي:
والمصالح التابعة للمديريات المركزية لوزارة االقتصاد والمالية.
المادة االولى
تغير وتتمم، على النحو التالي، مقتضيات المادة) 6 الفقرة الثالثة (
وزيرة االقتصاد والمالية،
بناء على المرسوم رقم 2.07.995 الصادر في 23 من شوال 1429
 (23 اكتوبر 2008) بشان اختصاصات وتنظيم وزارة االقتصاد
من المرسوم المشار اليه ااعله رقم 2.07.995 الصادر في 23 من
شوال 1429 (23 اكتوبر 2008)
والمالية، كما وقع تغييره وتتميمه؛
«المادة) 6 الفقرة الثالثة - .(تشتمل ادارة الجمارك والضرائب
وبعد االاطلع على قرار وزير االقتصاد والمالية رقم 1393.11
الصادر في 21 من جمادى االخرة 1432 (25 ماي 2011) بشان احداث
وتحديد اختصاصات االقسام والمصالح التابعة للمديريات المركزية
«غير المباشرة على :
- «مديرية الدراسات والجبايات والتعاون الدولي؛
لوزارة االقتصاد والمالية، كما وقع تغييره وتتميمه،
- «مديرية المساطر والشراكة وتسوية المنازعات؛
قررت ما يلي:
المادة االولى
- «مديرية المراقبة واالبحاث الجمركية؛
تنسخ وتعوض، على النحو التالي، مقتضيات المادة االولى من قرار
- «مديرية الموارد؛
وزير االقتصاد والمالية المشار اليه اعاله رقم 1393.11 الصادر في
21من جمادى االخرة 1432 (25 ماي 2011)
- «مديرية نظم المعلومات».
«المادة االولى
«ادارة الجمارك والضرائب غير المباشرة
«تضم المديريات المكونة الدارة الجمارك والضرائب غير المباشرة
«اقساما ومصالح على الشكل التالي:
«تضم مديرية الدراسات والجبايات والتعاون الدولي االقسام
«ا لتالية:
- «قسم الدراسات؛
- «قسم التعاون الدولي؛
- «قسم الوعاء الضريبي؛
- «قسم الضرائب غير المباشرة.
- «قسم الدراسات، ويتكون من المصالح التالية:
* «مصلحة الدراسات التشريعية والتنظيمية؛
* «مصلحة الدراسات التعريفية؛
* «مصلحة االحصائيات واليقظة.
- «قسم التعاون الدولي، ويتكون من المصالح التالية:
* «مصلحة الاعلقات مع المنظمات الدولية؛
* «مصلحة الاعلقات مع اوروبا وامريكا؛
* «مصلحة الاعلقات مع العالم العربي وافريقيا واسيا واوقيانيا.
- «قسم الوعاء الضريبي، ويتكون من المصالح التالية:
* «مصلحة التصنيف؛
* «مصلحة قواعد المنشا؛
* «مصلحة القيمة.
- «قسم الضرائب غير المباشرة، ويتكون من المصالح التالية:
*«مصلحة الضرائب الداخلية على االستاهلك؛
*«مصلحة الوسم الجبائي؛
*«مصلحة ضمانة المصوغات من المعادن النفيسة.
«تضم مديرية المساطر والشراكة وتسوية المنازعات االقسام
«التالية:
- «قسم المساطر؛
- «قسم الشراكة واالستثمارات؛
- «قسم التحصيل وتسوية المنازعات.
- «قسم المساطر، ويتكون من المصالح التالية:
الجريدة الرسميةعدد15 - 7513 جحلا وذ   15 15    وينوي  حتاف)تاف))
* «مصلحة مساطر تعشير البضائع؛
* «مصلحة االنظمة االقتصادية الجمركية؛
* «مصلحة التنظيمات الخاصة؛
* «مصلحة االنظمة الخاصة والمغاربة المقيمين بالخارج.
- «قسم الشراكة واالستثمارات، ويتكون من المصالح التالية:
* «مصلحة الشراكة؛
* «مصلحة االستثمارات ومناطق التسريع الصناعي؛
* «مصلحة تدبير مهنة المعشرين.
- «قسم التحصيل وتسوية المنازعات، ويتكون من المصالح التالية:
* «مصلحة التسوية عن طريق الصلح؛
* «مصلحة التسويات القضائية؛
* «مصلحة تنفيذ االحكام القضائية؛
* «مصلحة تتبع التحصيل الجبري؛
* «مصلحة مركزية الحسابات ومتابعة التحصيل.
«تضم مديرية المراقبة واالبحاث الجمركية االقسام التالية :
- «قسم تحليل المخاطر واالستاعلم؛
- «قسم المراقبة واالبحاث؛
- «قسم محاربة التهريب والتجارة غير المشروعة.
- «قسم تحليل المخاطر واالستاعلم، ويتكون من المصالح التالية:
* «المركز الوطني اللشراف والمراقبة؛
* «مصلحة االستاعلم واالنتقاء؛
* «مصلحة االمن والاسلمة على الحدود؛
* «مصلحة مراقبة المسافرين.
-«قسم المراقبة واالبحاث، ويتكون من المصالح التالية:
* «مصلحة محاربة الغش في الفواتير؛
* «مصلحة محاربة الغش في المنشا؛
* «مصلحة محاربة الغش في النوع؛
* «مصلحة مراقبة االنظمة االقتصادية الجمركية؛
* «مصلحة مراقبة التجارة االلكترونية؛
* «مصلحة محاربة مخاطر الغش االخرى.
الجريدة الرسمية3149
عدد15 - 7513 جحلا وذ   15 15    وينوي  حتاف)تاف ))
- «قسم محاربة التهريب والتجارة غير المشروعة، ويتكون من
*«مصلحة تطوير نظام التعشير الجمركي؛
«المصالح التالية:
*«مصلحة تطوير تطبيقات الويب ونظام دعم القرار؛
* «الفرقة الوطنية للجمارك؛
*«مصلحة تعمير واداء النظام المعلوماتي؛
* «مصلحة تنسيق مناهج عمل الفيالق؛
*«مركز االبتكار والتحول الرقمي.
* «مصلحة محاربة االتجار غير المشروع بالمخدرات؛
-«قسم استاغلل نظم المعلومات، ويتكون من المصالح التالية:
* «مصلحة محاربة تبييض االموال.
*«مصلحة االنتاج المعلوماتي؛
«تضم مديرية الموارد االقسام التالية:
*«مصلحة شبكات االتصال؛
- «قسم الموارد البشرية؛
*«مصلحة المكتبيات وتدبير المستعملين.
- «قسم الميزانية والتجهيزات؛
-«قسم امن نظم المعلومات، ويتكون من المصلحتين التاليتين:
- «معهد التكوين الجمركي.
*«مصلحة امتثال امن نظم المعلومات؛
-«قسم الموارد البشرية، ويتكون من المصالح التالية:
*«مصلحة مراقبة امن نظم المعلومات.
*«مصلحة التنظيم وتثمين الموارد البشرية؛
وتضم ادارة الجمارك والضرائب غير المباشرة كذلك قسمين
*«مصلحة التسيير االداري للموظفين؛
ملحقين مباشرة بالمدير العاما لدارة الجمارك والضرائب غير المباشرة:
*«مصلحة العمل االجتماعي؛
- «قسم التفتيش؛
*«مصلحة التدبير الوظيفي وتحليل بيانات الموارد البشرية.
- «قسم االستراتيجية والتدقيق والتواصل.
- «قسم الميزانية والتجهيزات، ويتكون من المصالح التالية:
-«قسم التفتيش، ويتكون من المصالح التالية:
* «مصلحة الميزانية؛
* «مصلحة تفتيش مكاتب االمر بالصرف؛
* «مصلحة المشتريات؛
* «مصلحة تفتيش القباضات؛
* «مصلحة الممتلكات؛
* «مصلحة تفتيش الفيالق؛
* «مصلحة التجهيزات؛
* «مصلحة تفتيش المصالح االخرى؛
* «مختبر الجمارك.
* «مصلحة التفتيش الموضوعاتي.
- «معهد التكوين ",Fiscal,"Fiscal=4, Social=0, Administratif=0",Fiscal,True
556,BO_7513_Ar,الثانية,ar,"«قسم التطوير المعلوماتي؛
ينشر هذا القرار في الجريدة الرسمية.
- «قسم استاغلل نظم المعلومات؛
وحرر بالرباط في 19 من ذي القعدة 1447 (7 ماي 2026)
- «قسم امن نظم المعلومات.
- «قسم التطوير المعلوماتي، ويتكون من المصالح التالية:
االمضاء : نادية فتاح.",Indéterminé,"Fiscal=0, Social=0, Administratif=0",Indéterminé,False
557,BO_7515_Ar,14,ar,"من القانون رقم 104.12 المتعلق بحرية االسعار والمنافسة،
كما تم تغييره وتتميمه3201..................................................................................
عدد22 - 7515 جحلا وذ)) 22 22  22  وينوي)8 ي))8
نصوص عامة
قرار لوزير الشباب والثقافة والتواصل رقم 737.26 صادر في 14 من
شوال 1447 (2 ابريل 2026) بتحديد وتنظيم هياكل التعليم
-ابداء الراي بخصوص احداث المسالك ذات الصلة بمجاالت
واختصاصات الشعبة؛
والبحث بالمعهد العالي للفن المسرحي والتنشيط الثقافي.
-اقتراح احداث المسالك ذات الصلة بمجاالت واختصاصات
الشعبة؛
وزير الشباب والثقافة والتواصل،
بناء على المرسوم رقم 2.10.624
الصادر في 21 من ذي القعدة1432
 (19 اكتوبر 2011) باعادة تنظيم المعهد العالي للفن المسرحي والتنشيط
-السهر على السير العادي للوحدات والمسالك ذات الصلة بالشعبة؛
-حصر حاجياتها من االساتذة والموظفين ووسائل التجهيز والتسيير
الثقافي، كما وقع تغييره وتتميمه، اول سيما",Indéterminé,"Fiscal=0, Social=0, Administratif=0",Indéterminé,False
558,BO_7515_Ar,20,ar,"منه؛
وعرضها على مجلس المعهد؛
وباقتراح من مجلس المعهد العالي للفن المسرحي والتنشيط الثقافي؛
-تنظيم مباراة الولوج الخاصة بكل مسلك تابع للشعبة، او المسالك
المشتركة مع شعب اخرى، تحت اشراف ادارة المعهد؛
وبعد استاطلع راي مجلس التنسيق بتاريخ 25 مارس2026،
قرر  ما  يلي:
الباب االول
احكام عامة
-ابداء الراي بخصوص حركية اساتذة الشعبة؛
-تقديم اقتراحات حول تحسين جودة تدريس الوحدات وتطوير
البحث داخل الشعبة؛
المادة االولى
-اقتراح اتفاقيات مع الشركاء المختصين لتطوير البحث العلمي
والتدريس داخل الشعبة، وذلك بتنسيق مع ادارة المعهد؛
تحدد وتنظم هياكل التعليم والبحث بالمعهد العالي للفن المسرحي
والتنشيط الثقافي المشار اليه بعده ب« المعهد»، وفقا اللحكام الواردة
-ابداء الراي حول مشاريع االتفاقيات المقترحة على المعهد،
بهذا القرار.
الباب الثاني
هياكل التعليم بالمعهد
والمتعلقة بتخصصات الشعبة؛
-ابداء الراي حول مشاريع البحث ذات الصلة باختصاصات
الشعبة.",Indéterminé,"Fiscal=0, Social=0, Administratif=0",Indéterminé,False
560,BO_7515_Ar,4,ar,"تتكون هياكل التعليم بالمعهد من الشعب التالية:
ينتخب رئيس الشعبة ملدة اثلث (3) سنوات قابلة للتجديد مرة
واحدة، من قبل نظرائه من االساتذة المرسمين باغلبية االصوات،
وفي حالة تعذر حصول ذلك، تجرى دورة ثانية يعلن فيها فائزا المترشح
-شعبة الفنون الدرامية؛
-شعبة السينوغرافيا؛
الذي حصل على عدد اكبر من االصوات .
-شعبة التنشيط الثقافي.
يتولى الرئيس تسيير الشعبة، وتناط به المهام التالية:
وتشتمل كل شعبة على مجموعة من الوحدات المرتبطة فيما بينها،
وتضم اساتذة باحثين واساتذة التعليم الفني ينتمون للشعبة بحكم
-تنسيق االعمال البيداغوجية واعمال البحث داخل الشعبة؛
تخصصهم، وكذا موظفين اداريين وتقنيين.
-السهر على احترام مضامين دفاتر الضوابط البيداغوجية الوطنية
المتعلقة بالمسالك التابعة للشعبة؛",Indéterminé,"Fiscal=0, Social=0, Administratif=0",Indéterminé,False
561,BO_7515_Ar,3,ar,"السهر على االستخدام االمثل لجميع الوسائل المتاحة للشعبة؛
تضطلع الشعبة باالختصاصات التالية:
-ضمان التواصل وتبادل المعلومات داخل الشعبة؛
-السهر على تطبيق برامج التعليم والبحث ذات الصلة بالشعبة؛
-التنسيق مع ادارة المعهد فيما يخص التدبير وتجويد التعليم
-المشاركة في تنظيم وتوزيع مهام التدريس بين اساتذة الشعبة، وفق
والخدمات؛
الكيفيات المنصوص عليها في النظام الداخلي للمعهد؛
-تحديد جدول اعمال اجتماعات الشعبة والسهر على انجاز تقارير
-وضع مشروع البرنامج السنوي الخاص باالنشطة العلمية للشعبة،
وعرضه على مجلس المعهد؛
االجتماعات المنعقدة.
 3170الجريدة الرسميةعدد22 - 7515 جحلا وذ)) 22 22  22  وينوي)8 ي))8
يعد رئيس الشعبة تقريرا عن انشطة التعليم والبحث، ويعرضه
على اعضاء الشعبة عند نهاية كل سنة دراسية، وترسل نسخة منه الى",Indéterminé,"Fiscal=0, Social=0, Administratif=0",Indéterminé,False
562,BO_7515_Ar,7,ar,"يتولى مجلس الشعب المهام التالية:
مجلس الشعبة ومجلس المعهد.
-السهر على تطبيق برامج التعليم والبحث بالمعهد؛
يمكن لرئيس الشعبة االستعانة باستاذ)ة (للنيابة عنه في حال
تعذر حضوره، كما يمكن له تشكيل مجموعات عمل، كلما اقتضت
الحاجة لذلك، قصد دراسة مواضيع محددة، وذلك بتنسيق مع ادارة
-تنسيق انشطة الشعب؛
-اقتراح الوحدات والمسالك؛
المعهد .
-ابداء الراي في توجيه الطلبة؛",Indéterminé,"Fiscal=0, Social=0, Administratif=0",Indéterminé,False
563,BO_7515_Ar,5,ar,"ابداء الراي في طلبات البحث؛
تجتمع الشعبة بدعوة من رئيسها وتحت رئاسته اثلث مرات في
السنة على االقل، لدراسة جدول االعمال المحدد من لدن الرئيس
-تنسيق االعمال البيداغوجية واعمال البحث داخل المعهد؛
-السهر على االستخدام االمثل لجميع الوسائل المتاحة للمعهد؛
باقتراح من االعضاء .
-ضمان التواصل وتبادل المعلومات ما بين مختلف الشعب.
ويعتبر االجتماع صحيحا بحضور نصف عدد االعضاء على االقل،
وفي حالة عدم توفر شرط النصاب، يتم عقد اجتماع ثان بعد ثمانية",Civil,"Civil=1, Fiscal=0, Social=0",Civil,False
564,BO_7515_Ar,8,ar,"ايام على االكثر دون التقيد بشرط النصاب .
يجتمع مجلس الشعب، بدعوة من مدير)ة (المعهد، اثلث مرات
في السنة على االقل، وكلما اقتضت الحاجة الى ذلك، وفق الكيفيات
تتخذ القرارات باغلبية اصوات االعضاء الحاضرين .
المحددة في النظام الداخلي للمعهد.
يتولى عضو من الشعبة، يتم اختياره من قبل نظرائه، تحرير
محضر عن كل اجتماع، والذي يتم ارسال نسخة منه من قبل رئيس
الباب الثالث
الشعبة الى مدير)ة (المعهد .
هياكل البحث بالمعهد
وتحدد كيفيات سير الشعبة في النظام الداخلي للمعهد.",Indéterminé,"Fiscal=0, Social=0, Administratif=0",Indéterminé,False
566,BO_7515_Ar,6,ar,"تتكون هياكل البحث بالمعهد من :
يحدث لدى المعهد مجلس الشعب، يتكون من:
-فريق البحث؛
-مدير)ة (المعهد، رئيسا؛
-مختبر البحث؛
-المدير)ة (المساعد)ة (المكلف بالشؤون البيداغوجية والبحث،
-مركز الدراسات في الدكتوراه.
عضوا؛
الفصل االول
-المدير)ة (المساعد)ة (المكلف بالتكوين المستمر والتداريب، عضوا؛
فريق البحث
-الكاتب)ة (العام)ة(، عضوا؛",Indéterminé,"Fiscal=0, Social=0, Administratif=0",Indéterminé,False
567,BO_7515_Ar,10,ar,"رؤساء الشعب، اعضاء؛
يشكل فريق البحث الوحدة االساس لنظام البحث، ويتخذ المعهد
-منسقي المسالك، اعضاء؛
كمقر له.
-مدير مركز الدكتوراه، عضوا؛
يحدث فريق البحث بمقرر ملدير)ة (المعهد، وذلك ملدة اربع (4)
سنوات قابلة للتجديد على اساس ملف مقدم من لدن المسؤول عن
-اساتذة او شخصيات، او هما معا عند االقتضاء، باقتراح من
رئيس مجلس الشعب  .
الفريق ونظام داخلي مصادق عليه من لدن مجلس المعهد.
الجريدة الرسمية3171
عدد22 - 7515 جحلا وذ)) 22 22  22  وينوي)8 ي ))8
يتشكل فريق البحث حول موضوع للبحث يندرج ضمن
اختصاصات المعهد، ويتالف، على االقل، من اثلثة اساتذة باحثين
يجدد اعتماد فريق البحث بقرارم لدير)ة (المعهد على اساس تقارير
تقييم انشطته، وبعد استاطلع راي مجلس المعهد.
دائمين بالمعهد، وطلبة يحضرون شهادة الدكتوراه.
الفصل الثاني",Indéterminé,"Fiscal=0, Social=0, Administratif=0",Indéterminé,False
568,BO_7515_Ar,11,ar,"مختبر البحث
يسير فريق البحث استاذ باحث يمارس عمله بشكل دائم بالمعهد
وينتمي الطار اساتذة التعليم العالي، وفي حالة عدم توفره، يعوض",Indéterminé,"Fiscal=0, Social=0, Administratif=0",Indéterminé,False
569,BO_7515_Ar,15,ar,"يتكون مختبر البحث من فريقين للبحث على االقل، يكونان
باستاذ محاضر مؤهل من المعهد.
معتمدين مسبقا.
وينتخب المسؤول عن فريق البحث من بين اعضاء فريق البحث
اخلل مدة االعتماد وفق النظام الداخلي لفريق البحث المنصوص
يساهم مختبر البحث في انشطة التكوين او التاطير من اجل البحث
او هما معا، كما يتولى انشطة البحث والتنمية استجابة ملتطلبات
عليه في",Indéterminé,"Fiscal=0, Social=0, Administratif=0",Indéterminé,False
570,BO_7515_Ar,10,ar,"ااعله.
القطاع السوسيو-اقتصادي.",Indéterminé,"Fiscal=0, Social=0, Administratif=0",Indéterminé,False
572,BO_7515_Ar,16,ar,"يمكن لفريق البحث ان يضم اساتذة باحثين من مؤسسات اخرى
يحدث مختبر البحث بمقرر ملدير)ة (المعهد، وذلك ملدة اربع
سنوات قابلة للتجديد على اساس ملف مقدم من طرف مسؤول
كاعضاء منتسبين في حدود عضوين على االكثر.
ال يمكن الستاذ باحث االنتماء اال لفريق بحث واحد، في حين
المختبر ونظام داخلي مصادق عليه من طرف مجلس المعهد.
يمكنه ان يكون عضوا منتسباا لحد الفرق او المختبرات.
يتضمن ملف انشاء مختبر البحث مخطط عمل يمتدا لربع (4)
 سنوات",Indéterminé,"Fiscal=0, Social=0, Administratif=0",Indéterminé,False
573,BO_7515_Ar,13,ar,"يتمحور حول:
-موضوعات ومحاور البحث المزمع تطويرها من طرف المختبر؛
يتضمن ملف انشاء فريق البحث المشار اليه في",Indéterminé,"Fiscal=0, Social=0, Administratif=0",Indéterminé,False
574,BO_7515_Ar,10,ar,"ااعله
مخطط عمل يمتدا لربع (4) سنوات، ويتمحور حول العناصر التالية:
-المخطط المستقبلي المتعلق بالبحث العلمي والتكوين بالبحث
وتقويم نتائج البحوث؛
-موضوعات ومحاور البحث المزمع تطويرها من قبل الفريق؛
-الشراكة على المستوى الوطني او الدولي او هما معا؛
-البرنامج المستقبلي المتعلق بالبحث العلمي والتكوين بالبحث
وتقويم نتائج البحوث؛
-الحاجيات اللوجيستيكية والبشرية والمادية للمختبر؛
-الشراكة على المستويين الوطني او الدولي او هما معا؛
-المؤاهلت العلمية للمختبر؛
-المؤاهلت العلمية للفريق، خاصة من حيث االنتاج العلمي
-اسم المسؤول واسماء اعضاء مختبر البحث وكذا سيرتهم الذاتية؛
والمهارات المكتسبة؛
-النظام الداخليم لختبر البحث مصادق عليه من طرف االعضاء.
-اسم المسؤول واسماء اعضاء فريق البحث وكذا سيرتهم الذاتية؛",Indéterminé,"Fiscal=0, Social=0, Administratif=0",Indéterminé,False
575,BO_7515_Ar,17,ar,"النظام الداخلي لفريق البحث مصادق عليه من طرف اعضاء
يسير مختبر البحث استاذ باحث يمارس عمله بشكل دائم بالمعهد،
وينتمي الطار اساتذة التعليم العالي، وفي حالة عدم توفره، يعوض
الفريق.",Indéterminé,"Fiscal=0, Social=0, Administratif=0",Indéterminé,False
576,BO_7515_Ar,14,ar,"باستاذ محاضر مؤهل من المعهد.
يقدم مسؤول فريق البحث تقريرا سنويا عن انشطة فريقه الى
مدير)ة (المعهد، كما يقدم اليه تقييما العمال الفريق كل اربع (4)
ينتخب المسؤول عن مختبر البحث من بين اعضائه، اخلل مدة
االعتماد، وفق النظام الداخلي ملختبر البحث المنصوص عليه في
سنوات للتحقق من بلوغ االهداف المسطرة.",Indéterminé,"Fiscal=0, Social=0, Administratif=0",Indéterminé,False
578,BO_7515_Ar,18,ar,"تحدث لدى مختبر البحث هيئة علمية من اجل التقييم، تتكون
من اعضاء مختلف فرق البحث المكونة له، او من شخصيات علمية
وطنية او دولية، وكذا من ممثلين عن الوسط السوسيو - اقتصادي.
تحدد كيفيات سير هذه الهيئة العلمية في النظام الداخلي ملختبر
البحث.",Indéterminé,"Fiscal=0, Social=0, Administratif=0",Indéterminé,False
579,BO_7515_Ar,19,ar,"يقدم المسؤول عن مختبر البحث تقارير سنوية عن انشطة المختبر
الى مجلس المعهد، كما يقدم له تقييما العمال المختبر كل اربع (4)
سنوات للتحقق من بلوغ االهداف المسطرة.",Indéterminé,"Fiscal=0, Social=0, Administratif=0",Indéterminé,False
580,BO_7515_Ar,20,ar,"يجدد اعتماد مختبر البحث بقرار ملدير)ة (المعهد على اساس
تقارير تقييم انشطته المعدة من طرف هيئته العلمية، وبعد استاطلع
راي مجلس المعهد.
الفصل الثالث
مركز الدراسات في الدكتوراه",Indéterminé,"Fiscal=0, Social=0, Administratif=0",Indéterminé,False
581,BO_7515_Ar,21,ar,"ينظم سلك الدكتوراه في اطار مركز للدراسات يحدث بالمعهد
ومعترف به من لدن مجلس التنسيق، ويشار اليه بعده ب«المركز»،
ويمكن له االنضمام الى مثايلته بباقي مؤسسات التعليم العالي، وفق
معايير وكيفيات تحدد بمقرر مشترك للسلطتين الحكوميتين المكلفتين
بالثقافة وبالتعليم العالي.
يشتغل المركز على تدبير وتنسيق انشطة تكوين الدكتوراه
والبحث العلمي.",Indéterminé,"Fiscal=0, Social=0, Administratif=0",Indéterminé,False
582,BO_7515_Ar,22,ar,"تحدد مهام المركز فيما يلي:
-اختيار طلبة سلك الدكتوراه وفق معايير واضحة ومحددة في دفتر
الضوابط العلمية والبيداغوجية الوطنية لسلك الدكتوراه؛
-استقبال طلبة سلك الدكتوراه وتامين تاطير علمي لهم في هياكل
البحث المعتمدة لدى المعهد؛
-االشراف على التكوينات التكميلية لطلبة الدكتوراه لتمكينهم من
اعداد مشاريع مهنية وتيسير اندماجهم في الحياة العملية وفقا
لدفتر الضوابط العلمية والبيداغوجية الوطنية لسلك الدكتوراه؛
 3172الجريدة الرسميةعدد22 - 7515 جحلا وذ)) 22 22  22  وينوي)8 ي))8
-توحيد الفرق البيداغوجية وفرق البحث من اجل تقاسم الوسائل
والرؤى بخصوص عرض التكوين في الدكتوراه بالمعهد؛
-اقتراح الطلبة اللستفادة من منح الدكتوراه ومنح التميز؛
-تنسيق انشطة المركز مع مجلس المعهد؛
-السهر على عرض تكوينات في سلك الدكتوراه مرتبطة بتخصصات
المعهد؛
-عقد اتفاقيات شراكة مع مؤسسات التعليم العالي او البحث
الوطنية او الدولية الستقبال طلبة سلك الدكتوراه او ضمان
تكوينات لفائدتهم.
اعلوة على المهام السالفة الذكر، يوفر المركز للطلبة بسلك
الدكتوراه ما يلي:
-االنفتاح الفكري على التخصصات االخرى؛
-امكانية اجراء دورات تدريبية بالوسط مانلهي؛
-امكانية تبادل التجارب بين طلبة الدكتوراه وطنيا ودوليا؛
-امكانية تنظيم محاضرات وندوات ولقاءات علمية لتكثيف
التباادلت الوطنية والدولية؛
-امكانية اشراك القطاع السوسيو-اقتصادي في البحوث التي
هم بصدد انجازها.",Social,"Social=1, Civil=1, Fiscal=0",Social,False
583,BO_7515_Ar,23,ar,"يعين مدير المركز من لدن مدير)ة (المعهد باقتراح من مسؤولي
هياكل البحثم لدة اربع (4) سنوات قابلة للتجديد مرة واحدة، ويتولى
المهام التالية:
-تامين سير المركز وتنسيق مجموع انشطته والسهر على حسن
سيرها؛
-تنسيق عمل مختبرات البحث من اجل ترشيد استعمال الموارد
وتوحيد التوجهات فيما يتعلق بعروض تكوين الدكتوراه الخاص
بالمعهد؛
-السهر على تطبيق واحترام مقتضيات دفتر الضوابط العلمية
والبيداغوجية الوطنية لسلك الدكتوراه بالمعهد؛
-ضمان احترام وتطبيق النظام الداخلي للمعهد داخل المركز؛
-السهر على تنفيذ تكوين سلك الدكتوراه بالمركز؛
-ضمان تنظيم تكوينات الزامية وتكميلية لطلبة الدكتوراه؛
-االضاطلع بمهمة كتابة مجلس المركز؛
-السهر على احترام ميثاق االطروحات؛
الجريدة الرسمية3173
عدد22 - 7515 جحلا وذ)) 22 22  22  وينوي)8 ي ))8
-السهر على التدبير االمثل للموارد المخصصة للمركز؛",Indéterminé,"Fiscal=0, Social=0, Administratif=0",Indéterminé,False
584,BO_7515_Ar,26,ar,"تحدث داخل مجلس المركز اللجان الدائمة التالية:
-اقتراح مناقشة االطروحات على مدير)ة (المعهد، وذلك بعد
موافقة المشرف على االطروحة وكذا رئيس واعضاء لجنة مناقشة
-لجنة االطروحات؛
االطروحة؛
-اللجنة المكلفة بالتكوينات التكميلية االلزامية؛
-تقديم تقرير سنوي عن انشطة المركز لكل من مجلس المركز
ومجلس المعهد .كما يقدم هذا التقرير الى مدير)ة (المعهد بعد
-اللجنة البيداغوجية.
يحدد تاليف واختصاصات هذه اللجان وكيفيات سيرها في النظام
موافقة مجلس المركز عليه.
الداخلي للمركز.",Indéterminé,"Fiscal=0, Social=0, Administratif=0",Indéterminé,False
586,BO_7515_Ar,27,ar,تتكون لجنة تقييم البحث الذي تنجزه هياكل البحث المحددة في,Indéterminé,"Fiscal=0, Social=0, Administratif=0",Indéterminé,False
587,BO_7515_Ar,9,ar,"ااعله من اربعة اساتذة للتعليم العالي، وفي حالة تعذر ذلك،
اساتذة محاضرين مؤهلين يعينهم مجلس المعهد يكون احدهم على
يتشكل مجلس المركز من:
-مدير)ة (المعهد، رئيسا؛
-مدير)ة (المركز؛
االقل من خارج المعهد .ويراس هذه اللجنة مدير)ة (المعهد.",Indéterminé,"Fiscal=0, Social=0, Administratif=0",Indéterminé,False
588,BO_7515_Ar,28,ar,"المدير)ة (المساعد المكلف بالشؤون البيداغوجية والبحث؛
ينشر هذا القرار بالجريدة الرسمية.
-المدير)ة (المساعد المكلف بالتكوين المستمر والتداريب؛
وحرر بالرباط في 14 من شوال 1447 (2 ابريل 2026)
-رؤساء الشعب؛
االمضاء : محمد المهدي بنسعيد.
-مسؤولي هياكل البحث المعتمدة والمنخرطة بالمركز؛
-ممثلين اثنين (2) عن طلبة الدكتوراه ينتخبهما الطلبة ملدة سنتين
قرار لوزير الشباب والثقافة والتواصل رقم 855.26 صادر في
 28من شوال 1447 (16 ابريل 2026) بتحديد تاليف لجنة
دراسة طلبات عروض المشاريع المرشحة للدعم في مجال
قابلتين للتجديد مرة واحدة؛
-شخصيتين من خارج المركز يتم تعيينهما من قبل مدير)ة (
المعهد باقتراح من مدير المركز وفقا  لكفاءتهما في المجال العلمي
المسرح وكيفيات اشتغالها ومهامها.
والسوسيو -اقتصادي او هما معام لدة اربع (4) سنوات .
وزير الشباب والثقافة والتواصل،
بناء على القرار المشترك لوزير الشباب والثقافة والتواصل والوزير
المنتدب لدى وزيرة االقتصاد والمالية المكلف بالميزانية رقم 378.26
الصادر في 28 من شعبان 1447 (17 فبراير 2026) بشان دعم المشاريع",Indéterminé,"Fiscal=0, Social=0, Administratif=0",Indéterminé,False
589,BO_7515_Ar,25,ar,"يسهر مجلس المركز على:
-تنظيم مسطرة انتقاء الطلبة المرشحين للتسجيل في الدكتوراه؛
الثقافية والفنية في مجال المسرح، اول سيما",Indéterminé,"Fiscal=0, Social=0, Administratif=0",Indéterminé,False
590,BO_7515_Ar,10,ar,"منه،
-التاطير العلمي والبيداغوجي للطلبة وفق التكوينات المعتمدة؛
قرر ما يلي:
المادة االولى
-توزيع االمكانات المخصصة للمركز؛
تتالف لجنة دراسة طلبات عروض المشاريع المرشحة للدعم في
مجال المسرح، المشار اليهم في",Indéterminé,"Fiscal=0, Social=0, Administratif=0",Indéterminé,False
591,BO_7515_Ar,10,ar,"من القرار المشترك لوزير
الشباب والثقافة والتواصل والوزير المنتدب لدى وزيرة االقتصاد
والمالية المكلف بالميزانية رقم 378.26 الصادر في 28 من شعبان 1447
 (17 فبراير 2026) المشار اليه ااعله، من ممثلين عن السلطة الحكومية
المكلفة بالثقافة وعن السلطات الحكومية المعنية، وكذا من شخصيات
-اقتراح المرشحين اللستفادة من منح الدكتوراه؛
-احترام ميثاق االطروحات؛
-المصادقة على تقارير المركز؛
-اعتماد نظام داخلي للمركز وتغييره وتتميمه عند االقتضاء؛
-تتبع مختلف انشطة المركز بتنسيق مع ادارة المعهد.
وذوي الخبرات في مجال المسرح والمهن المرتبطة به.
يعين رئيس واعضاء هذه اللجنة بمقرر للسلطة الحكومية المكلفة
بالثقافة .
يتولى قسم المسرح بمديرية الفنون اعمال كتابة هذه اللجنة.",Social,"Social=1, Fiscal=0, Administratif=0",Social,False
592,BO_7515_Ar,الثانية,ar,"تتولى لجنة دراسة طلبات عروض المشاريع المرشحة للدعم في
مجال المسرح المهام التالية:
-وضع خطة عملها بناء على الرؤية المؤطرة للدعم التي تضعها
السلطة الحكومية المكلفة بالثقافة، وكذا االجراءات المنظمة
الشغالها؛
-دراسة وانتقاء المشاريع المستوفية للشروط المطلوبة والمعايير التي
تم اعتمادها اللستفادة من الدعم، والمنصوص عليها في القرار
المشترك رقم 378.26 المشار اليه ااعله؛
-تحديد مستويات ومبالغ الدعم المقرر منحه للمشاريع المنتقاة؛
-معاينة العروض المنجزة والمصادقة على مدى مطابقتها ملكونات
ملفات الترشيح؛
-االاطلع على التقارير المنجزة بخصوص ترويج العروض واالقامات
الفنية البداع النصوص المسرحية وانجاز البحوث العلمية
المسرحية والورشات التكوينية وفحصها والمصادقة عليها؛
-الموافقة على تغيير اسم المشروع المرشح، سواء على مستوى
التصورات الفنية او على مستوى المساهمين في العمل او على اي
مستوى اخر؛
-اعداد الردود واالجوبة عن استفسارات اصحاب المشاريع الذين
لم يحصلوا على الدعم، ووضعها رهن اشارة كتابة اللجنة.
المادة الثالثة
تجتمع اللجنة في دورتين في السنة وكلما دعت الضرورة الى ذلك،
باستدعاء من رئيسها .وتتخذ قراراتها باغلبية االصوات، وفي حالة
تعادل االصوات يكون صوت الرئيس مرجحا.
المادة الرابعة
ال تكون مدااولت اللجنة صحيحة اال بحضور ثلثي اعضائها، وفي
حالة عدم توفر النصاب يكون االجتماع الموالي صحيحا بمن حضر
على اال يقل عدد الحاضرين عن خمسة اعضاء باالضافة الى الرئيس .
وتسجل مدااولت وقرارات اللجنة في سجل خاص بمحاضر
االجتماعات، وتوقع من لدن االعضاء الحاضرين.
 3174الجريدة الرسميةعدد22 - 7515 جحلا وذ)) 22 22  22  وينوي)8 ي))8
وفي حالة تغيب احد اعضاء اللجنة عن اثلث اجتماعات متتالية
او خمس اجتماعات متفرقة بدون عذر مقبول، يتم تعويضه بنفس
كيفية التعيين المشار اليها في المادة االولى ااعله.
المادة الخامسة
تقوم اللجنة بمعاينة االعمال المسرحية او العروض المعادة
بالنسبةم لجالي االنتاج والتوطين بحضور اثلثة من اعضائها على االقل.
كما تقوم بمعاينة االعمال المسرحية المرشحة للجاولت المسرحية
الوطنية بحضور اغلبية اعضائها على االقل.
المادة السادسة
ال يحق الي عضو من اعضاء اللجنة ان يكون مشاركا او طرفا
مستفيدا، باي شكل من االشكال، من اي مشروع مرشح اللستفادة
من دعم المشاريع الثقافية والفنية في مجال المسرح.
المادة السابعة
تتولى كتابة لجنة دراسة طلبات عروض المشاريع المرشحة للدعم
في مجال المسرح المهام التالية:
-ارسال دعوات حضور االجتماعات الى اعضاء اللجنة مرفقة
بجدول االعمال، وذلك بتنسيق مع رئيس اللجنة؛
-فرز طلبات عروض المشاريع المرشحة للدعم في مجال المسرح
حسب االصناف املشار اليها في القرار المشترك رقم 378.26 المشار
اليه ااعله؛
-فحص ملفات عروض المشاريع المرشحة للدعم للتاكد من توفر
الشروط المنصوص عليها في",Indéterminé,"Fiscal=0, Social=0, Administratif=0",Indéterminé,False
593,BO_7515_Ar,6,ar,"من القرار المشترك رقم 378.26
السالف الذكر؛
-تقديم تقرير مفصل للجنة، قبل اناطلق اشغالها، حول وضعية
تلك الطلبات ومدى وفاء اصحابها بااللتزامات السابقة تجاه قطاع
الثقافة والمؤسسات التابعة له.
المادة الثامنة
ينشر هذا القرار بالجريدة الرسمية.
وحرر بالرباط في 28 من شوال 1447 (16 ابريل 2026)
االمضاء : محمد المهدي بنسعيد.
الجريدة الرسمية3175
عدد22 - 7515 جحلا وذ)) 22 22  22  وينوي)8 ي ))8
قرر ما يلي:
المادة االولى
قرار لوزير الصناعة والتجارة رقم 943.26
صادر في 23 من
ذي القعدة 1447 (11 ماي 2026) باجبارية تطبيق مواصفة
تعتبر اجبارية التطبيق المواصفة القياسية المغربية ذات المرجع
 NM 01.4.510ومالتعلقة بالبيليت الفاولذي غير السبائكي المدرفل
قياسية مغربية.
على الساخن والمخصص لقضبان التسليح وقضبان ااسلك الصلب-
المواصفات العامة.
وزير الصناعة والتجارة،",Indéterminé,"Fiscal=0, Social=0, Administratif=0",Indéterminé,False
594,BO_7515_Ar,الثانية,ar,"بناء على القانون رقم 12.06 المتعلق بالتقييس والشهادة بالمطابقة
تثبت المطابقة للمواصفة القياسية المشار اليها في المادة االولى
ااعله، باعلمة مطابقة المنتوج او دفعة من المنتوج، المسلمة طبقا
واالعتماد الصادر بتنفيذه الظهير الشريف رقم 1.10.15 بتاريخ
للتشريع الجاري به العمل.
من صفر 1431 (11 فبراير 2010)، كما وقع تتميمه، اول سيما
المادة الثالثة",Indéterminé,"Fiscal=0, Social=0, Administratif=0",Indéterminé,False
595,BO_7515_Ar,33,ar,"منه؛
ينشر هذا القرار بالجريدة الرسمية، ويعمل به بعد انصرام اجل
وبعد االاطلع على مقرر مدير المعهد المغربي للتقييس رقم 2376.24
اثلثة اشهر ابتداء من تاريخ نشره بالجريدة الرسمية.
وحرر بالرباط في 23 من ذي القعدة 1447 (11 ماي 2026)
الصادر في 16 من ربيع االول 1446 (20 سبتمبر 2024) القاعضي
بالمصادقة على مواصفات قياسية مغربية،
االمضاء :رياض مزور.
 3176عدد22 - 7515 جحلا وذ)) 22 22  22  وينوي)8 ي))8
نصوص خاصة
مرسوم رقم 2.26.324 صادر في 4 ذي  الحجة 1447 (21 ماي 2026) بااعلن ان المنفعة العامة تقغضي باستاغلل الفوسفاط
واقامة منشاتا لجل ذلك وبنزع ملكية القطعتين االرضيتين االلزمتين لهذا الغرض لفائدة المجمع الشريف للفوسفاط
ش.م باقليم خريبكة.
رئيس الحكومة،
بناء على القانون رقم 7.81
المتعلق بنزع الملكية الجل المنفعة العامة وباالحاتلل المؤقت، الصادر بتنفيذه الظهير الشريف
رقم 1.81.254 بتاريخ 11 من رجب 1402 (6 ماي 1982)؛
وعلى القانون رقم 46.07 القاعضي بتحويل المكتب الشريف للفوسفاط الى شركة مساهمة الصادر بتنفيذه الظهير الشريف
رقم 1.08.15 بتاريخ 18 من صفر 1429 (26 فبراير 2008)؛
وعلى المرسوم رقم 2.82.382 الصادر في 2 رجب 1403 (16 ابريل 1983) بتطبيق القانون رقم 7.81 المشار اليه ااعله؛
وعلى المرسوم رقم 2.08.252 الصادر في فاتح جمادى االخرة 1429 (5 يونيو 2008) بتطبيق القانون رقم 46.07 السالف
الذكر؛
وبعد االاطلع على ملف البحث االداري المباشر بمقر جماعة بني سمير باقليم خريبكة من 12 فبراير الى 12 ابريل 2025؛
وباقتراح من وزيرة االنتقال الطاقي والتنمية المستدامة وبعد استشارة وزير الداخلية،
رسم ما يلي:
المادة االولى
يعلن ان المنفعة العامة تقغضي باستاغلل الفوسفاط واقامة منشاتا لجل ذلك بجماعة بني سمير باقليم خريبكة.",Fiscal,"Fiscal=1, Administratif=1, Civil=1",Fiscal,False
596,BO_7515_Ar,الثانية,ar,"تنزع بناء على ما ذكر، ملكية القطعتين االرضيتين االلزمتين لهذا الغرض والمبينتين في الجدول بعده والمعلم عليهما بلون
احمر في المخطط التجزيئي ذي المقياس 1/1000 الملحق باصل هذا المرسوم:
المساحة
اسماء مااللك او ذوي حق عيني او العنوان
المرجع
العقاري
رقم
القطعة
رقم المخطط
املحظات
المظنون انهم كذلك
التجزيئي
س
ار
ه
ورثة اليازيد بن الحاج محمد بن
58ارض افلحية
دوار ااولد بوعل
ي01
جماعة بني سمير
زعري
1غير محفظة
OIK/TP-PP
64206ارض افلحية
ورثة السعيدي محمد03
2غير محفظة
المادة الثالثة - .يخول حق نزع الملكية الى الرئيس المدير العام للمجمع الشريف للفوسفاط ش.م.
المادة الرابعة - .يسند تنفيذ هذا المرسوم، الذي ينشر بالجريدة الرسمية، الى وزيرة االنتقال الطاقي والتنمية المستدامة
والرئيس المدير العام للمجمع الشريف للفوسفاط ش.م، كل واحد منهما فيما يخصه.
وحرر بالرباط في 4 ذي الحجة 1447 (21 ماي 2026)
االمضاء : عزيز اخنوش.
وقعه بالعطف:
وزيرة االنتقال الطاقي والتنمية المستدامة،
االمضاء : ليلى بنعلي.
مرسوم رقم 2.26.336 صادر في 4 ذي  الحجة 1447 (21 ماي 2026)
بااعلن ان المنفعة العامة تقغضي بالفصل عن النظام الغابوي
لاثلث قطع ارضية تابعة للملك الغابوي وضمها الى ملك
الدولة الخاص، قصد بناء منشات عسكرية باقليم افران.
رئيس الحكومة،
بناء على الظهير الشريف الصادر في 20
من ذي الحجة1335
(10 اكتوبر 1917) المتعلق بالمحافظة على الغابات واستاغللها، كما
وقع تغييره وتتميمه، اول سيما الفصل الثاني منه؛
وعلى القانون رقم 52.20 المتعلق باحداث الوكالة الوطنية للمياه
والغابات الصادر بتنفيذه الظهير الشريف رقم 1.21.71
بتاريخ
3ذي الحجة 1442 (14 يوليو 2021)، كما وقع تغييره؛
وعلى المرسوم رقم 2.58.1371
الصادر في 29 من ذي القعدة1378
(6 يونيو 1959) في تحديد تاليف اللجنة المكلفة بابداء رايها في حالة
فصل ااملك عن النظام الغابوي وفي كيفية تسيير شؤونها؛
وعلى المرسوم رقم 2.24.990 الصادر في 24 من ربيع االخر 1446
(28 اكتوبر 2024) المتعلق باختصاصات وزير الافلحة والصيد
البحري والتنمية القروية والمياه والغابات؛
وبعد االاطلع على طلب الوزير المنتدب لدى رئيس الحكومة
المكلف بادارة الدفاع الوطني؛
وعلى محضري اللجنة االدارية المكلفة بابداء الراي في حالة
فصل ااملك عن النظام الغابوي المجتمعة بتاريخ 8
ديسمبر2015
و 7اكتوبر 2021؛
وعلى محضري اللجنة االدارية للخبرة المجتمعة بتاريخ
8ديسمبر 2015 و 7اكتوبر 2021؛
وبعد استشارة وزير الداخلية ووزيرة االقتصاد والمالية؛
واستشارة عامل اقليم افران؛
وباقتراح من وزير الافلحة والصيد البحري والتنمية القروية
والمياه والغابات،
الجريدة الرسمية3177
عدد22 - 7515 جحلا وذ)) 22 22  22  وينوي)8 ي ))8
رسم ما يلي:
المادة االولى
يعلن ان المنفعة العامة تقغضي بالفصل عن النظام الغابوي لاثلث
قطع ارضية مساحتها االجمالية 1 ه و 8ار و 39س، تابعة لغابة
ازرو) قطعة ارضية مساحتها 1 ه و 6ار : جزء من الرسم العقاري
عدد 57/12708 وقطعتان ارضيتان مساحتهما 2 ار و 39س : جزء
من الرسم العقاري عدد(57/12709، والواقعة بجماعتي تكريكرة
وبن صميم باقليم افران، وذلك قصد بناء منشات عسكرية.
وقد رسمت حدود القطع االرضية المذكورة، اعلوة على ذلك،
في التصميمين الملحقين باصل هذا المرسوم.",Urbain,"Urbain=2, Fiscal=1, Administratif=1",Urbain,False
597,BO_7515_Ar,الثانية,ar,"تضم القطع االرضية موضوع الفصل المشار اليها في المادة االولى
ااعله الى ملك الدولة الخاص.
المادة الثالثة
تحدد القيمة التجارية للقطع االرضية موضوع الفصل عن النظام
الغابوي في مبلغ قدره 165.009,80 درهم.
المادة الرابعة
تدفع الوزارة المنتدبة لدى رئيس الحكومة المكلفة بادارة الدفاع
الوطني مبلغا قدره 165.009,80 درهم الى صندوق اعادة توظيف
ااملك الدولة) سطر المياه والغابات المخصصا لقتناء اراض للتشجير (
بعد صدور هذا المرسوم في الجريدة الرسمية.
المادة الخامسة
يسند تنفيذ هذا المرسوم، الذي ينشر بالجريدة الرسمية، الى
وزير الافلحة والصيد البحري والتنمية القروية والمياه والغابات
ووزير الداخلية ووزيرة االقتصاد والمالية، كل واحد منهم فيما يخصه.
وحرر بالرباط في 4 ذي الحجة 1447 (21 ماي 2026)
االمضاء : عزيز اخنوش.
وقعه بالعطف:
وزير الافلحة والصيد البحر
ي
والتنمية القروية والمياه والغابات،
االمضاء : احمد البواري.
وزير الداخلية،
االمضاء : عبد الوافي لفتيت.
وزيرة االقتصاد والمالية،
االمضاء : نادية فتاح.
 3178الجريدة الرسميةعدد22 - 7515 جحلا وذ)) 22 22  22  وينوي)8 ي))8
مرسوم رقم 2.26.398 صادر في 4 ذي  الحجة 1447 (21 ماي 2026)
بتجديد ااعلن المنفعة العامة القاضية ببناء سد بني عزيمان
مرسوم رقم 2.26.427 صادر في 22 من ذي  الحجة 1447 (8 يونيو 2026)
بالموافقة على التصميم والنظام المتعلق به الموضوعين لتهيئة
باقليم الدريوش.
قطاع لعسارة بجماعة بني بويفرور باقليم الناضور وباالاعلن
ان في ذلك منفعة عامة.
رئيس الحكومة،
بناء على القانون رقم 7.81 المتعلق بنزع الملكيةا لجل المنفعة العامة
وباالحاتلل المؤقت، الصادر بتنفيذه الظهير الشريف رقم 1.81.254
رئيس الحكومة،
بتاريخ 11 من رجب 1402 (6 ماي 1982)؛
بناء على القانون التنظيمي رقم 113.14 المتعلق بالجماعات الصادر
وعلى المرسوم رقم 2.82.382 الصادر في 2 رجب 1403
بتنفيذه الظهير الشريف رقم 1.15.85
بتاريخ 20 من رمضان1436
(16 ابريل 1983) بتطبيق القانون رقم 7.81 المشار اليه ااعله؛
(7 يوليو 2015)؛
وعلى المرسوم رقم 2.21.410 الصادر في 5 ذي القعدة 1442
وعلى القانون رقم 12.90 المتعلق بالتعمير الصادر بتنفيذه
(16 يونيو 2021) بااعلن ان المنفعة العامة تقغضي ببناء سد بني عزيمان
الظهير الشريف رقم 1.92.31
بتاريخ 15 من ذي الحجة1412
باقليم الدريوش؛
(17 يونيو 1992)، كما وقع تتميمه؛
وعلى المرسوم رقم 2.23.742 الصادر في 2 ربيع االول 1445
 (18 سبتمبر 2023) بتجديد ااعلن المنفعة العامة القاضية ببناء سد
وعلى المرسوم رقم 2.92.832 الصادر في 27 من ربيع االخر 1414
بني عزيمان باقليم الدريوش؛
(14 اكتوبر 1993) بتطبيق القانون رقم 12.90 المشار اليه ااعله؛
وباقتراح من وزير التجهيز والماء،
وعلى المرسوم رقم 2.21.833
الصادر في 14 من ربيع االول1443
رسم ما يلي:
(21 اكتوبر 2021) المتعلق باختصاصات وزيرة اعداد التراب الوطني
المادة االولى
والتعمير واالسكان وسياسة المدينة؛
يجدد طبقا ملقتضيات الفصل 7 من القانون رقم 7.81 المشار
اليه ااعله ااعلن المنفعة العامة القاضية ببناء سد بني عزيمان باقليم
الدريوش وذلك حسب التصميم الموقعي ذي المقياس 1/50.000
وبعد االاطلع على محضر اللجنة التقنية المحلية اخلل اجتماعها
المنعقد بتاريخ 26 اكتوبر 2023؛
الملحق باصل هذا المرسوم.
وعلى نتائج البحث العلني المباشر بجماعة بني بويفرور من 12 ماي",Fiscal,"Fiscal=1, Social=0, Administratif=0",Fiscal,False
598,BO_7515_Ar,الثانية,ar,"الى 11 يونيو 2025؛
يسند تنفيذ هذا المرسوم، الذي ينشر بالجريدة الرسمية، الى
وعلى محضر مدااولت مجلس جماعة بني بويفرور المجتمع اخلل
وزير التجهيز والماء.
دورته االستثنائية المنعقدة بتاريخ 18 يونيو 2025؛
وحرر بالرباط في 4 ذي الحجة 1447 (21 ماي 2026)
وعلى محضر مدااولت اللجنة المكلفة بدراسة تعرضات العموم
االمضاء : عزيز اخنوش.
واقتراحات المجلس المنعقدة بتاريخ 9 ابريل 2026؛
وقعه بالعطف:
وباقتراح من وزيرة اعداد التراب الوطني والتعمير واالسكان
وزير التجهيز والماء،
وسياسة المدينة،
االمضاء : نزار بركة.
قرر ما يلي:
رسم ما يلي:
المادة االولى
يوافق على التصميم رقم 01/AUNDG/2025 والنظام المتعلق به
الموضوعين لتهيئة قطاع لعسارة بجماعة بني بويفرور باقليم الناضور
وباالاعلن ان في ذلك منفعة عامة.",Fiscal,"Fiscal=1, Administratif=1, Social=0",Fiscal,False
599,BO_7515_Ar,الثانية,ar,"يسند تنفيذ هذا المرسوم، الذي ينشر بالجريدة الرسمية، الى
وزيرة اعداد التراب الوطني والتعمير واالسكان وسياسة المدينة
ورئيس مجلس جماعة بني بويفرور، كل واحد منهما فيما يخصه.
وحرر بالرباط في 22 من ذي الحجة 1447 (8 يونيو 2026)
االمضاء : عزيز اخنوش.
وقعه بالعطف:
وزيرة اعداد التراب الوطني والتعمير
واالسكان وسياسة المدينة،
االمضاء : فاطمة الزهراء المنصوري.
قرار لوزير التجهيز والماء رقم 866.26 صادر في 6 ذي القعدة 1447
 (24 ابريل 2026) بافتتاح بحث عمومي يتعلق بتحديد الملك
العمومي المينائي مليناء الناضور غرب المتوسط بجماعة
المادة االولى ااعله.
ايعزازن باقليم الناضور باولية جهة الشرق.
وزير التجهيز والماء،
بناء على الظهير الشريف الصادر في 7 شعبان) 1332 فاتح يوليو (1914
في شان االاملك العمومية، كما وقع تغييره وتتميمه، اول سيما الفصل
السابع منه؛
وعلى القانون رقم 15.02 المتعلق بالموانئ واحداث الوكالة الوطنية
للموانئ وشركة استاغلل الموانئ الصادر بتنفيذه الظهير الشري
ف
رقم 1.05.146
بتاريخ 20 من شوال 1426 (23 نوفمبر 2005)،
اول سيما",Administratif,"Administratif=1, Fiscal=0, Social=0",Administratif,False
600,BO_7515_Ar,3,ar,"منه؛
وعلى المرسوم رقم 2.22.150 الصادر في 5 شوال 1443 (6 ماي 2022)
المتعلق بتحديد الملك العمومي للدولة، اول سيما",Indéterminé,"Fiscal=0, Social=0, Administratif=0",Indéterminé,False
601,BO_7515_Ar,3,ar,"منه،
الجريدة الرسمية3179
عدد22 - 7515 جحلا وذ)) 22 22  22  وينوي)8 ي ))8
المادة االولى
يجرى بحث عمومي ملدة شهرين، من 27 اغسطس الى
27اكتوبر 2026 بجماعة ايعزازن باقليم الناضور، وذلك بشان
تحديد الملك العمومي المينائيم ليناء الناضور غرب المتوسط.",Indéterminé,"Fiscal=0, Social=0, Administratif=0",Indéterminé,False
602,BO_7515_Ar,الثانية,ar,"تتالف اللجنة الخاصة بالبحث العمومي من:
-ممثل السلطة المحليةا ليعزازن، رئيسا؛
-ممثل عن المديرية االقليمية للتجهيز والنقل واللوجيستيك
بالناضور، مكلفا بسكرتارية اللجنة؛
-ممثل رئيس مجلس جماعة ايعزازن؛
-ممثل عن مصلحة المسح العقاري بالناضور؛
-ممثل عن مصلحة المحافظة العقارية بالناضور.
المادة الثالثة
يودع، لهذا الغرض، ملف البحث العمومي والسجل المعد لتلقي
التعرضات او مااللحظات المتعلقة بمشروع التحديد بمقر جماعة
ايعزازن التابعة القليم الناضور اخلل فترة البحث المذكورة ف
ي
يتعين على جماعة ايعزازن، وفقا ملقتضيات",Administratif,"Administratif=3, Fiscal=0, Social=0",Administratif,False
603,BO_7515_Ar,6,ar,"من المرسوم
رقم 2.22.150 الصادر في 5 شوال 1443 (6 ماي 2022) المشار اليه ااعله،
وضع نسخة من هذا القرار والملف المرفق به، المتضمن على الخصوص
التصميم واحداثيات الحدود المقترحة للملك العمومي المينائي المكون
مليناء الناضور غرب المتوسط بمكاتبها، رهن اشارة العموم اللاطلع
عليها واالادلء، عند االقتضاء، بتعرضاتهم او املحظاتهم.
المادة الرابعة
ينشر هذا القرار في الجريدة الرسمية.
وحرر بالرباط في 6 ذي القعدة 1447 (24 ابريل 2026)
االمضاء : نزار بركة.
وزير الشباب والثقافة والتواصل،
اول سيما",Indéterminé,"Fiscal=0, Social=0, Administratif=0",Indéterminé,False
604,BO_7515_Ar,10,ar,"منه؛
قرر ما يلي:
-عبد االله عاجل، رئيسا؛
-صفية معناوي، عضوا؛
-سكينة الفضايلي، عضوا؛
-ايمان الرغاي، عضوا؛
-سالم ابلل، عضوا؛
-امل بنويس، عضوا؛
-عبد اللطيف فردوس، عضوا؛
-عمر سحنون، عضوا؛
-زهور حميش، عضوا؛
-اسماء لقماني، عضوا؛
-سيدي رضوان الشرقاوي، عضوا.
ينشر هذا المقرر بالجريدة الرسمية.
 3180الجريدة الرسميةعدد22 - 7515 جحلا وذ)) 22 22  22  وينوي)8 ي))8
مقرر لوزير الشباب والثقافة والتواصل رقم 854.26
صادر في 28 من شوال 1447 (16 ابريل 2026)
بتعيين رئيس واعضاء لجنة دراسة طلبات عروض المشاريع المرشحة للدعم في مجال المسرح
بناء على القرار المشترك لوزير الشباب والثقافة والتواصل والوزير المنتدب لدى وزيرة االقتصاد والمالية المكلف بالميزانية
رقم 378.26
الصادر في 28 من شعبان 1447 (17 فبراير 2026) بشان دعم المشاريع الثقافية والفنية في مجال المسرح،
وعلى قرار وزير الشباب والثقافة والتواصل رقم 855.26 الصادر في 28 من شوال 1447 (16 ابريل 2026) بتحديد تاليف
لجنة دراسة طلبات عروض المشاريع المرشحة للدعم في مجال المسرح وكيفيات اشتغالها ومهامها، اول سيما المادة االولى منه،
المادة االولى
تشكل لجنة دراسة طلبات عروض المشاريع المرشحة للدعم في مجال المسرح برسم سنتي 2027-2026 من االعضاء التاليين:",Indéterminé,"Fiscal=0, Social=0, Administratif=0",Indéterminé,False
605,BO_7515_Ar,الثانية,ar,"وحرر بالرباط في 28 من شوال 1447 (16 ابريل 2026)
االمضاء : محمد المهدي بنسعيد.
مقرر لوزير النقل واللوجيستيك رقم 857.26 صادر في 3 ذي القعدة 1447
 (21 ابريل 2026) باالذن بالتخلي عن ملكية القطع االرضية االلزمة
لبناء خط سككي للقطارات ذات السرعة العالية بين القنيطرة
ومراكش من ن.ك 04+360 الى ن.ك 07+368 بمقاطعة عين
السبع بعمالة مقاطعات عين السبع الحي المحمدي باولية جهة
قرر ما يلي:
الدار البيضاء - سطات.
وزير النقل واللوجيستيك،
بناء على الظهير الشريف رقم 1.63.225
الصادر في 14 من ربيع
االول 1383 (5 اغسطس 1963) المتعلق باحداث المكتب الوطني
المقرر:
للسكك الحديدية كما وقع تغييره وتتميمه؛
ارقام
القطع
االرضية
بالتصميم
وعلى القانون رقم 7.81 المتعلق بنزع الملكية الجل المنفعة العامة
وباالحاتلل المؤقت الصادر بتنفيذه الظهير الشريف رقم 1.81.254
بتاريخ 11 من رجب 1402 (6 ماي 1982)؛
رسم عقاري
عدد32/2781 :
وعلى القانون رقم 52.03 المتعلق بتنظيم الشبكة السككية
الوطنية وتدبيرها واستاغللها الصادر بتنفيذه الظهير الشريف
رقم 1.04.256 بتاريخ 25 من ذي القعدة 1425 (7 يناير 2005)؛
رسم عقاري
عددC/39142 :
وعلى المرسوم رقم 2.82.382
الصادر في 2 رجب1403
 (16 ابريل 1983) بتطبيق القانون رقم 7.81 المشار اليه ااعله؛
رسم عقاري
عددC/39141 :
وبعد االاطلع على المرسوم رقم 2.23.1019
الصادر في 8 جمادى
االولى 1445 (22 نوفمبر 2023) بااعلن ان المنفعة العامة تقغضي ببناء
خط حديدي للقطارات ذات السرعة العالية بين القنيطرة ومراكش
بوالية جهة الرباط - اسل - القنيطرة واولية جهة الدار البيضاء -
رسم عقاري
عددC/39141 :
سطات واولية جهة مراكش - اسفي، كما وقع تغييره؛
وعلى المرسوم رقم 2.25.955 الصادر في 2 رجب 1447
 (23 ديسمبر 2025) بتجديد ااعلن المنفعة العامة التي تقغضي ببناء
خط حديدي للقطارات ذات السرعة العالية بين القنيطرة ومراكش
بوالية جهة الرباط - اسل - القنيطرة واولية جهة الدار البيضاء -
الحديدية.
سطات واولية جهة مراكش - اسفي؛
وعلى ملف البحث االداري المباشر من 27 اغسطس الى
 27اكتوبر 2025 بمقاطعة عين السبع بعمالة مقاطعات عين السبع
الحي المحمدي؛
وبعد استشارة وزير الداخلية،
الجريدة الرسمية3181
عدد22 - 7515 جحلا وذ)) 22 22  22  وينوي)8 ي ))8
المادة االولى
يؤذن بالتخلي عن ملكية القطع االرضية االلزمة لبناء خط سككي
للقطارات ذات السرعة العالية بين القنيطرة ومراكش من ن.ك
04+360الى ن.ك 07+368 بمقاطعة عين السبع بعمالة مقاطعات عين
السبع الحي المحمدي، الواردة في الجدول اسفله والمعلم عليها باللون
االحمر في التصميم التجزيئي ذي المقياس 1/1000 الملحق باصل هذا
المساحة
المرجع العقارياسم المالك او المفترض انه
كذلك وعنوانه
املحظات
س
ار
الشركة المدنية العقارية لي
داهلياس
مقاطعة عين السبع بعمالة
ارض عارية.
مقاطعات عين السبع
الحي المحمدي.
شركة JACOB DOUWE
 EGBERTS MA SARL AU
ارض عارية
عقار مثقل برهن
ش.م.م .من شريك واحد
مقاطعة عين السبع بعمالة
جبري.
مقاطعات عين السبع
الحي المحمدي.
الشركة المدنية مارسو
مقاطعة عين السبع بعمالة
ارض عارية.
مقاطعات عين السبع
الحي المحمدي.
الشركة المدنية مارسو
مقاطعة عين السبع بعمالة
ارض عارية.
مقاطعات عين السبع
الحي المحمدي.",Fiscal,"Fiscal=4, Civil=2, Commercial=1",Fiscal,False
606,BO_7515_Ar,الثانية,ar,"يفوض حق نزع الملكية الى المدير العام للمكتب الوطني للسكك
المادة الثالثة
ينشر هذا المقرر بالجريدة الرسمية.
وحرر بالرباط في 3 ذي القعدة 1447 (21 ابريل 2026)
االمضاء : عبد الصمد قيوح.
 3182الجريدة الرسميةعدد22 - 7515 جحلا وذ)) 22 22  22  وينوي)8 ي))8
مقرر لوزير التجهيز والماء رقم 898.26 صادر في 16 من ذي القعدة 1447 (4 ماي 2026) باالذن بالتخلي عن ملكية القطع
االرضية الحبسية االلزمة لبناء سد سيدي عبو) الحقينة (باقليمي تاونات وتازة
وزير التجهيز والماء،
بناء على القانون رقم 7.81
المتعلق بنزع الملكية الجل المنفعة العامة وباالحاتلل المؤقت الصادر بتنفيذه الظهير الشريف
رقم 1.81.254 بتاريخ 11 من رجب 1402 (6 ماي 1982)؛
وعلى المرسوم رقم 2.82.382 الصادر في 2 رجب 1403 (16 ابريل 1983) بتطبيق القانون رقم 7.81 المشار اليه ااعله؛
وعلى المرسوم رقم 2.20.502 الصادر في 29 من ذي الحجة 1441 (19 اغسطس 2020) بااعلن ان المنفعة العامة تقغضي ببناء
سد سيدي عبو على واد اللبن باقليمي تاونات وتازة؛
وعلى المرسوم رقم 2.25.31 الصادر في 12 من شعبان 1446 (11 فبراير 2025) بتجديد ااعلن المنفعة العامة التي تقغضي
ببناء سد سيدي عبو على واد اللبن باقليمي تاونات وتازة؛
وبعد االاطلع على ملف البحث االدارى المباشر من 2 يونيو الى2  اغسطس 2021 بجماعات عين معطوف، البرارحة
وابني افراسن باقليمي تاونات وتازة؛
وباقتراح من وزير التجهيز والماء وبعد استشارة وزير الداخلية وموافقة وزير االوقاف والشؤون االاسلمية،
قرر ما يلي:
المادة االولى
يؤذن بالتخلي عن ملكية القطع االرضية المبينة في الجدول صحبته والمعلم عليها باللون االحمر في التصاميم التجزيئي
ة
ذات المقياس 1/2.000 المضافة الى اصل هذا المقرر:
الجريدة الرسمية3183
عدد22 - 7515 جحلا وذ)) 22 22  22  وينوي)8 ي))8",Civil,"Civil=2, Fiscal=0, Social=0",Civil,False
607,BO_7515_Ar,الثانية,ar,".ينشر هذا المقرر بالجريدة الرسمية.
 3184الجريدة الرسميةعدد22 - 7515 جحلا وذ)) 22 22  22  وينوي)8 ي))8
وحرر بالرباط في 16 من ذي القعدة 1447 (4 ماي 2026)
االمضاء : نزار بركة.
الجريدة الرسمية3185
عدد22 - 7515 جحلا وذ)) 22 22  22  وينوي)8 ي ))8
قرار لوالي جهة طنجة - تطوان - الحسيمة رقم 705.26 صادر في
 13من شوال) 1447 فاتح ابريل (2026 بالموافقة على قرار
عامل اقليم شفشاون باقرار مخطط تنمية الكتلة العمرانية
وبعد االاطلع على موافقة ممثل وزارة الافلحة والصيد البحري
والتنمية القروية والمياه والغابات بتاريخ 10 سبتمبر 2025؛
وعلى راي ممثل وزارة التجهيز والماء بتاريخ 16 يوليو 2025؛
وعلى الراي الذي ابداه مجلس جماعة بني سميح اخلل الدورة
القرويةم لركز بني سميح بجماعة بني سميح.
االستثنائية المنعقدة بتاريخ 15 نوفمبر 2025؛
وعلى نتائج البحث االداري المباشر من 17 نوفمبر الى
والي جهة طنجة - تطوان - الحسيمة،
بناء على الظهير الشريف رقم 1.60.063
الصادر في 30 من
ذي الحجة 1379 (25 يونيو 1960) بشان توسيع نطاق العمارات
16ديسمبر 2025 بمقر الجماعة االنفة الذكر،
قرر ما يلي:
مادة فريدة
يقر مخطط تنمية الكتلة العمرانية القروية ملركز بني سميح بجماعة
بني سميح باقليم شفشاون) المخطط رقم (PDAR 05/2025 AUTE
القروية، كما وقع تغييره وتتميمه؛
وعلى الظهير الشريف رقم 1.59.351
الصادر في فاتح جمادى
االخرة 1379
(2 ديسمبر 1959) بشان التقسيم االداري للمملكة،
كما وقع تغييره وتتميمه بالمرسوم رقم 2.15.716
بتاريخ 9 ذي
الملحق باصل هذا القرار.
الحجة 1436 (23 سبتمبر 2015)؛
وعلى قرار وزير الداخلية رقم 2862.25
الصادر في 14 من جمادى
قرار لوالي جهة طنجة - تطوان - الحسيمة رقم 853.26 صادر في
 4ذي القعدة 1447 (22 ابريل 2026) بالموافقة على قرار
عامل اقليم شفشاون باقرار مخطط تنمية الكتلة العمرانية
االخرة 1447 (5 ديسمبر 2025) بتفويض االمضاء،
قرر ما يلي:
المادة االولى
القرويةم لركز جماعة امتار والجزء التابع لجماعة بني بوزرة.
يوافق على قرار عامل اقليم شفشاون الملحق بهذا القرار المتضمن
اقرار مخطط تنمية الكتلة العمرانية القرويةم لركز بني سميح بجماعة
والي جهة طنجة - تطوان - الحسيمة،
بناء على الظهير الشريف رقم 1.60.063
الصادر في 30 من
ذي الحجة 1379 (25 يونيو 1960) بشان توسيع نطاق العمارات
بني سميح) المخطط رقم.(PDAR 05/2025 AUTE",Administratif,"Administratif=2, Urbain=1, Fiscal=0",Administratif,False
608,BO_7515_Ar,الثانية,ar,"القروية كما وقع تغييره وتتميمه؛
ينشر هذا القرار بالجريدة الرسمية.
وعلى الظهير الشريف رقم 1.59.351
الصادر في فاتح جمادى
االخرة 1379
(2 ديسمبر 1959) بشان التقسيم االداري للمملكة،
كما وقع تغييره وتتميمه بالمرسوم رقم 2.15.716
بتاريخ 9 ذي
وحرر بطنجة في 13 من شوال) 1447 فاتح ابريل.(2026
االمضاء : يونس التازي.
*
الحجة 1436 (23 سبتمبر 2015)؛
وعلى قرار وزير الداخلية رقم 2862.25
الصادر في 14 من جمادى
* *
االخرة 1447 (5 ديسمبر 2025) بتفويض االمضاء،
ملحق بقرار والي جهة طنجة - تطوان - الحسيمة رقم 705.26
قرر ما يلي:
المادة االولى
يوافق على قرار عامل اقليم شفشاون الملحق بهذا القرار المتعلق
باقرار مخطط تنمية الكتلة العمرانية القرويةم لركز جماعة امتار والجزء
الصادر في 13
من شوال) 1447 فاتح ابريل (2026 بالموافقة
على قرار عامل اقليم شفشاون باقرار مخطط تنمية
الكتلة العمرانية القرويةم لركز بني سميح بجماعة بني سميح
باقليم شفشاون
التابع لجماعة بني بوزرة) المخطط رقم.(PDAR/02/2025 AUTE
قرار لعامل اقليم شفشاون باقرار مخطط تنمية الكتلة العمرانية",Administratif,"Administratif=1, Urbain=1, Fiscal=0",Administratif,False
609,BO_7515_Ar,الثانية,ar,"القرويةم لركز بني سميح بجماعة بني سميح باقليم شفشاون
ينشر هذا القرار بالجريدة الرسمية.
وحرر بطنجة في 4 ذي القعدة 1447 (22 ابريل 2026)
عامل اقليم شفشاون،
بناء على الظهير الشريف رقم 1.60.063
الصادر في 30 من
ذي الحجة 1379 (25 يونيو 1960) بشان توسيع نطاق العمارات
االمضاء : يونس التازي.
*
* *
القروية كما وقع تغييره وتتميمه؛
 3186الجريدة الرسميةعدد22 - 7515 جحلا وذ)) 22 22  22  وينوي)8 ي))8
ملحق بقرار والي جهة طنجة - تطوان - الحسيمة رقم 853.26
وعلى الراي الذي ابداه ممثل وزارة التجهيز والماء بتاريخ
الصادر في 4
ذي القعدة 1447 (22 ابريل 2026) بالموافقة
على قرار عامل اقليم شفشاون باقرار مخطط تنمية الكتلة
28يونيو 2021؛
وعلى الراي الذي ابداه مجلس جماعة امتار اخلل دورته
العمرانية القرويةم لركز جماعة امتار والجزء التاب
ع
االستثنائية المنعقدة بتاريخ 11 يونيو 2025؛
لجماعة بني بوزرة
وعلى نتائج البحث االداري المباشر من 12 يونيو الى 11 يوليو 2025
بمقر الجماعة االنفة الذكر؛
قرار لعامل اقليم شفشاو
ن
باقرار مخطط تنمية الكتلة العمرانية القرويةم لركز جماعة امتار
وعلى الراي الذي ابداه مجلس جماعة بني بوزرة اخلل دورته
االستثنائية المنعقدة بتاريخ 25 نوفمبر 2025؛
والجزء التابع لجماعة بني بوزرة باقليم شفشاون
وعلى نتائج البحث االداري المباشر من 19 ماي الى 18 يونيو 2025
بمقر الجماعة االنفة الذكر،
عامل اقليم شفشاون،
قرر ما يلي:
بناء على الظهير الشريف رقم 1.60.063
الصادر في 30 من
ذي الحجة 1379 (25 يونيو 1960) بشان توسيع نطاق العمارات
مادة فريدة
القروية كما وقع تغييره وتتميمه؛
يقر مخطط تنمية الكتلة العمرانية القروية ملركز جماعة امتار
والجزء التابع لجماعة بني بوزرة) المخطط رقم (PDAR/02/2025 AUTE
وبعد االاطلع على موافقة ممثل وزارة الافلحة والصيد البحري
والتنمية القروية والمياه والغابات بتاريخ 24 يونيو 2024؛
الملحق باصل هذا القرار.
مقرر  لوالي جهة الرباط - اسل - القنيطرة رقم 917.26 صادر في 16 من ذي القعدة 1447 (4 ماي 2026) باالذن بالتخلي عن
ملكية القطع االرضية االلزمةا لحداث طريق التهيئة المحددة في تصميم التهيئة الخاص بضفتي ابي رقراق
والي جهة الرباط - اسل - القنيطرة،
بناء على القانون رقم 16.04 المتعلق بتهيئة واستثمار ضفتي ابي رقراق الصادر بتنفيذه الظهير الشريف رقم 1.05.70 بتاريخ
20من شوال 1426 (23 نوفمبر 2005)؛
وعلى المرسوم رقم 2.05.1514 الصادر في 22 من شوال 1426 (25 نوفمبر 2005) بتطبيق القانون رقم 16.04؛
وبعد االاطلع على المرسوم رقم 2.23.738 الصادر في 7 صفر 1445 (24 اغسطس 2023) بالموافقة على تصميم التهيئة الخاص
بضفتي ابي رقراق والنظام المتعلق به وباالاعلن ان في ذلك منفعة عامة؛
وعلى ملف البحث العلني المباشر من 11 اكتوبر الى 15 نوفمبر 2023 بجماعة الرباط،
قرر ما يلي:
المادة االولى
يؤذن بالتخلي عن ملكية القطع االرضية االلزمة الحداث طريق التهيئة المحددة في تصميم التهيئة الخاص بضفتي ابي رقراق،
الواردة في الجدول بعده والمعلم عليها بلون احمر في التصميم التجزيئي ذي المقياس 1/500 المرفق باصل هذا المقرر:
الجريدة الرسمية3187
7ع8دد22 - 751 53 1جحلا وذ)) 22 22  22  وينوي)8 ي))8",Administratif,"Administratif=5, Civil=2, Fiscal=0",Administratif,False
610,BO_7515_Ar,الثانية,ar,".يفوض حق نزع الملكية الى مدير وكالة تهيئة ضفتي ابي رقراق.
المادة الثالثة - .ينشر هذا المقرر في الجريدة الرسمية.
 3188الجريدة الرسميةعدد22 - 7515 جحلا وذ)) 22 22  22  وينوي)8 ي))8
وحرر بالرباط في 16 من ذي القعدة 1447 (4 ماي 2026)
االمضاء : محمد يعقوبي.
نصوص عامة
قرار للوزيرة المنتدبة لدى رئيس الحكومة المكلفة باالنتقال الرقمي وااصلح
االدارة رقم 945.26 صادر في 23 من ذي القعدة 1447 (11 ماي 2026)
بتتميم قرار الوزير المنتدب لدى رئيس الحكومة المكلف بالوظيفة
العمومية وتحديث االدارة رقم 977.13
بتاريخ 7 جمادى االولى1434
 (19 مارس 2013) بتحديد قائمة الشهادات الوطنية غير المنصوص
عليها في االنظمة االساسية الخاصة، والمسلمة من طرف الجامعات
ومؤسسات التعليم والتكوين االخرى التابعة للقطاع العام،
المطلوبة لولوج مختلف درجات الوظيفة العمومية.
الوزيرة المنتدبة لدى رئيس الحكومة المكلفة باالنتقال الرقمي
وااصلح االدارة،
بعد االاطلع على قرار الوزير المنتدب لدى رئيس الحكومة
المكلف بالوظيفة العمومية وتحديث االدارة رقم 977.13
الصادر في
 7جمادى االولى 1434 (19 مارس 2013) بتحديد قائمة الشهادات
الوطنية غير المنصوص عليها في االنظمة االساسية الخاصة، والمسلمة
من طرف الجامعات ومؤسسات التعليم والتكوين االخرى التابعة
للقطاع العام، المطلوبة لولوج مختلف درجات الوظيفة العمومية،
كما وقع تغييره وتتميمه،
قررت ما يلي:
المادة االولى
تتمم، على النحو التالي، مقتضيات المادة االولى من قرار الوزير
المنتدب لدى رئيس الحكومة المكلف بالوظيفة العمومية وتحديث
االدارة المشار اليه ااعله رقم 977.13
الصادر في 7 جمادى االولى1434
 (19 مارس 2013)
«المادة االولى - .تحدد..........................................................................
• «درجة مهندس دولة:
- «شهادة« ماجيستير علوم »المسلمة من طرف جامعة االخوين
«بافران في التخصصات التالية:
.....................................................................................................«
.....................................................................................................«
*«الهندسة وعلوم التسيير...........................................................
*«االمن السيبراني )Master of Science in Cybersecurity(؛
عدد22 - 7515 جحلا وذ)) 22 22  22  وينوي)8 ي))8
نظام موظفي االدارات العامة
*«تحلايلت البيانات الضخمة )Master of Science in Big
Data Analytics(«؛
*«التكنولوجيا المالية )Master of Science in Financial
.Technology)«
- «شهادة مهندس زراعي ................................. للزراعة والبيطرة؛
- «شهادة مهندس المياه ........................................... للمهندسين.
• «درجة مساعد طبي:
........................................................................................................«
........................................................................................................«
• «درجة متصرف من الدرجة الثانية:
........................................................................................................«
........................................................................................................«
- «شهادة« ماجستير علوم في اللوجستية وتدبير سلسلة التوريد »
............................«جامعة االخوين بافران؛
- «شهادة ماجستير فنون في االتصال واالاعلم الرقمي )Master
 of Arts in Communication and Digital Media(«المسلمة
«من طرف جامعة االخوين بافران؛
- «شهادة ماجستير فنون في الذكاء االصطناعي والمجتمع البشري
 (Master of Arts in Artificial Intelligence and Human«
Society(«المسلمة من طرف جامعة االخوين بافران؛
- «شهادة ماجستير علوم في التسويق الرقمي والتحلايلت )Master
 of Science in Digital Marketing and Analytics(«المسلمة
«من طرف جامعة االخوين بافران؛
- «شهادة ماجستير علوم في الحكامة والتنمية والسياسات
«العمومية )Master of Science in Governance, Development
and Public Policy(«المسلمة من طرف جامعة االخوين بافران؛
- «شهادة الماستر في العلوم والتقنيات .................. كليات العلوم
«والتقنيات؛
........................................................................................................«
........................................................................................................«
- «شهادة العمالية .................. العلوم االاسلمية؛
- «دبلوم المعهد الوطني للتهيئة والتعمير.
•«درجة قائد مربي ممتاز:
........................................................................................................«
........................................................................................................«
•«درجة ممرض من الدرجة االولى:
- «االجازة المهنية، ................................ المعهد العالي لعلوم الصحة
«بسطات؛
- «االجازة في العلوم التمريضية : تخصص ممرض متعدد
«التخصصات، المسلمة من طرف المعهد العالي لعلوم الصحة
«بسطات؛
- «االجازة في ممرض صحة االسرة والصحة الجماعاتية المسلمة
«من طرف المعهد العالي لعلوم الصحة بسطات.
•«درجة قابلة من الدرجة االولى:
- «االجازة المهنية، مسلك : القاابلت ........................ لعلوم الصحة
«بسطات؛
- «االجازة في علوم القبالة المسلمة من طرف المعهد العالي لعلوم
«الصحة بسطات.
•«درجة تقني الصحة من الدرجة االولى:
- «االجازة المهنية المسلمة من طرف ........................ بسطات، في
«المسالك التالية:
.......................................................................................................«
.......................................................................................................«
*«تقني االجهزة ............................................................ البيوطبية؛
- «االجازة في علوم الصحة المسلمة من طرف المعهد العالي لعلوم
«الصحة بسطات، في المسالك التالية:
*«تقني في الفيزياء االشعاعية، علم االحياء االشعاعي والحماية
«من االشعاع؛
*«تقني االجهزة والصيانة البيوطبية؛
*«تكنولوجي المختبر البيوطبي؛
*«تكنولوجي الصحة والبيئة.
- «شهادة االجازة المهنية في مسلك االجهزة .............. للتكنولوجية.
)الباقيا ل تغيير فيه(.
 3190الجريدة الرسميةعدد22 - 7515 جحلا وذ)) 22 22  22  وينوي)8 ي))8",Urbain,"Urbain=1, Fiscal=0, Social=0",Urbain,False
611,BO_7515_Ar,الثانية,ar,"يعمل بهذا القرار ابتداء من تاريخ نشره بالجريدة الرسمية،
غير ان مفعوله يسري، بالنسبة للمعنيين باالمر الذين تم توظيفهم
قبل تاريخ النشر المذكور، ابتداء من تاريخ تعيينهم بموجب احدى
الشهادات الواردة في هذا القرار.
المادة الثالثة
ينشر هذا القرار بالجريدة الرسمية.
وحرر بالرباط في 23 من ذي القعدة 1447 (11 ماي 2026)
االمضاء : امل الافلح.
نصوص خاصة
وزارة االستثمار والتقائية وتقييم السياسات العمومية
استدراك خطا وقع بالجريدة الرسمية عدد 7510 بتاريخ 4 ذي
الحجة 1447 (21 ماي 2026) الصفحة2857
قرار للوزير المنتدب لدى رئيس الحكومة المكلف باالستثمار والتقائي
ة
وتقييم السياسات العمومية رقم 489.26
صادر في 13 من
رمضان 1447 (3 مارس 2026) بتحديد اختصاصات وتنظيم
االقسام والمصالح التابعة اللدارة المركزية لوزارة االستثمار
والتقائية وتقييم السياسات العمومية.
بادل من:",Indéterminé,"Fiscal=0, Social=0, Administratif=0",Indéterminé,False
612,BO_7515_Ar,15,ar,"يتولى قسم تقييم السياسات العمومية المهام التالية:
.......................................................................................
.......................................................................................
يقرا:",Indéterminé,"Fiscal=0, Social=0, Administratif=0",Indéterminé,False
613,BO_7515_Ar,15,ar,"يتولى قسم ماسسة تقييم السياسات العمومية المهام التالية:
.......................................................................................
.......................................................................................
عدد22 - 7515 جحلا وذ)) 22 22  22  وينوي)8 ي))8
مجلس المنافسة
قرار ملجلس المنافسة عدد/51
ق 2026/صادر في 5 شوال1447
 (24 مارس 2026) المتعلق بتولي شركة «NextChem S.p.A»
المراقبة الحصرية لشركة «Ballestra S.p.A» والشركتين التابعتين
لها «Buss ChemTech AG» و «Ballestra Engineering and
وبعد تبليغ السلطة الحكومية المكلفة بالمنافسة بنظير من ملف
التبليغ بتاريخ 29 من شعبان 1447 (18 فبراير 2026)؛
وبعد نشر ابلغ مجلس المنافسة حول مشروع التركيز االقتصادي
باحدى الجرائد الوطنية المخول لها نشر االاعلنات القانونية وبالموقع
االلكتروني للمجلس بتاريخ فاتح رمضان 1447 (19 فبراير 2026)
والذي منح اجل عشرة (10) ايام اللغيار المعنيين قصد ابداء
.Projects Pvt Ltd»
مجلس المنافسة،
بناء على القانون رقم 104.12 المتعلق بحرية االسعار والمنافسة
الصادر بتنفيذه الظهير الشريف رقم 1.14.116 بتاريخ 2 رمضان 1435
املحظاتهم حول عملية التركيز ااعله؛
وحيث ان المجلس لم يتوصل باي املحظة حول عملية التركيز
(30 يونيو 2014)، كما تم تغييره وتتميمه؛
االقتصادي المذكورة من الفاعلين والمتدخلين في السوق المعنية؛
وعلى القانون رقم 20.13 المتعلق بمجلس المنافسة الصادر
وبعد استكمال جميع وثائق الملف بتاريخ 19
من رمضان1447
 (9 مارس 2026)؛
بتنفيذه الظهير الشري
ف رقم 1.14.117 بتاريخ 2 رمضان1435
 (30 يونيو 2014)، كما تم تغييره وتتميمه؛
وبعد تقديم المقرر العام المساعد السيد عبد ااالله قشاءش
ي
ومقررة الموضوع للتقرير المعد بشان عملية التركيز المذكورة، وكذا
الاخلصات والتوصيات المنبثقة عنه، اخلل اجتماع الفرع المنعقد
وعلى المرسوم رقم 2.14.652
الصادر في 8 صفر1436
)فاتح ديسمبر (2014 بتطبيق القانون رقم 104.12 المتعلق بحرية
االسعار والمنافسة، كما تم تغييره وتتميمه؛
بتاريخ 5 شوال 1447 (24 مارس 2026)؛
وعلى المرسوم رقم 2.15.109
الصادر في 16 من شعبان1436
 (4 يونيو 2015) بتطبيق القانون رقم 20.13 المتعلق بمجلس المنافسة،
وحيث انه حسب مقتضيات",Social,"Social=1, Commercial=1, Fiscal=0",Social,False
614,BO_7515_Ar,13,ar,"من القانون رقم104.12،
كما تم تغييره وتتميمه، فانه يمكن تبليغ عملية التركيز االقتصادي
بمجرد ما يكون الطرف او االطراف المعنية قادرة على تقديم مشروع
مكتمل بما فيه الكفاية يسمح بدراسة الملف، اول سيما حينما تكون
قد ابرمت اتفاقا مبدئيا او وقعت رسالة نوايا او بمجرد االاعلن عن
كما تم تغييره وتتميمه؛
وعلى اجتماع فرع مجلس المنافسة المنعقد بتاريخ 5 شوال 1447
 (24 مارس 2026) طبقا ملقتضيات",Indéterminé,"Fiscal=0, Social=0, Administratif=0",Indéterminé,False
615,BO_7515_Ar,14,ar,"من القانون رقم20.13،
كما تم تغييره وتتميمه؛
وبعد تاكد رئيس الفرع من توفر النصاب القانونيا لعضاء الفرع
عرض عمومي؛
طبقام لقتضيات",Indéterminé,"Fiscal=0, Social=0, Administratif=0",Indéterminé,False
616,BO_7515_Ar,38,ar,"من النظام الداخلي للمجلس؛
وحيث يستفاد من عناصر الملف ان عملية التركيز المزمع القيام
بها كانت موضوع عقد تفويت واقتناء اسهم تم ابرامه بين االطراف
المعنية، بتاريخ 23 ديسمبر 2025 والذي ينص على شروط تولي شركة
 «NextChem S.p.A»المراقبة الحصرية لشركة «Ballestra S.p.A»
والشركتين التابعتين لها «Buss ChemTech AG» و «Ballestra
Engineering and Projects Pvt Ltd»، مما يجعلها خاضعة للتبليغ
وبناء على ملف تبليغ عملية التركيز االقتصادي المسجل لدى
االمانة العامة ملجلس المنافسة تحت عدد/024 ع.ت.ا 2026/بتاريخ
 22من شعبان 1447 (11 فبراير 2026)، المتعلق بتولي شركة
 «NextChem S.p.A»المراقبة الحصرية لشركة «Ballestra S.p.A»
والشركتين التابعتين لها «Buss ChemTech AG» و «Ballestra
Engineering and Projects Pvt Ltd»؛
طبقا للمادة 13 من القانون رقم104.12، كما تم تغييره وتتميمه؛
وعلى قرار المقرر العام ملجلس المنافسة السيد محمد هشام
بوعياد رقم 029/2026 بتاريخ 24 من شعبان 1447 (13 فبراير 2026)
القاعضي بتعيين السيدة بهيجة ستوات مقررة في الموضوع طبقاا لحكام",Commercial,"Commercial=2, Civil=1, Fiscal=0",Commercial,False
617,BO_7515_Ar,27,ar,"من القانون رقم 104.12 المتعلق بحرية االسعار والمنافسة،
وحيث ان مراقبة عملية التركيز االقتصادي من لدن مجلس
المنافسة تستوجب قبل الشروع في دراستها، التحقق من توفر
الشروط المنصوص عليها في المادتين 11 و 12من القانون رقم104.12،
كما تم تغييره وتتميمه؛
كما تم تغييره وتتميمه؛
وحيث ان",Indéterminé,"Fiscal=0, Social=0, Administratif=0",Indéterminé,False
618,BO_7515_Ar,11,ar,"تعرف عمليات التركيز االقتصادي الخاضعة
للتبليغ الى مجلس المنافسة بغرض دراستها والترخيص لها، كما ان",Indéterminé,"Fiscal=0, Social=0, Administratif=0",Indéterminé,False
619,BO_7515_Ar,12,ar,"تحدد اسقف رقم المعااملت الوطني او العمالي والذي يجب
ان يفوق االسقف المحددة بمقتغضى",Indéterminé,"Fiscal=0, Social=0, Administratif=0",Indéterminé,False
620,BO_7515_Ar,8,ar,"من المرسوم التطبيقي
رقم 2.14.652 المشار اليه ااعله، كما تم تغييره وتتميمه، او عندما
تنجز جميع المنشات التي تكون طرفا في عملية التركيز اخلل السنة
المدنية السابقة  اكثر من اربعين بالمائة (%40) من البيوع او الشراءات او
المعااملت االخرى في سوق وطنية للسلع او المنتوجات او الخدمات من
نفس النوع او القابلة اللستبدال او في جزء مهم من السوق المذكورة؛
وحيث ان العملية موضوع التبليغ تتعلق بتولي شركة «NextChem
 S.p.A»المراقبة الحصرية لشركة «Ballestra S.p.A» والشركتين
التابعتين لها «Buss ChemTech AG» و «Ballestra Engineering and
Projects Pvt Ltd»، وبالتالي فهي تشكل تركيزا حسب مدلول",Commercial,"Commercial=1, Fiscal=0, Social=0",Commercial,False
621,BO_7515_Ar,11,ar,"من القانون رقم104.12، كما تم تغييره وتتميمه؛
وحيث ان هذه العملية تخضع اللزامية التبليغ، الستيفائها شرطا
من الشروط المنصوص عليها في",Indéterminé,"Fiscal=0, Social=0, Administratif=0",Indéterminé,False
622,BO_7515_Ar,12,ar,"من القانون رقم 104.12
كما تم تغييره وتتميمه، وهو كون رقم المعااملت االجمالي العمالي دون
احتساب الرسوم،م لجموع المنشات او مجموعات االشخاص الذاتيي
ن
او االعتباريين االطراف في عملية التركيز يفوق مبلغ 1.2 مليار درهم؛
اعلوة على تجاوز رقم المعااملت دون احتساب الرسوم، المنجز
بالمغرب بشكل منفرد من قبل واحدة على االقل من المنشات او من
لدن مجموعة من االشخاص الذاتيين او االعتباريين اطراف في عملية
التركيز، مبلغ 50 مليون درهم، كما هو محدد في",Indéterminé,"Fiscal=0, Social=0, Administratif=0",Indéterminé,False
623,BO_7515_Ar,8,ar,"من المرسوم
رقم 2.14.652 كما تم تغييره وتتميمه؛
وحيث ان االطراف المعنية بهذه العملية هي:
•الجهة المقتنية »NextChem S.p.A« : وهي شركة اسهم خاضعة
للقانون االيطالي، مسجلة بالسجل التجاري لروما تحت عدد
16951401005، والكائن مقرها االجتماعي في Via di Vannina
 .88/94, 00156 Rome, Italieوتنشط الشركة في مجال البحث
العلمي واالبتكار التكنولوجي في خدمة، خصوصا، التحول الطاقي،
وقطاع الكيمياء الخضراء، واالقتصاد الدائري .وبوجه خاص في
تطوير الطرق الصناعية وخدمات الهندسة، وكذلك في توريد
المعدات والمواد المخصصة لبناء المنشات الصناعية بشكل عام .
وهي شركة تابعة ل«Groupe Maire»، وهي مجموعة صناعية
ايطالية، تنشط اساسا في تصميم وتوريد وبناء الوحدات
الصناعية على الصعيد العمالي .وتوفر حلاول متكاملة في مجال
الهندسة والبناء وكذا تكنولوجيات مستدامة في خدمة التحول
الطاقي .اول تزاول شركة «NextChem S.p.A.» اول مجموعتها اي
نشاط تجاري بالمغرب، اول تحقق فيه اي رقم معااملت؛
 3192الجريدة الرسميةعدد22 - 7515 جحلا وذ)) 22 22  22  وينوي)8 ي))8
•الجهات المستهدفة «Ballestra S.p.A.» : وهي شركة اسهم خاضعة
للقانون االيطالي، مسجلة بالسجل التجاري ملايلنو تحت عدد
13335930155، والكائن مقرها االجتماعي في Via P. Portaluppi,
17, Milan, Italie، وهي تمتلك شركتين تابعتين تداخلن ضمن
نطاق العملية:
-شركة : «Buss ChemTech AG» وهي شركة اسهم خاضعة للقانون
السويسري، الكائن مقرها االجتماعي ب Pratteln, Canton 4133
de Bâle-Campagne, Suisse، والمسجلة بالسجل التجاري ب
Canton Basel Landshaftتحت رقم CH-280.3.009.390-3؛
-شركة : «Ballestra Engineering and Projects Pvt. Ltd»
وهي شركة ذات مسؤولية محدودة خاضعة للقانون الهندي،
الكائن مقرها االجتماعي ب Unit No.0301i To 0301m,
 3éme étage, Brigade Twin Towers, Tower - 2 (beacon),
 pid No. 2-190-11/1-4 Cts No. 1529, Municipal No.
 11/1-4, Yeswanthpura, Bangalore, Karnataka, India,
560022، والمسجلة بالسجل التجاري ب Bengalore تحت
رقم.U74999KA2022FTC162135
وتنشط الشركة المستهدفة الى جانب شركتيها التابعتين لها «Buss
 ChemTech AG»و«Ballestra Engineering and Projects Pvt Ltd»،
في تصميم وتركيب وحدات االنتاج الكيميائي والبتروكيميائي، وكذا
تطوير تكنولوجيات خاصة في قطاعي االسمدة والمنتجات الكيميائية .
وهي تنشط في هذا المجال وطنيا في المغرب من اخلل مجموعة من
العقود التجارية التي تربطها بعاملئها في المغرب؛
وحيث يتبين من اخلل ملف التبليغ وتصريحات االطراف المبلغة،
ان مشروع عملية التركيز يهدف ا لى توسيع عرض القيمة لدى الجهة
المقتنية في قطاعي الكيمياء واالسمدة من اخلل اقتناء محفظة اضافية
من التكنولوجيات وتقديم عرض اكثر تكاامل في مختلف المشاريع
الصناعية .وتندرج هذه الصفقة كذلك ضمن استراتيجية رامية
الى دعم ازالة الكربون باالعتماد على تكنولوجيات حصرية لتعزيز
حضور مجموعة »Maire« في هذا المجال؛
وحيث انه في اطار التحليل التنافؠسي الذي قامت به مصالح مجلس
المنافسة المكلفة بالتحقيق والبحث واستنادا الى الوثائق التي وفرتها
االطراف المبلغة، تم تحديد السوق المعنية بشقيها، سوق الخدمة
واالمتداد الجغرافي للعملية، وذلك تطبيقا الحكام النقطة الثالثة من
الملحق رقم 1 المتعلق بملف التبليغ الخاص بعملية التركيز، المرفق
بالمرسوم رقم 2.14.652 المشار اليه ااعله كما تم تغييره وتتميمه،
حيث يعرف السوق المعنية بكونها السوق المناسبة المحددة حسب
نوع المنتوجات او الموقع الجغرافي، والتي يكون للعملية المبلغة اثر
عليها بصفة مباشرة او غير مباشرة؛
وحيث انه بعد االاطلع على وثائق الملف واعتمادا على نتائج
التحقيق المنجز بهذا الشان، فان السوق المعنية بهذه العملية هي
سوق خدمات الهندسة والتوريد واالنشاء «EPC» لوحدات االنتاج
الكيميائي؛
وحيث انه من ناحية التحديد الجغرافي ونظرا لخصائص العرض
والطلب داخل هاته السوق، فان تحديد السوق المرجعية لخدمات
الهندسة والتوريد واالنشاء «EPC» لوحدات االنتاج الكيميائي يكون
على المستوى العمالي، ويمكن ان يبقى التحديد مفتوحا، دون الحاجة
لتقسيم ادق؛
وحيث ان نتائج التحليل االقتصادي والتنافؠسي للعملية المرتقبة
الذي قامت به مصالح مجلس المنافسة المكلفة بالتحقيق والبحث،
اسفر عن كون العملية المبلغة ليس من شانها ان تخل بالمنافسة في
السوق المعنية، وذلك اللسباب التالية:
- 1لعدم وجود ترابط افقي بين انشطة الجهات اطراف العملية
على المستوى الوطني، نظرا لكون الجهة المقتنية ال تنشط في المغرب
وكذا لكون حصة سوق الجهة المستهدفة على مستوى السوق المعنية
ال تتجاوز 1 في المائة وطنيا .وبالرغم من وجود ترابط افقي بين انشطة
االطراف على المستوى العمالي فان حصة السوق التراكمية اللطراف
ستبقى ضئيلة ولن تتجاوز 3 في المائة عماليا بعد انجاز العملية، وبالتالي
فلن يترتب عنها اي تغيير في بنية السوق الحالية، من شانه خل
ق
او تعزيز وضع مهيمن داخلها؛
- 2لعدم وجود ترابط عمودي بين انشطة الجهات اطراف
العملية، وبالتالي فان العملية ال يترتب عنها اي تاثير عمودي على
مستوى السوق المعنية لخدمات الهندسة والتوريد واالنشاء «EPC»
لوحدات االنتاج الكيميائي على المستوى الوطني؛
- 3ال يوجد اي ترابط تكتلي بين انشطة الجهة المقتنية والجهة
المستهدفة داخل السوق المعنية لخدمات الهندسة والتوريد واالنشاء
«EPC»لوحدات االنتاج الكيميائي على المستوى الوطني.
وحيث انه اناطلقا مما سبق واستنادا الى الوثائق والمعطيات
التي وفرتها االطراف المبلغة، واالبحاث التي قامت بها مصالح مجلس
المنافسة المكلفة بالتحقيق والبحث، تبين على ان عملية التركيز المبلغة
لن يترتب عنها اي تاثير عمودي او افقي او تكتلي سلبي على المنافسة في
السوق المرجعية او في جزء مهم منهما،
الجريدة الرسمية3193
عدد22 - 7515 جحلا وذ)) 22 22  22  وينوي)8 ي ))8
قرر ما يلي:
المادة االولى
ان ملف تبليغ عملية التركيز االقتصادي المسجل لدى االمانة
العامة ملجلس المنافسة تحت عدد/024
ع.ت.ا 2026/بتاريخ 22 من
شعبان 1447 (11 فبراير 2026)، يستوفي الشروط القانونية.",Commercial,"Commercial=8, Administratif=3, Fiscal=0",Commercial,False
624,BO_7515_Ar,الثانية,ar,"يرخص مجلس المنافسة بعملية التركيز االقتصادي المتعلقة بتولي
شركة «NextChem S.p.A» المراقبة الحصرية لشركة «Ballestra
 S.p.A»والشركتين التابعتين لها «Buss ChemTech AG» و «Ballestra
.Engineering and Projects Pvt Ltd»
تم التداول بشان هذا القرار من لدن الفرع المذكور اخلل اجتماعه
المنعقد بتاريخ 5
شوال 1447 (24 مارس 2026)، طبقا الحكام",Commercial,"Commercial=1, Fiscal=0, Social=0",Commercial,False
625,BO_7515_Ar,14,ar,"من القانون رقم 20.13 المتعلق بمجلس المنافسة، كما تم
تغييره وتتميمه برئاسة السيد عبد العزيز الطالبي، وعضوية السيدين
منير مهدي والعيد محسو؟سي.
االمضاءات:
عبد العزيز الطالبي.
منير مهدي                         .العيد محسو؟سي.
قرار ملجلس المنافسة عدد/52
ق 2026/صادر في 5 شوال1447
 (24 مارس 2026) المتعلق بتولي المراقبة المشتركة لشركة
 »Segula Holding SAS«من طرف شركتي «Eiffel
Investment Group SAS»و.»Eurazeo SE«
مجلس المنافسة،
بناء على القانون رقم 104.12
المتعلق بحرية االسعار والمنافسة الصادر
بتنفيذه الظهير الشريف رقم 1.14.116
بتاريخ 2 رمضان1435
 (30 يونيو 2014)، كما تم تغييره وتتميمه؛
وعلى القانون رقم 20.13 المتعلق بمجلس المنافسة الصادر بتنفيذه
الظهير الشريف رقم 1.14.117
بتاريخ 2 رمضان 1435 (30 يونيو 2014)،
كما تم تغييره وتتميمه؛
وعلى المرسوم رقم 2.14.652
الصادر في 8 صفر1436
)فاتح ديسمبر (2014 بتطبيق القانون رقم 104.12 المتعلق بحرية
االسعار والمنافسة، كما تم تغييره وتتميمه؛
 3194الجريدة الرسميةعدد22 - 7515 جحلا وذ)) 22 22  22  وينوي)8 ي))8
وعلى المرسوم رقم 2.15.109
الصادر في 16 من شعبان1436
 (4 يونيو 2015) بتطبيق القانون رقم 20.13 المتعلق بمجلس المنافسة،
وحيث انه حسب مقتضيات",Indéterminé,"Fiscal=0, Social=0, Administratif=0",Indéterminé,False
626,BO_7515_Ar,13,ar,"من القانون رقم104.12،
كما تم تغييره وتتميمه، فانه يمكن تبليغ عملية التركيز االقتصادي
بمجرد ما يكون الطرف او االطراف المعنية قادرة على تقديم مشروع
مكتمل بما فيه الكفاية يسمح بدراسة الملف، اول سيما حينما تكون
قد ابرمت اتفاقا مبدئيا او وقعت رسالة نوايا او بمجرد االاعلن عن
كما تم تغييره وتتميمه؛
وعلى اجتماع فرع مجلس المنافسة المنعقد بتاريخ 5 شوال 1447
 (24 مارس 2026) طبقا ملقتضيات",Indéterminé,"Fiscal=0, Social=0, Administratif=0",Indéterminé,False
627,BO_7515_Ar,14,ar,"من القانون رقم20.13،
عرض عمومي؛
كما تم تغييره وتتميمه؛
وحيث يستفاد من عناصر الملف ان عملية التركيز المزمع
القيام بها كانت موضوع اتفاق مبدئي بين اطراف العملية بتاريخ
 3اكتوبر2025، ينص على شروط تولي المراقبة المشتركة لشركة
 »Segula Holding SAS«من طرف شركتي «Eiffel Investment
 Group SAS»و»Eurazeo SE«، مما يجعلها خاضعة للتبليغ طبقا
وبعد تاكد رئيس فرع مجلس المنافسة من توفر النصاب القانوني
العضاء الفرع طبقا ملقتضيات",Indéterminé,"Fiscal=0, Social=0, Administratif=0",Indéterminé,False
628,BO_7515_Ar,38,ar,"من النظام الداخلي ملجلس
المنافسة؛
للمادة 13 من القانون رقم104.12، كما تم تغييره وتتميمه؛
وبناء على ملف تبليغ عملية التركيز االقتصادي المسجل لدى
االمانة العامة ملجلس المنافسة تحت عدد/23 ع.ت.ا 2026/بتاريخ
وحيث ان مراقبة عمليات التركيز االقتصادي من لدن مجلس
المنافسة تستوجب قبل الشروع في دراستها التحقق من توفر الشروط
المنصوص عليها في المادتين 11 و 12من القانون رقم104.12، كما تم
من شعبان 1447 (11 فبراير 2026) املتعلق بتولي المراقبة المشتركة
لشركة »Segula Holding SAS« من طرف شركتي «Eiffel Investment
تغييره وتتميمه؛
Group SAS»و »Eurazeo SE«؛
وحيث ان",Indéterminé,"Fiscal=0, Social=0, Administratif=0",Indéterminé,False
629,BO_7515_Ar,11,ar,"تعرف عمليات التركيز االقتصادي الخاضعة
وعلى قرار المقرر العام ملجلس المنافسة السيد محمد هشام
بوعياد رقم 2026/28 بتاريخ 24 من شعبان 1447 (13 فبراير 2026)،
والقاعضي بتعيين السيدة سناء الحجوي مقررة في الموضوع طبقا
الحكام",Indéterminé,"Fiscal=0, Social=0, Administratif=0",Indéterminé,False
630,BO_7515_Ar,27,ar,"من القانون رقم 104.12 المتعلق بحرية االسعار
للتبليغ الى مجلس المنافسة بغرض دراستها والترخيص لها، كما ا
ن",Indéterminé,"Fiscal=0, Social=0, Administratif=0",Indéterminé,False
631,BO_7515_Ar,12,ar,"تحدد اسقف رقم المعااملت الوطني او العمالي والذي يجب
ان يفوق السقف المحدد بمقتغضى",Indéterminé,"Fiscal=0, Social=0, Administratif=0",Indéterminé,False
632,BO_7515_Ar,8,ar,"من المرسوم التطبيقي
رقم 2.14.652 المشار اليه ااعله، كما تم تغييره وتتميمه، او عندما
تنجز جميع المنشات التي تكون طرفا في عملية التركيز اخلل السنة
المدنية السابقة اكثر من 40 بالمائة من البيوع او الشراءات او
المعااملت االخرى في سوق وطنية للسلع او المنتوجات او الخدمات من
والمنافسة، كما تم تغييره وتتميمه؛
وبعد تبليغ السلطة الحكومية المكلفة بالمنافسة بنظير من ملف
نفس النوع او القابلة اللستبدال او في جزء مهم من السوق المذكورة؛
التبليغ بتاريخ 27 من شعبان 1447 (16 فبراير 2026)؛
وحيث ان العملية موضوع التبليغ تتعلق بتولي المراقبة المشتركة
لشركة »Segula Holding SAS« من طرف شركتي «Eiffel Investment
 Group SAS»و»Eurazeo SE«، كما انه سيتم ابرام اتفاق مساهمين
التخاذ القرارات االستراتيجية للجهة المستهدفة، وبالتالي فهي تشكل
تركيزا حسب مدلول",Indéterminé,"Fiscal=0, Social=0, Administratif=0",Indéterminé,False
633,BO_7515_Ar,11,ar,"من القانون رقم104.12، كما تم
وبعد نشر ابلغ مجلس المنافسة حول مشروع التركيز االقتصادي
باحدى الجرائد الوطنية المخول لها نشر االاعلنات القانونية وبالموقع
االلكتروني للمجلس بتاريخ 15 من رمضان 1447 (5 مارس 2026)،
والذي منح اجل 10 ايام اللغيار المعنيين قصد ابداء املحظاتهم حول
عملية التركيز ااعله؛
تغييره وتتميمه؛
وحيث ان هذه العملية تخضع اللزامية التبليغ، الستيفائها شرطا
من الشروط المنصوص عليها في",Social,"Social=1, Fiscal=0, Administratif=0",Social,False
634,BO_7515_Ar,12,ar,"من القانون رقم104.12،
كما تم تغييره وتتميمه، وهو كون رقم المعااملت االجمالي العمالي
دون احتساب الرسوم، ملجموع المنشات او مجموعات االشخاص
الذاتيين او االعتباريين االطراف في عملية التركيز يفوق مبلغ 1.2
مليار درهم، عالوة على تجاوز رقم المعااملت دون احتساب الرسوم،
المنجز بالمغرب بشكل منفرد من قبل واحدة على االقل من المنشات
او من لدن مجموعة من االشخاص الذاتيين او االعتباريين االطراف
في عملية التركيز، مبلغ 50 مليون درهم، كما هو محدد في",Indéterminé,"Fiscal=0, Social=0, Administratif=0",Indéterminé,False
635,BO_7515_Ar,8,ar,"من
وحيث ان المجلس لم يتوصل باي املحظة حول عملية التركيز
االقتصادي المذكورة من الفاعلين والمتدخلين في االسواق المعنية؛
وبعد استكمال جميع وثائق الملف بتاريخ 21
من رمضان1447
 (11 مارس 2026)؛
وبعد تقديم المقررة العامة المساعدة السيدة رجاء مغربي ومقررة
الموضوع للتقرير المعد بشان عملية التركيز المذكورة، وكذا للاخلصات
والتوصيات المنبثقة عنه، اخلل اجتماع الفرع المنعقد بتاري
خ
5شوال 1447 (24 مارس 2026)؛
المرسوم رقم2.14.652، كما تم تغييره وتتميمه؛
الجريدة الرسمية3195
عدد22 - 7515 جحلا وذ)) 22 22  22  وينوي)8 ي ))8
وحيث ان االطراف المعنية بهذه العملية هي:
بواسطة الشركات التابعة لها «Segula Maroc Africa SA
 (SMAF)«و »Segula Morocco SARL )SM(« و «Simra Maroc
 SA»و »Simra Tanger SARL«، والشركة العقارية »RDO SARL«
-الجهتين المقتنيتين  :
•شركة ››Eiffel Investment Group SAS« هي شركة ادارة محافظ
االستثمار تم احداثها وفق القانون الفرنؠسي، يقع مقرها االجتماعي
ب 22 rue de Marignan 75008 بباريس بفرنسا، وهي مسجلة
بالسجل التجاري والشركات بباريس تحت عدد .510813991 وهي
تابعة للمجموعة الفرنسية »Impala« المتخصصة في االستثمارات
الخاصة بما فيها االستثمارات الطويلة االمد في قطاعات الصناعة
والطاقة والمواد االستاهلكية والخدمات والمجال المالي سواء في
فرنسا او على الصعيد الدولي .وترتكز استراتيجيتها على نهج
الدارة االعمال تستهدف خلق قيمة مستدامة بواسطة استثمارات
المراقبة والنمو من اجل دعم تطوير وتحول شركات محفظتها
التابعة لشركة »Simra Maroc SA«؛
وحيث يتبين من اخلل ملف التبليغ وتصريحات االطراف المبلغة،
ان مشروع عملية التركيز االقتصادي يندرج في اطار االستراتيجيات
االستثمارية للجهتين المقتنيتين، مجموعة »Impala« وشركة «Eurazeo
SE»، واللتين تعتبران ان الجهة المستهدفة تتيح فرصة استثمارية مهمة
سيتم دعم تطورها من قبل المستثمرين وذوي الخبرة؛
وحيث انه في اطار التحليل التنافؠسي الذي قامت به مصالح مجلس
المنافسة المكلفة بالتحقيق والبحث واستنادا الى الوثائق التي وفرها
الطرف المبلغ، تم تحديد االسواق المعنية بشقيها، سوق الخدمات
واالمتداد الجغرافي للعملية، وذلك تطبيقا الحكام النقطة الثالثة من
الملحق رقم 1 المتعلق بملف التبليغ الخاص بعملية التركيز، المرفق
بالمرسوم رقم 2.14.652 المشار اليه ااعله، كما تم تغييره و تتميمه،
حيث يعرف السوق المعنية بكونها السوق المناسبة المحددة حسب
نوع الخدمات او الموقع الجغرافي، والتي يكون للعملية المبلغة اثر عليها
االستثمارية.
وتجدر االشارة الى ان هذه المجموعة، بما في ذلك «Eiffel
Investment Group SAS»، ليس لها اي نشاط على مستوى السوق
الوطنية؛
•الشركة االستثمارية »Eurazeo SE« هي شركة اوروبية مدرجة في
البورصة، يوجد مقرها االجتماعي ب 66, rue Pierre Charron,
 75008بباريس بفرنسا وهي مسجلة بالسجل التجاري والشركات
بباريس تحت عدد .692030992 وتمتلك هذه الشركة محفظة
استثمارية مكونة من اصول متنوعة .ويرتكز نشاطها على الكشف
عن امكانات التحول لدى الشركات المتضمنة في محفظتها،
بمختلف احجامها، وتسريع هذه االمكانيات وتعزيزها بواسطة
اثلثة اشكال من االستثمار :راس المال) الملكية الخاصة(، الديون
الخاصة واالصول المادية .وتنشط مجموعة »Eurazeo SE« على
مستوى السوق الوطنية بواسطة الشركات التابعة لها «Planet
 Payments Services UK SARL»و »Worldstrides SARL«
و »Questel SAS«و »Scaled Agile Inc«و «Flash Maroc
 )Redspher( SARL AU»و »Altair group SAS«و «I-Tracing
 SAS»و »Ekoscan SAS« و  »Diffusely SAS«و «UTAC Maroc
بصفة مباشرة او غير مباشرة؛
وحيث انه بعد االاطلع على وثائق الملف واعتمادا على نتائج
التحقيق المنجز بهذا الشان، فان السوق المعنية بهذه العملية هي
السوق الشاملة الشغال الهندسة والدراسات التقنية، دون الحاجة
الى تحديد ادق نظرا الى طبيعة هذه العملية ولغياب اي اثر سلبي لها
على المنافسة في السوق المرجعية المعنية؛
وحيث انه من ناحية التحديد الجغرافي ونظرا لخصائص العرض
والطلب داخل هاته السوق، فان السوق المرجعية هي ذات بعد وطني،
اال ان تحديدها يمكن ان يبقى مفتوحا دون حاجة العتماد تقسيم
ادق؛
وحيث ان نتائج التحليل االقتصادي والتنافؠسي الذي قامت به
مصالح مجلس المنافسة المكلفة بالتحقيق والبحث، خلصت الى ان
العملية المبلغة لن يكون لها اي تاثير افقي من شانه ان يخل بالمنافسة
في السوق الشاملة الشغال الهندسة والدراسات التقنية وخاصة
SARL»؛
-الجهة المستهدفة : شركة »Segula Holding SAS« شركة اسهم
مبسطة يقع مقرها االجتماعي ب 103 Boulevard de la Mission
  Marchand, 92400 Courbevoieوهي مسجلة بالسجل التجاري
والشركات في Nanterre تحت عدد .343166393 وهي الشركة االم
للمجموعة العمالية، من اصل فرنؠسي، »Segula« المتخصصة في
اشغال الهندسة واالستشارة في مجال التكنولوجيا .تنشط بشكل
خاص في قطاع السيارات والفضاء والدفاع والطاقة والسكك
الحديدية .وتنشط هذه المجموعة على مستوى السوق الوطنية
السوق الفرعية للسيارات، نظرا اللعتبارات التالية:
-ااول، غياب اي تقاطع بين نشاط الشركة المستهدفة «Segula
 Holding SAS»وشركة »Eiffel Investment Group SAS«
ومجموعتها االم»Impala«، كونهما ال تنشطان على مستوى
السوق الوطنية؛
منها؛
 3196الجريدة الرسميةعدد22 - 7515 جحلا وذ)) 22 22  22  وينوي)8 ي))8
قرار ملجلس المنافسة عدد/53
ق 2026/صادر في 5 شوال1447
 (24 مارس 2026) المتعلق بتولي شركتي «HongShan
 Capital Advisors Limited»و «Temasek Holdings
 )Private( Limited»المراقبة المشتركة غير المباشرة لشركة
 «Golden Goose Group SpA»وجميع الشركات التي تساهم
-ثانيا، تقاطع انشطة شركة »Eurazeo SE« والمجموعة المستهدفة
»Segula«
على مستوى السوق المعنية لن يترتب عنه احداث
او تعزيز لوضعية هيمنة اقتصادية في هذه السوق التي تبقى سوقا
منفتحة وتعرف تعددا للفاعلين ووجود منافسينا لطراف العملية
اعلوة على ان حصة السوق التراكمية اللطراف المعنية تبقى
في راسمالها.
محدودة اذ تتراوح بين 0 و 10بمالائة؛
وحيث انه لن يترتب عن العملية المبلغة اي تاثير عمودي وتكتلي
سلبي على المنافسة لكون حصص سوق الشركة المستهدفة ضئيلة
مجلس المنافسة،
بناء على القانون رقم 104.12 المتعلق بحرية االسعار والمنافسة
الصادر بتنفيذه الظهير الشريف رقم 1.14.116 بتاريخ 2 رمضان 1435
وبالتالي فان انجاز هذه العملية ليس من شانه غلق االسواق القبلي
ة
او البعدية للسوق كما ان اطراف العملية ليس لها القدرة الاغلق
السوق امام المنافسين والزبناء، وهو ما يقلل من امكانية لجوء
االطراف لبعض الممارسات التي من شانها عرقلة المنافسة او الحد
(30 يونيو 2014)، كما تم تغييره وتتميمه؛
وعلى القانون رقم 20.13 المتعلق بمجلس المنافسة الصادر
بتنفيذه الظهير الشري
ف رقم 1.14.117 بتاريخ 2 رمضان1435
 (30 يونيو 2014)، كما تم تغييره وتتميمه؛
وحيث انه اناطلقا مما سبق واستنادا للوثائق والمعطيات التي
وفرتها االطراف المبلغة، وكذا االبحاث التي قامت بها مصالح مجلس
المنافسة المكلفة بالتحقيق والبحث، تبين ان عملية التركيز االقتصادي
المبلغة لن يكون لها اي تاثير افقي او عمودي او تكتلي سلبي على
وعلى المرسوم رقم 2.14.652",Commercial,"Commercial=6, Fiscal=0, Social=0",Commercial,True
636,BO_7515_Ar,14,ar,"من القانون رقم 20.13
ان ملف تبليغ عملية التركيز االقتصادي المسجل لدى االمانة
العامة ملجلس المنافسة تحت عدد/23
ع.ت.ا 2026/بتاريخ 22 من
كما تم تغييره وتتميمه؛
شعبان 1447 (11 فبراير 2026)، يستوفي الشروط القانونية .
وبعد تاكد رئيس فرع مجلس المنافسة من توفر النصاب القانوني
العضاء الفرع طبقا ملقتضيات",Indéterminé,"Fiscal=0, Social=0, Administratif=0",Indéterminé,False
638,BO_7515_Ar,الثانية,ar,"المنافسة؛
يرخص مجلس المنافسة بعملية التركيز االقتصادي المتعلقة بتولي
المراقبة المشتركة لشركة »Segula Holding SAS« من طرف شركتي
وبناء على ملف تبليغ عملية التركيز االقتصادي المسجل لدى
االمانة العامة ملجلس المنافسة تحت عدد/030 ع.ت.ا 2026/بتاريخ
»Eiffel Investment Group SAS«و.»Eurazeo SE«
8من شعبان 1447 (17 فبراير 2026) المتعلق بتولي صناديق تديرها او تقدم
لها االستشارة شركة «HongShan Capital Advisors Limited»
وشركة «Temasek Holdings )Private( Limited» المراقبة المشتركة
غير المباشرة لشركة «Golden Goose Group SpA» وجميع الشركات
التي تساهم في راسمالها، عبر اقتناء نسبتي %51,97 و %18,88 على
التوالي من راسمال شركة «GG11 SpA» وحقوق التصويت المرتبطة
به، والتي ستقتني بدورها، بصفة غير مباشرة، نسبة % 100 من
راسمال شركة «Golden Goose Group SpA» وحقوق التصويت
تم التداول بشان هذا القرار من لدن فرع مجلس المنافسة، اخلل
اجتماعه المنعقد بتاريخ 5 شوال 1447 (24 مارس 2026)، طبقا
الحكام",Commercial,"Commercial=3, Fiscal=0, Social=0",Commercial,False
639,BO_7515_Ar,14,ar,"من القانون رقم 20.13 المتعلق بمجلس المنافسة
كما تم تغييره وتتميمه، برئاسة السيد عبد العزيز الطالبي، وعضوية
السيدين منير مهدي والعيد محسو؟سي.
االمضاءات:
عبد العزيز الطالبي.
المرتبطة به؛
منير مهدي                         .العيد محسو؟سي.
الجريدة الرسمية3197
عدد22 - 7515 جحلا وذ)) 22 22  22  وينوي)8 ي ))8
وعلى قرار المقرر العام ملجلس المنافسة السيد محمد هشام
بوعياد رقم 2026/036 بتاريخ فاتح رمضان 1447 (19 فبراير 2026)
والقاعضي بتعيين السيد عصام سواري مقررا في الموضوع طبقا
الحكام",Indéterminé,"Fiscal=0, Social=0, Administratif=0",Indéterminé,False
640,BO_7515_Ar,27,ar,"من القانون رقم 104.12 المتعلق بحرية االسعار
وحيث ان مراقبة عملية التركيز االقتصادي من لدن مجلس
المنافسة تستوجب قبل الشروع في دراستها التحقق من توفر الشروط
المنصوص عليها في المادتين 11 و 12من القانون رقم 104.12 كما تم
تغييره وتتميمه؛
وحيث ان",Indéterminé,"Fiscal=0, Social=0, Administratif=0",Indéterminé,False
641,BO_7515_Ar,11,ar,"تعرف عمليات التركيز االقتصادي الخاضعة
والمنافسة، كما تم تغييره وتتميمه؛
للتبليغ الى مجلس المنافسة بغرض دراستها والترخيص لها، كما ا
ن",Indéterminé,"Fiscal=0, Social=0, Administratif=0",Indéterminé,False
642,BO_7515_Ar,12,ar,"تحدد اسقف رقم المعااملت الوطني او العمالي والذي يجب
وبعد تبليغ السلطة الحكومية المكلفة بالمنافسة بنظير من ملف
التبليغ بتاريخ 6 رمضان 1447 (24 فبراير 2026)؛
ان يفوق السقف المحدد بمقتغضى",Indéterminé,"Fiscal=0, Social=0, Administratif=0",Indéterminé,False
643,BO_7515_Ar,8,ar,"من المرسوم التطبيقي
رقم 2.14.652 المشار اليه ااعله كما تم تغييره وتتميمه، او عندما
تنجز جميع المنشات التي تكون طرفا في عملية التركيز اخلل السنة
وبعد نشر ابلغ مجلس المنافسة حول عملية التركيز االقتصادي
باحدى الجرائد المخول لها نشر االاعلنات القانونية وبالموقع
االلكتروني للمجلس بتاريخ 15 من رمضان 1447 (5 مارس 2026)
والذي منح اجل 10 ايام اللغيار المعنيين قصد ابداء املحظاتهم حول
المدنية السابقة اكثر من اربعين بالمائة (%40)
 من البيوع او الشراءات
او المعااملت االخرى في سوق وطنية للسلع او المنتوجات او الخدمات من
نفس النوع او القابلة اللستبدال او في جزء مهم من السوق المذكورة؛
عملية التركيز ااعله؛
وحيث ان العملية موضوع التبليغ تتعلق بتولي صناديق تديره
ا
او تقدم لها االستشارة شركة «HongShan Capital Advisors
 Limited»وشركة «Temasek Holdings )Private( Limited» المراقبة
المشتركة غير المباشرة لشركة «Golden Goose Group SpA» وجميع
الشركات التي تساهم في راسمالها، وبالتالي فهي تشكل تركيزا حسب
وحيث ان المجلس لم يتوصل باي املحظة حول عملية التركيز
االقتصادي المذكورة من الفاعلين والمتدخلين في االسواق المعنية؛
وبعد استكمال جميع وثائق الملف بتاريخ 29
من رمضان1447
 (19 مارس 2026)؛
مدلول",Social,"Social=1, Commercial=1, Fiscal=0",Social,False
644,BO_7515_Ar,11,ar,"من القانون رقم 104.12 كما تم تغييره وتتميمه؛
وبعد تقديم المقرر العام المساعد السيد عبد الهادي الافلح ومقرر
الموضوع للتقرير المعد بشان عملية التركيز المذكورة، وكذا للاخلصات
والتوصيات المنبثقة عنه، اخلل اجتماع فرع مجلس المنافسة المنعقد
وحيث ان هذه العملية تخضع اللزامية التبليغ، الستيفائها شرطا
من الشروط المنصوص عليها في",Indéterminé,"Fiscal=0, Social=0, Administratif=0",Indéterminé,False
645,BO_7515_Ar,12,ar,"من القانون رقم 104.12
كما تم تغييره وتتميمه، وهو كون رقم المعااملت االجمالي العمالي دون
بتاريخ 5 شوال 1447 (24 مارس 2026)؛
احتساب الرسوم،م لجموع المنشات او مجموعات االشخاص الذاتيي
ن
او االعتباريين االطراف في عملية التركيز يفوق مبلغ 1.2 مليار درهم؛
اعلوة على تجاوز رقم المعااملت دون احتساب الرسوم، المنجز
بالمغرب بشكل منفرد من قبل واحدة على االقل من المنشات او من
لدن مجموعة من االشخاص الذاتيين او االعتباريين االطراف في
عملية التركيز، مبلغ 50 مليون درهم، كما هو محدد في",Indéterminé,"Fiscal=0, Social=0, Administratif=0",Indéterminé,False
647,BO_7515_Ar,13,ar,"من القانون رقم104.12
كما تم تغييره وتتميمه، فانه يمكن تبليغ عملية التركيز االقتصادي
بمجرد ما يكون الطرف او االطراف المعنية قادرة على تقديم مشروع
مكتمل بما فيه الكفاية يسمح بدراسة الملف، اول سيما حينما تكون
قد ابرمت اتفاقا مبدئيا او وقعت رسالة نوايا او بمجرد االاعلن عن
المرسوم رقم 2.14.652 كما تم تغييره وتتميمه؛
عرض عمومي؛
وحيث ان االطراف المعنية بهذه العملية هي:
وحيث يستفاد من عناصر الملف ان عملية التركيز المزمع القيام بها
كانت موضوع عقد بيع وشراء وكذا اتفاقية اطار اللستثمار مبرمين
بين اطراف العملية بتاريخ 19 ديسمبر2025، يحددان شروط تولي
صناديق تديرها او تقدم لها االستشارة شركة «HongShan Capital
 Advisors Limited»وشركة «Temasek Holdings )Private(
 Limited»المراقبة المشتركة غير المباشرة لشركة «Golden Goose
 Group SpA»وجميع الشركات التي تساهم في راسمالها، مما يجعلها
خاضعة للتبليغ طبقا للمادة 13 من القانون رقم104.12، كما تم
-الجهة المقتنية غير المباشرة االولى : صناديق تديرها او تقدم
لها االستشارة شركة «HongShan Capital Advisors Limited»
وهي شركة ذات المسؤولية المحدودة خاضعة لقانون جزر كايمان
)Cayman Islands(، يقع مقرها االجتماعي بمكاتب شركة Maples
 Corporate Services Limited, PO Box 309, Ugland House,
Grand Cayman, KY1-1104, Cayman Islands، ومسجلة
تحت عدد 153398 وهي شركة رائدة في ادارة محافظ االستثمار
واالسهم الخاصة في قطاعات التكنولوجيا، والرعاية الصحية،
تغييره وتتميمه؛
والمواد االستاهلكية؛
-الجهة المقتنية غير المباشرة الثانية «Temasek Holdings :
 )Private( Limited»شركة خاصة معفاة من االسهم خاضعة
للقانون السنغافوري، يقع مقرها االجتماعي ب 60B Orchard
 Road, #06-18 Tower 2, The Atrium @ Orchard Singapore,
238891, Singapour، ومسجلة تحت عدد197401143C، وهي
شركة استثمارية تتوفر على شبكة عمالية تضم 13 مكتبا .بلغت
قيمة المحفظة الصافية لهذه الشركة، الى غاية 31 مارس2025،
ما مجموعه 434 مليار داولر سنغافوري، مستثمرة بشكل اسا؟سي
في سنغافورة وبقية دول اسيا، وشملت قطاعات عدة كالنقل
والصناعة، الخدمات المالية، االتصاالت، االاعلم والتكنولوجيا،
السلع االستاهلكية والعقارات، فاضل عن علوم الحياة والصناعات
الغذائية؛
-الجهة المقتنية بصفة مباشرة «GG12 SpA» : شركة مساهمة
خاضعة للقانون االيطالي، يقع مقرها االجتماعي ب 1 Via Pietro
Paleocapa, Milan, Italy، ومسجلة بسجل الشركات ل Milan,
 Monza-Brianza, Lodiتحت عدد14436160965، وهي شركة
قابضة مملوكة بنسبة%100، بصفة غير مباشرة، لصناديق
تديرها او تقدم لها االستشارة شركة «HongShan Capital
Advisors Limited»، وستستحوذ، بصفة غير مباشرة، بعد
انجاز العملية على %100 من راسمال شركة «Golden Goose
Group SpA»وحقوق التصويت المرتبطة به؛
-الجهة المستهدفة : شركة «Golden Goose Group SpA» وجميع
الشركات التي تساهم في راسمالها:
«Golden Goose Group SpA» -شركة مساهمة خاضعة للقانون
االيطالي، يقع مقرها االجتماعي ب Via Privata Ercole Marelli
10, Milan, Italie، ومسجلة بسجل الشركات لMilan, Monza-
Brianza, Lodiتحت عدد.
وحيث انه في اطار التحليل التنافؠسي الذي قامت به مصالح مجلس
المنافسة المكلفة بالتحقيق والبحث استنادا الى الوثائق والمعطيات التي
وفرتها االطراف المبلغة، فقد تم تحديد السوق المعنية بشقيها، سوق
الخدمة واالمتداد الجغرافي للعملية، وذلك تطبيقا الحكام النقطة
الثالثة من الملحق رقم 1 المتعلق بملف التبليغ الخاص بعملية التركيز،
المرفق بالمرسوم رقم 2.14.652 المشار اليه ااعله كما تم تغييره
وتتميمه، حيث يعرف السوق المعنية بكونها السوق المناسبة المحددة
حسب نوع المنتوجات او الموقع الجغرافي، والتي يكون للعملية المبلغة
اثر عليها بصفة مباشرة او غير مباشرة؛
وحيث انه بعد االاطلع على وثائق الملف واعتمادا على نتائج
التحقيق المنجز بهذا الشان، فان السوق المعنية بهذه العملية هي سوق
تصنيع وبيع المنتجات الفاخرة، دون الحاجة لتقسيم ادق نظرا لغياب
اي تاثير سلبي للعملية على المنافسة في السوق الوطنية؛
 3198الجريدة الرسميةعدد22 - 7515 جحلا وذ)) 22 22  22  وينوي)8 ي))8
وحيث انه من ناحية التحديد الجغرافي لسوق تصنيع وبيع
المنتجات الفاخرة، وبالنظر الى خصائص العرض والطلب في السوق
المعنية، فانه يبقى ذا بعد وطني على االقل كما يمكن ان يكون ذا بعد
عمالي، غير انه وبالنظر الى طبيعة العملية من حيث اثارها على المنافسة
يمكن ان يبقى هذا التحديد مفتوحا دون حاجةا لعتماد تقسيم ادق؛
وحيث ان نتائج التحليل االقتصادي والتنافؠسي الذي قامت به
مصالح مجلس المنافسة المكلفة بالتحقيق والبحث، اسفر عن كون
العملية المبلغة ليس من شانها ان تخل بالمنافسة في السوق المعنية،
نظرا اللعتبارات التالية:
-ااول، بالرغم من وجود ترابط افقي بين انشطة الجهة المستهدفة
وشركة «AMI PARIS» التابعة للجهة المقتنية االولى بالمغرب، فان
هاته الشركة متخصصة في مااللبس الجاهزة واالكسسوارات بينما
تركز الجهة المستهدفة على االحذية الرياضية؛
-ثانيا، لكون السوق المعنية لن تعرف تغييرا مهما بعد اتمام العملية
نظرا لكون حصة السوق التراكمية اللطراف ستبقى ضئيل
ة
ولن تتجاوز %1 بعد انجاز العملية؛
-ثالثا، لعدم وجود اي ترابط عمودي بين انشطة اطراف عملية
التركيز من شانه ان يؤثر سلبا على المنافسة عبر احداث وضع
مهيمن او تعزيزه داخل السوق المذكورة، او اثار مرتبطة باحتمالية
منع او تقييد ولوج منافسيهم وزبنائهم، كليا او جزئيا على مستوى
االسواق القبلية والبعدية؛
-رابعا، لغياب اي تاثيرات تكتلية سلبية على المنافسة عبر ممارسة
بيوع مقيدة او مرتبطة من شانها تقييد المنافسة في السوق
المرجعية؛
وحيث انه اناطلقا مما سبق واستنادا للوثائق والمعطيات التي
وفرتها االطراف المبلغة وكذا االبحاث التي قامت بها مصالح مجلس
المنافسة المكلفة بالتحقيق والبحث، تبين على ان عملية التركيز
االقتصادي المبلغة لن يكون لها اي تاثير افقي او عمودي او تكتلي سلبي
على المنافسة في السوق المرجعية المعنية او في اي جزء مهم منها،
قرر ما يلي:
المادة االولى
ان ملف تبليغ عملية التركيز االقتصادي المسجل لدى االمانة
العامة ملجلس المنافسة تحت عدد/030
ع.ت.ا 2026/بتاريخ 28 من
شعبان 1447 (17 فبراير 2026)، يستوفي الشروط القانونية.
الجريدة الرسمية3199
عدد22 - 7515 جحلا وذ)) 22 22  22  وينوي)8 ي ))8",Commercial,"Commercial=14, Civil=1, Fiscal=0",Commercial,False
648,BO_7515_Ar,الثانية,ar,"وبعد تاكد رئيس مجلس المنافسة من توفر النصاب القانوني
العضاء اللجنة الدائمة طبقام لقتضيات",Indéterminé,"Fiscal=0, Social=0, Administratif=0",Indéterminé,False
649,BO_7515_Ar,14,ar,"من القانون رقم20.13
المتعلق بمجلس المنافسة، كما تم تغييره وتتميمه؛
يرخص مجلس المنافسة بعملية التركيز االقتصادي المتعلقة بتولي
شركتي «HongShan Capital Advisors Limited» و «Temasek
 Holdings )Private( Limited»المراقبة المشتركة غير المباشرة لشركة
 «Golden Goose Group SpA»وجميع الشركات التي تساهم في
وبناء على ملف تبليغ عملية التركيز االقتصادي المسجل لدى
االمانة العامة ملجلس المنافسة تحت عدد/011
ع.ت.ا 2026/بتاريخ
 8شعبان 1447 (28 يناير 2026)، المتعلق بتولي شركة «AfricInvest
 Financial Inclusion Vehicle LLC»المراقبة المشتركة لشركة
«Vantage Payment Systems SA»، الى جانب المساهم االصلي شركة
راسمالها.
تم التداول بشان هذا القرار من لدن فرع مجلس المنافسة اخلل
اجتماعه المنعقد بتاريخ 5 شوال 1447 (24 مارس 2026)، طبقا
الحكام",Commercial,"Commercial=2, Fiscal=0, Social=0",Commercial,False
650,BO_7515_Ar,14,ar,"من القانون رقم 20.13 المتعلق بمجلس المنافسة
كما تم تغييره وتتميمه، برئاسة السید عبد العزيز الطالبي، وعضویة
«Equity Invest SA»؛
وعلى قرار المقرر العام ملجلس المنافسة السيد محمد هشام
بوعياد رقم 2026/016 بتاريخ 13 من شعبان 1447 (2 فبراير 2026)،
والقاعضي بتعيين السيدين حمزة ابسينة ومحمد بنعكيد مقررين في
الموضوع طبقا الحكام",Indéterminé,"Fiscal=0, Social=0, Administratif=0",Indéterminé,False
651,BO_7515_Ar,27,ar,"من القانون رقم 104.12 المتعلق
السیدین منير مهدي والعيد محسو؟سي.
االمضاءات:
عبد العزيز الطالبي.
بحرية االسعار والمنافسة، كما تم تغييره وتتميمه؛
منير مهدي                         .العيد محسو؟سي.
وبعد تبليغ السلطة الحكومية المكلفة بالمنافسة بنظير من ملف
قرار ملجلس المنافسة عدد/54
ق 2026/صادر في 5 شوال1447
 (24 مارس 2026) المتعلق بتولي شركة «AfricInvest
 Financial Inclusion Vehicle LLC»المراقبة المشتركة
لشركة«Vantage Payment Systems SA»، الى جانب
التبليغ بتاريخ 15 من شعبان 1447 (4 فبراير 2026)؛
وبعد نشر ابلغ مجلس المنافسة حول مشروع التركيز االقتصادي
باحدى الجرائد الوطنية المخول لها نشر االاعلنات القانونية وبالموقع
االلكتروني للمجلس بتاريخ 16 من شعبان 1447 (5 فبراير 2026)،
والذي منح اجل عشرة (10) ايام اللغيار المعنيين قصد ابداء
المساهم االصلي شركة.«Equity Invest SA»
املحظاتهم حول عملية التركيز ااعله؛
مجلس المنافسة،
بناء على القانون رقم 104.12 المتعلق بحرية االسعار والمنافسة
الصادر بتنفيذه الظهير الشريف رقم 1.14.116 بتاريخ 2 رمضان 1435
وحيث ان المجلس لم يتوصل باي املحظة حول عملية التركيز
االقتصادي المذكورة من الفاعلين والمتدخلين في االسواق المعنية؛
(30 يونيو 2014)، كما تم تغييره وتتميمه؛
وبعد استكمال جميع وثائق الملف بتاريخ 19
من رمضان1447
 (9 مارس 2026)؛
وعلى القانون رقم 20.13 المتعلق بمجلس المنافسة الصادر
بتنفيذه الظهير الشري
ف رقم 1.14.117 بتاريخ 2 رمضان1435
 (30 يونيو 2014)، كما تم تغييره وتتميمه؛
وبعد تقديم المقرر العام ملجلس المنافسة ومقرري الموضوع
للتقرير المعد بشان عملية التركيز المذكورة، وكذا للاخلصات
والتوصيات المنبثقة عنه، اخلل اجتماع اللجنة الدائمة ملجلس
وعلى المرسوم رقم 2.14.652
الصادر في 8 صفر1436
)فاتح ديسمبر (2014 بتطبيق القانون رقم 104.12 المتعلق بحرية
المنافسة المنعقد بتاريخ 5 شوال 24) 1447مارس (2026؛
االسعار والمنافسة، كما تم تغييره وتتميمه؛
وحيث انه حسب مقتضيات",Commercial,"Commercial=2, Social=1, Fiscal=0",Commercial,False
652,BO_7515_Ar,13,ar,"من القانون رقم104.12
كما تم تغييره وتتميمه، فانه يمكن تبليغ عملية التركيز االقتصادي
بمجرد ما يكون الطرف او االطراف المعنية قادرة على تقديم مشروع
مكتمل بما فيه الكفاية يسمح بدراسة الملف، اول سيما حينما تكون
قد ابرمت اتفاقا مبدئيا او وقعت رسالة نوايا او بمجرد االاعلن عن
وعلى المرسوم رقم 2.15.109
الصادر في 16 من شعبان1436
 (4 يونيو 2015) بتطبيق القانون رقم 20.13 المتعلق بمجلس المنافسة،
كما تم تغييره وتتميمه؛
وعلى اجتماع اللجنة الدائمة ملجلس المنافسة المنعقد بتاري
خ
 5شوال 24) 1447مارس (2026 طبقام لقتضيات",Indéterminé,"Fiscal=0, Social=0, Administratif=0",Indéterminé,False
653,BO_7515_Ar,14,ar,"من القانون
رقم 20.13 المتعلق بمجلس المنافسة، كما تم تغييره وتتميمه؛
عرض عمومي؛
وحيث ان عملية التركيز المزمع القيام بها كانت موضوع
مذكرة استثمار موقعة ما بين اطراف العملية بتاريخ فاتح
ديسمبر2025، والتي تنص على شروط تولي شركة «AfricInvest
 Financial Inclusion Vehicle LLC»المراقبة المشتركة لشركة
«Vantage Payment Systems SA»، الى جانب المساهم االصلي
شركة «Equity Invest SA» عبر اقتناء نسبة % 0,00025 من
راسمالها وحقوق التصويت المرتبطة به في مرحلة اولى، على ان
يتم اقتناء نسبة %49,9 على االقل من راسمالها وحقوق التصويت
المرتبطة به في مرحلة ثانية وفي اجل اقصاه 31
ديسمبر2028،
مما يجعلها خاضعة للتبليغ طبقا للمادة 13 من القانون رقم104.12،
كما تم تغييره وتتميمه، كما ان اتفاق المساهمين يخول اللطراف
المعنية المراقبة المشتركة للجهة المستهدفة من اخلل ضرورة الموافقة
على القرارات االستراتيجية التي تهمها؛
وحيث ان مراقبة عمليات التركيز االقتصادي من لدن مجلس
المنافسة تستوجب قبل الشروع في دراستها التحقق من توفر الشروط
المنصوص عليها في المادتين 11 و 12من القانون رقم104.12، كما تم
تغييره وتتميمه؛
وحيث ان",Commercial,"Commercial=2, Fiscal=0, Social=0",Commercial,False
654,BO_7515_Ar,11,ar,"تعرف عمليات التركيز االقتصادي الخاضعة
للتبليغ الى مجلس المنافسة بغرض دراستها والترخيص لها، كما ا
ن",Indéterminé,"Fiscal=0, Social=0, Administratif=0",Indéterminé,False
655,BO_7515_Ar,12,ar,"تحدد اسقف رقم المعااملت الوطني او العمالي والذي يجب
ان يفوق السقف المحدد بمقتغضى",Indéterminé,"Fiscal=0, Social=0, Administratif=0",Indéterminé,False
656,BO_7515_Ar,8,ar,"من المرسوم التطبيقي
رقم 2.14.652 المشار اليه ااعله كما تم تغييره وتتميمه، او عندما
تنجز جميع المنشات التي تكون طرفا في عملية التركيز اخلل السنة
المدنية السابقة اكثر من اربعين بالمائة (% 40)
 من البيوع او الشراءات
او المعااملت االخرى في سوق وطنية للسلع او المنتوجات او الخدمات
من نفس النوع او القابلة اللستبدال او في جزء مهم من السو
ق
المذكورة؛
وحيث ان العملية موضوع التبليغ تتعلق بتولي شركة «AfricInvest
 Financial Inclusion Vehicle LLC»المراقبة المشتركة لشركة
«Vantage Payment Systems SA»، الى جانب المساهم االصلي
شركة «Equity Invest SA» عبر اقتناء نسبة %0,00025 من راسمالها
وحقوق التصويت المرتبطة به في مرحلة اولى، على ان يتم اقتناء نسبة
 %49,9على االقل من راسمالها وحقوق التصويت المرتبطة به في
مرحلة ثانية وفي اجل اقصاه 31 ديسمبر2028، وبالتالي فهي تشكل
تركيزا حسب مدلول",Commercial,"Commercial=2, Fiscal=0, Social=0",Commercial,False
657,BO_7515_Ar,11,ar,"من القانون رقم 104.12 كما تم تغييره
وتتميمه؛
 3200الجريدة الرسميةعدد22 - 7515 جحلا وذ)) 22 22  22  وينوي)8 ي))8
وحيث ان هذه العملية تخضع اللزامية التبليغ، الستيفائها شرطا
من الشروط المنصوص عليها في",Indéterminé,"Fiscal=0, Social=0, Administratif=0",Indéterminé,False
658,BO_7515_Ar,12,ar,"من القانون رقم 104.12
كما تم تغييره وتتميمه، وهو كون رقم المعااملت االجمالي العمالي
دون احتساب الرسوم، ملجموع المنشات او مجموعات االشخاص
الذاتيين او االعتباريين االطراف في عملية التركيز يفوق مبلغ 1.2
مليار درهم، اعلوة على تجاوز رقم المعااملت دون احتساب الرسوم،
المنجز بالمغرب بشكل منفرد من قبل واحدة على االقل من المنشات
او من لدن مجموعة من االشخاص الذاتيين او االعتباريين االطراف
في عملية التركيز، مبلغ 50 مليون درهم كما هو محدد في",Indéterminé,"Fiscal=0, Social=0, Administratif=0",Indéterminé,False
659,BO_7515_Ar,8,ar,"من
المرسوم رقم 2.14.652 كما تم تغييره وتتميمه؛
وحيث ان االطراف المعنية بهذه العملية هي:
-الجهة المقتنية «AfricInvest Financial Inclusion Vehicle :
 LLC»وهي شركة ذات المسؤولية المحدودة باالسهم خاضعة
للقانون الموريؠسي، والكائن مقرها االجتماعي ب «5th Floor,
Nexsky Building, Ebène Cybercity, 72201, Maurice»،
وهي مسجلة بالسجل التجاري للشركات بدولة «Maurice»
تحت
رقم .C150672 وهي صندوق استثماري مخصص للمؤسسات
المالية االفريقية في مجال الحلول المبتكرة في الخدمات المالية؛
-المساهم االصلي »Equity Invest SA« : وهي شركة مساهمة
خاضعة للقانون المغربي، والكائن مقرها االجتماعي ب 200 شارع
غاندي، الدار البيضاء، وهي مسجلة بالسجل التجاري بالمحكمة
التجارية االبتدائية بالدار البيضاء تحت رقم .219277 وهي
شركة قابضة تنشط من اخلل الشركات التابعة لها في تقديم
حلول مبتكرة في مختلف المجاالت، كالصناعة والقطاعين البنكي
والتكنولوجي؛
-الجهة المستهدفة «Vantage Payment Systems SA» : وهي شركة
مساهمة خاضعة للقانون المغربي، والكائن مقرها االجتماع
ي
ب 200 شارع غاندي، الدار البيضاء، وهي مسجلة بالسجل التجاري
بالمحكمة التجارية االبتدائية بالدار البيضاء تحت رقم .232061
وهي تنشط في سوق االداء االلكتروني عبر االنترنيت باستخدام
البطاقة؛
وحيث يتبين من اخلل ملف التبليغ، ان مشروع عملية التركيز
االقتصادي سيمكن الجهة المقتنية من تسريع نمو الجهة المستهدفة
وتعزيز مكانتها في السوق المعنية بالعملية من اخلل االعتماد على
خبرتها وتجربتها في سوق ذات افاق نمو واعدة؛
الجريدة الرسمية3201
عدد22 - 7515 جحلا وذ)) 22 22  22  وينوي)8 ي ))8
قرر ما يلي:
المادة االولى
وحيث انه في اطار التحليل التنافؠسي الذي قامت به مصالح مجلس
المنافسة المكلفة بالتحقيق والبحث، استنادا الى الوثائق التي وفرتها
االطراف المبلغة، تم تحديد السوق المعنية بشقيها، سوق المنتوج
والخدمة واالمتداد الجغرافي للعملية، وذلك تطبيقا الحكام النقطة
الثالثة من الملحق رقم 1 المتعلق بملف التبليغ الخاص بعملية التركيز،
المرفق بالمرسوم رقم 2.14.652 المشار اليه ااعله كما تم تغييره
وتتميمه، حيث يعرف السوق المعنية بكونها السوق المناسبة المحددة
حسب نوع المنتوجات او الموقع الجغرافي، والتي يكون للعملية المبلغة
ان ملف تبليغ عملية التركيز االقتصادي المسجل لدى االمانة العامة
ملجلس المنافسة تحت عدد/011 ع.ت.ا 2026/بتاريخ 8 شعبان 1447
(28 يناير 2026)، يستوفي الشروط القانونية.",Commercial,"Commercial=4, Fiscal=0, Social=0",Commercial,False
660,BO_7515_Ar,الثانية,ar,"يرخص مجلس المنافسة بعملية التركيز االقتصادي المتعلقة بتولي
شركة «AfricInvest Financial Inclusion Vehicle LLC» المراقبة
المشتركة لشركة«Vantage Payment Systems SA»، الى جانب
اثر عليها بصفة مباشرة او غير مباشرة؛
المساهم االصلي شركة.«Equity Invest SA»
وحيث انه بعد االاطلع على وثائق الملف واعتمادا على نتائج
التحقيق المنجز بهذا الشان، فان السوق المعنية بهذه العملية هي سوق
تم التداول بشان هذا القرار من لدن اللجنة الدائمةم لجلس المنافسة
اخلل اجتماعها المنعقد بتاريخ 5 شوال 24) 1447مارس(2026، طبقا
االداء االلكتروني عبر االنترنيت باستخدام البطاقة؛
ملقتضيات",Commercial,"Commercial=2, Fiscal=0, Social=0",Commercial,False
661,BO_7515_Ar,14,ar,"من القانون رقم 20.13 المتعلق بمجلس المنافسة
كما تم تغييره وتتميمه، بحضور السيد احمد رحو رئيسا للجلسة،
غير انه وبالنظر الى طبيعة هذه العملية من حيث اثارها على
المنافسة، يمكن ان يبقى تحديد السوق المعنية مفتوحا دون الحاجة
والسادة عادل بوكبير وحسن ابو عبد المجيد، اعضاء.
االمضاءات:
العتماد تقسيم ادق؛
احمد رحو.
وحيث انه من ناحية التحديد الجغرافي ونظرا لخصائص العرض
عادل بوكبير                         .حسن ابو عبد المجيد.
والطلب، فان تحديد السوق المعنية يكون على المستوى الوطني؛
اال انه وبالنظر الى طبيعة العملية وانشطة االطراف المعنية،
فيمكن ان يبقى التحديد الجغرافي للسوق المعنية مفتوحا دون
قرار ملجلس المنافسة عدد/55 ق 2026/صادر في 8 شوال 1447
 (27 مارس 2026) المتعلق بالطلب المقدم من لدن شركة
 «LSF12 Rigel Holdings B.V.»والرامي الى االستفادة من
الحاجةا لعتماد تقسيم ادق؛
االستثناء المنصوص عليه في الفقرة الثانية من",Commercial,"Commercial=1, Fiscal=0, Social=0",Commercial,False
662,BO_7515_Ar,14,ar,"من القانون رقم 104.12 المتعلق بحرية االسعار والمنافسة،
وحيث ان نتائج التحليل التنافؠسي الذي انجزته مصالح مجلس
المنافسة المكلفة بالتحقيق والبحث، خلصت الى ان العملية المبلغة
لن يكون لها اي تاثير افقي او عمودي او تكتلي سلبي على المنافسة في
السوق المعنية بالعملية، نظرا لكون الجهة المقتنية ال تنشط بصفة
مباشرة او غير مباشرة في السوق المعنية، وبالتالي فان انجاز هذه
العملية لن يترتب عنه اي تغيير في بنية السوق او اي تراكم لحصص
السوقا لطراف العملية .اضافة الى ان وضعية االطراف بعد العملية،
لن تؤهلهاا لاغلق هذه السوق المرجعية لتواجد العديد من المنافسين
ولكون سوق االداء االلكتروني عبر االنترنيت باستخدام البطاقة تبقى
كما تم تغييره وتتميمه.
مجلس المنافسة،
بناء على القانون رقم 104.12 المتعلق بحرية االسعار والمنافسة
الصادر بتنفيذه الظهير الشريف رقم 1.14.116 بتاريخ 2 رمضان 1435
(30 يونيو 2014)، كما تم تغييره وتتميمه؛
وعلى القانون رقم 20.13 المتعلق بمجلس المنافسة الصادر
بتنفيذه الظهير الشري
ف رقم 1.14.117 بتاريخ 2 رمضان1435
 (30 يونيو 2014)، كما تم تغييره وتتميمه؛
مقننة؛
وعلى المرسوم رقم 2.14.652
الصادر في 8 صفر1436
)فاتح ديسمبر (2014 بتطبيق القانون رقم 104.12 المتعلق بحرية
وحيث انه اناطلقا مما سبق واستنادا الى الوثائق والمعطيات
التي وفرتها االطراف المبلغة واالبحاث التي قامت بها مصالح مجلس
المنافسة المكلفة بالتحقيق والبحث، تبين على ان عملية التركيز
االقتصادي الحالية لن يكون لها اي تاثير عمودي او افقي او تكتلي
االسعار والمنافسة، كما تم تغييره وتتميمه؛
وعلى المرسوم رقم 2.15.109
الصادر في 16 من شعبان1436
 (4 يونيو 2015) بتطبيق القانون رقم 20.13 المتعلق بمجلس المنافسة،
سلبي على المنافسة في السوق المرجعية المعنية او في جزء مهم منها،
كما تم تغييره وتتميمه؛
 3202الجريدة الرسميةعدد22 - 7515 جحلا وذ)) 22 22  22  وينوي)8 ي))8
وعلى اجتماع اللجنة الدائمة ملجلس المنافسة المنعقد بتاري
خ
وحيث ان العملية موضوع طلب الحصول على االستثناء تتعلق
بتولي شركة «LSF12 Rigel Holdings B.V.» المراقبة الحصرية
لقسم اللدائن التقنية )Plastiques Techniques( المملوك ل «Domo
Chemicals»، وبالتالي فهي تشكل تركيزا حسب مدلول",Commercial,"Commercial=1, Fiscal=0, Social=0",Commercial,False
663,BO_7515_Ar,11,ar,"من
8شوال 1447 (27 مارس 2026)؛
وبعد تاكد رئيس مجلس المنافسة من توفر النصاب القانونيا لعضاء
اللجنة الدائمة طبقام لقتضيات",Indéterminé,"Fiscal=0, Social=0, Administratif=0",Indéterminé,False
664,BO_7515_Ar,14,ar,"من القانون رقم 20.13 المتعلق
القانون رقم 104.12 كما تم تغييره وتتميمه؛
بمجلس المنافسة كما تم تغييره وتتميمه؛
وحيث ان هذه العملية تخضع اللزامية التبليغ، الستيفائها شرطا
من الشروط المنصوص عليها في",Indéterminé,"Fiscal=0, Social=0, Administratif=0",Indéterminé,False
665,BO_7515_Ar,12,ar,"من القانون رقم 104.12
كما تم تغييره وتتميمه، وهو كون رقم المعااملت االجمالي العمالي دون
احتساب الرسوم،م لجموع المنشات او مجموعات االشخاص الذاتيين
او االعتباريين االطراف في عملية التركيز يفوق مبلغ 1.2 مليار درهم،
ورقم المعااملت دون احتساب الرسوم، المنجز بالمغرب بشكل منفرد من
قبل واحدة على االقل من المنشات او من لدن مجموعة من االشخاص
الذاتيين او االعتباريين االطراف في عملية التركيز، يفوق مبلغ 50 مليون
وبناء على طلب الحصول على االستثناء المنصوص عليه في الفقرة
الثانية من",Indéterminé,"Fiscal=0, Social=0, Administratif=0",Indéterminé,False
666,BO_7515_Ar,14,ar,"من القانون رقم 104.12 المتعلق بحرية االسعار
والمنافسة، كما تم تغييره وتتميمه، والتي تنص على انه« : وفي حالة
الضرورة الخاصة المعللة بشكل قانوني، يمكن اللطراف التي قامت
بالتبليغ تقديم طلب الى مجلس المنافسة من اجل الحصول على استثناء
يسمح لها باالنجاز الفعليم لجموع عملية التركيز او جزء منها دون انتظار
قرار الموافقة المشار اليها في الفقرة االولى ااعله ودون االاخلل به»،
والمقدم من طرف شركة «LSF12 Rigel Holdings B.V.» المسجل لدى
درهم كما هو محدد في المادة الثامنة 8
من المرسوم رقم2.14.652
كما تم تغييره وتتميمه؛
االمانة العامة ملجلس المنافسة تحت عدد/060
ع.ت.ا 2026/بتاريخ
29من رمضان 1447 (19 مارس 2026)؛
وحيث ان االطراف المعنية بهذه العملية هي:
وعلى قرار المقرر العامم لجلس المنافسة السيد محمد هشام بوعياد
رقم 2026/71 بتاريخ 6 شوال 1447 (25 مارس 2026)، والقاعضي
-الجهة المقتنية «LSF12 Rigel Holdings B.V.» : وهي شركة
خاضعة للقانون الهولندي، والكائن مقرها االجتماعي في38،
شارع Via Alessandro Manzoni، مايلنو، ايطاليا، والمسجلة
بالسجل التجاري الهولندي تحت رقم .96053992 وهي شركة
تابعة لصندوق االستثمار «Lone Star Fund XII, L.P.» الذي
ينشط عماليا في مجال االستثمار في العقارات، واسهم الشركات،
واالئتمان، وغيرها من االصول المالية في امريكا الشمالية واوروبا
بتعيين السيدة اسماء بالعرج مقررة في الموضوع طبقا الحكا
م",Commercial,"Commercial=3, Fiscal=0, Social=0",Commercial,False
667,BO_7515_Ar,27,ar,"من القانون رقم 104.12 المتعلق بحرية االسعار والمنافسة
كما تم تغييره وتتميمه؛
وبعد تقديم المقرر العام ومقررة الموضوع للتقرير المعد بشان طلب
الحصول على االستثناء المنصوص عليه في الفقرة الثانية من",Indéterminé,"Fiscal=0, Social=0, Administratif=0",Indéterminé,False
668,BO_7515_Ar,14,ar,"من القانون رقم 104.12
المتعلق بحرية االسعار والمنافسة، كما تم
تغييره وتتميمه، والمقدم من طرف شركة «LSF12 Rigel Holdings
 B.V.»وكذا للاخلصات والتوصيات المنبثقة عنه، اخلل اجتماع اللجنة
واسيا والمحيط الهادئ؛
-الجهات المستهدفة : تتمثل في مجموعة من الشركات واالصول
والعقود التجارية وكذا المستخدمين المكونة لقسم اللدائن
التقنية )Plastiques Techniques( المملوك من قبل «Domo
الدائمة للمجلس المنعقد بتاريخ 8 شوال 1447 (27 مارس 2026)؛
وحيث ان البت في طلب االستثناء المذكور يستوجب قبل الشروع
في دراسته التحقق من توفر الشروط المنصوص عليها في المادتين 11
Chemicals»؛
و 12من القانون رقم 104.12 كما تم تغييره وتتميمه؛
وحيث انه بعد االاطلع على وثائق الملف، فان طلب الحصول على
االستثناء المنصوص عليه في الفقرة 2 من",Commercial,"Commercial=1, Fiscal=0, Social=0",Commercial,False
669,BO_7515_Ar,14,ar,"من القانون المذكور
يندرج في اطار حالة الضرورة الخاصة المعللة بمسطرة التسوية
القضائية المفتوحة امام المحكمة التجارية بمدينة« ليون»، وذلك
حسب ما جاء في الطلب على خلفية الصعوبات المالية التي تواجهها
شركة «Polytechnyl SAS» التابعة لشركة «Domo Chemicals
Holding NV»، بحيث ان هذه الوضعية تعكس تدهورا ملحوظا في
المؤشرات المالية للشركة المعنية، نتيجة اخاتلل توازنها االقتصادي
والمالي، وهو ما يبرر، حسب ما جاء في الطلب، اللجوء الى مسطرة
استثنائية قصد الحفاظ على نشاطها وضمان استمرارية وحداتها
وحيث ان",Commercial,"Commercial=1, Fiscal=0, Social=0",Commercial,False
670,BO_7515_Ar,11,ar,"تعرف عمليات التركيز االقتصادي الخاضعة
للتبليغ الى مجلس المنافسة بغرض دراستها والترخيص لها، كما ا
ن",Indéterminé,"Fiscal=0, Social=0, Administratif=0",Indéterminé,False
671,BO_7515_Ar,12,ar,"تحدد اسقف رقم المعااملت الوطني او العمالي والذي يجب
ان يفوق السقف المحدد بمقتغضى",Indéterminé,"Fiscal=0, Social=0, Administratif=0",Indéterminé,False
672,BO_7515_Ar,8,ar,"من المرسوم التطبيقي
رقم 2.14.652 المشار اليه ااعله كما تم تغييره وتتميمه، او عندما
تنجز جميع المنشات التي تكون طرفا في عملية التركيز اخلل السنة
المدنية السابقة اكثر من اربعين بالمائة (%40)
 من البيوع او الشراءات
او المعااملت االخرى في سوق وطنية للسلع او المنتوجات او الخدمات
من نفس النوع او القابلة اللستبدال او في جزء مهم من السو
ق
المذكورة؛
االنتاجية؛
الجريدة الرسمية3203
عدد22 - 7515 جحلا وذ)) 22 22  22  وينوي)8 ي ))8
وحيث انه في هذا االطار، تعتزم الجهة المقتنية تقديم عرضها
النهائي في اجل اقصاه 3 ابريل 2026 امام المحكمة التجارية المختصة
بمدينة« ليون»، في اطار مسطرة التسوية القضائية المفتوحة في حق
شركة«Polytechnyl SAS»، وذلك قصد اختيار مستثمر يمكنه
)Plastiques Techniques(المملوك ل«Domo Chemicals»، وذلك
وفق الشروط والكيفيات المبينة في هذا القرار ودون االاخلل بحق
المجلس في اتخاذ القرارات المنصوص عليها في المادتين 15 و 17من
القانون السالف الذكر بعد دراسة الملف، مع ضرورة التزام شركة
«LSF12 Rigel Holdings B.V.»بما يلي:
ضمان استمرارية نشاط هذه االخيرة؛
-االمتناع عن اتخاذ اي قرار او اجراء قد ينتج عنه تنفيذ العملية
وحيث انه بالرجوع الى طلب االستفادة من االستثناء المقدم، فان
العملية المزمع انجازها ستمكن الجهة المستهدفة من الوفاء بالتزاماتها
وتحمل مسؤولياتها المالية اتجاه الموردين والزبناء والمستخدمين
بطريقة ال رجعة فيها او الدخول في اتفاقيات يمكن ان تمن
ع
او تجعل من الصعب بيع اصول الشركات المستهدفة اللغيار في
حالة ما اذا كان القرار النهائي ملجلس المنافسة في الموضوع يقغضي
بحظر هذه العملية او فرض تدابير بنيوية تهدف الى بيع جزء من
والدائنين فاضل عن ضمان استمرارية نشاطها واستدامته،
قرر ما يلي:
المادة االولى
اصول الشركات المستهدفة؛
-االمتناع عن اتخاذ اي قرار او اجراء من شانه تعديل هيكلة بنية
ان طلب الحصول على االستثناء المنصوص عليه في الفقرة
الثانية من",Commercial,"Commercial=4, Fiscal=0, Social=0",Commercial,False
673,BO_7515_Ar,14,ar,"من القانون رقم 104.12 المتعلق بحرية االسعار
والمنافسة، كما تم تغييره وتتميمه، المقدم من طرف شركة «LSF12
 Rigel Holdings B.V.»المسجل لدى االمانة العامةم لجلس المنافسة تحت
عدد/060 ع.ت.ا 2026/بتاريخ 29 من رمضان 1447 (19 مارس 2026)
المنافسة في السوق.
تم التداول بشان هذا القرار من لدن اللجنة الدائمة ملجلس
المنافسة، المنعقدة بتاريخ 8 شوال 1447 (27 مارس 2026)، طبقا
الحكام",Commercial,"Commercial=1, Fiscal=0, Social=0",Commercial,False
674,BO_7515_Ar,14,ar,"من القانون رقم 20.13 المتعلق بمجلس المنافسة
كما تم تغييره وتتميمه، بحضور السيد احمد رحو رئيسا للجلسة،
والسيدة شيماء عبو، والسادة عادل بوكبير وعبد العزيز الطالبي،
يستوفي الشروط القانونية.",Indéterminé,"Fiscal=0, Social=0, Administratif=0",Indéterminé,False
675,BO_7515_Ar,الثانية,ar,"اعضاء.
يرخص مجلس المنافسة، بصفة استثنائية وطبقا ملقتضيات
الفقرة الثانية من",Indéterminé,"Fiscal=0, Social=0, Administratif=0",Indéterminé,False
676,BO_7515_Ar,14,ar,"من القانون رقم 104.12 المتعلق بحرية
االسعار والمنافسة كما تم تغييره وتتميمه، لشركة «LSF12 Rigel
 Holdings B.V.»بتولي المراقبة الحصرية لقسم اللدائن التقنية
االمضاءات:
احمد رحو.
شيماء عبو                         .عادل بوكبير                         .عبد العزيز الطالبي.",Indéterminé,"Fiscal=0, Social=0, Administratif=0",Indéterminé,False
677,BO_7517_Ar,2,ar,"يتم اكتتاب الراسمال االولي للشركة باكمله من طرف الدولة .
الحمدله هل وحده،
الطابع الشريف - بداخله:
)محمد بن الحسن بن محمد بن يوسفلله ا وليه(
يعلم من ظهيرنا الشريف هذا، اسماهلله ا واعز امره اننا:
ويحدد مبلغه بنص تنظيمي.
يمكن للشركة ان تفتح راسمالها وفقا للنصوص التشريعية
المعمول بها في هذا المجال.
تحتفظ الدولة، بصفة مباشرة، بحق االغلبية في التصويت داخل
بناء على الدستور اول سيما الفصلين 42 و 50 منه،
اجهزة التداول بالشركة.
الباب الثاني
غرض الشركة
اصدرنا امرنا الشريف بما يلي:
ينفذ وينشر بالجريدة الرسمية، عقب ظهيرنا الشريف هذا،
القانون رقم 56.24 القاعضي بتحويل المكتب الوطني للهيدروكاربورات
والمعادن الى شركة مساهمة، كما وافق عليه مجلس النواب ومجلس",Commercial,"Commercial=1, Fiscal=0, Social=0",Commercial,False
678,BO_7517_Ar,3,ar,"المستشارين.
تحدد االنشطة الرئيسية للشركة، فيما يلي:
وحرر بالرباط في 16 من ذي الحجة 1447 (2 يونيو 2026)
-القيام في المناطق المرخصة لها:
وقعه بالعط ف:
•بجميع الدراسات واشغال البحث واالستكشاف الرامية الى
اكتشاف وتقييم حقول الهيدروكاربورات والهيدروجين الطبيعي
رئيس الحكومة،
واي محروقات اخرى؛
االمضا ء : عزيز اخنوش.
•بجميع الدراسات واشغال البحث واالستكشاف الرامية الى
اكتشاف وتقييم المكامن المنجمية واي مادة معدنية اخرى،
*
باستثناء الفوسفاط؛
* *
قانون رقم56.24
-مباشرة تنمية واستاغلل حقول الهيدروكاربورات وممارسة جميع
االنشطة المتعلقة بها وفقا للنصوص التشريعية والتنظيمية
يقغضي بتحويل المكتب الوطني للهيدروكاربورات
المتعلقة بالبحث واستاغلل حقول الهيدروكاربورات؛
والمعادن الى شركة مساهمة
-مباشرة استكشاف المكامن المنجمية واي مادة معدنية، باستثناء
الفوسفاط، وفقا الحكام النصوص التشريعية والتنظيمية
المعمول بها، دون التقيد بتلك المتعلقة بعدد او نوع السندات
الباب االول
تحويل المكتب الوطني للهيدروكاربورات
او بتحديد المساحات المرخصة اللستكشاف؛
-وضع نظام للمعلومات جيو-علمي خاص باالنشطة المذكورة ااعله .
يتم تزويد هذا النظام، اعلوة على المعطيات المتوفرة لدى الشركة،
بالمعطيات الصادرة عن االدارة املكلفة بالمعادن بهدف تحديد
المؤشرات المعدنية الواعدة التي يمكن الترويج لها لدى المستثمرين
الخواص .وتحدد طبيعة هذه المعطيات وكيفيات موافاة الشركة
بها ومنح الرخص المنجمية المتعلقة بالمناطق المعنية بالمؤشرات
املعدنية الواعدة المذكورة بموجب اتفاقية اطار بين الشركة
والمعادن الى شركة مساهمة
المادة االولى
يحول المكتب الوطني للهيدروكاربورات والمعادن، المؤسسة
العمومية المحدثة بموجب القانون رقم 33.01 الصادر بتنفيذه
الظهير الشريف رقم 1.03.203 بتاريخ 16 من رمضان 1424
 (11 نوفمبر 2003)، الى شركة مساهمة ذات مجلس ادارة، تدعى
«م.و.ه.م – ش.م »ويشار اليها بعده ب« الشركة.»
والدولة؛
-الترويج، لفائدة الدولة، بكامل التراب الوطني ملجال االستكشاف
والبحث واستاغلل الهيدروكاربورات والهيدروجين الطبيعي والموارد
المنجمية او المواد المعدنية باستثناء الفوسفاط، لدى المؤسسات
او الهيئات العمومية او المستثمرين الخواص المغاربة واالجانب،
مع مراعاة المهام المسندة الى مؤسسات او هيئات عمومية اخرى.
تحدد االنشطة التي تمارسها الشركة لفائدة الدولة وكذا كيفيات
مزاولتها بموجب اتفاقية اطار تبرمها مع الدولة.
ويجوز للشركة ان تزاول بشكل ثانوي:
-مهام اخرى مرتبطة مباشرة بغرضها وغير منصوص عليها ااعله،
تفوض الدولة للشركة انجازها بموجب اتفاقيات خاصة بين
الدولة والشركة؛
-االنشطة المرتبطة مباشرة بغرضها، خارج التراب الوطني بعد
موازنة سنوية.
الترخيص لها بذلك وذلك في اطار االتفاقيات المبرمة مع دول اخرى؛
-التكوين المستمر ملستخدميها واقتراح دورات تكوينية متخصصة
للفاعلين في مجاالت انشطتها ممن يبدون الحاجة اليها.
اليها في الفقرة السابقة.",Commercial,"Commercial=3, Fiscal=0, Social=0",Commercial,False
679,BO_7517_Ar,4,ar,"الجل اداء المهام المسندة اليها، يجوز للشركة الحصول على جميع
السندات او التراخيص المنصوص عليها والمنظمة بموجب النصوص
التشريعية والتنظيمية المتعلقة بالبحث واستاغلل الهيدروكاربورات
والهيدروجين الطبيعي او البحث واستكشاف الموارد المنجمية، دون
التقيد في هذا الصدد باالحكام التشريعية والتنظيمية المتعلقة بتحديد
التاريخ.
عدد او نوع السندات او التراخيص او الحد االقظصى للمساحات المتعلقة بها.
تتمتع الشركة باهلية اجراء جميع العمليات المدنية والتجارية
والصناعية والمالية سواء تعلقت بمنقاولت او عقارات، والتي تتوافق
مع مهامها وتمكنها من ممارسة انشطتها.",Indéterminé,"Fiscal=0, Social=0, Administratif=0",Indéterminé,False
680,BO_7517_Ar,5,ar,"يمكن للشركة في اطار ممارستها النشطتها، احداث فروع لها
او الحصول على مساهمات في مقااولت خاصة او عامة على المستوى
الوطني والدولي الغرض منها، بصفة مباشرة او غير مباشرة، انجاز
جميع او بعض من مهامها وفقا للنصوص التشريعية والتنظيمية
الجاري بها العمل مع مراعاة اهداف السياسة المساهماتية للدولة.
الباب الثالث
حكامة الشركة",Indéterminé,"Fiscal=0, Social=0, Administratif=0",Indéterminé,False
681,BO_7517_Ar,6,ar,"يدير الشركة مجلس ادارة يضم من بين اعضائه متصرفين
مستقلين يعينون وفقا للتشريع الجاري به العمل.
استثناء من احكام القانون رقم 17.95 المتعلق بشركات المساهمة،
يحدد النظام االسا؟سي االول للشركة، الذي يتضمن قائمة اعضاء
مجلس االدارة االوائل، بنص تنظيمي.
الجريدة الرسميةعدد29 - 7517 جحلا وذ29 ذ)1) 29 29 ينوي))15 )15",Indéterminé,"Fiscal=0, Social=0, Administratif=0",Indéterminé,False
682,BO_7517_Ar,7,ar,"يحدث مجلس االدارة داخله جميع اللجان االستشارية ويحدد
تركيبتها واختصاصاتها وكيفيات اشتغالها.",Indéterminé,"Fiscal=0, Social=0, Administratif=0",Indéterminé,False
683,BO_7517_Ar,8,ar,"يسير الشركة مدير عام يعين وفق التشريع الجاري به العمل.
الباب الرابع
الذمة المالية ومستخدمي الشركة",Indéterminé,"Fiscal=0, Social=0, Administratif=0",Indéterminé,False
684,BO_7517_Ar,9,ar,"تتكون الذمة المالية االولية للشركة من مجموع اصول وخصوم
المكتب الوطني للهيدروكاربورات والمعادن كما هو محدد في اخر
تتطابق موازنة افتتاح الشركة مع اخر موازنة للمكتب الوطني
للهيدروكاربورات والمعادن باعتباره مؤسسة عمومية، كما هو مشار",Administratif,"Administratif=1, Fiscal=0, Social=0",Administratif,False
685,BO_7517_Ar,10,ar,"يحتفظ العاملون بالمكتب الوطني للهيدروكاربورات والمعادن، في
تاريخ تحويله الى شركة مساهمة، بوضعيتهم داخل الشركة في نفس
ال يمكن باي حال من االحوال، ان تكون الوضعية التي يخولها
النظام االسا؟سي الخاص للعاملين في الشركة المشار اليهم في الفقرة
االولى ااعله، اقل فائدة من وضعية المعنيين باالمر في تاريخ التحويل،
بما في ذلك الحق في نظام المعاشات والتغطية الصحية.
تعتبر فترة الخدمة التي قضاها العاملون المذكورون بالمكتب
الوطني للهيدروكاربورات والمعادن كما لو انجزت داخل الشركة.
يحتفظ العاملون بالمكتب الوطني للهيدروكاربورات والمعادن المحالون
الى التقاعد قبل دخول هذا القانون حيز التنفيذ بحقوقهم المكتسبة.
الباب الخامس
احكام مختلفة وانتقالية",Commercial,"Commercial=1, Fiscal=0, Social=0",Commercial,False
686,BO_7517_Ar,11,ar,"يمكن للشركة ان تقوم، بصفة انتقالية وغير حصرية، بانشطة
نقل وتخزين الغاز الطبيعي والهيدروجين الطبيعي مع احترام مبدا
الحياد التنافؠسي ومتطلبات تطوير المبادرة الخاصة وذلك الى حين
نشر النصوص التشريعية والتنظيمية المتعلقة بنقل وتخزين الغاز
الطبيعي والهيدروجين الطبيعي في الجريدة الرسمية.",Indéterminé,"Fiscal=0, Social=0, Administratif=0",Indéterminé,False
687,BO_7517_Ar,12,ar,"ال يترتب عن تحويل المكتب الوطني للهيدروكاربورات والمعادن الى
شركة مساهمة، اي توقف عن مزاولة النشاط.
الجريدة الرسمية3247
عدد29 - 7517 جحلا وذ29 ذ)1) 29 29 ينوي ))15 )15
- 2«البعثات والتمثيليات الدائمة:
تعتبر ممتلكات الشركة وحقوقها والتزاماتها وامتيازاتها وتصرفاتها
واتفاقياتها وعقودها والنظام االسا؟سي والعقود الخاصة بمستخدميها،
والتراخيص الممنوحة لها، هي تلك التي كانت للمكتب الوطني
.........................................................................................«
- 3«القنصليات العامة:
للهيدروكاربورات والمعادن عند تاريخ تغيير شكله القانوني.
.........................................................................................«
ال يخول هذا التحويل اعادة النظر في هذه الممتلكات والحقوق
وااللتزامات والعقود والتراخيص وليس له على وجه الخصوص،
اي اثر على العقود المبرمة بين المكتب الوطني للهيدروكاربورات
«الاوليات المتحدة االمريكية : لوس انجلوس».
)الباقي بدون تغيير(.
والمعادن والغير.",Commercial,"Commercial=1, Fiscal=0, Social=0",Commercial,False
689,BO_7517_Ar,13,ar,"ينشر ظهيرنا الشريف هذا بالجريدة الرسمية.
يدخل هذا القانون حيز التنفيذ ابتداء من تاريخ التحويل الفعلي
للمكتب الوطني للهيدروكاربورات والمعادن الى شركة مساهمة
وتنصيب اجهزة االدارة والتسيير الخاصة بالشركة، وتنسخ في
هذا التاريخ احكام القانون رقم 33.01 القاعضي باحداث المكتب
الوطني للهيدروكاربورات والمعادن الصادر بتنفيذه الظهير الشريف
وحرر بالرباط في 16 من ذي الحجة 1447 (2 يونيو 2026)
وقعه بالعطف:
رئيس الحكومة،
رقم 1.03.203 بتاريخ 16 من رمضان 1424 (11 نوفمبر 2003)
االمضاء : عزيز اخنوش.
ظهير شريف رقم 1.26.15 صادر في 16 من ذي  الحجة1447
  (2 يونيو 2026) بتتميم الظهير الشريف رقم 1.57.090 الصادر
في 21 من رمضان 1376 (22 ابريل 1957) المتعلق باحداث
قرار لوزير الافلحة والصيد البحري والتنمية القروية والمياه والغابات
رقم 2762.25  صادر في 5 جمادى االخرة 1447 (26 نوفمبر 2025)
بنشر االتفاق بين مانلهي بتاسيس مساهمة المية الزامية
تخصص لتمويل انشطة الهيئة بين المهنية المغربية للزيتون
وتمديده الى جميع المهنيين الذين يقومون بانشطة انتاج
المراكز الدبلوماسية والقنصلية.
الحمدله ل وحده،
وتحويل الزيتون ومنتجاته الثانوية.
الطابع الشريف - بداخله:
وزير الافلحة والصيد البحري والتنمية القروية والمياه والغابات،
بناء على القانون رقم 03.12 المتعلق بالهيئات بين المهنية للافلحة
والصيد البحري، الصادر بتنفيذه الظهير الشريف رقم 1.12.14
بتاريخ 27 من شعبان 1433 (17 يوليو 2012)، اول سيما المواد 10
)محمد بن الحسن بن محمد بن يوسفلله ا وليه(
يعلم من ظهيرنا الشريف هذا اسماهلله ا واعز امره اننا:
بعد االاطلع على الظهير الشريف رقم 1.57.090 الصادر في
 21من رمضان 1376 (22 ابريل 1957) المتعلق باحداث المراكز
و 11و 12و 16منه؛
الدبلوماسية والقنصلية، كما وقع تغييره وتتميمه،
وعلى المرسوم رقم 2.12.602 الصادر في 9 رجب 1434 (20 ماي 2013)
بتطبيق القانون رقم 03.12 المتعلق بالهيئات بين المهنية للافلحة
اصدرنا امرنا الشريف بما يلي:
والصيد البحري؛
المادة االولى
وعلى قرار وزير الافلحة والصيد البحري والتنمية القروية
يتمم، على النحو التالي، الفصل االول من الظهير الشريف
رقم 1.57.090 الصادر في 21 من رمضان 1376 (22 ابريل 1957)
والمياه والغابات رقم 563.17 الصادر في 25 من ذي القعدة1438
 (18 اغسطس 2017) بنشرا لئحة الهيئات بين المهنية للافلحة المعترف
المشار اليه ااعله:
بها، كما تم تغييره وتتميمه؛
«الفصل االول................................................................... :
وعلى المصادقة باالجماع على االتفاق بين مانلهي المبرم بين التنظيمات
المهنية المكونة للهيئة بين المهنية المغربية للزيتون اخلل االجتماع المنعقد
- 1«سفارات المملكة المغربية:
بتاريخ 24 يونيو 2021؛
.........................................................................................«
وبعد استاطلع راي اللجنة االستشارية للهيئات بين المهنية،
«جمهورية االكوادور؛",Commercial,"Commercial=1, Fiscal=0, Social=0",Commercial,False
690,BO_7517_Ar,3,ar,"من هذا االتفاق.
بناء على :
الجريدة الرسميةعدد29 - 7517 جحلا وذ29 ذ)1) 29 29 ينوي))15 )15
قرر ما يلي:
المادة االولى
-والمرسوم رقم 2.12.602 الصادر في 9 رجب 1434 (20 ماي 2013)
بتطبيق القانون رقم 03.12 المتعلق بالهيئات بين المهنية للافلحة
والصيد البحري؛
ينشر، كما هو ملحق بهذا القرار، االتفاق بين مانلهي بتاسيس
مساهمة المية الزامية تخصص لتمويل انشطة الهيئة بين المهنية
المغربية للزيتون، والذي تمت المصادقة عليه باالجماع من طرف
التنظيمات المهنية المكونة للهيئة بين المهنية المغربية للزيتون اخلل
-والقرار المشترك لوزير الافلحة والصيد البحري ووزير الصناعة
والتجارة واالستثمار واالقتصاد الرقمي رقم 3716.14 الصادر في
 26من محرم 1436 (20 نوفمبر 2014) لتحديد مستوى تمثيلية
االجتماع المنعقد بتاريخ 24 يونيو .2021
المنظمات المهنية المكونة للهيئة بين المهنية المغربية للزيتون؛",Indéterminé,"Fiscal=0, Social=0, Administratif=0",Indéterminé,False
691,BO_7517_Ar,الثانية,ar,"وقرار وزير الافلحة والصيد البحري رقم 2288.14 الصادر في
 21من شعبان 1435 (19 يونيو 2014) بتحديد النظام الداخلي
يمدد كليا االتفاق المشار اليه في المادة االولى ااعله الى جميع المهنيين
الذين يقومون بانشطة انتاج وتحويل الزيتون ومنتجاته الثانوية
بالمغرب ويصبح ملزما لكل هاؤلء المهنيين.
للجنة االستشارية للهيئات بين المهنية للافلحة والصيد البحري؛
المادة الثالثة
-وقرار وزير الافلحة والصيد البحري رقم 2289.14 الصادر في
 27من شعبان 1435 (25 يونيو 2014) بتحديد اشكال وكيفيات
طبقام لقتضيات",Indéterminé,"Fiscal=0, Social=0, Administratif=0",Indéterminé,False
692,BO_7517_Ar,12,ar,"من القانون المشار اليه ااعله رقم03.12،
تؤهل الهيئة بين المهنية المغربية للزيتون الستاخلص المساهمة المالية
االلزامية المنصوص عليها في االتفاق سالف الذكر وذلك وفقا لبنود
االعتراف بالهيئات بين المهنية للافلحة وسحب االعتراف منها؛
-وقرار وزير الافلحة والصيد البحري رقم 586.15 الصادر في
 6جمادى االولى 1436 (25 فبراير 2015) بتحديد القانون االسا؟سي
المادة الرابعة
النموذجي للهيئات بين المهنية للافلحة؛
ينشر هذا القرار في الجريدة الرسمية.
-وقرار وزير الافلحة والصيد البحري والتنمية القروية والمياه
وحرر بالرباط في 5 جمادى االخرة 1447 (26 نوفمبر 2025)
والغابات رقم 563.17 الصادر في 25 من ذي القعدة1438
 (18 اغسطس 2017) بنشر الئحة الهيئات بين المهنية للافلحة
االمضاء : احمد البواري.
*
المعترف بها كما تم تغييره وتتميمه؛
* *
-والقرار رقم 164 الصادر في 14 مارس 2018 المتعلق باالعتراف
ملحق
بقرار وزير الافلحة والصيد البحري والتنمية القروية والمياه
بالهيئة بين المهنية المغربية للزيتون« انتيربروليف »؛
والغابات رقم 2762.25 الصادر في 5 جمادى االخرة1447
 (26 نوفمبر 2025) بنشر االتفاق بين مانلهي بتاسيس مساهمة
المية الزامية تخصص لتمويل انشطة الهيئة بين المهنية المغربية
للزيتون وتمديده الى جميع المهنيين الذين يقومون بانشطة انتاج
-والقوانين االساسية للهيئة بين المهنية المغربية للزيتون
«انتيربروليف »والفيدراليات التي تتكون منها؛
-والقانون الداخلي للهيئة بين المهنية المغربية للزيتون« انتيربروليف »؛
وتحويل الزيتون ومنتجاته الثانوية.
-ومحضر الجمع العام للهيئة بين المهنية المغربية للزيتون
«انتيربروليف »المؤرخ ب 24 يونيو 2021 المنعقد بمكناس؛
االتفاق بين مانلهي بتاسيس مساهمة المية الزامية تخصص
لتمويل انشطة الهيئة بين المهنية المغربية للزيتون
تم ابرام اتفاق بين نمهي :
بين:
-القانون رقم 03.12 المتعلق بالهيئات بين المهنية للافلحة والصيد
جميع المنظمات المهنية االعضاء في الهيئة بين المهنية المغربية
البحري، الصادر بتنفيذه الظهير الشريف رقم 1.12.14 الصادر في
27من شعبان 1433 (17 يوليو 2012)؛
للزيتون« انتيربروليف »والمسمى فيما يلي ب« االعضاء»، وهي:
-الفدرالية الوطنيةم لنتجي الزيتون بالمغرب« فينول »؛
-فدرالية طحن الزيتون وتسويق زيت الزيتون بالمغرب« فيهوم »؛
-فدرالية صناعات تصبير المنتوجات الافلحية بالمغرب« فيكوبام.»
اتفق االعضاء الموقعون على هذا االتفاق بين مانلهي على العمل
معا من اجل المصلحة المشتركة وتنمية سلسلة الزيتون في المغرب،
وذلك من اخلل المساهمة في تمويل انشطة الهيئة بين المهنية المغربية
للزيتون« انتيربروليف .»وتحقيقا لهاته الغاية، صادق اعضاء الهيئة
بين المهنية باالجماع على المبادئ واالليات المذكورة في هذا االتفاق بين
مانلهي المسمى فيما يلي ب« اتفاق »طبقا للشروط واالحكام التالية:
المادة االولى
موضوع االتفاق
من اجل تنظيم وتثمين سلسلة الزيتون بشكل افضل وكذا ضمان
تمويل مختلف انشطة واختصاصات الهيئة بين المهنية المغربية
للزيتون« انتيربروليف»، اتفق االعضاء على ارساء مساهمة الزامية
المشار اليها فيما يلي باسم« مساهمة »لفائدة هذه الهيئة من اجل
تحقيق هذه االهداف.
يحدد هذا االتفاق كيفيات احداث وتطبيق المساهمة المستحقة
لصالح سلسلة الزيتون بالمغرب .
يتم تخصيص المبالغ المحصل عليها من المساهمة لتمويل االنشطة
التي يتعين على الهيئة بين المهنية المغربية للزيتون« انتيربروليف »
القيام بها وهي:
-تنظيم وتنمية ودمج سلسلة الزيتون؛
-تعزيز التشاور والتنسيق بين مختلف الشركاء بهدف تطوير
سلسلة الزيتون على الصعيد الافلحي والصناعي والتجاري؛
-تبادل المعلومات والخبرات العلمية والتقنية واالنخراط في
المنظمات الوطنية والدولية؛
-الترويجم لنتجات قطاع الزيتون في االسواق الداخلية والخارجية؛
-التنقيب على اسواق جديدة ومواكبة مهنيي السلسلة في مجال
التسويق؛
-تكييف االنتاج واللوجستيك مع الطلب المحلي، وفقا للقوانين
واالنظمة المعمول بها ومتطلبات المستهلك؛
-نشر المعلومات المتعلقة بالمنتجات واالسواق؛
-اقتراح وانشاء برامج البحث التطبيقي وتنمية منتجات السلسلة؛
-المساهمة في تكوين مهنيي السلسلة؛
الجريدة الرسمية3249
عدد29 - 7517 جحلا وذ29 ذ)1) 29 29 ينوي ))15 )15
-نشر القواعد والمعايير المتعلقة بالجودة والتعبئة والتغليف
والتحويل وتسويق منتجات السلسلة؛
-مواكبة المهنيين في تنفيذ التدابير الصحية والصحة النباتية
المتعلقة بمنتجات السلسلة؛
-تشجيع الممارسات الجيدة في حماية البيئة والمحافظة عليها بين
مهنيي السلسلة؛
-تشجيع التجميع باعتباره االسلوب االفضل لتنظيم المهنيين وفقا
للتشريعات الجاري بها العمل؛
-بلورة سياسة تعاقدية بين مكونات السلسلة؛
-تسيير الهيئة بين المهنية المغربية للزيتون« انتيربروليف »؛
-كل االجراءات او العمليات او االلتزامات االخرى التي تقوم بها
الهيئة بين المهنية المغربية للزيتون« انتيربروليف »في اطار انشطتها،
وتساهم في تنمية سلسلة الزيتون وتعزيز تنافسيتها واستدامتها؛
-االداء السنوي اللشتراكات والمساهمات الخاصة بالهيئة بين المهنية
المغربية للزيتون« انتيربروليف »لفائدة جمعية الهيئات بين المهنية
الافلحية« كومادير »وغيرها من الجمعيات والمنظمات المهنية على
الصعيدين الوطني والدولي.",Environnement,"Environnement=2, Administratif=1, Pénal=1",Environnement,False
693,BO_7517_Ar,الثانية,ar,"مقتضيات تفعيل االتفاق
يوافق االعضاء الموقعون على االتفاق على ان يتم تطبيق المساهمة
على:
 •الضيعات الافلحية المغروسة باشجار الزيتون التي تساوي
او تتجاوز مساحتها عشرين (20) هكتارا؛
•وحدات تحويل الزيتون، وهي:
- 1وحدات عصر الزيتون؛
- 2وحدات تصبير زيتون المائدة؛
- 3وحدات معالجة تفل الزيتون .
تحصل مبالغ المساهمات على النحو التالي:
•بالنسبة للضيعات الافلحية:
- 1الضيعات المغروسة باشجار الزيتون التي تساوي او تتجاوز
مساحتها عشرين (20) هكتارا وتقل عن مائة (100) هكتار : الف
(1.000)درهم/سنة/ضيعة؛
- 2الضيعات المغروسة باشجار الزيتون التي تساوي او تتجاوز
مساحتها مائة (100) هكتار وتقل عن خمسمائة (500) هكتار : الفان
(2.000)درهم/سنة/ضيعة؛
- 3الضيعات المغروسة باشجار الزيتون التي تبلغ مساحتها ابتداء
من خمسمائة (500) هكتار : خمسة االف (5.000) درهم/سنة/ضيعة.
الجريدة الرسميةعدد29 - 7517 جحلا وذ29 ذ)1) 29 29 ينوي))15 )15
تحدد لوائح الضيعات الافلحية المعنية الخاضعة لهذه المساهمة
من طرف المصالح االلممركزة التابعة للوزارة المكلفة بالافلحة، ويتم
يتوجب خصم المساهمات وفقا للتعريفة المذكورة في",Indéterminé,"Fiscal=0, Social=0, Administratif=0",Indéterminé,False
694,BO_7517_Ar,الثانية,ar,"ااعله.
تبليغها من قبلها .
ويشترط ان تمنح الهيئة بين المهنية المغربية للزيتون« انتيربروليف »
امللزم النهائي المسؤول بالمساهمة االلزامية هو المستغل الافلحي
ايصال دفع المساهمات يتضمن معلومات تتعلق بهوية المنتجين
او المصنعين ومبلغ المساهمة وتاريخ الدفع، ويتعين على الهيئة كذلك
مسك سجل خاص بتحصيل هذه المساهمات .ويؤدي دفع مبالغ
المساهمة للهيئة بين المهنية المغربية للزيتون« انتيربروليف »الى اصدار
ايصال دفع من طرف هذه الهيئة وتسليمه الى مانلهي المعني باالمر في
الذي يزاول نشاط انتاج الزيتون.
•بالنسبة لوحدات تحويل الزيتون:
-وحدات عصر الزيتون:
- 1وحدات عصر الزيتون التي تقل طاقتها االجمالية للعصر عن
اجلا ل يتجاوز اربعة عشر (14) يوما من تاريخ دفع المساهمة.
عشرين (20) طنا في اليوم : الف (1.000) درهم/سنة/وحدة عصر؛
اذا لم تدفع المساهمة المستحقة قبل 30 يونيو من السنة الموالية
للهيئة بين المهنية المغربية للزيتون« انتيربروليف»، فستقوم الهيئة
- 2وحدات عصر الزيتون التي تساوي او تتجاوز طاقتها االجمالية
للعصر عشرين (20) طنا وتقل عن خمسين (50) طنا في اليوم : الفان
بدعوة مانلهي المعني لتسديد المساهمة داخل اجل اقصاه اربعة عشر(14)
(2.000)درهم/سنة/وحدة عصر؛
يوما مفتوحة ابتداء من تاريخ االخبار.
- 3وحدات عصر الزيتون التي تساوي او تتجاوز طاقتها االجمالية
للعصر خمسين (50) طنا وتقل عن مائة (100) طن في اليوم : اثلثة
بعد انقضاء هذا االجل، في حالة عدم دفع مساهمة واحدة او
اكثر، تلجا الهيئة بين المهنية المغربية للزيتون« انتيربروليف »الى
اجراءات التحصيل الودية ضد الشخص الطبيعي او المعنوي المتخلف
عن السداد من اخلل هيئة المصالحة التابعة للهيئة، كما هو منصوص
االف (3.000) درهم/سنة/وحدة عصر؛
- 4وحدات عصر الزيتون التي تبلغ طاقتها االجمالية للعصر
ابتداء من مائة (100) طن في اليوم : عشرة االف (10.000) درهم/
سنة/وحدة عصر.
عليه في قانونها االسا؟سي.
-وحدات تصبير زيتون المائدة:
في حالة فشل اجراء التحصيل الودي، تتم احالة النزاع الى تحكيم
جمعية الهيئات بين المهنية للافلحة« كومادير »وفي حالة عدم وجود
حل ودي، يمكن للهيئة بين المهنية المغربية للزيتون« انتيربروليف »
اتخاذ اجراءات قانونية بهدف الحصول من قبل المحكمة المختصة
- 1وحدات تصبير زيتون المائدة التي تقل طاقتها االجمالية للتصبير
عن خمسة االف (5.000) طن سنويا : خمسة االف (5.000) درهم/
سنة/وحدة تصبير زيتون المائدة؛
على حكم يامر باسترداد المبلغ المستحق عن المساهمة.
- 2وحدات تصبير زيتون المائدة التي تبلغ طاقتها االجمالية للتصبير
ابتداء من خمسة االف (5.000) طن سنويا : عشرة االف (10.000)
المادة الرابعة
درهم/سنة/وحدة تصبير زيتون المائدة.
تمديد االتفاق
-وحدات معالجة ثفل الزيتون : عشرة االف (10.000) درهم/
يخضع هذا االتفاق واي تعدايلت محتملة عليها لجراءات التمديد
المنصوص عليها في",Indéterminé,"Fiscal=0, Social=0, Administratif=0",Indéterminé,False
695,BO_7517_Ar,10,ar,"من القانون رقم 03.12 المتعلق بالهيئات
سنة/وحدة معالجة ثفل الزيتون.
لوائح الوحدات المعنية هي تلك التي يسلمها المكتب الوطني للاسلمة
الصحية للمنتجات الغذائية »ONSSA« للهيئة بين المهنية المغربية
بين المهنية للافلحة والصيد البحري.
للزيتون« انتيربروليف.»
المادة الخامسة
امللزم النهائي المسؤول بالمساهمة االلزامية لوحدات التحويل هو
تاريخ سريان مفعول االتفاق
الفاعل مانلهي الذي يزاول نشاط طحن الزيتون او تصبير الزيتون
يعتبر هذا االتفاق ساري المفعول ابتداء من تاريخ نشره في الجريدة
او معالجة ثفل الزيتون.
الرسمية .
المادة الثالثة
المادة السادسة
كيفيات تحصيل المساهمة
التعدايلت المحتملةم لقتضيات االتفاق
تستخلص المساهمة برسم كل موسم زيتون والذي يمتد من فاتح
فبراير الى 31 يناير من السنة الموالية بالنسبة للضيعات الافلحية
يجوز تغيير او تتميم هذا االتفاق بملحق طبقا للكيفيات المعتمدة
ووحدات تحويل الزيتون.
للمصادقة عليه.
وزير العدل،
ووزيرة التضامن واالدماج االجتماعي واالسرة،
المتعلق بمؤسسات الرعاية االجتماعية اول سيما",Indéterminé,"Fiscal=0, Social=0, Administratif=0",Indéterminé,False
696,BO_7517_Ar,10,ar,"منه،
قررا ما يلي:
المادة االولى
االجتماعية في الملحق المرفق بهذا القرار.",Indéterminé,"Fiscal=0, Social=0, Administratif=0",Indéterminé,False
697,BO_7517_Ar,الثانية,ar,"ينشر هذا القرار المشترك في الجريدة الرسمية.
*
* *
الجريدة الرسمية3251
عدد29 - 7517 جحلا وذ29 ذ)1) 29 29 ينوي))15 )15
قرار مشترك لوزير العدل ووزيرة التضامن واالدماج االجتماعي واالسرة رقم 468.26 صادر في 18 من شوال 1447
(6 ابريل 2026) بتحديد شكل السجل الممسوك بمؤسسات الرعاية االجتماعية
بناء على المرسوم رقم 2.19.693 الصادر في 12 من رجب 1442 (24 فبراير 2021) بتطبيق بعض احكام القانون رقم 65.15
تطبيقام لقتضيات",Indéterminé,"Fiscal=0, Social=0, Administratif=0",Indéterminé,False
698,BO_7517_Ar,10,ar,"من المرسوم المشار اليه ااعله رقم2.19.693، يحدد شكل السجل الممسوك بمؤسسات الرعاية
وحرر بالرباط في 18 من شوال 1447 (6 ابريل 2026)
وزير العدل،
االمضاء : عبد اللطيف وهبي.
وزيرة التضامن واالدماج االجتماعي واالسرة،
االمضاء : نعيمة ابن يحيى.
الجريدة الرسميةعدد29 - 7517 جحلا وذ29 ذ)1) 29 29 ينوي))15 )15
مقر ةرسلااو يعامتجلاا جامدلااو نماضتلا ةريزوو لدعلا ريزول كترشلما رارقلبا قحلم468.26 في رداصلا18  لاوش نم6) 1447  ليربا(2026
ةيعامتجلاا ةياعرلا تاسسؤبم كوسملما لجسلا لكش ديدحتب
قرار مشترك لوزير الصناعة والتجارة ووزيرة االقتصاد والمالية
رقم 996.26 صادر في 4 ذي  الحجة 1447 (21 ماي 2026)
القاعضي بتمديد تطبيق التدبير الوقائي النهائي على واردات
صفائح الصلب المدرفلة بالحرارة.
وزير الصناعة والتجارة،
ووزيرة االقتصاد والمالية،
بناء على القانون رقم 15.09 المتعلق بتدابير الحماية
التجارية، الصادر بتنفيذه الظهير الشريف رقم 1.11.44 بتاريخ
29من جمادى االخرة 1432 (2 يونيو 2011) اول سيما المادتين 69
و76 منه؛
وعلى المرسوم رقم 2.12.645 الصادر في 13 من صفر 1434
(27 ديسمبر 2012) بتطبيق القانون رقم 15.09 المتعلق بتدابير
الحماية التجارية اولسيما",Indéterminé,"Fiscal=0, Social=0, Administratif=0",Indéterminé,False
699,BO_7517_Ar,54,ar,"منه؛
وبعد االاطلع على القرار المشترك لوزير الصناعة والتجارة
واالقتصاد االخضر والرقمي ووزير االقتصاد والمالية وااصلح االدارة
رقم 1368.20 الصادر في 4 شوال 1441 (27 ماي 2020) القاعضي
بتطبيق تدبير وقائي نهائي على واردات صفائح الصلب المدرفلة
بالحرارة، كما تم تغييره؛
وبعد استاطلع راي لجنة مراقبة الواردات المجتمعة بتاريخ
10ابريل2026،
قررا ما يلي:
المادة االولى
مع مراعاة المادتين الثانية والثالثة ادناه، يتم تمديد تطبيق الرسم
االضافي النهائي على القيمة على واردات صفائح الصلب المدرفلة
بالحرارة المصنفة في البنود التعريفية72.08،72.11.13،72.11.14،
72.11.19،72.25.30،72.25.40،72.26.20.00.11،72.26.20.00.20،
72.26.20.00.51،72.26.20.00.52،72.26.20.00.59، 72.26.91
و 72.26.99.80.00الى غاية 18 يونيو.2029
ال تخضع لهذا الرسم االضافي النهائي واردات صفائح الصلب
المدرفلة بالحرارة المرفقة بفاتورة تحمل تاشيرة قطاع الصناعة.
الجريدة الرسمية3253
عدد29 - 7517 جحلا وذ29 ذ)1) 29 29 ينوي ))15 )15",Indéterminé,"Fiscal=0, Social=0, Administratif=0",Indéterminé,False
700,BO_7517_Ar,الثانية,ar,"يتم تخفيض الرسم االضافي النهائي المنصوص عليه في المادة االولى
ااعله بمقدار نقطة مئوية واحدة كل سنة اخلل فترة تطبيقه وفقا
للجدول الزمني في الملحق 1 المرفق بهذا القرار المشترك.
المادة الثالثة
ال يطبق الرسم االضافي النهائي السالف الذكر على واردات صفائح
الصلب المدرفلة بالحرارة ذات منشا الدول النامية المشار اليها في
الملحق 2 المرفق بهذا القرار المشترك.
المادة الرابعة
يسند الى المدير العام الدارة الجمارك والضرائب غير المباشرة
تطبيق هذا القرار المشترك.
المادة الخامسة
ينشر هذا القرار المشترك في الجريدة الرسمية ويعمل بمقتضياته
ابتداء من تاريخ 19 يونيو.2026
و حرر بالرباط في 4 ذي الحجة 1447 (21 ماي 2026)
وزير الصناعة والتجارة،
وزيرة االقتصاد والمالية،
االمضاء : رياض مزور.
االمضاء : نادية فتاح.
*
* *
الملحق 1 بالقرار المشترك لوزير الصناعة والتجارة ووزيرة
االقتصاد والمالية رقم 996.26 الصادر في 4 ذي  الحجة 1447
 21 )ماي (2026 القاعضي بتمديد تطبيق التدبير الوقائي النهائي
على واردات صفائح الصلب المدرفلة بالحرارة
الجدول الزمني للرسم االضافي النهائي على القيمة
الرسم االضافي النهائي
على القيمةالسنة
19 %
ابتداء من 19 يونيو 2026 الى غاية 18 يونيو2027
18 %
ابتداء من 19 يونيو 2027 الى غاية 18 يونيو2028
17 %
ابتداء من 19 يونيو 2028 الى غاية 18 يونيو2029
0 %
اعتبارا من 19 يونيو2029
*          *           *
الجريدة الرسميةعدد29 - 7517 جحلا وذ29 ذ)1) 29 29 ينوي))15 )15
الملحق 2 بالقرار المشترك لوزير الصناعة والتجارة ووزيرة
غامبيا، جورجيا، غانا، غرينادا، غواتيماال، غينيا، غينيا بيساو،
غيانا، هايتي، هندوراس، جزر سليمان، اندونيسيا، جامايكا، االردن،
كازخستان، كينيا، الكويت، ليسوتو، مدغشقر، الميزيا، املوي،
جزر ملديف، المي، موريشيوس، موريتانيا، مكسيك، جمهورية
مولدوفا، منغوليا، الجبل االسود، موزامبيق، ميانمار، ناميبيا،
النيبال، نيكاراغوا، النيجر، نيجيريا، عمان، اوغندا، باكستان،
البنما، بابوا غينيا الجديدة، باراغواي، بيرو، الفلبين، قطر، جمهورية
افريقيا الوسطى، جمهورية الكونغو الديمقراطية، جمهورية الو
الديمقراطية الشعبية، الجمهورية الدومنيكية، جمهورية خير غيز،
رواندا، سانت لوسيا، سانت كيتس ونيفيس، سانت فنسنت وجزر
غرينادين، ساموا، السنغال، سيراليون، سنغافورة، سرايلنكا،
سورينام، ايسواتيني، طاجيكستان، تنزانيا، التشاد، توغو، تونغا،
ترينيداد وتوباغو، تونس، اوروغواي، فانواتو، جمهورية فنزوايل
االقتصاد والمالية رقم 996.26 الصادر في 4 ذي  الحجة 1447
21 )ماي (2026 القاعضي بتمديد تطبيق التدبير الوقائي النهائي
على واردات  صفائح الصلب المدرفلة بالحرارة
الئحة الدول النامية المعفاة من تطبيق الرسم االضافي النهائي
جنوب افريقيا، البانيا، انغاول، انتيغوا وباربودا، االرجنتين،
ارمينيا، مملكة البحرين، بناغلديش، بربادوس، بليز، البنين، بوليفيا،
بوتسوانا، بروناي دار الاسلم، بوركينافاسو، بوروندي، كمبوديا،
الكاميرون، الراس االخضر، الشيلي، كولومبيا، الكونغو، كوستاريكا،
ساحل العاج، كوبا، جيبوتي، دومينيكا، السلفادور، االمارات العربية
المتحدة، االكوادور، جمهورية مقدونيا الشمالية، فيجي، الغابون،
البوليفارية، اليمن، زامبيا وزيمبابوي.
عدد29 - 7517 جحلا وذ29 ذ)1) 29 29 ينوي))15 )15
نصوص خاصة
قرار لوزير التعليم العالي والبحث العلمي واالبتكار رقم899.26
صادر في 16 من ذي القعدة 1447 (4 ماي 2026) بتتميم القرار
رقم 753.06 الصادر في 27 من ربيع االول 1427 (26 ابريل 2006)
بتحديد الئحة الشهادات التي تعادل دبلوم التخصص في",Indéterminé,"Fiscal=0, Social=0, Administratif=0",Indéterminé,False
701,BO_7517_Ar,الثانية,ar,"ينشر هذا القرار بالجريدة الرسمية.
وحرر بالرباط في 16 من ذي القعدة 1447 (4 ماي 2026)
االمضاء : عز الدين المداوي.
الطب، تخصص : امراض الكلي.
قرار لوزير التعليم العالي والبحث العلمي واالبتكار رقم 900.26
صادر في 16 من ذي القعدة 1447 (4 ماي 2026) بتتميم القرار
رقم 2963.97 الصادر في 2 شعبان 1418 (3 ديسمبر 1997)
وزير التعليم العالي والبحث العلمي واالبتكار،
بعد االاطلع على قرار وزير التربية الوطنية والتعليم العالي وتكوين
االطر والبحث العلمي رقم 753.06 الصادر في 27 من ربيع االول 1427
 (26 ابريل 2006) بتحديدا لئحة الشهادات التي تعادل دبلوم التخصص
بتحديدا لئحة الشهادات التي تعادل دبلوم دكتور  في الطب.
في الطب، تخصص : امراض الكلي، كما وقع تتميمه؛
وزير التعليم العالي والبحث العلمي واالبتكار،
وبناء على المرسوم رقم 2.24.991 الصادر في 24 من ربيع االخر 1446
 (28 اكتوبر 2024) المتعلق باختصاصات وزير التعليم العالي والبحث
بعد االاطلع على قرار وزير التعليم العالي والبحث العلمي والثقافة
رقم 2963.97 الصادر في 2 شعبان 1418 (3 ديسمبر 1997) بتحديد
الئحة الشهادات التي تعادل دبلوم دكتور في الطب، كما وقع تغييره
العلمي واالبتكار؛
وتتميمه؛
وبعد استشارة اللجنة القطاعية لعلوم الصحة المنعقدة بتاريخ
وبناء على المرسوم رقم 2.24.991 الصادر في 24 من ربيع االخر 1446
 (28 اكتوبر 2024) المتعلق باختصاصات وزير التعليم العالي والبحث
3مارس 2026؛
وبعد استاطلع راي المجلس الوطني للهيئة الوطنية للطبيبات
العلمي واالبتكار؛
واالطباء،
قرر ما يلي:
وبعد استشارة اللجنة القطاعية لعلوم الصحة المنعقدة بتاريخ
3مارس 2026؛
المادة االولى
وبعد استاطلع راي المجلس الوطني للهيئة الوطنية للطبيبات
واالطباء،
قرر ما يلي:
المادة االولى
تتمم على النحو التالي المادة االولى من القرار المشار اليه ااعله
رقم 753.06 الصادر في 27 من ربيع االول 1427 (26 ابريل 2006)
«المادة االولى - .تحدد على النحو التالي الئحة الشهادات التي تعادل
تتمم على النحو التالي المادة االولى من القرار المشار اليه ااعله
«دبلوم التخصص في الطب، تخصص : امراض الكلي:
رقم 2963.97 الصادر في 2 شعبان 1418 (3 ديسمبر 1997)
..........................................................................................................«
«المادة االولى - .تحدد على النحو التالي الئحة الشهادات التي تعادل
-«اوكرانيا:
«دبلوم دكتور في الطب مشفوعة بشهادة البكالوريا للتعليم الثانوي شعبة
«العلوم التجريبية او العلوم الرياضية او دبلوم معترف بمعادلته لها:
»........................................................................................................
..........................................................................................................«
« – Certificate of specialized training in medicine (clinical
-«فيدرالية روسيا:
« ordinatura) specialization in nephrology, délivré par
« Zaporizhzhia state medical University - Ukraine.
»...........................................................................................................
«يجب ان تقرن هذه الشهادة بتدريب مدته سنتين مع اجتياز
«امتحان تقييمي بنجاح مسلم من طرف احدى كليات الطب والصيدلة
« – Qualification de médecin-généraliste, délivrée par
« l’Université d’Etat de Iaroslav-le-sage de Novgorod -
« Fédération de Russie.
«بالمغرب الذي تصادق عليه اللجنة القطاعية لعلوم الصحة».
الجريدة الرسميةعدد29 - 7517 جحلا وذ29 ذ)1) 29 29 ينوي))15 )15
«يجب ان تقرن هذه الشهادة بتدريب مدته سنتين مع اجتياز
«امتحان تقييمي بنجاح مسلم من طرف احدى كليات الطب والصيدلة
«يجب ان تقرن هذه الشهادة باجتياز امتحان تقييمي بنجاح مسلم
«من طرف احدى كليات الطب والصيدلة بالمغرب الذي تصادق عليه
«بالمغرب الذي تصادق عليه اللجنة القطاعية لعلوم الصحة».
«اللجنة القطاعية لعلوم الصحة».",Indéterminé,"Fiscal=0, Social=0, Administratif=0",Indéterminé,False
703,BO_7517_Ar,الثانية,ar,"ينشر هذا القرار بالجريدة الرسمية.
ينشر هذا القرار بالجريدة الرسمية.
وحرر بالرباط في 16 من ذي القعدة 1447 (4 ماي 2026)
وحرر بالرباط في 16 من ذي القعدة 1447 (4 ماي 2026)
االمضاء : عز الدين المداوي.
االمضاء : عز الدين المداوي.
قرار لوزير التعليم العالي والبحث العلمي واالبتكار رقم 902.26
صادر في 16 من ذي القعدة 1447 (4 ماي 2026) بتتميم القرار
رقم 2963.97 الصادر في 2 شعبان 1418 (3 ديسمبر 1997)
قرار لوزير التعليم العالي والبحث العلمي واالبتكار رقم901.26
صادر في 16 من ذي القعدة 1447 (4 ماي 2026) بتتميم القرار
رقم 570.04 الصادر في 15 من صفر 1425 (6 ابريل 2004)
بتحديد الئحة الشهادات التي تعادل دبلوم التخصص في
بتحديدا لئحة الشهادات التي تعادل دبلوم دكتور  في الطب.
الطب، تخصص : االمراض الجلدية.
وزير التعليم العالي والبحث العلمي واالبتكار،
وزير التعليم العالي والبحث العلمي واالبتكار،
بعد االاطلع على قرار وزير التعليم العالي وتكوين االطر والبحث
العلمي رقم 570.04 الصادر في 15 من صفر 1425 (6 ابريل 2004)
بتحديد الئحة الشهادات التي تعادل دبلوم التخصص في الطب،
بعد االاطلع على قرار وزير التعليم العالي والبحث العلمي والثقافة
رقم 2963.97 الصادر في 2 شعبان 1418 (3 ديسمبر 1997) بتحديد
الئحة الشهادات التي تعادل دبلوم دكتور في الطب، كما وقع تغييره
وتتميمه؛
تخصص : االمراض الجلدية، كما وقع تتميمه؛
وبناء على المرسوم رقم 2.24.991 الصادر في 24 من ربيع االخر 1446
 (28 اكتوبر 2024) المتعلق باختصاصات وزير التعليم العالي والبحث
وبناء على المرسوم رقم 2.24.991 الصادر في 24 من ربيع
االخر 1446 (28 اكتوبر 2024) المتعلق باختصاصات وزير التعليم
العالي والبحث العلمي واالبتكار؛
العلمي واالبتكار؛
وبعد استشارة اللجنة القطاعية لعلوم الصحة المنعقدة بتاريخ
وبعد استشارة اللجنة القطاعية لعلوم الصحة المنعقدة بتاريخ
3مارس 2026؛
3مارس 2026؛
وبعد استاطلع راي المجلس الوطني للهيئة الوطنية للطبيبات
وبعد استاطلع راي المجلس الوطني للهيئة الوطنية للطبيبات
واالطباء،
قرر ما يلي:
المادة االولى
واالطباء،
قرر ما يلي:
المادة االولى
تتمم على النحو التالي المادة االولى من القرار المشار اليه ااعله
تتمم على النحو التالي المادة االولى من القرار المشار اليه ااعله
رقم 570.04 الصادر في 15 من صفر 1425 (6 ابريل 2004)
رقم 2963.97 الصادر في 2 شعبان 1418 (3 ديسمبر 1997)
«المادة االولى - .تحدد على النحو التالي الئحة الشهادات التي تعادل
«المادة االولى - .تحدد على النحو التالي الئحة الشهادات التي تعادل
«دبلوم التخصص في الطب، تخصص : االمراض الجلدية:
«دبلوم دكتور في الطب مشفوعة بشهادة البكالوريا للتعليم الثانوي شعبة
..........................................................................................................«
«العلوم التجريبية او العلوم الرياضية او دبلوم معترف بمعادلته لها:
- «تونس:
..........................................................................................................«
....................................................................................................«
-«اوكرانيا:
-«شهادة التخصص في االمراض الجلدية، مسلمة من جامعة
«سوسة، تونس.
»...........................................................................................................
الجريدة الرسمية3257
عدد29 - 7517 جحلا وذ29 ذ)1) 29 29 ينوي ))15 )15
« – Qualification physician,  general medicine, délivrée par
..........................................................................................................«
« Bogomolets national medical University - Ukraine ;
- «اوكرانيا:
« – Qualification master’s degree medicine, délivrée par
»........................................................................................................
« Odesa national medical University - Ukraine.
« – Certificate of specialized training in medicine (clinical
«يجب ان تقرن هاتين الشهادتين بتدريب مدته سنتين مع اجتياز
«امتحان تقييمي بنجاح مسلم من طرف احدى كليات الطب والصيدلة
« ordinatura) specialization in dermatovenerology, délivré
« par Zaporizhzhia state medical and pharmaceutical
« University - Ukraine.
«يجب ان تقرن هذه الشهادة بتدريب مدته سنتين مع اجتياز
«امتحان تقييمي بنجاح مسلم من طرف احدى كليات الطب والصيدلة
«بالمغرب الذي تصادق عليه اللجنة القطاعية لعلوم الصحة».",Indéterminé,"Fiscal=0, Social=0, Administratif=0",Indéterminé,False
704,BO_7517_Ar,الثانية,ar,"ينشر هذا القرار بالجريدة الرسمية.
«بالمغرب الذي تصادق عليه اللجنة القطاعية لعلوم الصحة».
وحرر بالرباط في 16 من ذي القعدة 1447 (4 ماي 2026)",Indéterminé,"Fiscal=0, Social=0, Administratif=0",Indéterminé,False
705,BO_7517_Ar,الثانية,ar,"االمضاء : عز الدين المداوي.
ينشر هذا القرار بالجريدة الرسمية.
وحرر بالرباط في 16 من ذي القعدة 1447 (4 ماي 2026)
قرار لوزير التعليم العالي والبحث العلمي واالبتكار رقم903.26
صادر في 16 من ذي القعدة 1447 (4 ماي 2026) بتتميم القرار
االمضاء : عز الدين المداوي.
رقم 570.04 الصادر في 15 من صفر 1425 (6 ابريل 2004)
بتحديد الئحة الشهادات التي تعادل دبلوم التخصص في
قرار لوزير التعليم العالي والبحث العلمي واالبتكار رقم904.26
صادر في 16 من ذي القعدة 1447 (4 ماي 2026) بتتميم القرار
رقم 2188.04 الصادر في 14 من ذي القعدة 1425 (27 ديسمبر 2004)
بتحديد الئحة الشهادات التي تعادل دبلوم التخصص في
الطب، تخصص : االمراض الجلدية.
وزير التعليم العالي والبحث العلمي واالبتكار،
بعد االاطلع على قرار وزير التعليم العالي وتكوين االطر والبحث
العلمي رقم 570.04 الصادر في 15 من صفر 1425 (6 ابريل 2004)
بتحديد الئحة الشهادات التي تعادل دبلوم التخصص في الطب،
الطب، تخصص : امراض العيون.
وزير التعليم العالي والبحث العلمي واالبتكار،
بعد االاطلع على قرار وزير التربية الوطنية والتعليم العالي وتكوين
تخصص : االمراض الجلدية، كما وقع تتميمه؛
االطر والبحث العلمي رقم 2188.04 الصادر في 14 من ذي القعدة1425
 (27 ديسمبر 2004) بتحديد الئحة الشهادات التي تعادل دبلوم
وبناء على المرسوم رقم 2.24.991 الصادر في 24 من ربيع
االخر 1446 (28 اكتوبر 2024) المتعلق باختصاصات وزير التعليم
التخصص في الطب، تخصص : امراض العيون، كما وقع تتميمه؛
العالي والبحث العلمي واالبتكار؛
وبناء على المرسوم رقم 2.24.991 الصادر في 24 من ربيع االخر 1446
 (28 اكتوبر 2024) المتعلق باختصاصات وزير التعليم العالي والبحث
وبعد استشارة اللجنة القطاعية لعلوم الصحة المنعقدة بتاريخ
3مارس 2026؛
العلمي واالبتكار؛
وبعد استاطلع راي المجلس الوطني للهيئة الوطنية للطبيبات
وبعد استشارة اللجنة القطاعية لعلوم الصحة المنعقدة بتاريخ
واالطباء،
قرر ما يلي:
المادة االولى
3مارس 2026؛
وبعد استاطلع راي المجلس الوطني للهيئة الوطنية للطبيبات
واالطباء،
قرر ما يلي:
المادة االولى
تتمم على النحو التالي المادة االولى من القرار المشار اليه ااعله
رقم 570.04 الصادر في 15 من صفر 1425 (6 ابريل 2004)
«المادة االولى - .تحدد على النحو التالي الئحة الشهادات التي تعادل
تتمم على النحو التالي المادة االولى من القرار المشار اليه ااعله
رقم 2188.04 الصادر في 14 من ذي القعدة 1425 (27 ديسمبر 2004)
«دبلوم التخصص في الطب، تخصص : االمراض الجلدية:
الجريدة الرسميةعدد29 - 7517 جحلا وذ29 ذ)1) 29 29 ينوي))15 )15
قرر ما يلي:
المادة االولى
«المادة االولى - .تحدد على النحو التالي الئحة الشهادات التي تعادل
«دبلوم التخصص في الطب، تخصص : امراض العيون:
تتمم على النحو التالي المادة االولى من القرار المشار اليه ااعله
..........................................................................................................«
رقم 2963.97 الصادر في 2 شعبان 1418 (3 ديسمبر 1997)
- «اوكرانيا:
«المادة االولى - .تحدد على النحو التالي الئحة الشهادات التي تعادل
»...........................................................................................................
«دبلوم دكتور في الطب مشفوعة بشهادة البكالوريا للتعليم الثانوي شعبة
«العلوم التجريبية او العلوم الرياضية او دبلوم معترف بمعادلته لها:
« – Certificate of specialized training in medicine (clinical
..........................................................................................................«
« ordinatura) specialization in ophthalmology, délivré par
« Zaporizhzhia state medical University - Ukraine.
-«اوكرانيا:
»...........................................................................................................
«يجب ان تقرن هذه الشهادة بتدريب مدته اثلث سنوات مع اجتياز
«امتحان تقييمي بنجاح مسلم من طرف احدى كليات الطب والصيدلة
« – Qualification specialist general medicine, délivrée par
« Zaporizhzhia state medical University - Ukraine.
«بالمغرب الذي تصادق عليه اللجنة القطاعية لعلوم الصحة».
«يجب ان تقرن هذه الشهادة بتدريب مدته اثلث سنوات مع اجتياز
«امتحان تقييمي بنجاح مسلم من طرف احدى كليات الطب والصيدلة",Indéterminé,"Fiscal=0, Social=0, Administratif=0",Indéterminé,False
706,BO_7517_Ar,الثانية,ar,"ينشر هذا القرار بالجريدة الرسمية.
«بالمغرب الذي تصادق عليه اللجنة القطاعية لعلوم الصحة».",Indéterminé,"Fiscal=0, Social=0, Administratif=0",Indéterminé,False
707,BO_7517_Ar,الثانية,ar,"وحرر بالرباط في 16 من ذي القعدة 1447 (4 ماي 2026)
ينشر هذا القرار بالجريدة الرسمية.
االمضاء : عز الدين المداوي.
وحرر بالرباط في 16 من ذي القعدة 1447 (4 ماي 2026)
االمضاء : عز الدين المداوي.
قرار لوزير التعليم العالي والبحث العلمي واالبتكار رقم 905.26
صادر في 16 من ذي القعدة 1447 (4 ماي 2026) بتتميم القرار
رقم 2963.97 الصادر في 2 شعبان 1418 (3 ديسمبر 1997)
قرار لوزير التعليم العالي والبحث العلمي واالبتكار رقم906.26
صادر في 16 من ذي القعدة 1447 (4 ماي 2026) بتتميم
القرار رقم 1109.06 الصادر في 16 من جمادى االولى 1427
  (13 يونيو 2006) بتحديد الئحة الشهادات التي تعادل دبلوم
بتحديدا لئحة الشهادات التي تعادل دبلوم دكتور  في الطب.
التخصص في الطب، تخصص : علم التشريح المرعضي.
وزير التعليم العالي والبحث العلمي واالبتكار،
بعد االاطلع على قرار وزير التعليم العالي والبحث العلمي والثقافة
رقم 2963.97 الصادر في 2 شعبان 1418 (3 ديسمبر 1997) بتحديد
الئحة الشهادات التي تعادل دبلوم دكتور في الطب، كما وقع تغييره
وزير التعليم العالي والبحث العلمي واالبتكار،
بعد االاطلع على قرار وزير التربية الوطنية والتعليم العالي
وتكوين االطر والبحث العلمي رقم 1109.06 الصادر في 16 من جمادى
االولى 1427 (13 يونيو 2006) بتحديد الئحة الشهادات التي تعادل
دبلوم التخصص في الطب، تخصص : علم التشريح المرعضي، كما وقع
وتتميمه؛
وبناء على المرسوم رقم 2.24.991 الصادر في 24 من ربيع االخر 1446
 (28 اكتوبر 2024) المتعلق باختصاصات وزير التعليم العالي والبحث
تتميمه؛
وبناء على المرسوم رقم 2.24.991 الصادر في 24 من ربيع االخر 1446
 (28 اكتوبر 2024) المتعلق باختصاصات وزير التعليم العالي والبحث
العلمي واالبتكار؛
العلمي واالبتكار؛
وبعد استشارة اللجنة القطاعية لعلوم الصحة المنعقدة بتاريخ
وبعد استشارة اللجنة القطاعية لعلوم الصحة المنعقدة بتاريخ
3مارس 2026؛
3مارس 2026؛
وبعد استاطلع راي المجلس الوطني للهيئة الوطنية للطبيبات
وبعد استاطلع راي المجلس الوطني للهيئة الوطنية للطبيبات
واالطباء،
واالطباء،
الجريدة الرسمية3259
عدد29 - 7517 جحلا وذ29 ذ)1) 29 29 ينوي ))15 )15
قرر ما يلي:
المادة االولى
قرر ما يلي:
المادة االولى
تتمم على النحو التالي المادة االولى من القرار المشار اليه ااعله
رقم 1109.06 الصادر في 16 من جمادى االولى 1427 (13 يونيو 2006)
تتمم على النحو التالي المادة االولى من القرار المشار اليه
ااعله رقم 1482.04 الصادر في 24 من جمادى االخرة1425
 (11 اغسطس 2004)
«المادة االولى - .تحدد على النحو التالي الئحة الشهادات التي تعادل
«دبلوم التخصص في الطب، تخصص : علم التشريح المرعضي:
«المادة االولى - .تحدد على النحو التالي الئحة الشهادات التي تعادل
..........................................................................................................«
«دبلوم التخصص في الطب، تخصص : امراض الكلوم والجبارة:
- «السينغال:
..........................................................................................................«
«.........................................................................................................
« – Diplôme d’études spécialisées (D.E.S) d’anatomie et de
-«السينغال:
«..........................................................................................................
« cytologie pathologiques, délivré par l’Université Cheikh-
« Anta-Diop de Dakar - Sénégal.»
« – Diplôme d’études spécialisées (D.E.S) d’orthopédie
« traumatologie, délivré par l’Université Cheikh-Anta-Diop
« de Dakar - Sénégal.»",Indéterminé,"Fiscal=0, Social=0, Administratif=0",Indéterminé,False
708,BO_7517_Ar,الثانية,ar,ينشر هذا القرار بالجريدة الرسمية.,Indéterminé,"Fiscal=0, Social=0, Administratif=0",Indéterminé,False
709,BO_7517_Ar,الثانية,ar,"وحرر بالرباط في 16 من ذي القعدة 1447 (4 ماي 2026)
ينشر هذا القرار بالجريدة الرسمية.
االمضاء : عز الدين المداوي.
وحرر بالرباط في 16 من ذي القعدة 1447 (4 ماي 2026)
االمضاء : عز الدين المداوي.
قرار لوزير التعليم العالي والبحث العلمي واالبتكار رقم 907.26
صادر في 16 من ذي القعدة 1447 (4 ماي 2026) بتتميم
قرار لوزير التعليم العالي والبحث العلمي واالبتكار رقم908.26
صادر في 16 من ذي القعدة 1447 (4 ماي 2026) بتتميم
القرار رقم 1197.05 الصادر في 2 جمادى االولى 1426
  (10 يونيو 2005) بتحديد الئحة الشهادات التي تعادل دبلوم
القرار رقم 1482.04 الصادر في 24 من جمادى االخرة1425
 (11 اغسطس 2004) بتحديد الئحة الشهادات التي تعادل
دبلوم التخصص في الطب، تخصص : امراض الكلوم
والجبارة.
التخصص في الطب، تخصص : جراحة القلب والشرايين.
وزير التعليم العالي والبحث العلمي واالبتكار،
بعد االاطلع على قرار وزير التربية الوطنية والتعليم العالي وتكوين
االطر والبحث العلمي رقم 1482.04 الصادر في 24 من جمادى االخرة 1425
 (11 اغسطس 2004) بتحديد الئحة الشهادات التي تعادل دبلوم
التخصص في الطب، تخصص : امراض الكلوم والجبارة، كما وقع
وزير التعليم العالي والبحث العلمي واالبتكار،
بعد االاطلع على قرار وزير التربية الوطنية والتعليم العالي وتكوين
االطر والبحث العلمي رقم 1197.05 الصادر في 2 جمادى االولى 1426
 (10 يونيو 2005) بتحديدا لئحة الشهادات التي تعادل دبلوم التخصص
في الطب، تخصص : جراحة القلب والشرايين، كما وقع تتميمه؛
تتميمه؛
وعلى المرسوم رقم 2.24.991 الصادر في 24 من ربيع االخر 1446
 (28 اكتوبر 2024) المتعلق باختصاصات وزير التعليم العالي والبحث
وبناء على المرسوم رقم 2.24.991 الصادر في 24 من ربيع االخر 1446
 (28 اكتوبر 2024) المتعلق باختصاصات وزير التعليم العالي والبحث
العلمي واالبتكار؛
العلمي واالبتكار؛
وبعد استشارة اللجنة القطاعية لعلوم الصحة المنعقدة بتاريخ
وبعد استشارة اللجنة القطاعية لعلوم الصحة المنعقدة بتاريخ
3مارس 2026؛
3مارس 2026؛
وبعد استاطلع راي المجلس الوطني للهيئة الوطنية للطبيبات
وبعد استاطلع راي المجلس الوطني للهيئة الوطنية للطبيبات
واالطباء،
واالطباء،
قرر ما يلي:
-«السينغال:
وتتميمه؛
العلمي واالبتكار؛
3مارس 2026؛
واالطباء،
الجريدة الرسميةعدد29 - 7517 جحلا وذ29 ذ)1) 29 29 ينوي))15 )15
قرر ما يلي:
المادة االولى
المادة االولى
تتمم على النحو التالي المادة االولى من القرار المشار اليه ااعله
تتمم على النحو التالي المادة االولى من القرار المشار اليه ااعله
رقم 2963.97 الصادر في 2 شعبان 1418 (3 ديسمبر 1997)
رقم 1197.05 الصادر في 2 جمادى االولى 1426 (10 يونيو 2005)
«المادة االولى - .تحدد على النحو التالي الئحة الشهادات التي تعادل
«المادة االولى - .تحدد على النحو التالي الئحة الشهادات التي تعادل
«دبلوم دكتور في الطب مشفوعة بشهادة البكالوريا للتعليم الثانوي شعبة
«دبلوم التخصص في الطب، تخصص : جراحة القلب والشرايين:
«العلوم التجريبية او العلوم الرياضية او دبلوم معترف بمعادلته لها:
..........................................................................................................«
..........................................................................................................«
-«رومانيا:
»...........................................................................................................
»...........................................................................................................
« – Diplôme d’études spécialisées (D.E.S) chirurgie
« – Titlul de doctor medic, délivré par Universitatii din
« thoracique et cardiovasculaire, délivré par l’Université
« Cheikh-Anta-Diop de Dakar - Sénégal.»
« Oradea - Roumanie ;
« – Titlul de doctor medic, délivré par Universitatii de",Indéterminé,"Fiscal=0, Social=0, Administratif=0",Indéterminé,False
710,BO_7517_Ar,الثانية,ar,"« medicina si farmacie din Craiova - Roumanie.»
ينشر هذا القرار بالجريدة الرسمية.",Indéterminé,"Fiscal=0, Social=0, Administratif=0",Indéterminé,False
711,BO_7517_Ar,الثانية,ar,"ينشر هذا القرار بالجريدة الرسمية.
وحرر بالرباط في 16 من ذي القعدة 1447 (4 ماي 2026)
وحرر بالرباط في 16 من ذي القعدة 1447 (4 ماي 2026)
االمضاء : عز الدين المداوي.
االمضاء : عز الدين المداوي.
قرار لوزير التعليم العالي والبحث العلمي واالبتكار رقم 909.26
صادر في 16 من ذي القعدة 1447 (4 ماي 2026) بتتميم القرار
رقم 2963.97 الصادر في 2 شعبان 1418 (3 ديسمبر 1997)
قرار لوزير التعليم العالي والبحث العلمي واالبتكار رقم 910.26
صادر في 16 من ذي القعدة 1447 (4 ماي 2026) بتتميم القرار
رقم 950.04 الصادر في 6 ربيع االخر 1425 (26 ماي 2004)
بتحديد الئحة الشهادات التي تعادل دبلوم التخصص في
بتحديدا لئحة الشهادات التي تعادل دبلوم دكتور  في الطب.
الطب، تخصص : امراض النساء والتوليد.
وزير التعليم العالي والبحث العلمي واالبتكار،
بعد االاطلع على قرار وزير التعليم العالي والبحث العلمي والثقافة
رقم 2963.97 الصادر في 2 شعبان 1418 (3 ديسمبر 1997) بتحديد
الئحة الشهادات التي تعادل دبلوم دكتور في الطب، كما وقع تغييره
وزير التعليم العالي والبحث العلمي واالبتكار،
بعد االاطلع على قرار وزير التعليم العالي وتكوين االطر والبحث
العلمي رقم 950.04 الصادر في 6 ربيع االخر 1425 (26 ماي 2004)
بتحديد الئحة الشهادات التي تعادل دبلوم التخصص في الطب،
تخصص : امراض النساء والتوليد، كما وقع تتميمه:
وبناء على المرسوم رقم 2.24.991 الصادر في 24 من ربيع االخر 1446
 (28 اكتوبر 2024) المتعلق باختصاصات وزير التعليم العالي والبحث
وبناء على المرسوم رقم 2.24.991 الصادر في 24 من ربيع االخر 1446
 (28 اكتوبر 2024) المتعلق باختصاصات وزير التعليم العالي والبحث
العلمي واالبتكار؛
وبعد استشارة اللجنة القطاعية لعلوم الصحة المنعقدة بتاريخ
وبعد استشارة اللجنة القطاعية لعلوم الصحة المنعقدة بتاريخ
3مارس 2026؛
وبعد استاطلع راي المجلس الوطني للهيئة الوطنية للطبيبات
وبعد استاطلع راي المجلس الوطني للهيئة الوطنية للطبيبات
واالطباء،
قرر ما يلي:
المادة االولى
تتمم على النحو التالي المادة االولى من القرار المشار اليه ااعله
رقم 950.04 الصادر في 6 ربيع االخر 1425 (26 ماي 2004)
«المادة االولى - .تحدد على النحو التالي الئحة الشهادات التي تعادل
«دبلوم التخصص في الطب، تخصص : امراض النساء والتوليد:
.........................................................................................................«
-«مالانيا:
».........................................................................................................
« – Specialiste en gynécologie et obstétrique (médecin
« gynécologue), délivré par l’Ordre des médecins de
« Basse-Saxe - Allemagne.»",Indéterminé,"Fiscal=0, Social=0, Administratif=0",Indéterminé,False
712,BO_7517_Ar,الثانية,ar,"ينشر هذا القرار بالجريدة الرسمية.
وحرر بالرباط في 16 من ذي القعدة 1447 (4 ماي 2026)
االمضاء : عز الدين المداوي.
قرار لوزير التعليم العالي والبحث العلمي واالبتكار رقم 911.26
صادر في 16 من ذي القعدة 1447 (4 ماي 2026) بتتميم
القرار رقم 2189.04 الصادر في 14 من ذي القعدة1425
 (27 ديسمبر 2004) بتحديد الئحة الشهادات التي تعادل
دبلوم التخصص في الطب، تخصص : امراض القلب.
وزير التعليم العالي والبحث العلمي واالبتكار،
بعد االاطلع على قرار وزير التربية الوطنية والتعليم العالي وتكوين
االطر والبحث العلمي رقم 2189.04 الصادر في 14 من ذي القعدة 1425
 (27 ديسمبر 2004) بتحديد الئحة الشهادات التي تعادل دبلوم
التخصص في الطب، تخصص : امراض القلب، كما وقع تتميمه؛
وبناء على المرسوم رقم 2.24.991 الصادر في 24 من ربيع
االخر 1446 (28 اكتوبر 2024) المتعلق باختصاصات وزير التعليم
العالي والبحث العلمي واالبتكار؛
وبعد استشارة اللجنة القطاعية لعلوم الصحة المنعقدة بتاريخ
3مارس 2026؛
وبعد استاطلع راي المجلس الوطني للهيئة الوطنية للطبيبات
واالطباء،
الجريدة الرسمية3261
عدد29 - 7517 جحلا وذ29 ذ)1) 29 29 ينوي ))15 )15
قرر ما يلي:
المادة االولى
تتمم على النحو التالي المادة االولى من القرار المشار اليه ااعله
رقم 2189.04 الصادر في 14 من ذي القعدة 1425 (27 ديسمبر 2004)
«المادة االولى - .تحدد على النحو التالي الئحة الشهادات التي تعادل
«دبلوم التخصص في الطب، تخصص : امراض القلب:
..........................................................................................................«
- «مالانيا:
»...........................................................................................................
« – Titre de médecin spécialiste en médecine interne
« et cardiologie, délivré par l’Ordre des médecins
« Westphalie - Lippe - Allemagne.»",Indéterminé,"Fiscal=0, Social=0, Administratif=0",Indéterminé,False
713,BO_7517_Ar,الثانية,ar,"ينشر هذا القرار بالجريدة الرسمية.
وحرر بالرباط في 16 من ذي القعدة 1447 (4 ماي 2026)
االمضاء : عز الدين المداوي.
قرار لوزير التجهيز والماء رقم 1037.26 صادر في 23 من ذي القعدة 1447
 (11 ماي 2026) بتغيير القرار رقم 244.26 الصادر في 18 من
رجب 1447 (8 يناير 2026) بتفويض االمضاء والمصادقة على
الصفقات.
وزير التجهيز والماء،
بعد االاطلع على القرار رقم 244.26 الصادر في 18 من رجب 1447
(8 يناير 2026) بتفويض االمضاء والمصادقة على الصفقات؛
وعلى المرسوم رقم 2.21.830 الصادر في 14 من ربيع االول1443
 (21 اكتوبر 2021) المتعلق باختصاصات وزير التجهيز والماء،
قرر ما يلي:
المادة االولى
تغير على النحو التالي المادة الرابعة من القرار المشار اليه ااعله
رقم 244.26 بتاريخ 18 من رجب 1447 (8 يناير 2026)
«المادة الرابعة - .اذا تغيب السيد لحسن معزيزي او عاقه عائق ناب
«عنه السيد عثمان العداوي، المتصرف من الدرجة االولى بمديرية
«الموارد البشرية ................................................... لوزارة التجهيز والماء.
الجريدة الرسميةعدد29 - 7517 جحلا وذ29 ذ)1) 29 29 ينوي))15 )15
قرار لوزيرة االقتصاد والمالية رقم 1036.26 صادر في 5 ذي",Indéterminé,"Fiscal=0, Social=0, Administratif=0",Indéterminé,False
714,BO_7517_Ar,الثانية,ar,"الحجة 1447 (22 ماي 2026)  بتفويض االمضاء
ينشر هذا القرار بالجريدة الرسمية.
وحرر بالرباط في 23 من ذي القعدة 1447 (11 ماي 2026)
وزيرة االقتصاد والمالية،
بناء على الظهير الشريف رقم 1.21.111 الصادر في 4 ربيع االول1443
 (11 اكتوبر 2021) بتعيين اعضاء الحكومة كما وقع تغييره؛
االمضاء : نزار بركة.
قرار لوزيرة االقتصاد والمالية رقم 1035.26 صادر في 5 ذي
وعلى المرسوم رقم 2.22.81 الصادر في 8 رمضان1444
 (30 مارس 2023) المتعلق بتفويض السلطة واالمضاء؛
الحجة 1447 (22 ماي 2026)  بتفويض االمضاء
وعلى المرسوم رقم 2.21.829 الصادر في 14 من ربيع االول 1443
وزيرة االقتصاد والمالية،
(21 اكتوبر 2021) المتعلق باختصاصات وزيرة االقتصاد والمالية،
بناء على الظهير الشريف رقم 1.21.111 الصادر في 4 ربيع االول1443
 (11 اكتوبر 2021) بتعيين اعضاء الحكومة كما وقع تغييره؛
قررت ما يلي:
المادة االولى
وعلى المرسوم رقم 2.22.81 الصادر في 8 رمضان1444
 (30 مارس 2023) المتعلق بتفويض السلطة واالمضاء؛
يفوض الى السيد محمد الزهاوي، المدير العام الدارة الجمارك
والضرائب غير المباشرة، االمضاء او التاشير نيابة عن وزيرة االقتصاد
والمالية على جميع الوثائق المتعلقة بادارة الجمارك والضرائب غير
وعلى القرار الصادر في 7 جمادى االولى 1350 (20 سبتمبر 1931)
بتنظيم التعويض عن مصاريف التنقل والقيام بماموريات كما وقع
المباشرة ما عدا المراسيم والقرارات التنظيمية.
تغييره وتتميمه بالمرسوم رقم 2.73.312 بتاريخ 10 صفر1394
 (5 مارس 1974) اول سيما الفصل 20 منه؛",Indéterminé,"Fiscal=0, Social=0, Administratif=0",Indéterminé,False
715,BO_7517_Ar,الثانية,ar,"ينشر هذا القرار بالجريدة الرسمية.
وعلى قرار الوزير االول رقم 3.228.74 الصادر في 21 من جمادى
االخرة 1394 (12 يوليو 1974) بتحديد شروط وضع اوامر القيام
وحرر بالرباط في 5 ذي الحجة 1447 (22 ماي 2026)
االمضاء : نادية فتاح.
بماموريات في الخارج؛
وعلى المرسوم رقم 2.21.829 الصادر في 14 من ربيع االول 1443
قرار لوزيرة االقتصاد والمالية رقم 1038.26 صادر في 5 ذي  الحجة 1447
(21 اكتوبر 2021) المتعلق باختصاصات وزيرة االقتصاد والمالية،
(22 ماي 2026) بتفويض السلطة
قررت ما يلي:
وزيرة االقتصاد والمالية،
المادة االولى
بناء على الظهير الشريف رقم 1.21.111 الصادر في 4 ربيع االول 1443
يفوض الى السيد محمد الزهاوي، المدير العام الدارة الجمارك
والضرائب غير المباشرة، االمضاء نيابة عن وزيرة االقتصاد والمالية
على االوامر الصادرة للموظفين التابعين اللدارة المذكورة للقيام
(11 اكتوبر 2021) بتعيين اعضاء الحكومة كما وقع تغييره؛
وعلى المرسوم رقم 2.22.81 الصادر في 8 رمضان1444
 (30 مارس 2023) المتعلق بتفويض السلطة واالمضاء،
بماموريات خارج المملكة.
وعلى القانون رقم 15.97 بمثابة مدونة تحصيل الديون العمومية
الصادر بتنفيذه الظهير الشريف رقم 1.00.175 بتاريخ 28 من محرم 1421",Indéterminé,"Fiscal=0, Social=0, Administratif=0",Indéterminé,False
716,BO_7517_Ar,الثانية,ar,"ينشر هذا القرار بالجريدة الرسمية.
(3 ماي 2000)؛
وحرر بالرباط في 5 ذي الحجة 1447 (22 ماي 2026)
وعلى المرسوم رقم 2.21.829 الصادر في 14 من ربيع االول 1443
(21 اكتوبر 2021) المتعلق باختصاصات وزيرة االقتصاد والمالية،
االمضاء : نادية فتاح.
قررت ما يلي:
المادة االولى
تفوض الى االشخاص االتية اسماؤهم سلطة اتخاذ القرارات
التالية المتعلقة بجميع الضرائب والرسوم والواجبات والمساهمات
المنصوص عليها في المدونة العامة للضرائب وكذا الرسوم والمساهمات
والغرامات المالية المعهود بتدبيرها او تدبيرها وتحصيلها للمديرية
العامة للضرائب المشار اليها مجتمعة بعبارة« فرض »في المواد التالية
وذلك في حدود المبالغ المبينة بالنسبة لكل واحد منهم:
- 1السيد عبد للها حمداش، متصرف المالية من الدرجة االولى
المكلف بالمديرية الجهوية للضرائب لعمالتي فاس ومكناس واقاليم
الحاجب وافران وماولي يعقوب وصفرو وبمولان وتاونات وتازة
وذلك فيما يخص:
-االسقاط الكلي او الجزئي لكل فرض اصدرته االدارة كيفما كان
مبلغه اذا ثبت انه زائد على المبلغ المستحق او انه فرض مرتين
او فرض بغير موجب صحيح؛
-التخفيض المثبت قانونيا من كل فرض كيفما كان مبلغه؛
-الرفض المعلل للمطالبات المتعلقة باي فرض كيفما كان مبلغه؛
-الموافقة على كل اقتراح يتعلق بعدم امكانية استاخلص ديون
عمومية اصدرتها االدارة وذلك استنادا الى وثائق اثبات مقنعة؛
-االبراء والتخفيف من الذعائر والغرامات والزيادات وغيرها من
الجزاءات كيفما كان مبلغها وكذا صوائر التحصيل؛
-ممارسة حق الشفعة طبقا للمادة 143 من المدونة العامة
للضرائب؛
-االرجاع واالسترداد المثبت قانونيا لكل فرض كيفما كان مبلغه.
- 2السيد محمد عبد الصمد ڬنون، متصرف المالية من الدرجة
االولى المكلف بالمديرية االقليمية للضرائب لعمالة مكناس واقليمي
افران والحاجب وذلك فيما يخص:
-االسقاط الكلي او الجزئي لكل فرض اصدرته االدارة كيفما كان
مبلغه اذا ثبت انه زائد على المبلغ المستحق او انه فرض مرتين
او فرض بغير موجب صحيح؛
-التخفيض المثبت قانونيا من كل فرض كيفما كان مبلغه؛
-الرفض المعلل للمطالبات المتعلقة باي فرض كيفما كان مبلغه؛
-الموافقة على كل اقتراح يتعلق بعدم امكانية استاخلص ديون
عمومية اصدرتها االدارة وذلك استنادا الى وثائق اثبات مقنعة؛
-االبراء والتخفيف من الذعائر والغرامات والزيادات وغيرها من
الجزاءات كيفما كان مبلغها وكذا صوائر التحصيل؛
الجريدة الرسمية3263
عدد29 - 7517 جحلا وذ29 ذ)1) 29 29 ينوي ))15 )15
-ممارسة حق الشفعة طبقا للمادة 143 من المدونة العامة
للضرائب؛
-االرجاع واالسترداد المثبت قانونيا لكل فرض كيفما كان مبلغه.
- 3السادة سعيد السعايلي وسعيد مبخوت واحمد خربوش،
متصرفو المالية من الدرجة االولى المكلفون على التوالي بالمصلحة
الجهوية لجبايات االشخاص االعتباريين والمصلحة الجهوية االولى
والمصلحة الجهوية الثانية لجبايات االشخاص الذاتيين لعمالة فاس
واقاليم ماولي يعقوب وصفرو وبمولان وتاونات والسيد ابراهيم
احانو، المهندس الرئيس للالمية من الدرجة الممتازة المكلف بمصلحة
الوعاء الضريبي بتازة والسيدان المصطفى عمار، متصرف المالية من
الدرجة االولى ورشيد منصورين، المهندس الرئيس للالمية من الدرجة
الممتازة المكلفان على التوالي بالمصلحة االولى والمصلحة الثانية للوعاء
الضريبي لعمالة مكناس واقاليم افران والحاجب وذلك فيما يخص:
-االسقاط الكلي او الجزئي لكل فرض اصدرته االدارة مرتين او ثبت
انه زائد على المبلغ المستحق او فرض بغير موجب صحيح اذا كان
مبلغه االصلي مضافة اليه الزيادات المرتبطة بتاسيسه يعادل
او يقل عن 500.000 درهم) خمسمائة الف درهم (؛
-التخفيض الكلي او الجزئي المثبت قانونيا من كل فرض على
اال يزيد مبلغه االصلي مضافة اليه الزيادات المرتبطة بتاسيسه
على 500.000 درهم) خمسمائة الف درهم (اما الزيادات المترتبة
عن تاخير االداء فيتم تخفيضها بصورة تلقائية؛
-الرفض المعلل للمطالبات المتعلقة باي فرض يعادل مبلغه
 500.000درهم) خمسمائة الف درهم (او يقل عن ذلك شاامل
الصل الفرض والزيادات المرتبطة بتاسيسه؛
-الموافقة على كل اقتراح يتعلق بعدم امكانية استاخلص ديون
عمومية اصدرتها االدارة وذلك استنادا الى وثائق اثبات مقنعة
ويحدد سقف هذا االقتراح في مبلغ 50.000 درهم) خمسون الف
درهم (شااملا لصل الفرض والزيادات المرتبطة بتاسيسه؛
-االرجاع واالسترداد المثبت قانونيا لكل فرض ما عدا الضريبة على
الدخل المقتطعة من المنبع على االجور والدخول التي في حكمها
وذلك في حدود مبلغ 1.000.000 درهم) مليون درهم (؛
-االسترداد المثبت قانونيا للضريبة على الدخل المقتطعة من المنبع
على االجور والدخول التي في حكمها في حدود مبلغ 100.000 درهم
)مائة الف درهم.(
-4السيدة نزهة مدغري علوي، المهندسة الرئيسة للالمية من
الدرجة الممتازة والسيد احمد بوزفور، متصرف المالية من الدرجة
االولى المكلفان على التوالي بالمصلحة الجهوية للمساعدة والتواصل
بفاس والمصلحة االقليمية للمساعدة والتواصل بمكناس وذلك فيما
يخص:
-االسقاط الكلي او الجزئي لكل فرض اصدرته االدارة مرتين او ثبت
انه زائد على المبلغ المستحق او فرض بغير موجب صحيح اذا كان
مبلغه االصلي مضافة اليه الزيادات المرتبطة بتاسيسه يعادل
او يقل عن 50.000 درهم) خمسون الف درهم.(
- 5السادة محمد قداري ورشيد اقرطيط ومحمد مقبوب،
متصرفو المالية من الدرجة االولى ومحمد ستوران وانس العشعاش،
متصرفا المالية من الدرجة الثانية واحمد بلخيدج، تقني المالية من
الدرجة االولى المكلفون على التوالي بتقسيمات الضرائب المتعددة
االختصاصات بتاونات وصفرو وازرو وعين تاوجطات وميسور وذلك
فيما يخص:
-االسقاط الكلي او الجزئي لكل فرض اصدرته االدارة مرتين او ثبت
انه زائد على المبلغ المستحق او فرض بغير موجب صحيح، اذا كان
مبلغه االصلي مضافة اليه الزيادات المرتبطة بتاسيسه يعادل
او يقل عن 100.000 درهم) مائة الف درهم (؛
-التخفيض الكلي او الجزئي المثبت قانونيا من كل فرض على
اال يزيد مبلغه االصلي مضافة اليه الزيادات المرتبطة بتاسيسه
على 100.000 درهم) مائة الف درهم (اما الزيادات المترتبة عن
تاخير االداء فيتم تخفيضها بصورة تلقائية؛
-الرفض المعلل للمطالبات المتعلقة باي فرض يعادل مبلغه
 100.000درهم) مائة الف درهم (او يقل عن ذلك شاامل الصل
الفرض والزيادات المرتبطة بتاسيسه؛
-االرجاع واالسترداد المثبت قانونيا لكل فرض ما عدا الضريبة على
الدخل المقتطعة من المنبع على االجور والدخول التي في حكمها
وذلك في حدود مبلغ 100.000 درهم) مائة الف درهم (؛
-االسترداد المثبت قانونيا للضريبة على الدخل المقتطعة من المنبع
على االجور والدخول التي في حكمها في حدود مبلغ 50.000 درهم
)خمسون الف درهم.(
- 6السادة طارق جناحي، المهندس الرئيس للالمية من الدرجة
الممتازة  وسعد عيمري، المهندس الرئيس للالمية من الدرجة االولى
ومحمد البيناني ومحمد اليوسفي وطريق البنان وعبد للها فاطمي
وسمير ابراح ومراد ابو عبد للها، متصرفو المالية من الدرجة االولى
المكلفون بتقسيمات الضرائب بالمديرية الجهوية للضرائب بفاس
والسيدان محمد الافلح ومحمد بوشحطة، متصرفا المالية من
الجريدة الرسميةعدد29 - 7517 جحلا وذ29 ذ)1) 29 29 ينوي))15 )15
الدرجة االولى المكلفان على التوالي بتقسيمة جبايات االش",Fiscal,"Fiscal=3, Social=0, Administratif=0",Fiscal,True
717,BO_7517_Ar,الثانية,ar,"ينشر هذا القرار بالجريدة الرسمية وينسخ القرار رقم 2099.25
الصادر في 28 من صفر 1447 (22 اغسطس 2025) بتفويض السلطة.
وحرر بالرباط في 5 ذي الحجة 1447 (22 ماي 2026)
االمضاء : نادية فتاح.
قرار لوزيرة االقتصاد والمالية رقم 1039.26 صادر في 5 ذي  الحجة 1447
(22 ماي 2026) بتفويض السلطة
وزيرة االقتصاد والمالية،
بناء على الظهير الشريف رقم 1.21.111 الصادر في 4 ربيع االول 1443
(11 اكتوبر 2021) بتعيين اعضاء الحكومة كما وقع تغييره؛
وعلى المرسوم رقم 2.22.81 الصادر في 8 رمضان1444
 (30 مارس 2023) المتعلق بتفويض السلطة واالمضاء؛
وعلى القانون رقم 15.97 بمثابة مدونة تحصيل الديون العمومية
الصادر بتنفيذه الظهير الشريف رقم 1.00.175 بتاريخ 28 من محرم 1421
(3 ماي 2000)؛
وعلى المرسوم رقم 2.21.829 الصادر في 14 من ربيع االول 1443
(21 اكتوبر 2021) المتعلق باختصاصات وزيرة االقتصاد والمالية،
قررت ما يلي:
المادة االولى
تفوض الى االشخاص االتية اسماؤهم سلطة اتخاذ القرارات
التالية المتعلقة بجميع الضرائب والرسوم والواجبات والمساهمات
المنصوص عليها في المدونة العامة للضرائب وكذا الرسوم والمساهمات
والغرامات المالية المعهود بتدبيرها او تدبيرها وتحصيلها للمديرية
العامة للضرائب المشار اليها مجتمعة بعبارة« فرض »في المواد التالية
وذلك في حدود المبالغ المبينة بالنسبة لكل واحد منهم:
- 1السيد محمد خبزي، متصرف المالية من الدرجة االولى المكلف
بالمديرية الجهوية للضرائبا لقاليم بني املل وازايلل والفقيه بن صالح
وخنيفرة وخريبكة وذلك فيما يخص:
-االسقاط الكلي او الجزئي لكل فرض اصدرته االدارة كيفما كان
مبلغه اذا ثبت انه زائد على المبلغ المستحق او انه فرض مرتين
او فرض بغير موجب صحيح؛
-التخفيض المثبت قانونيا من كل فرض كيفما كان مبلغه؛
-الرفض المعلل للمطالبات المتعلقة باي فرض كيفما كان مبلغه؛
-الموافقة على كل اقتراح يتعلق بعدم امكانية استاخلص ديون
عمومية اصدرتها االدارة وذلك استنادا الى وثائق اثبات مقنعة؛
-االبراء والتخفيف من الذعائر والغرامات والزيادات وغيرها من
الجزاءات كيفما كان مبلغها وكذا صوائر التحصيل؛
-ممارسة حق الشفعة طبقا للمادة 143 من المدونة العامة
للضرائب؛
-االرجاع واالسترداد المثبت قانونيا لكل فرض كيفما كان مبلغه.
الجريدة الرسمية3265
عدد29 - 7517 جحلا وذ29 ذ)1) 29 29 ينوي ))15 )15
- 2السيد ربيع االصماعي ويونس بوبرية، متصرفا المالية من
الدرجة االولى المكلفان على التوالي بالمصلحة الجهوية االولى والمصلحة
الجهوية الثانية للوعاء الضريبي القاليم بني املل وازايلل والفقيه بن
صالح والسيدة حسناء غانيمي، المهندسة الرئيسة للالمية من الدرجة
االولى المكلفة بمصلحة الوعاء الضريبي بخريبكة والسيد حميد
بواهلل، متصرف المالية من الدرجة االولى المكلف بمصلحة الوعاء
الضريبي بخنيفرة وذلك فيما يخص:
-االسقاط الكلي او الجزئي لكل فرض اصدرته االدارة مرتين او ثبت
انه زائد على المبلغ المستحق او فرض بغير موجب صحيح اذا كان
مبلغه االصلي مضافة اليه الزيادات المرتبطة بتاسيسه يعادل
او يقل عن 500.000 درهم) خمسمائة الف درهم (؛
-التخفيض الكلي او الجزئي المثبت قانونيا من كل فرض على
اال يزيد مبلغه االصلي مضافة اليه الزيادات المرتبطة بتاسيسه
على 500.000 درهم) خمسمائة الف درهم (اما الزيادات المترتبة
عن تاخير االداء فيتم تخفيضها بصورة تلقائية؛
-الرفض المعلل للمطالبات المتعلقة باي فرض يعادل مبلغه
 500.000درهم) خمسمائة الف درهم (او يقل عن ذلك شاامل
الصل الفرض والزيادات المرتبطة بتاسيسه؛
-الموافقة على كل اقتراح يتعلق بعدم امكانية استاخلص ديون
عمومية اصدرتها االدارة وذلك استنادا الى وثائق اثبات مقنعة
ويحدد سقف هذا االقتراح في مبلغ 50.000 درهم) خمسون الف
درهم (شااملا لصل الفرض والزيادات المرتبطة بتاسيسه؛
-االرجاع واالسترداد المثبت قانونيا لكل فرض ما عدا الضريبة على
الدخل المقتطعة من المنبع على االجور والدخول التي في حكمها
وذلك في حدود مبلغ 1.000.000 درهم) مليون درهم (؛
-االسترداد المثبت قانونيا للضريبة على الدخل المقتطعة من المنبع
على االجور والدخول التي في حكمها في حدود مبلغ 100.000 درهم
)مائة الف درهم.(
- 3السيد يونس الشادلي، متصرف المالية من الدرجة الثانية
المكلف بالمصلحة الجهوية للمساعدة والتواصل بالمديرية الجهوية
للضرائب ببني املل وذلك فيما يخص:
-االسقاط الكلي او الجزئي لكل فرض اصدرته االدارة مرتين او ثبت
انه زائد على المبلغ المستحق او فرض بغير موجب صحيح اذا كان
مبلغه االصلي مضافة اليه الزيادات المرتبطة بتاسيسه يعادل
او يقل عن 50.000 درهم) خمسون الف درهم.(
الجريدة الرسميةعدد29 - 7517 جحلا وذ29 ذ)1) 29 29 ينوي))15 )15
- 4السيدتان وفاء حسيني، متصرفة المالية من الدرجة الثانية
وسميرة رشيد، تقنية المالية من الدرجة الثانية والسيدان عبد
العظيم العماري، متصرف المالية من الدرجة الثانية وعماد الوردي،
تقني المالية من الدرجة الثالثة المكلفون على التوالي بتقسيمات
الضرائب المتعددة االختصاصات بسوق السبت ااولد النمة وقصبة
-االسقاط الكلي او الجزئي لكل فرض اصدرته االدارة مرتين او ثبت
انه زائد على المبلغ المستحق او فرض بغير موجب صحيح اذا كان
مبلغه االصلي مضافة اليه الزيادات المرتبطة بتاسيسه يعادل
او يقل عن 100.000 درهم) مائة الف درهم (؛
-التخفيض الكلي او الجزئي المثبت قانونيا من كل فرض على
تادلة وازايلل والفقيه بن صالح وذلك فيما يخص:
اال يزيد مبلغه االصلي مضافة اليه الزيادات المرتبطة بتاسيسه
-االسقاط الكلي او الجزئي لكل فرض اصدرته االدارة مرتين او ثبت
انه زائد على المبلغ المستحق او فرض بغير موجب صحيح اذا كان
على 100.000 درهم) مائة الف درهم (اما الزيادات المترتبة عن
مبلغه االصلي مضافة اليه الزيادات المرتبطة بتاسيسه يعادل
تاخير االداء فيتم تخفيضها بصورة تلقائية؛
او يقل عن 100.000 درهم) مائة الف درهم (؛
-الرفض المعلل للمطالبات المتعلقة باي فرض يعادل مبلغه
-التخفيض الكلي او الجزئي المثبت قانونيا من كل فرض على
اال يزيد مبلغه االصلي مضافة اليه الزيادات المرتبطة بتاسيسه
على 100.000 درهم) مائة الف درهم (اما الزيادات المترتبة عن
100.000درهم) مائة الف درهم (او يقل عن ذلك شاامل الصل
الفرض والزيادات المرتبطة بتاسيسه؛
-االسترداد المثبت قانونيا للضريبة على الدخل المقتطعة من المنبع
تاخير االداء فيتم تخفيضها بصورة تلقائية؛
على االجور والدخول التي في حكمها في حدود مبلغ 5.000 درهم
-الرفض المعلل للمطالبات المتعلقة باي فرض يعادل مبلغه
 100.000درهم) مائة الف درهم (او يقل عن ذلك شاامل الصل
)خمسة االف درهم.(
الفرض والزيادات المرتبطة بتاسيسه؛
- 6السيد اعلء الفاضل، مهندس الدولة للالمية من الدرجة
-االرجاع واالسترداد المثبت قانونيا لكل فرض ما عدا الضريبة على
الدخل المقتطعة من المنبع على االجور والدخول التي في حكمها
الممتازة المكلف بمكتب المساعدة الجبائية ببني املل والسيدة فاطمة
الزهراء وشني، تقنية المالية من الدرجة الثالثة المكلفة بمكتب
وذلك في حدود مبلغ 100.000 درهم) مائة الف درهم (؛
المساعدة التقنية والتواصل ببني املل والسيدة زينب جرفاوي، تقنية
-االسترداد المثبت قانونيا للضريبة على الدخل المقتطعة من المنبع
على االجور والدخ",Fiscal,"Fiscal=2, Social=0, Administratif=0",Fiscal,True
718,BO_7517_Ar,الثانية,ar,"ينشر هذا القرار بالجريدة الرسمية وينسخ القرار رقم 2098.25
الصادر في 28 من صفر 1447 (22 اغسطس 2025) بتفويض السلطة.
وحرر بالرباط في 5 ذي الحجة 1447 (22 ماي 2026)
للوعاء الضريبي بخنيفرة وذلك فيما يخص:
االمضاء : نادية فتاح.
قرار لوزيرة االقتصاد والمالية رقم 1040.26 صادر في 5 ذي  الحجة 1447
(22 ماي 2026) بتفويض السلطة
وزيرة االقتصاد والمالية،
بناء على الظهير الشريف رقم 1.21.111 الصادر في 4 ربيع االول 1443
(11 اكتوبر 2021) بتعيين اعضاء الحكومة كما وقع تغييره؛
وعلى المرسوم رقم 2.22.81 الصادر في 8 رمضان1444
 (30 مارس 2023) المتعلق بتفويض السلطة واالمضاء؛
وعلى القانون رقم 15.97 بمثابة مدونة تحصيل الديون العمومية
الصادر بتنفيذه الظهير الشريف رقم 1.00.175 بتاريخ 28 من محرم 1421
(3 ماي 2000)؛
وعلى المرسوم رقم 2.21.829 الصادر في 14 من ربيع االول 1443
(21 اكتوبر 2021) المتعلق باختصاصات وزيرة االقتصاد والمالية،
قررت ما يلي:
المادة االولى
تفوض الى االشخاص االتية اسماؤهم سلطة اتخاذ القرارات
التالية المتعلقة بجميع الضرائب والرسوم والواجبات والمساهمات
المنصوص عليها في المدونة العامة للضرائب وكذا الرسوم والمساهمات
والغرامات المالية المعهود بتدبيرها او تدبيرها وتحصيلها للمديرية
العامة للضرائب المشار اليها مجتمعة بعبارة« فرض »في المواد التالية
وذلك في حدود المبالغ المبينة بالنسبة لكل واحد منهم:
- 1السيد عز الدين اليعقوبي، متصرف المالية من الدرجة االولى
املكلف بالمديرية الجهوية للضرائب لعمالتي اكادير - اداوتنان وانزكان-
ايت ملول واقاليم اشتوكة - ايت باها وتارودانت وتيزنيت وطاطا
وكلميم واسا-الزاك وطانطان وسيدي افني والعيون وبوجدور
وطرفاية والسمارة ووادي الذهب واوسرد وذلك فيما يخص:
-االسقاط الكلي او الجزئي لكل فرض اصدرته االدارة كيفما كان
مبلغه اذا ثبت انه زائد على المبلغ المستحق او انه فرض مرتين
او فرض بغير موجب صحيح؛
-التخفيض المثبت قانونيا من كل فرض كيفما كان مبلغه؛
-الرفض المعلل للمطالبات المتعلقة باي فرض كيفما كان مبلغه؛
-الموافقة على كل اقتراح يتعلق بعدم امكانية استاخلص ديون
عمومية اصدرتها االدارة وذلك استنادا الى وثائق اثبات مقنعة؛
-االبراء والتخفيف من الذعائر والغرامات والزيادات وغيرها من
الجزاءات كيفما كان مبلغها وكذا صوائر التحصيل؛
-ممارسة حق الشفعة طبقا للمادة 143 من المدونة العامة
للضرائب؛
-االرجاع واالسترداد المثبت قانونيا لكل فرض كيفما كان مبلغه.
الجريدة الرسمية3267
عدد29 - 7517 جحلا وذ29 ذ)1) 29 29 ينوي ))15 )15
- 2السيد محمد المنياني، متصرف المالية من الدرجة االولى المكلف
بالمديرية االقليمية لعمالة انزكان - ايت ملول واقاليم اشتوكة - ايت
باها وتارودانت وتيزنيت وطاطا وذلك فيما يخص:
-االسقاط الكلي او الجزئي لكل فرض اصدرته االدارة كيفما كان
مبلغه اذا ثبت انه زائد على المبلغ المستحق او انه فرض مرتين
او فرض بغير موجب صحيح؛
-التخفيض المثبت قانونيا من كل فرض كيفما كان مبلغه؛
-الرفض المعلل للمطالبات المتعلقة باي فرض كيفما كان مبلغه؛
-الموافقة على كل اقتراح يتعلق بعدم امكانية استاخلص ديون
عمومية اصدرتها االدارة وذلك استنادا الى وثائق اثبات مقنعة؛
-االبراء والتخفيف من الذعائر والغرامات والزيادات وغيرها من
الجزاءات كيفما كان مبلغها وكذا صوائر التحصيل؛
-ممارسة حق الشفعة طبقا للمادة 143 من المدونة العامة
للضرائب؛
-االرجاع واالسترداد المثبت قانونيا لكل فرض كيفما كان مبلغه.
- 3السيدان يونس مرا وعبد للها بوعائشة، متصرفا المالية
من الدرجة االولى المكلفان على التوالي بالمصلحة الجهوية لجبايات
االشخاص االعتباريين والمصلحة الجهوية لجبايات االشخاص الذاتيين
بالمديرية الجهوية للضرائب باكادير والسيدان عبد اللطيف ناجين،
المهندس الرئيس للالمية من الدرجة الممتازة وعزيز احمد مطاعي،
متصرف المالية من الدرجة االولى المكلفان على التوالي بالمصلحة
االقليمية لجبايات االشخاص االعتباريين والمصلحة االقليمية
لجبايات االشخاص الذاتيين بالمديرية االقليمية للضرائب انزكان -
ايت ملول والسيد ابراهيم الديه، متصرف المالية من الدرجة االولى
والسيدة البتول النجماوي، تقنية المالية من الدرجة الثانية المكلفان
على التوالي بمصلحة الوعاء الضريبي بكلميم ومصلحة الوعاء الضريبي
بالعيون  الداخلة والسيدان الحسين الشيخ واجلل سعداني، متصرفا
المالية من الدرجة االولى المكلفان على التوالي بمصلحة الوعاء الضريبي
بتيزنيت ومصلحة الوعاء الضريبي بتارودانت وذلك فيما يخص:
-االسقاط الكلي او الجزئي لكل فرض اصدرته االدارة مرتين او ثبت
انه زائد على المبلغ المستحق او فرض بغير موجب صحيح اذا كان
مبلغه االصلي مضافة اليه الزيادات المرتبطة بتاسيسه يعادل
او يقل عن 500.000 درهم) خمسمائة الف درهم (؛
-التخفيض الكلي او الجزئي المثبت قانونيا من كل فرض على
اال يزيد مبلغه االصلي مضافة اليه الزيادات المرتبطة بتاسيسه
على 500.000 درهم) خمسمائة الف درهم (اما الزيادات المترتبة
عن تاخير االداء فيتم تخفيضها بصورة تلقائية؛
-الرفض المعلل للمطالبات المتعلقة باي فرض يعادل مبلغه
 500.000درهم) خمسمائة الف درهم (او يقل عن ذلك شاامل
الصل الفرض والزيادات المرتبطة بتاسيسه؛
-الموافقة على كل اقتراح يتعلق بعدم امكانية استاخلص ديون
عمومية اصدرتها االدارة وذلك استنادا الى وثائق اثبات مقنعة
ويحدد سقف هذا االقتراح في مبلغ 50.000 درهم) خمسون الف
درهم (شااملا لصل الفرض والزيادات المرتبطة بتاسيسه؛
-االرجاع واالسترداد المثبت قانونيا لكل فرض ما عدا الضريبة على
الدخل المقتطعة من المنبع على االجور والدخول التي في حكمها
وذلك في حدود مبلغ 1.000.000 درهم) مليون درهم (؛
-االسترداد المثبت قانونيا للضريبة على الدخل المقتطعة من المنبع
على االجور والدخول التي في حكمها في حدود مبلغ 100.000 درهم
)مائة الف درهم.(
- 4السيد الياس اشباني، متصرف المالية من الدرجة االولى المكلف
بالمصلحة الجهوية للمساعدة والتواصل بالمديرية الجهوية للضرائب
باكادير وذلك فيما يخص:
-االسقاط الكلي او الجزئي لكل فرض اصدرته االدارة مرتين او ثبت
انه زائد على المبلغ المستحق او فرض بغير موجب صحيح اذا كان
مبلغه االصلي مضافة اليه الزيادات المرتبطة بتاسيسه يعادل
او يقل عن 50.000 درهم) خمسون الف درهم.(
- 5السيدان المختار الحنصالي ولحسن روكني، متصرفا المالية
من الدرجة االولى والسيد حفظ للها حمية، متصرف المالية من
الدرجة الثانية المكلفون على التوالي بتقسيمات الضرائب المتعددة
االختصاصات بطانطان وسيدي افني والسمارة والسادة اشرف
بورجة، مهندس الدولة للالمية من الدرجة الممتازة ومحمد اوباموح،
متصرف المالية من الدرجة االولى واحمدو الصابر، متصرف المالية
من الدرجة الثانية المكلفون على التوالي بتقسيمات الضرائب المتعددة
االختصاصات باشتوكة - ايت باها وتيزنيت وطاطا وذلك فيما يخص:
-االسقاط الكلي او الجزئي لكل فرض اصدرته االدارة مرتين او ثبت
انه زائد على المبلغ المستحق او فرض بغير موجب صحيح اذا كان
مبلغه االصلي مضافة اليه الزيادات المرتبطة بتاسيسه يعادل
او يقل عن 100.000 درهم) مائة الف درهم (؛
الجريدة الرسميةعدد29 - 7517 جحلا وذ29 ذ)1) 29 29 ينوي))15 )15
-التخفيض الكلي او الجزئي المثب",Fiscal,"Fiscal=3, Social=0, Administratif=0",Fiscal,True
719,BO_7517_Ar,الثانية,ar,"ينشر هذا القرار بالجريدة الرسمية وينسخ القرار رقم 2097.25
الصادر في 28 من صفر 1447 (22 اغسطس 2025) بتفويض السلطة.
وحرر بالرباط في 5 ذي الحجة 1447 (22 ماي 2026)
االمضاء : نادية فتاح.
قرار لوزيرة االقتصاد والمالية رقم 1041.26 صادر في 5 ذي  الحجة 1447
(22 ماي 2026) بتفويض السلطة
وزيرة االقتصاد والمالية،
بناء على الظهير الشريف رقم 1.21.111 الصادر في 4 ربيع االول1443
 (11 اكتوبر 2021) بتعيين اعضاء الحكومة كما وقع تغييره؛
وعلى المرسوم رقم 2.22.81 الصادر في 8 رمضان1444
 (30 مارس 2023) المتعلق بتفويض السلطة واالمضاء؛
وعلى القانون رقم 15.97 بمثابة مدونة تحصيل الديون العمومية
الصادر بتنفيذه الظهير الشريف رقم 1.00.175 بتاريخ 28 من
محرم 1421 (3 ماي 2000)؛
وعلى المرسوم رقم 2.21.829 الصادر في 14 من ربيع االول 1443
(21 اكتوبر 2021) المتعلق باختصاصات وزيرة االقتصاد والمالية،
الجريدة الرسمية3269
عدد29 - 7517 جحلا وذ29 ذ)1) 29 29 ينوي ))15 )15
قررت ما يلي :
المادة االولى
تفوض الى االشخاص االتية اسماؤهم سلطة اتخاذ القرارات
التالية المتعلقة بجميع الضرائب والرسوم والواجبات والمساهمات
المنصوص عليها في المدونة العامة للضرائب وكذا الرسوم والمساهمات
والغرامات المالية المعهود بتدبيرها او تدبيرها وتحصيلها للمديرية
العامة للضرائب والمشار اليها مجتمعة بعبارة« فرض »في المواد التالية
وذلك في حدود المبالغ المبينة بالنسبة لكل واحد منهم:
- 1السيد محمد كميمش، متصرف المالية من الدرجة االولى المكلف
بالمديرية الجهوية للضرائب لعماالت الرباط واسل والصخيرات-
تمارة واقاليم القنيطرة والخميسات وسيدي قاسم وسيدي سليمان
وذلك فيما يخص:
-االسقاط الكلي او الجزئي لكل فرض اصدرته االدارة كيفما كان
مبلغه اذا ثبت انه زائد على المبلغ المستحق او انه فرض مرتين
او فرض بغير موجب صحيح؛
-التخفيض المثبت قانونيا من كل فرض كيفما كان مبلغه؛
-الرفض المعلل للمطالبات المتعلقة باي فرض كيفما كان مبلغه؛
-الموافقة على كل اقتراح يتعلق بعدم امكانية استاخلص ديون
عمومية اصدرتها االدارة وذلك استنادا الى وثائق اثبات مقنعة؛
-االبراء والتخفيف من الذعائر والغرامات والزيادات وغيرها من
الجزاءات كيفما كان مبلغها وكذا صوائر التحصيل؛
-ممارسة حق الشفعة طبقا للمادة 143 من المدونة العامة
للضرائب؛
-االرجاع واالسترداد المثبت قانونيا لكل فرض كيفما كان مبلغه.
- 2السيد شكري الكوهن، متصرف المالية من الدرجة االولى
المكلف بالمديرية االقليمية للضرائب القاليم القنيطرة والخميسات
وسيدي قاسم وسيدي سليمان وذلك فيما يخص:
-االسقاط الكلي او الجزئي لكل فرض اصدرته االدارة كيفما كان
مبلغه اذا ثبت انه زائد على المبلغ المستحق او انه فرض مرتين
او فرض بغير موجب صحيح؛
-التخفيض المثبت قانونيا من كل فرض كيفما كان مبلغه؛
-الرفض المعلل للمطالبات المتعلقة باي فرض كيفما كان مبلغه؛
-الموافقة على كل اقتراح يتعلق بعدم امكانية استاخلص ديون
عمومية اصدرتها االدارة وذلك استنادا الى وثائق اثبات مقنعة؛
-االبراء والتخفيف من الذعائر والغرامات والزيادات وغيرها من
الجزاءات كيفما كان مبلغها وكذا صوائر التحصيل؛
الجريدة الرسميةعدد29 - 7517 جحلا وذ29 ذ)1) 29 29 ينوي))15 )15
-ممارسة حق الشفعة طبقا للمادة 143 من المدونة العامة
-االسقاط الكلي او الجزئي لكل فرض اصدرته االدارة مرتين او ثبت
انه زائد على المبلغ المستحق او فرض بغير موجب صحيح اذا كان
للضرائب؛
مبلغه االصلي مضافة اليه الزيادات المرتبطة بتاسيسه يعادل
-االرجاع واالسترداد المثبت قانونيا لكل فرض كيفما كان مبلغه.
او يقل عن 500.000 درهم) خمسمائة الف درهم (؛
- 3السيدة سعيدة كليدة والسادة محمد حرمي وعادل التائب
ونور الدين الكتاوي، متصرفو المالية من الدرجة االولى المكلفون
بالمديريات االقليمية التابعة للمديرية الجهوية للضرائب بعماالت
-التخفيض الكلي او الجزئي المثبت قانونيا من كل فرض على
اال يزيد مبلغه االصلي مضافة اليه الزيادات المرتبطة بتاسيسه
على 500.000 درهم) خمسمائة الف درهم (اما الزيادات المترتبة
الرباط واسل والصخيرات - تمارة وذلك فيما يخص:
-االسقاط الكلي او الجزئي لكل فرض اصدرته االدارة كيفما كان
عن تاخير االداء فيتم تخفيضها بصورة تلقائية؛
مبلغه اذا ثبت انه زائد على المبلغ المستحق او انه فرض مرتين
-الرفض المعلل للمطالبات المتعلقة باي فرض يعادل مبلغه
 500.000درهم) خمسمائة الف درهم (او يقل عن ذلك شاامل
او فرض بغير موجب صحيح؛
-التخفيض الكلي او الجزئي المثبت قانونيا من كل فرض على
اال يزيد مبلغه االصلي مضافة اليه الزيادات المرتبطة بتاسيسه
على 800.000 درهم) ثمانمائة الف درهم (اما الزيادات المترتبة
الصل الفرض والزيادات المرتبطة بتاسيسه؛
-الموافقة على كل اقتراح يتعلق بعدم امكانية استاخلص ديون
عمومية اصدرتها االدارة وذلك استنادا الى وثائق اثبات مقنعة
ويحدد سقف هذا االقتراح في مبلغ 50.000 درهم) خمسون الف
عن تاخير االداء فيتم تخفيضها بصورة تلقائية؛
-الرفض المعلل للمطالبات المتعلقة باي فرض يعادل مبلغه
 800.000درهم) ثمانمائة الف درهم (او يقل عن ذلك شاامل
درهم (شااملا لصل الفرض والزيادات المرتبطة بتاسيسه؛
الصل الفرض والزيادات المرتبطة بتاسيسه؛
-االرجاع واالسترداد المثبت قانونيا لكل فرض ما عدا الضريبة على
الدخل المقتطعة من المنبع على االجور والدخول التي في حكمها
-الموافقة على كل اقتراح يتعلق بعدم امكانية استاخلص ديون
عمومية اصدرتها االدارة وذلك استنادا الى وثائق اثبات مقنعة
ويحدد سقف هذا االقتراح في مبلغ 800.000 درهم) ثمانمائة
وذلك في حدود مبلغ 1.000.000 درهم) مليون درهم (؛
الف درهم (شااملا لصل الفرض والزيادات المرتبطة بتاسيسه؛
-االسترداد المثبت قانونيا للضريبة على الدخل المقتطعة من المنبع
على االجور والدخول التي في حكمها في حدود مبلغ 100.000 درهم
-االبراء والتخفيف من الذعائر والغرامات والزيادات وغيرها من
الجزاءات في حدود مبلغ 800.000 درهم) ثمانمائة الف درهم (
)مائة الف درهم .(
وكذا صوائر التحصيل؛
- 5السيدتان فوزية ملنيعي وامينة المساعف، متصرفتا المالية
من الدرجة االولى المكلفتان على التوالي بالمصلحة الجهوية للمساعدة
والتواصل بالمديرية الجهوية للضرائب بالرباط والمصلحة االقليمية
للمساعدة والتواصل بالمديرية االقليمية للضرائب بالقنيطرة وذلك
-االرجاع واالسترداد المثبت قانونيا لكل فرض في حدود مبلغ
3.000.000درهم) اثلثة امليين درهم.(
- 4السيدة ايمان زهوان، المهندسة الرئيسة للالمية من الدرجة
الممتازة والسيد اناس عمراني، المهندس الرئيس للالمية من الدرجة
االولى والسيدات منى المساري وسميرة الحوعضي وامال كناني
وفاطمة هشمي ولطيفة رافي وحكيمة حديوي والسيدان حسن
شهيد وحسن اسويلي، متصرفو المالية من الدرجة االولى المكلفون
بالمصالح االقليمية للوعاء الضريبي بالمديريات االقليمية التابعة
فيما يخص:
-االسقاط الكلي او الجزئي لكل فرض اصدرته االدارة مرتين او ثبت
انه زائد على المبلغ المستحق او فرض بغير موجب صحيح اذا كان
مبلغه االصلي مضافة اليه الزيادات المرتبطة بتاسيسه يعادل
للمديرية الجهوية للضرائب بعماالت الرباط واسل والصخيرات-
تمارة والسادة عبد الغني شكور، متصرف المالية من الدرجة االولى
ورشيد زبير، المهندس ال",Fiscal,"Fiscal=1, Social=0, Administratif=0",Fiscal,True
720,BO_7517_Ar,الثانية,ar,"الجهوية للضرائب بعماالت الرباط واسل والصخيرات - تمارة
ينشر هذا القرار بالجريدة الرسمية وينسخ القرار رقم 2096.25
والسادة عبد العزيز الغالي والمصطفى بامحمد والمصطفى زيان
الصادر في 28 من صفر 1447 (22 اغسطس 2025) بتفويض السلطة.
ومحمد حفيان ورضا بنميلود، متصرفو المالية من الدرجة االولى
وحرر بالرباط في 5 ذي الحجة 1447 (22 ماي 2026)
المكلفون بتقسيمات الضرائب التابعة للمديرية االقليمية للضرائب
بالقنيطرة وذلك فيما يخص:
االمضاء : نادية فتاح.
قرار لوزيرة االقتصاد والمالية رقم 1042.26 صادر في 5 ذي  الحجة 1447
(22 ماي 2026) بتفويض السلطة
وزيرة االقتصاد والمالية،
بناء على الظهير الشريف رقم 1.21.111 الصادر في 4 ربيع االول1443
 (11 اكتوبر 2021) بتعيين اعضاء الحكومة كما وقع تغييره؛
وعلى المرسوم رقم 2.22.81 الصادر في 8 رمضان1444
 (30 مارس 2023) المتعلق بتفويض السلطة واالمضاء؛
وعلى القانون رقم 15.97 بمثابة مدونة تحصيل الديون العمومية
الصادر بتنفيذه الظهير الشريف رقم 1.00.175 بتاريخ 28 من
محرم 1421 (3 ماي 2000)؛
وعلى المرسوم رقم 2.21.829 الصادر في 14 من ربيع االول 1443
(21 اكتوبر 2021) المتعلق باختصاصات وزيرة االقتصاد والمالية،
قررت ما يلي:
المادة االولى
تفوض الى االشخاص االتية اسماؤهم سلطة اتخاذ القرارات
التالية المتعلقة بجميع الضرائب والرسوم والواجبات والمساهمات
المنصوص عليها في المدونة العامة للضرائب وكذا الرسوم والمساهمات
والغرامات المالية المعهود بتدبيرها او تدبيرها وتحصيلها للمديرية
العامة للضرائب والمشار اليها مجتمعة بعبارة« فرض »في المواد التالية
وذلك في حدود المبالغ المبينة بالنسبة لكل واحد منهم:
- 1السيد جمال الدين فائق، متصرف المالية من الدرجة االولى
المكلف بالمديرية الجهوية للضرائب لعمالة وجدة - انجاد واقاليم
الناضور والدريوش وجرادة وبركان وتاوريرت وجرسيف وفجيج
وذلك فيما يخص:
-االسقاط الكلي او الجزئي لكل فرض اصدرته االدارة كيفما كان
مبلغه اذا ثبت انه زائد على المبلغ المستحق او انه فرض مرتين
او فرض بغير موجب صحيح؛
-التخفيض المثبت قانونيا من كل فرض كيفما كان مبلغه؛
-الرفض المعلل للمطالبات المتعلقة باي فرض كيفما كان مبلغه؛
-الموافقة على كل اقتراح يتعلق بعدم امكانية استاخلص ديون
عمومية اصدرتها االدارة وذلك استنادا الى وثائق اثبات مقنعة؛
-االبراء والتخفيف من الذعائر والغرامات والزيادات وغيرها من
الجزاءات كيفما كان مبلغها وكذا صوائر التحصيل؛
الجريدة الرسميةعدد29 - 7517 جحلا وذ29 ذ)1) 29 29 ينوي))15 )15
-ممارسة حق الشفعة طبقا للمادة 143 من المدونة العامة
للضرائب؛
-االرجاع واالسترداد المثبت قانونيا لكل فرض كيفما كان مبلغه.
- 2السيد محمد بستة، متصرف المالية من الدرجة االولى المكلف
بالمديرية االقليمية للضرائب القاليم الناضور والدريوش وتاوريرت
وجرسيف وذلك فيما يخص:
-االسقاط الكلي او الجزئي لكل فرض اصدرته االدارة كيفما كان
مبلغه اذا ثبت انه زائد على المبلغ المستحق او انه فرض مرتين
او فرض بغير موجب صحيح؛
-التخفيض المثبت قانونيا من كل فرض كيفما كان مبلغه؛
-الرفض المعلل للمطالبات المتعلقة باي فرض كيفما كان مبلغه؛
-الموافقة على كل اقتراح يتعلق بعدم امكانية استاخلص ديون
عمومية اصدرتها االدارة وذلك استنادا الى وثائق اثبات مقنعة؛
-االبراء والتخفيف من الذعائر والغرامات والزيادات وغيرها من
الجزاءات كيفما كان مبلغها وكذا صوائر التحصيل؛
-ممارسة حق الشفعة طبقا للمادة 143 من المدونة العامة
للضرائب؛
-االرجاع واالسترداد المثبت قانونيا لكل فرض كيفما كان مبلغه.
- 3السيدان الحسين يوسفي واسامة زدان، متصرفا المالية
من الدرجة االولى المكلفان على التوالي بالمصلحة الجهوية لجبايات
االشخاص االعتباريين والمصلحة الجهوية لجبايات االشخاص
الذاتيين لعمالة وجدة - انجاد واقليمي فجيج وجرادة والسيد
عبد الفتاح قوبع، متصرف المالية من الدرجة االولى المكلف بالمصلحة
الجهوية للوعاء الضريبي القليم بركان والسيدان الياس اعبوب
وانوار دايداي، متصرفا المالية من الدرجة الثانية المكلفان على التوالي
بالمصلحة االقليمية االولى والمصلحة االقليمية الثانية للوعاء الضريبي
القاليم الناضور والدريوش وتاوريرت وجرسيف، وذلك فيما يخص:
-االسقاط الكلي او الجزئي لكل فرض اصدرته االدارة مرتين او ثبت
انه زائد على المبلغ المستحق او فرض بغير موجب صحيح اذا كان
مبلغه االصلي مضافة اليه الزيادات المرتبطة بتاسيسه يعادل
او يقل عن 500.000 درهم) خمسمائة الف درهم (؛
-التخفيض الكلي او الجزئي المثبت قانونيا من كل فرض على
اال يزيد مبلغه االصلي مضافة اليه الزيادات المرتبطة بتاسيسه
على 500.000 درهم) خمسمائة الف درهم (اما الزيادات المترتبة
عن تاخير االداء فيتم تخفيضها بصورة تلقائية؛
الجريدة الرسمية3273
عدد29 - 7517 جحلا وذ29 ذ)1) 29 29 ينوي ))15 )15
-الرفض المعلل للمطالبات المتعلقة باي فرض يعادل مبلغه
 500.000درهم) خمسمائة الف درهم (او يقل عن ذلك شاامل
-الرفض المعلل للمطالبات المتعلقة باي فرض يعادل مبلغه
 100.000درهم) مائة الف درهم (او يقل عن ذلك شاامل الصل
الفرض والزيادات المرتبطة بتاسيسه؛
الصل الفرض والزيادات المرتبطة بتاسيسه؛
-االرجاع واالسترداد المثبت قانونيا لكل فرض، ما عدا الضريبة على
الدخل المقتطعة من المنبع على االجور والدخول التي في حكمها
-الموافقة على كل اقتراح يتعلق بعدم امكانية استاخلص ديون
عمومية اصدرتها االدارة وذلك استنادا الى وثائق اثبات مقنعة
ويحدد سقف هذا االقتراح في مبلغ 50.000 درهم) خمسون الف
وذلك في حدود مبلغ 100.000 درهم) مائة الف درهم (؛
-االسترداد المثبت قانونيا للضريبة على الدخل المقتطعة من المنبع
على االجور والدخول التي في حكمها في حدود مبلغ 50.000 درهم
درهم (شااملا لصل الفرض والزيادات المرتبطة بتاسيسه؛
-االرجاع واالسترداد المثبت قانونيا لكل فرض ما عدا الضريبة على
الدخل المقتطعة من المنبع على االجور والدخول التي في حكمها
)خمسون الف درهم .(
- 6السيدان زين الدين كميمش وعبد القادر بوبوح، متصرفا
المالية من الدرجة االولى المكلفان على التوالي بالتقسيمة االولى
والتقسيمة الثانية لجبايات االشخاص االعتباريين بالمديرية
الجهوية للضرائب بوجدة والسيد خالد العجوري، متصرف المالية
من الدرجة االولى المكلف بتقسيمة جبايات االشخاص االعتباريين
ببركان والسادة سفيان بوشيخي، متصرف المالية من الدرجة االولى
وعبد النبي مودر، متصرف المالية من الدرجة الثانية ومحمد ابجبيج،
تقني المالية من الدرجة االولى وفاطمة بوعقلين، متصرفة المالية
من الدرجة االولى المكلفون على التوالي بالتقسيمات االولى والثانية
والثالثة والرابعة لجبايات االشخاص الذاتيين بالمديرية الجهوية
للضرائب بوجدة والسيدة هند مروك، تقنية المالية من الدرجة االولى
والسيد بنيونس الزياني، متصرف المالية من الدرجة االولى المكلفان
على التوالي بالتقسيمة االولى والتقسيمة الثانية لجبايات االشخاص
الذاتيين ببركان والسيد جمال مرجان، متصرف المالية من الدرجة
الثانية المكلف بتقسيمة جبايات االشخاص االعتباريين بالمديرية
االقليمية للضرائب بالناضور والسيد عبد الحميد براقي، متصرف
املالية من الدرجة االولى والسيدة لبنى بوكروع والسيدان محمد لعور
وعمر بوربح، متصرفو",Fiscal,"Fiscal=2, Social=0, Administratif=0",Fiscal,True
721,BO_7517_Ar,الثانية,ar,"ينشر هذا القرار بالجريدة الرسمية وينسخ القرار رقم 2092.25
الصادر في 28 من صفر 1447 (22 اغسطس 2025) بتفويض السلطة.
وحرر بالرباط في 5 ذي الحجة 1447 (22 ماي 2026)
االمضاء : نادية فتاح.
قرار لوزيرة االقتصاد والمالية رقم 1043.26 صادر في 5 ذي  الحجة 1447
(22 ماي 2026) بتفويض السلطة
وزيرة االقتصاد والمالية،
بناء على الظهير الشريف رقم 1.21.111 الصادر في 4 ربيع االول1443
 (11 اكتوبر 2021) بتعيين اعضاء الحكومة كما وقع تغييره؛
وعلى المرسوم رقم 2.22.81 الصادر في 8 رمضان1444
 (30 مارس 2023) المتعلق بتفويض السلطة واالمضاء؛
وعلى القانون رقم 15.97 بمثابة مدونة تحصيل الديون العمومية
الصادر بتنفيذه الظهير الشريف رقم 1.00.175 بتاريخ 28 من
محرم 1421 (3 ماي 2000)؛
وعلى المرسوم رقم 2.21.829 الصادر في 14 من ربيع االول 1443
(21 اكتوبر 2021) المتعلق باختصاصات وزيرة االقتصاد والمالية،
الجريدة الرسميةعدد29 - 7517 جحلا وذ29 ذ)1) 29 29 ينوي))15 )15
قررت ما يلي:
المادة االولى
تفوض الى االشخاص االتية اسماؤهم سلطة اتخاذ القرارات
التالية المتعلقة بجميع الضرائب والرسوم والواجبات والمساهمات
المنصوص عليها في المدونة العامة للضرائب وكذا الرسوم والمساهمات
والغرامات المالية المعهود بتدبيرها او تدبيرها وتحصيلها للمديرية
العامة للضرائب والمشار اليها مجتمعة بعبارة« فرض »في المواد التالية
وذلك في حدود المبالغ المبينة بالنسبة لكل واحد منهم:
- 1السيد سعيد ورشاكو، متصرف المالية من الدرجة االولى
المكلف بالمديرية الجهوية للضرائب لعمالة مراكش واقاليم الحوز
وشيشاوة وقلعة السراغنة والصويرة والرحامنة واسفي واليوسفية
وذلك فيما يخص:
-االسقاط الكلي او الجزئي لكل فرض اصدرته االدارة كيفما كان
مبلغه اذا ثبت انه زائد على المبلغ المستحق او انه فرض مرتين
او فرض بغير موجب صحيح؛
-التخفيض المثبت قانونيا من كل فرض كيفما كان مبلغه؛
-الرفض المعلل للمطالبات المتعلقة باي فرض كيفما كان مبلغه؛
-الموافقة على كل اقتراح يتعلق بعدم امكانية استاخلص ديون
عمومية اصدرتها االدارة وذلك استنادا الى وثائق اثبات مقنعة؛
-االبراء والتخفيف من الذعائر والغرامات والزيادات وغيرها من
الجزاءات كيفما كان مبلغها وكذا صوائر التحصيل؛
-ممارسة حق الشفعة طبقا للمادة 143 من المدونة العامة
للضرائب؛
-االرجاع واالسترداد المثبت قانونيا لكل فرض كيفما كان مبلغه.
- 2السيد هشام بقالي، متصرف المالية من الدرجة االولى المكلف
بالمصلحة الجهوية لجبايات االشخاص االعتباريين والسادة منير
لخليفي والبشير شكار وعبد العزيز الوردوي، متصرفو المالية من
الدرجة االولى المكلفون على التوالي بالمصلحة الجهوية االولى والمصلحة
الجهوية الثانية والمصلحة الجهوية الثالثة لجبايات االشخاص الذاتيين
بالمديرية الجهوية للضرائب بمراكش والسيدان وئيل يعكوبي،
متصرف المالية من الدرجة االولى وتاشفين الروحاني، المهندس
الرئيس للالمية من الدرجة االولى المكلفان على التوالي بالمصلحة
االولى والمصلحة الثانية للوعاء الضريبي القليم اسفي والسيد الياس
اليعقوبي، متصرف المالية من الدرجة الثانية المكلف بمصلحة الوعاء
الضريبيا لقليم الصويرة وذلك فيما يخص:
الجريدة الرسمية3275
عدد29 - 7517 جحلا وذ29 ذ)1) 29 29 ينوي ))15 )15
-االسقاط الكلي او الجزئي لكل فرض اصدرته االدارة مرتين او ثبت
انه زائد على المبلغ المستحق او فرض بغير موجب صحيح اذا كان
-االسقاط الكلي او الجزئي لكل فرض اصدرته االدارة مرتين او ثبت
انه زائد على المبلغ المستحق او فرض بغير موجب صحيح اذا كان
مبلغه االصلي مضافة اليه الزيادات المرتبطة بتاسيسه يعادل
مبلغه االصلي مضافة اليه الزيادات المرتبطة بتاسيسه يعادل
او يقل عن 500.000 درهم) خمسمائة الف درهم (؛
او يقل عن 100.000 درهم) مائة الف درهم (؛
-التخفيض الكلي او الجزئي المثبت قانونيا من كل فرض على
اال يزيد مبلغه االصلي مضافة اليه الزيادات المرتبطة بتاسيسه
على 500.000 درهم) خمسمائة الف درهم (اما الزيادات المترتبة
-التخفيض الكلي او الجزئي المثبت قانونيا من كل فرض على
اال يزيد مبلغه االصلي مضافة اليه الزيادات المرتبطة بتاسيسه
على 100.000 درهم) مائة الف درهم (اما الزيادات المترتبة عن
عن تاخير االداء فيتم تخفيضها بصورة تلقائية؛
تاخير االداء فيتم تخفيضها بصورة تلقائية؛
-الرفض المعلل للمطالبات المتعلقة باي فرض يعادل مبلغه
 500.000درهم) خمسمائة الف درهم (او يقل عن ذلك شاامل
-الرفض المعلل للمطالبات المتعلقة باي فرض يعادل مبلغه
 100.000درهم) مائة الف درهم (او يقل عن ذلك شاامل الصل
الصل الفرض والزيادات المرتبطة بتاسيسه؛
-الموافقة على كل اقتراح يتعلق بعدم امكانية استاخلص ديون
عمومية اصدرتها االدارة وذلك استنادا الى وثائق اثبات مقنعة
ويحدد سقف هذا االقتراح في مبلغ 50.000 درهم) خمسون الف
الفرض والزيادات المرتبطة بتاسيسه؛
-االرجاع واالسترداد المثبت قانونيا لكل فرض ما عدا الضريبة على
الدخل المقتطعة من المنبع على االجور والدخول التي في حكمها
درهم (شااملا لصل الفرض والزيادات المرتبطة بتاسيسه؛
وذلك في حدود مبلغ 100.000 درهم) مائة الف درهم (؛
-االرجاع واالسترداد المثبت قانونيا لكل فرض ما عدا الضريبة على
الدخل المقتطعة من المنبع على االجور والدخول التي في حكمها
-االسترداد المثبت قانونيا للضريبة على الدخل المقتطعة من المنبع
على االجور والدخول التي في حكمها في حدود مبلغ 50.000 درهم
وذلك في حدود مبلغ 1.000.000 درهم) مليون درهم (؛
)خمسون الف درهم .(
-االسترداد المثبت قانونيا للضريبة على الدخل المقتطعة من المنبع
على االجور والدخول التي في حكمها في حدود مبلغ 100.000 درهم
- 5السيدة صفية خليل والسيدان مصطفى التقي وعبد الرحمن
)مائة الف درهم .(
اومعلي، متصرفو المالية من الدرجة االولى والسيد رشيد ازوكني،
- 3السيدة صباح المنصوري، متصرفة المالية من الدرجة االولى
املكلفة بالمصلحة الجهوية للمساعدة والتواصل بالمديرية
متصرف المالية من الدرجة الثانية المكلفون على التوالي بالتقسيمات
االولى والثانية والثالثة والرابعة لجبايات االشخاص االعتباريين
الجهوية للضرائب بمراكش وذلك فيما يخص:
بالمديرية الجهوية للضرائب بمراكش والسيدة رشيدة حادك،
-االسقاط الكلي او الجزئي لكل فرض اصدرته االدارة مرتين او ثبت
انه زائد على المبلغ المستحق او فرض بغير موجب صحيح اذا كان
متصرفة المالية من الدرجة الثانية المكلفة بتقسيمة جبايات
مبلغه االصلي مضافة اليه الزيادات المرتبطة بتاسيسه يعادل
االشخاص االعتباريينا لقليم اسفي والسادة سعيد نوحي ونبيل عسلي
او يقل عن 50.000 درهم) خمسون الف درهم.(
وادريس حمور وعبد الرحيم جمامة ومبارك بنديه، متصرفو المالية
من الدرجة االولى المكلفون بتقسيمات جبايات االشخاص الذاتيين
بالمديرية الجهوية للضرائب بمراكش والسيدان محمد لعنوني،
متصرف المالية من الدرجة االولى وعثمان الشرقي، تقني المالية من
الدرجة االولى المكلفان على التوالي بالتقسيمة االولى والتقسيمة الثانية
لجبايات االشخاص الذاتيين باسفي والسيدة سارة الشراعي، تقنية
المالية من الدرجة الثانية المكلفة بتقسيمة الوعاء الضريبي بالصويرة
- 4السادة المصطفى ابن حقي ونجيب ملتميس والحسن بنمانة،
متصرفو المالية من الدرجة االولى المكلفون على التوال",Fiscal,"Fiscal=1, Social=0, Administratif=0",Fiscal,True
722,BO_7517_Ar,الثانية,ar,"ينشر هذا القرار بالجريدة الرسمية وينسخ القرار رقم 2094.25
الصادر في 28 من صفر 1447 (22 اغسطس 2025) بتفويض السلطة.
الرباط.
وحرر بالرباط في 5 ذي الحجة 1447 (22 ماي 2026)
االمضاء : نادية فتاح.
الجريدة الرسميةعدد29 - 7517 جحلا وذ29 ذ)1) 29 29 ينوي))15 )15
االذن بممارسة الهندسة المعمارية
بموجب مقرر اللمين العام للحكومة رقم 1077.26 صادر في 17 من
ذي الحجة 1447 (3 يونيو 2026) يرخص تحت عدد 6526 للسيدة
زينة شاكر الحاملة لدبلوم مهندس معماري مسلم من المدرسة
االورومتوسطية للهندسة المعمارية والتصميم والتعمير بفاس بتاريخ
 28نوفمبر2024، ان تحمل صفة مهندس معماري وتزاول الهندسة
املعمارية بالقطاع الخاص بصفة مستقلة مع جعل مكتبها بمدينة فاس.
*
* *
بموجب مقرر اللمين العام للحكومة رقم 1078.26 صادر في 17 من
ذي الحجة 1447 (3 يونيو 2026) يرخص تحت عدد 6527 للسيد
اسامة الدريوش الحامل لدبلوم مهندس معماري مسلم من المدرسة
الوطنية للهندسة المعمارية بالرباط بتاريخ 12 سبتمبر2018، ان
يحمل صفة مهندس معماري ويزاول الهندسة المعمارية بالقطاع
الخاص بصفة مستقلة مع جعل مكتبه بمدينة الدار البيضاء.
*
* *
بموجب مقرر اللمين العام للحكومة رقم 1079.26 صادر في 17 من
ذي الحجة 1447 (3 يونيو 2026) يرخص تحت عدد 6528 للسيدة
سلمى محمود الحاملة لدبلوم مهندس معماري مسلم من المدرسة
العليا للهندسة المعمارية التابعة للجامعة الدولية للرباط بتاريخ
 28نوفمبر2024، ان تحمل صفة مهندس معماري وتزاول الهندسة
المعمارية بالقطاع الخاص بصفة مستقلة مع جعل مكتبها بمدينة
*
* *
بموجب مقرر اللمين العام للحكومة رقم 1080.26 صادر في 17 من
ذي الحجة 1447 (3 يونيو 2026) يرخص تحت عدد 6529 للسيدة
هاجر موجان الحاملة لدبلوم مهندس معماري مسلم من المدرسة
العليا للهندسة المعمارية التابعة للجامعة الدولية للرباط بتاريخ
 28اكتوبر2025، ان تحمل صفة مهندس معماري وتزاول الهندسة
المعمارية بالقطاع الخاص بصفة مستقلة مع جعل مكتبها بمدينة
*
* *
بموجب مقرر اللمين العام للحكومة رقم 1081.26 صادر في 17 من
ذي الحجة 1447 (3 يونيو 2026) يرخص تحت عدد 6530 للسيدة
تورية شريفي الحاملة لدبلوم مهندس معماري مسلم من المدرسة
العليا للهندسة المعمارية التابعة للجامعة الدولية للرباط بتاريخ
 28نوفمبر2024، ان تحمل صفة مهندس معماري وتزاول الهندسة
المعمارية بالقطاع الخاص بالشركة ذات المسؤولية المحدودة، المكونة
من شريك وحيد المسماة»ATELIER TCA«، الكائنة بمدينة القنيطرة،
بصفتها المسيرة الوحيدة لها.
الوحيدة لها.
*
* *
بموجب مقرر اللمين العام للحكومة رقم 1082.26 صادر في 17 من
ذي الحجة 1447 (3 يونيو 2026) يرخص تحت عدد 6531 للسيدة
مريم فيرادي الحاملة لدبلوم مهندس معماري مسلم من المدرسة
العليا للهندسة المعمارية التابعة للجامعة الدولية للرباط بتاريخ
 28اكتوبر2025، ان تحمل صفة مهندس معماري وتزاول الهندسة
المعمارية بالقطاع الخاص بصفة مستقلة مع جعل مكتبها بمدينة
مراكش.
*
* *
بموجب مقرر اللمين العام للحكومة رقم 1083.26 صادر في 17 من
ذي الحجة 1447 (3 يونيو 2026) يرخص تحت عدد 6532 للسيدة
سلمى يحيى الحاملة لدبلوم مهندس معماري مسلم من المدرسة
الوطنية للهندسة المعمارية بفاس بتاريخ 6 فبراير2024، ان تحمل
صفة مهندس معماري وتزاول الهندسة المعمارية بالقطاع الخاص
بصفة مستقلة مع جعل مكتبها بمدينة طنجة.
الرباط.
*
* *
بموجب مقرر اللمين العام للحكومة رقم 1084.26 صادر في 17 من
ذي الحجة 1447 (3 يونيو 2026) يرخص تحت عدد 6533 للسيد
عبد الرحيم برجي الحامل لدبلوم مهندس معماري مسلم من المدرسة
االورومتوسطية للهندسة المعمارية والتصميم والتعمير بفاس بتاريخ
 25نوفمبر2025، ان يحمل صفة مهندس معماري ويزاول الهندسة
المعمارية بالقطاع الخاص بصفة مستقلة مع جعل مكتبه بمدينة
مكناس.
الرباط.
*
* *
الجريدة الرسمية3277
عدد29 - 7517 جحلا وذ29 ذ)1) 29 29 ينوي ))15 )15
بموجب مقرر اللمين العام للحكومة رقم 1085.26 صادر في 17 من
ذي الحجة 1447 (3 يونيو 2026) يرخص تحت عدد 6542 للسيدة
مونية القويد الحاملة لدرجة الماستر في الهندسة المعمارية مسلمة
من «O.M BEKETOV NATIONAL UNIVERSITY OF URBAN
 ECONOMY»بخاركيف - اوكرانيا بتاريخ 31 ماي2023، ان تحمل
صفة مهندس معماري وتزاول الهندسة المعمارية بالقطاع الخاص
بالشركة ذات المسؤولية المحدودة، المكونة من شريك وحيد المسماة
»MEHMET ARCHI«، الكائنة بمدينة سيدي بنور، بصفتها المسيرة
*
* *
بموجب مقرر اللمين العام للحكومة رقم 1086.26 صادر في 17 من
ذي الحجة 1447 (3 يونيو 2026) يرخص تحت عدد 6543 للسيد
رشيد الشايب الحامل لدبلوم مهندس معماري مسلم من المدرسة العليا
للبناء واالشغال العمومية بكييف باوكرانيا بتاريخ 28 فبراير1989،
ان يحمل صفة مهندس معماري ويزاول الهندسة المعمارية بالقطاع
الخاص بصفة مستقلة مع جعل مكتبه بمدينة وجدة.
*
* *
بموجب مقرر اللمين العام للحكومة رقم 1087.26 صادر في 17 من
ذي الحجة 1447 (3 يونيو 2026) يرخص تحت عدد 6544 للسيد
نزار باحمو الحامل لدبلوم مهندس معماري مسلم من المدرسة
العليا للهندسة المعمارية التابعة للجامعة الدولية للرباط بتاريخ
 25سبتمبر2025، ان يحمل صفة مهندس معماري ويزاول الهندسة
المعمارية بالقطاع الخاص بصفة مستقلة مع جعل مكتبه بمدينة
*
* *
بموجب مقرر اللمين العام للحكومة رقم 1088.26 صادر في 17 من
ذي الحجة 1447 (3 يونيو 2026) يرخص تحت عدد 6545 للسيدة
منال عدنان الحاملة لدبلوم مهندس معماري مسلم من المدرسة
االورومتوسطية للهندسة المعمارية والتصميم والتعمير بفاس بتاريخ
 3نوفمبر2023، ان تحمل صفة مهندس معماري وتزاول الهندسة
المعمارية بالقطاع الخاص بصفة مستقلة مع جعل مكتبها بمدينة
*
* *
تطوان.
الجريدة الرسميةعدد29 - 7517 جحلا وذ29 ذ)1) 29 29 ينوي))15 )15
بموجب مقرر اللمين العام للحكومة رقم 1093.26 صادر في 17 من
بموجب مقرر اللمين العام للحكومة رقم 1089.26 صادر في 17 من
ذي الحجة 1447 (3 يونيو 2026) يرخص تحت عدد 6546
للسيدة مرفت الركييك الحاملة لدبلوم مهندس معماري مسلم من
ذي الحجة 1447 (3 يونيو 2026) يرخص تحت عدد 6550 للسيد
مكرم مزدغي الحامل لدرجة الماستر في الهندسة المعمارية مسلمة
المدرسة الوطنية العليا للهندسة المعمارية لفرساي بفرنسا بتاريخ
 14يناير2021، ان تحمل صفة مهندس معماري وتزاول الهندسة
المعمارية بالقطاع الخاص بصفة مستقلة مع جعل مكتبها بمدينة
من «O.M BEKETOV NATIONAL UNIVERSITY OF URBAN
ECONOMY»بخاركيف - اوكرانيا بتاريخ 30 يونيو2023، ان يحمل
*
صفة مهندس معماري ويزاول الهندسة المعمارية بالقطاع الخاص
* *
بصفة مستقلة مع جعل مكتبه بمدينة خريبكة.
بموجب مقرر اللمين العام للحكومة رقم 1090.26 صادر في 17 من
ذي الحجة 1447 (3 يونيو 2026) يرخص تحت عدد 6547 للسيد
كمال غديوي الحامل لدبلوم مهندس معماري مسلم من مدرسة
الهندسة المعمارية بفرنسا بتاريخ 5 يوليو1996، ان يحمل صفة
مهندس معماري ويزاول الهندسة المعمارية بالقطاع الخاص بصفة
*
* *
بموجب مقرر اللمين العام للحكومة رقم 1094.26 صادر في 17 من
مستقلة مع جعل مكتبه بمدينة فاس.
ذي الحجة 1447 (3 يونيو 2026) يرخص تحت عدد 6551 للسيد
*
طه اعللي الحامل لدرجة الماستر في الهندسة المعمارية مسلم",Urbain,"Urbain=28, Fiscal=0, Social=0",Urbain,True
723,BO_7517_Ar,الثانية,ar,"تعين بناء على ما ذكر، القطع االرضية المراد نزع ملكيتها ملا تستوجبه هذه العملية، المبينة في الجدول اسفله والمرسومة
حدودها باللون االحمر في التصميم التجزيئي ذي المقياس 1/500 الملحق باصل هذا القرار:
مرجعها العقاري
المادة الثالثة - .ينشر هذا القرار بالجريدة الرسمية.
الجريدة الرسميةعدد29 - 7517 جحلا وذ29 ذ)1) 29 29 ينوي))15 )15
وحرر بتطوان في 13 من رمضان 1447 (3 مارس 2026)
االمضاء : مصطفى البكوري.
الجريدة الرسمية3281
عدد29 - 7517 جحلا وذ29 ذ)1) 29 29 ينوي))15 )15
قرار لرئيس مجلس جماعة تطوان رقم 487.26 صادر في 13 من رمضان 1447 (3 مارس 2026) بتخطيط حدود مقطع من
الطريق المرموز لها برقم 414 في تصميم تهيئة جماعة تطوان بجماعة تطوان باقليم تطوان وبتعيين القطع االرضية
المراد نزع ملكيتهام لا تستوجبه هذه العملية.
رئيس مجلس جماعة تطوان،
بناء على القانون التنظيمي رقم 113.14 المتعلق بالجماعات الصادر بتنفيذه الظهير الشريف رقم 1.15.85 بتاريخ
20من رمضان 1436 (7 يوليو 2015)؛
وعلى القانون رقم 7.81 المتعلق بنزع الملكية الجل المنفعة العامة وباالحاتلل المؤقت الصادر بتنفيذه الظهير الشريف
رقم 1.81.254 بتاريخ 11 من رجب 1402 (6 ماي 1982)؛
 وعلى القانون رقم 12.90 المتعلق بالتعمير الصادر بتنفيذه الظهير الشريف رقم 1.92.31 بتاريخ 15 من ذي الحجة1412
 (17 يونيو 1992) كما تم تغييره وتتميمه؛
وعلى القانون رقم 57.19 المتعلق بنظام االاملك العقارية للجماعات الترابية الصادر بتنفيذه الظهير الشريف رقم 1.21.74
بتاريخ 3 ذي الحجة 1442 (14 يوليو 2021)؛
وعلى المرسوم رقم 2.82.382 الصادر في 2 رجب 1403 (16 ابريل 1983) بتطبيق القانون رقم 7.81 المشار اليه ااعله؛
وعلى المرسوم رقم 2.92.832 الصادر في 27 من ربيع االخر 1414 (14 اكتوبر 1993) بتطبيق القانون رقم 12.90 المشار
اليه ااعله؛
وبعد االاطلع على المرسوم رقم 2.19.374 الصادر في 9 شوال 1440 (12 يونيو 2019) بالموافقة على التصميم والنظام
المتعلق به الموضوعين لتهيئة جماعة تطوان باقليم تطوان وباالاعلن ان في ذلك منفعة عامة، كما وقع تغييره وتتميمه؛
وعلى محضر اجتماع مجلس جماعة تطوان اخلل دورته االستثنائية المنعقدة بتاريخ 9 ابريل 2025؛
وعلى ملف البحث االداري المباشر من 29 اكتوبر الى 29 ديسمبر 2025؛
وبعد موافقة وزيرة اعداد التراب الوطني والتعمير واالسكان وسياسة المدينة،
قرر ما يلي:
المادة االولى
تخطط حدود مقطع من الطريق المرموز لها برقم 414 في تصميم تهيئة جماعة تطوان بجماعة تطوان باقليم تطوان.",Administratif,"Administratif=6, Urbain=2, Fiscal=0",Administratif,False
724,BO_7517_Ar,الثانية,ar,"تعين بناء على ما ذكر، القطع االرضية المراد نزع ملكيتها ملا تستوجبه هذه العملية، المبينة في الجدول اسفله، والمرسومة
حدودها باللون االحمر في التصميم التجزيئي ذي المقياس 1/500 الملحق باصل هذا القرار:
رقم
القطعة
مرجعها العقاري
المساحة
االجمالية ب م2
اسماء مااللك او المفترض انهم كذلك
وعناوينهم
المساحة المراد
نزع ملكيتها ب م2
رسم عقاري عدد58519/13747 مليكة الرياني43
رسم عقاري عدد763019/19443
شركة« سيراميكا بريماتيفا»
SOCIETE CERAMICA PREMATIVA SARL
مطلب التحفيظ عدد2392419/21664 احمد مدينة21
المادة الثالثة - .ينشر هذا القرار بالجريدة الرسمية.
وحرر بتطوان في 13 من رمضان 1447 (3 مارس 2026)
االمضاء : مصطفى البكوري.
الجريدة الرسميةعدد29 - 7517 جحلا وذ29 ذ)1) 29 29 ينوي))15 )15
قرار لرئيسة مجلس جماعة مراكش رقم 526.26 صادر في 13 من رمضان 1447 (3 مارس 2026) بتخطيط جزء من الطريق
المحورية الرابطة بين طريق دوار سيدي الضو وطريق تاركة بجماعة مراكش بعمالة مراكش وبتعيين القطع االرضية
المراد نزع ملكيتهام لا تستوجبه هذه العملية.
رئيسة مجلس جماعة مراكش،
بناء على القانون التنظيمي رقم 113.14 المتعلق بالجماعات الصادر بتنفيذه الظهير الشريف رقم 1.15.85 بتاريخ
20من رمضان 1436 (7 يوليو 2015)؛
وعلى القانون رقم 7.81 المتعلق بنزع الملكية الجل المنفعة العامة وباالحاتلل المؤقت الصادر بتنفيذه الظهير الشريف
رقم 1.81.254 بتاريخ 11 من رجب 1402 (6 ماي 1982)؛
وعلى القانون رقم 12.90 المتعلق بالتعمير الصادر بتنفيذه الظهير الشريف رقم 1.92.31 بتاريخ 15 من ذي الحجة1412
 (17 يونيو 1992) كما تم تغييره وتتميمه؛
وعلى القانون رقم 57.19 المتعلق بنظام االاملك العقارية للجماعات الترابية الصادر بتنفيذه الظهير الشريف رقم 1.21.74
بتاريخ 3 ذي الحجة 1442 (14 يوليو 2021)؛
وعلى المرسوم رقم 2.82.382 الصادر في 2 رجب 1403 (16 ابريل 1983) بتطبيق القانون رقم 7.81 المشار اليه ااعله؛
وعلى المرسوم رقم 2.92.832 الصادر في 27 من ربيع االخر 1414 (14 اكتوبر 1993) بتطبيق القانون رقم 12.90 المشار
اليه ااعله؛
وبعد االاطلع على محضري اجتماعي مجلس جماعة مراكش اخلل دورتيه لشهري ابريل 2009 واكتوبر 2024؛
وبعد موافقة وزيرة اعداد التراب الوطني والتعمير واالسكان وسياسة المدينة،
قررت ما يلي:
المادة االولى
يخطط جزء من الطريق المحورية الرابطة بين طريق دوار سيدي الضو وطريق تاركة بجماعة مراكش بعمالة مراكش.",Administratif,"Administratif=3, Fiscal=2, Commercial=1",Administratif,False
725,BO_7517_Ar,الثانية,ar,"تعين بناء على ما ذكر ملكية القطع االرضية المراد نزع ملكيتهام لا تستوجبه هذه العملية، المبينة في الجدول اسفله والمرسومة
حدودها بحاشية حمراء في التصميم الملحق باصل هذا القرار:
الجريدة الرسمية3283
عدد29 - 7517 جحلا وذ29 ذ)1) 29 29 ينوي))15 )15
المادة الثالثة - .ينشر هذا القرار بالجريدة الرسمية.
الجريدة الرسميةعدد29 - 7517 جحلا وذ29 ذ)1) 29 29 ينوي))15 )15
وحرر بمراكش في 13 من رمضان 1447 (3 مارس 2026)
االمضاء : فاطمة الزهراء المنصوري.",Civil,"Civil=1, Fiscal=0, Social=0",Civil,False
