id,doc_id,article_number,lang,text,keyword_label,top_scores,label,truncated,note_revision
136,BO_7454_Fr,4,fr,"Par dérogation aux articles 5 et 8 ci-dessous,
l'autorité gouvernementale chargée de la transition numérique
et de la réforme de l'administration peut, à son initiative,
conclure des conventions avec l'autorité gouvernementale
chargée des finances et avec des acteurs ou avec des institutions
internationales, pour la réalisation des projets et opérations
visés à l'article 18 de la loi de finances précitée n° 50-22 pour
l'année budgétaire 2023.
formes et modalités du versement et d'octroi de l'appui
du Fonds de modernisation de l'administration publique,
d'appui à la transition numérique et à l'utilisation de
l'amazighe.
LE CHEF DU GOUVERNEMENT,
Chapitre II
Vu la Constitution, notamment son article 90 ;
Modalités de dépôt de la demande d'appui
Vu la loi de finances n° 50-22 pour l'année budgétaire
2023, promulguée par le dahir n° 1-22-75 du 18 joumada I 1444
(13 décembre 2022), notamment son article 18 ;
et le versement des montants du fonds",Administratif,"Administratif=2, Environnement=2, Fiscal=0",Administratif,False,
137,BO_7454_Fr,5,fr,"L'avis d'appel à projets pour la réception des
demandes est lancé sur la plateforme électronique du fonds,
dans le cadre des axes prioritaires et selon les domaines
figurant au plan d'action annuel visé à l'article 2 ci-dessus :
Après délibération en Conseil du gouvernement, réuni
le 15 ramadan 1444 (6 avril 2023),
DÉCRÈTE :
1- pour les départements ministériels ou institutions,
concernant les projets et opérations à réaliser ;
Chapitre premier
2- pour les collectivités territoriales, les établissements
ou entreprises publics, il est procédé à la réception des
demandes d'appui pour les projets et opérations à réaliser ;
Dispositions générales",Administratif,"Administratif=2, Commercial=1, Environnement=1",Administratif,False,
138,BO_7454_Fr,PREMIER,fr,"En application des dispositions de
l'article 18 de la loi de finances susvisée n° 50-22 pour l'année
budgétaire 2023, le présent décret fixe les formes et modalités
des versements des montants et d'octroi de l'appui du compte
d'affectation spéciale intitulé « Fonds de modernisation de
l'administration publique, d'appui à la transition numérique
et à l'utilisation de l'amazighe » désigné ci-après fonds.
3- pour le secteur privé, les associations, les coopératives
et les établissements et instituts de formation, il est procédé
à la réception des demandes de candidature pour bénéficier
de l'appui du fonds pour les projets et opérations à réaliser.
Les demandes sont déposées obligatoirement via la
plateforme électronique du fonds visée à l'article 2 ci-dessus,
dans un compte spécial ouvert au profit des acteurs, sur tout
support et par tout moyen attestant la réception.
Au sens du présent décret, sont acteurs bénéficiaires
du fonds, les départements ministériels et institutions, les
collectivités territoriales, les établissements publics, les
entreprises publiques, le secteur privé, les associations, les
coopératives et les établissements et instituts de formation.
Les demandes précitées sont accompagnées d'un dossier
comportant les documents et informations nécessaires à
l'accomplissement des projets et opérations à réaliser. Les
documents et informations obligatoires à inclure dans les
dossiers des demandes précités ci-dessus sont fixées par arrêté
conjoint de l'autorité gouvernementale chargée de la transition
numérique et de la réforme de l'administration et de l'autorité
gouvernementale chargée des finances.",Administratif,"Administratif=4, Environnement=3, Commercial=1",Administratif,False,
139,BO_7454_Fr,2,fr,"L'autorité gouvernementale chargée de la
transition numérique et de la réforme de l'administration, en
coordination avec l'autorité gouvernementale chargée des
finances, établit le plan d'action annuel du fonds sur la base
des orientations stratégiques dans lesquelles sont inscrites les
opérations relatives à la modernisation des services publics,
à la transformation numérique et à l'utilisation de la langue
amazighe. Ce plan d'action peut être actualisé au cours de
l'année.",Administratif,"Administratif=1, Fiscal=0, Social=0",Administratif,False,
140,BO_7454_Fr,6,fr,"Les projets et opérations déposés pour
bénéficier de l'appui du fonds sont examinés par le comité
interministériel prévu au chapitre III ci-dessous.
Le plan d'action annuel du fonds comprend les axes
prioritaires éligibles à l'appui et les crédits alloués à chaque
axe dans la limite des crédits disponibles au cours de l'année.",Environnement,"Environnement=1, Fiscal=0, Social=0",Administratif,False,
141,BO_7454_Fr,7,fr,"Le président du comité interministériel notifie
aux acteurs concernés, la décision du comité concernant les
demandes d'appui des projets et opérations et les informe de
l'acceptation ou le rejet de leurs demandes sur leur compte de
la plateforme électronique du fonds.
Le plan d'action est publié sur la plateforme électronique
du fonds www.fomap.ma avant le dix (10) janvier de chaque
année et lors de chaque actualisation.",Indéterminé,"Fiscal=0, Social=0, Administratif=0",Administratif,False,
142,BO_7454_Fr,8,fr,"Dès la réception de l'acceptation de la demande
d'appui, une convention est conclue avec les acteurs prévus aux
paragraphes 1 et 2 du premier alinéa de l'article 5 ci-dessus.
Pour les acteurs prévus au paragraphe 3 du premier alinéa
de l'article 5 ci-dessus, la convention est conclue sur la base
d'un accord préalable se rapportant aux projets et opérations
à réaliser.",Indéterminé,"Fiscal=0, Social=0, Administratif=0",Administratif,False,
143,BO_7454_Fr,3,fr,"Les critères et conditions d'examen des projets
et opérations proposés pour bénéficier de l'appui du fonds sont
fixés par arrêté conjoint de l'autorité gouvernementale chargée
de la transition numérique et de la réforme de l'administration
et de l'autorité gouvernementale chargée des finances, selon
les domaines et les axes prioritaires éligibles à l'appui.
Nº 7454 – 14 joumada I 1447 (6-11-2025)
Les conventions précitées sont conclues entre les acteurs
bénéficiaires de l'appui du fonds, l'autorité gouvernementale
chargée de la transition numérique et de la réforme de
l'administration et l'autorité gouvernementale chargée des
finances, dans un délai n'excédant pas 30 jours à compter de
la date de l'information des acteurs concernés de l'acceptation
de leurs dossiers.
– de l'acceptation de la demande avec indication du
montant de l'appui ;
– ou des remarques indiquant les non-conformités ou
insuffisances qui ont été constatées lors de l'examen des
documents du dossier des demandes ou lors d'enquête
sur terrain pour contrôler les étapes de réalisation des
projets ou opérations. Dans ce cas, sous peine du rejet
de la demande des acteurs, ils doivent satisfaire les
remarques précitées dans les délais fixés.",Environnement,"Environnement=3, Administratif=2, Pénal=2",Administratif,False,
144,BO_7454_Fr,9,fr,"La demande de versement du montant
de l'appui doit être déposée, par les acteurs prévus aux
paragraphes 1 et 2 du premier alinéa de l'article 5 ci-dessus,
dans un délai n'excédant pas douze (12) mois à compter de la
date de signature de la convention. Ce délai peut être prolongé
une seule fois, à condition qu'une demande de prolongation
soit déposée sur la plateforme électronique du fonds avant
l'expiration dudit délai, accompagnée d'un dossier justifiant
les motifs de la demande de prolongation.",Indéterminé,"Fiscal=0, Social=0, Administratif=0",Administratif,False,
145,BO_7454_Fr,13,fr,"Les montants d'appui du « fonds de
modernisation de l'administration publique, d'appui à la
transition numérique et à l'utilisation de l'amazighe », sont
versés, selon les modalités fixées par les textes législatifs et
réglementaires en vigueur et les conventions conclues au profit :
– des acteurs et institutions internationales ayant conclu
La demande de versement précitée est déposée,
accompagnée d'un dossier, via leur compte sur la plateforme
électronique du fonds, par tout support et par tout moyen
attestant la réception.
la convention visée à l'article 4 ci-dessus ;
– des acteurs ayant conclu la convention visée à l'article 8
ci-dessus.",Administratif,"Administratif=1, Environnement=1, Fiscal=0",Administratif,False,
146,BO_7454_Fr,10,fr,"Les demandes de versement des montants de
l'appui doivent être déposées après la réalisation des projets et
opérations objet de l'accord préalable par les acteurs prévus au
paragraphe 3 du premier alinéa de l'article 5 ci-dessus selon les
conditions et dans les délais définis dans la convention signée.
Les taux et plafonds des montants d'appui sont fixés
par arrêté conjoint de l'autorité gouvernementale chargée de
la transition numérique et de la réforme de l'administration et
de l'autorité gouvernementale chargée des finances.
Lesdites demandes de versement, accompagnées d'un
dossier, sont déposées sur leur compte de la plateforme
électronique du fonds, par tout support et par tout moyen
attestant la réception.
Le versement est effectué sur le compte bancaire  propre
au bénéficiaire pour le secteur privé, les associations, les
coopératives, les établissements et instituts de formation et
les institutions internationales.",Environnement,"Environnement=2, Administratif=1, Fiscal=0",Administratif,False,
147,BO_7454_Fr,11,fr,"Les dossiers des demandes de versement des
montants aux acteurs bénéficiaires de l'appui du fonds doivent
comprendre :
Chapitre III
Le comité interministériel chargé de l'examen
des projets et opérations
– pour les départements ministériels ou institutions,
les collectivités territoriales, les établissements ou
entreprises publics, les documents attestant les
montants définitifs des projets et opérations admis par
le comité ;",Administratif,"Administratif=2, Commercial=1, Environnement=1",Administratif,False,
148,BO_7454_Fr,14,fr,"Un comité interministériel est institué, désigné
ci-dessous « comité », présidé par l'autorité gouvernementale
chargée de la transition numérique et de la réforme de
l'administration, ou de son représentant, chargé de l'examen
des projets et opérations déposés pour bénéficier de l'appui
du fonds.
– pour le secteur privé, les associations, les coopératives,
les établissements et instituts de formation, les
documents se rapportant à la réalisation des projets
et des opérations.
Le comité comprend les représentants suivants :
– un représentant du chef du gouvernement ;
Les documents et informations obligatoires à fournir,
accompagnant les demandes de versement des montants
d'appui, sont fixées par arrêté conjoint de l'autorité
gouvernementale chargée de la transition numérique et de la
réforme de l'administration et de l'autorité gouvernementale
chargée des finances.
– un représentant de l'autorité gouvernementale chargée
des finances ;
– un représentant de l'autorité gouvernementale chargée
de l'intérieur, lorsqu'il s'agit de l'examen des projets
ou opérations se rapportant à l'utilisation de la
langue amazighe ou ceux concernant les collectivités
territoriales ;",Administratif,"Administratif=4, Fiscal=0, Social=0",Administratif,False,
149,BO_7454_Fr,12,fr,"L'autorité gouvernementale chargée de la
transition numérique et de la réforme de l'administration
examine les dossiers de demandes de versement des montant
de l'appui présentés par le secteur privé, les associations, les
coopératives, les établissements et instituts de formation, et
s'assure, le cas échéant, de la réalisation des opérations et des
projets y afférents.
–  un représentant de l'Institut Royal de la Culture
Amazighe, lorsqu'il s'agit de l'examen des projets ou
opérations se rapportant à l'utilisation de la langue
amazighe.
Après l'examen desdits dossiers des demandes de
versement, les acteurs bénéficiaires précités sont informés sur
leur compte de la plateforme électronique du fonds :
Le secrétariat du comité est assuré par le ministère chargé
de la transition numérique et de la réforme de l'administration.
Nº 7454 – 14 joumada I 1447 (6-11-2025)",Administratif,"Administratif=2, Environnement=1, Fiscal=0",Administratif,False,
150,BO_7454_Fr,15,fr,"Le président du comité peut se faire assister
par des représentants de certaines administrations ou certains
organismes concernés, ou par un expert ou des experts dans les
domaines et axes d'appui du fonds pour faire part aux travaux
de ce comité, chaque fois que nécessaire.",Environnement,"Environnement=3, Administratif=1, Fiscal=0",Administratif,False,
151,BO_7454_Fr,21,fr,"L'autorité gouvernementale chargée de la
transition numérique et de la réforme de l'administration
établit un rapport général annuel sur la base des rapports
visés aux articles 18 et 19 ci-dessus et le présente au Chef du
gouvernement.",Administratif,"Administratif=1, Fiscal=0, Social=0",Administratif,False,
152,BO_7454_Fr,16,fr,"Le comité se réunit au moins deux fois par an
et chaque fois que nécessaire sur convocation de son président,
pour examiner les projets et opérations déposés par les acteurs
concernés pour bénéficier de l'appui du fonds.
Chapitre V
Dispositions diverses et finales",Environnement,"Environnement=1, Fiscal=0, Social=0",Administratif,False,
153,BO_7454_Fr,22,fr,"En application des dispositions de l'article
(18-II-6) de la loi de finances n° 50-22 précitée pour l'année
budgétaire 2023, les formes du versement des montants et
l'octroi de l'appui sont fixés dans la convention conclue entre
le prestataire public ou privé et l'autorité gouvernementale
chargée de la transition numérique et de la réforme de
l'administration et l'autorité gouvernementale chargée des
finances.
Les dossiers de demande visés à l'article 5 ci-dessus sont
examinés dans un délai maximum de 15 jours à compter de
la date de leur dépôt.
Le comité peut également se réunir pour étudier les
questions et soulever les problématiques en suspens concernant
les dossiers de demandes d'appui, ainsi que pour délibérer sur
les axes prioritaires se rapportant au plan d'action annuel du
fonds.
Chapitre IV",Environnement,"Environnement=3, Administratif=1, Fiscal=0",Administratif,False,
154,BO_7454_Fr,23,fr,"Est abrogé le décret n° 2-05-1484 du 20 kaada
1426 (22 décembre 2005) relatif à la composition et aux
modalités de fonctionnement du comité interministériel
chargé de l'examen des projets soumis au financement du
« Fonds de modernisation de l'administration publique ».
Suivi et contrôle des projets et opérations d'appui",Administratif,"Administratif=1, Fiscal=0, Social=0",Administratif,False,
155,BO_7454_Fr,17,fr,"L'autorité gouvernementale chargée de la
transition numérique et de la réforme de l'administration
peut réaliser des enquêtes sur terrain pour contrôler les
étapes de réalisation des projets et opérations objet de la
demande d'appui, ainsi que les modalités de mise en œuvre
de la convention conclue.",Administratif,"Administratif=1, Pénal=1, Fiscal=0",Administratif,False,
156,BO_7454_Fr,24,fr,"La ministre déléguée auprès du chef du
gouvernement chargée de la transition numérique et de la
réforme de l'administration et le ministre délégué auprès de
la ministre de l'économie et des finances, chargé du budget
sont chargés, chacun en ce qui le concerne, de l'exécution du
présent décret, qui entre en vigueur à compter de la date de
sa publication au Bulletin officiel.",Administratif,"Administratif=1, Fiscal=0, Social=0",Administratif,False,
157,BO_7454_Fr,18,fr,"Les acteurs doivent établir des rapports
d'étapes à chaque étape de réalisation des projets et opérations
objet de la demande d'appui du fonds selon la convention
conclue, et soumettre un rapport final à l'issue de la réalisation
ou de l'achèvement des projets et des opérations concernés.",Indéterminé,"Fiscal=0, Social=0, Administratif=0",Administratif,False,
158,BO_7454_Fr,19,fr,"Les départements ministériels ou institutions,
les collectivités territoriales et les établissements ou
les entreprises publics doivent soumettre à l'autorité
gouvernementale chargée de la transition numérique et de la
réforme de l'administration, dans un délai maximum de six (6)
mois à compter de la date de la réalisation ou de l'achèvement
des projets et opérations, un rapport d'évaluation comportant
notamment :
Le présent décret s'applique aux demandes d'appui du
fonds de modernisation de l'administration publique, d'appui
à la transition numérique et à l'utilisation de l'amazighe
déposées après la date de son entrée en vigueur.
Fait à Rabat, le 17 chaoual 1444 (8 mai 2023).
AZIZ AKHANNOUCH.
– la méthodologie suivie ;
Pour contreseing :
– les ressources humaines, moyens techniques et financiers
La ministre déléguée auprès
du Chef du gouvernement, chargée
déployés ;
– les partenariats établis, le cas échéant ;
de la transition numérique
et de la réforme de l'administration,
– les résultats obtenus ;
– les mesures d'accompagnement proposées.
GHITA MEZZOUR.",Administratif,"Administratif=5, Commercial=1, Fiscal=0",Administratif,False,
159,BO_7454_Fr,20,fr,"Est adressé à l'autorité gouvernementale
chargée de la transition numérique et de la réforme de
l'administration un extrait du rapport comptable sur les projets
et opérations, réalisés par les établissements ou entreprises
publics, le secteur privé, les associations, les coopératives,
les établissements et instituts de formation, bénéficiaires de
l'appui du fonds et soumis au contrôle ou à l'audit interne ou
externe conformément aux textes législatifs et réglementaires
en vigueur.
Le ministre délégué auprès
de la ministre de l'économie
et des finances, chargé du budget,
FOUZI LEKJAA.
Le texte en langue arabe a été publié dans l'édition générale du
« Bulletin officiel » n° 7194 du 20 chaoual 1444 (11 mai 2023).
Nº 7454 – 14 joumada I 1447 (6-11-2025)
Arrêté conjoint de la ministre déléguée auprès du Chef du",Environnement,"Environnement=2, Administratif=1, Commercial=1",Administratif,False,
160,BO_7454_Fr,2,fr,"En application des dispositions de l'article 5
du décret n° 2-23-245 précité, le formulaire des demandes
de candidature pour bénéficier de l'appui remplie par le
demandeur sur la plateforme électronique du Fonds, comporte
les informations suivantes :
gouvernement, chargée de la transition numérique et
de la réforme de l'administration et du ministre délégué
auprès de la ministre de l'économie et des finances,
chargé du budget n° 909-25 du 9 chaoual 1446
(8 avril 2025), fixant les critères, les conditions et la
- le projet ou l'opération et sa description ;
modalité de versement d'appui du Fonds de modernisation
de l'administration publique, d'appui à la transition
numérique et à l'utilisation de l'amazighe concernant les
programmes de modernisation des services publics, de
transformation numérique et d'utilisation de l'amazighe
au profit des départements ministériels ou des institutions,
des collectivités territoriales, des établissements ou
entreprises publics.
- les motifs du choix du projet ou de l'opération ;
- les objectifs du projet ou de l'opération proposé en lien
avec les domaines et axes prioritaires éligibles d'appui ;
- les livrables du projet et les résultats escomptés ;
- les indicateurs quantitatifs et qualitatifs concernant le
projet ou l'opération ;
- la catégorie ciblée, le cas échéant ;
- les phases et le calendrier de réalisation du projet ou de
l'opération ;
La ministre déléguée auprès du chef du gouvernement,
chargée de la transition numérique et de la
- le coût global du projet ou de l'opération avec indication
réforme de l'administration,
Le ministre délégué auprès de la ministre de
du montant à verser ;
- le plan de financement selon les étapes de réalisation ;
l'économie et des finances, chargé du Budget,
- la liste des risques qui peut entraver la mise en œuvre du
Vu la loi de finances n° 50-22 pour l'année budgétaire
2023 promulguée par le dahir n° 1-22-75 du 18 joumada I 1444
(13 décembre 2022) et notamment son article 18 ;
projet ou de l'opération et les modalités de leur gestion ;
- la liste des parties intervenantes dans la réalisation du
projet ou de l'opération, le cas échéant ;
Vu le décret n° 2-23-245 du 17 chaoual 1444 (8 mai
2023) fixant les formes et modalités du versement et d'octroi
de l'appui du Fonds de modernisation de l'administration
publique, d'appui à la transition numérique et à l'utilisation
de l'amazighe, notamment ses articles 3, 5, 11 et 13,
- le responsable de la réalisation du projet ou de l'opération
ainsi que son équipe de travail ;
- le comité chargé de superviser et suivre la réalisation du
projet ou de l'opération, le cas échéant.",Administratif,"Administratif=6, Environnement=3, Social=1",Administratif,False,
161,BO_7454_Fr,3,fr,"Le formulaire des demandes de candidature
prévu à l'article 2 ci-dessus signé par le demandeur, est déposé
selon le cas, accompagné des documents suivants :
ARRÊTENT :",Environnement,"Environnement=1, Fiscal=0, Social=0",Administratif,False,
162,BO_7454_Fr,PREMIER,fr,"En application des dispositions
de l'article 3 du décret n° 2-23-245 du 17 chaoual 1444
(8 mai 2023) susvisé, les conditions et les critères à remplir
dans les projets et opérations proposés par les départements
ministériels et institutions, les collectivités territoriales, les
établissements et entreprises publics, sont fixés comme suit :
- note détaillée du projet ou de l'opération comprenant les
phases de réalisation et les résultats escomptés ;
- fiche précisant les ressources humaines et les moyens
matériels qualifiés pour la réalisation du projet ou
l'opération objet de la demande d'appui ;
- l'adéquation du projet ou de l'opération aux domaines
- impact de la réalisation du projet ou de l'opération à court
et axes prioritaires ;
et moyen terme en ce qui concerne la modernisation de
l'administration et de développement économique et
social, dans le cadre des domaines et axes prioritaires
choisis.
- s'assurer que le projet ou l'opération a des impacts
significatifs sur la modernisation de l'administration
et le développement économique et social ;
- l'alignement du projet ou de l'opération proposée avec
Les demandes déposées par les départements
ministériels et les institutions, les collectivités territoriales,
les établissements et entreprises publics peuvent être
accompagnées par tout autre document que le demandeur
juge nécessaire à la réalisation du projet ou de l'opération.
les orientations stratégiques du demandeur d'appui.
Lors de la sélection des projets et opérations proposés,
il convient de prendre en compte à ce qu'ils soient :
- des projets pilotes ;",Administratif,"Administratif=7, Environnement=3, Commercial=2",Administratif,False,
163,BO_7454_Fr,4,fr,"En application des dispositions de l'article 11
du décret n° 2-23-245 précité, les demandes de versement des
montants d'appui du Fonds sont accompagnées d'un dossier
comprenant les documents et informations suivants :
- innovants ;
- permettant le transfert d'expertise et possibilité de
généralisation ;
- les contrats et conventions conclus dans le cadre du projet
- élaborés dans un cadre participatif entre administrations
ou de l'opération et les autres documents nécessaires
y afférents ;
lorsqu'il s'agit de communs projets ou d'opérations.
Nº 7454 – 14 joumada I 1447 (6-11-2025)
- les documents attestant les montants définitifs pour la
Vu le décret n°2-23-245 du 17 chaoual 1444 (8 mai
2023) fixant les formes et modalités du versement et d'octroi
de l'appui du Fonds de modernisation de l'administration
publique, d'appui à la transition numérique et à l'utilisation
de l'amazighe, notamment ses articles 3, 5, 11 et 13,
réalisation du projet ou de l'opération ;
- l'imputation budgétaire ou le compte bancaire du
demandeur pour le versement de la contribution du
Fonds.
ARRÊTENT :",Environnement,"Environnement=3, Administratif=2, Fiscal=1",Administratif,False,
164,BO_7454_Fr,5,fr,"En application des dispositions de l'article 13
du décret n° 2-23-245 précité, le montant d'appui est fixé
comme suit :",Indéterminé,"Fiscal=0, Social=0, Administratif=0",Administratif,False,
165,BO_7454_Fr,PREMIER,fr,"En application des dispositions de
l'article 3 du décret n° 2-23-245 du 17 chaoual 1444 (8 mai 2023)
susvisé, les conditions et critères à remplir dans les projets et
opérations proposés par le secteur privé et les associations,
les coopératives, les établissements et instituts de formation
dans le cadre des domaines et axes prioritaires publiés sur
la plateforme électronique du Fonds, sont fixés comme suit :
- pour les départements ministériels ou les institutions,
les établissements et entreprises publics dans la limite
d'un plafond de cinq millions (5 000 000) de dirhams,
à concurrence de 60 % du coût global du projet ou de
l'opération ;
- l'adéquation du projet ou de l'opération proposée au
- pour les collectivités territoriales dans la limite d'un
domaine d'activité du demandeur d'appui ;
plafond de deux millions (2 000 000) de dirhams, à
concurrence de 80 % du coût globale du projet ou de
l'opération.
- avoir une expertise et une expérience professionnelle
liées au projet ou à l'opération proposé ;",Administratif,"Administratif=2, Commercial=1, Environnement=1",Administratif,False,
166,BO_7454_Fr,6,fr,"Le présent arrêté conjoint sera publié au
Bulletin officiel.
- s'assurer, selon le cas, que le projet ou l'opération
proposé a des impacts significatifs sur le développement
économique et social dans le cadre des domaines et axes
prioritaires choisis ;
Rabat, le 9 chaoual 1446 (8 avril 2025).
La ministre déléguée
- avoir les moyens matériels et techniques ou scientifiques,
auprès du Chef du
gouvernement, chargée de
le cas échéant, qui permettent la réalisation du projet
ou de l'opération objet de la demande d'appui.
la transition numérique
Le ministre délégué auprès de
la ministre de l'économie et des
et de la réforme de",Environnement,"Environnement=1, Fiscal=0, Social=0",Administratif,False,
167,BO_7454_Fr,2,fr,"En application des dispositions de l'article 5
du décret n° 2-23-245 précité, le formulaire des demandes
de candidature pour bénéficier de l'appui remplie par le
demandeur sur la plateforme électronique du Fonds, comporte
les informations suivantes :
l'administration,
AMAL EL FALLAH.
finances, chargé du budget,
FOUZI LEKJAA.
Le texte en langue arabe a été publié dans l'édition générale du
« Bulletin officiel » n° 7420 du 14 moharrem 1447 (10 juillet 2025).
- le projet ou l'opération et sa description ;
- les motifs du choix du projet ou de l'opération ;
Arrêté conjoint de la ministre déléguée auprès du Chef du
- les objectifs du projet ou de l'opération proposé en lien
gouvernement, chargée de la transition numérique et de la
réforme de l'administration et du ministre délégué auprès
de la ministre de l' économie et des finances, chargé du
budget n° 910-25 du 9 chaoual 1446 (8 avril 2025), fixant
les critères, les conditions et les modalités de versement
d'appui du Fonds de modernisation de l'administration
publique, d'appui à la transition numérique et à
l'utilisation de l'amazighe concernant les programmes de
transformation numérique et d'utilisation de l'amazighe au
profit du secteur privé, des associations, des coopératives
et des établissements et instituts de formation.
avec les domaines et axes prioritaires choisis ;
- les livrables du projet et les résultats escomptés ;
- les indicateurs quantitatifs et qualitatifs concernant le
projet ou l'opération ;
- la catégorie ciblée, le cas échéant ;
- les phases et le calendrier de réalisation du projet ou de
l'opération ;
- le coût global du projet ou de l'opération avec indication
du montant à verser par le porteur du projet ou de
l'opération ;
La ministre déléguée auprès du chef du gouvernement,
- le plan de financement selon les étapes de réalisation ;
chargée de la transition numérique et de la
- la liste des risques qui peut entraver la mise en œuvre du
réforme de l'administration,
Le ministre délégué auprès de la ministre de
projet ou de l'opération et les modalités de leur gestion ;
- la liste des parties intervenantes dans la réalisation du
l'économie et des finances, chargé du Budget,
projet ou de l'opération, le cas échéant ;
Vu la loi de finances n° 50-22 pour l'année budgétaire
2023 promulguée par le dahir n° 1-22-75 du 18 joumada I 1444
(13 décembre 2022) et notamment son article 18 ;
- le responsable de la réalisation du projet ou de l'opération
ainsi que son équipe de travail ;
Nº 7454 – 14 joumada I 1447 (6-11-2025)
- le comité chargé de superviser et de suivre la réalisation
- copie des rapports moral et financier au titre de la
du projet ou de l'opération, le cas échéant ;
dernière année ;
- la liste des projets réalisés par le demandeur en lien
- la liste des projets réalisés par le demandeur en lien
avec le projet ou l'opération proposé et les documents
justificatifs y afférents ;
avec le projet ou l'opération proposé et ses documents
justificatifs, le cas échéant ;
- la déclaration, le cas échéant d'avoir bénéficié, d'un autre
- fiche précisant les ressources humaines et les moyens
appui au profit du projet, en indiquant le cadre de son
octroi et en précisant la partie concernée par ledit appui
du projet.
matériels et techniques ou scientifiques, le cas échéant
qui permet au demandeur de réaliser le projet ou
l'opération objet de la demande d'appui ;",Administratif,"Administratif=4, Environnement=3, Social=1",Administratif,False,
168,BO_7454_Fr,3,fr,"Le formulaire de demandes de candidature
prévu à l'article 2 ci-dessus, signé par le demandeur, est déposé,
selon le cas et accompagné des documents suivants :
- impact de la réalisation du projet ou de l'opération à court
et moyen terme en ce qui concerne le développement
économique et social, dans le cadre des domaines et
axes prioritaires choisis.
1 - Pour le secteur privé et les établissements et instituts
de formation :
- certificat d'immatriculation au registre de commerce
Les demandes déposées par le secteur privé, et les
établissements et instituts de formation, les associations et
les coopératives peuvent être accompagnées par tout autre
document que le demandeur juge nécessaire à la réalisation
du projet ou de l'opération.
pour les personnes morales assujetties à l'obligation
d'immatriculation au registre de commerce conformément
à la législation en vigueur ;
- quitus fiscal ;
- attestation du chiffre d'affaires, le cas échéant ;",Environnement,"Environnement=4, Commercial=2, Fiscal=1",Administratif,False,
169,BO_7454_Fr,4,fr,"En application des dispositions de l'article 11
du décret n° 2-23-245 précité, les demandes de versement des
montants d'appui du Fonds sont accompagnées par un dossier
comprenant les documents et informations suivants :
- attestation délivrée par la caisse nationale de sécurité
sociale attestant que le demandeur est en situation
régulière, ne dépassant pas un (1) an avant la date de
dépôt de la demande ;
- les contrats et conventions conclus dans le cadre du
- copie des statuts, le cas échéant ;
projet ou de l'opération, ainsi que les autres documents
nécessaires y afférents ;
- un document attestant que la procuration est octroyée
à une personne ou plusieurs pour représenter le
demandeur et une copie des documents attestant leur
identité ;
- les documents attestant l'achèvement ou de la réalisation
du projet ou de l'opération ;
- l'acte d'engagement du demandeur ou de son représentant
- fiche précisant les ressources humaines et les moyens
matériels, techniques ou scientifiques, le cas échéant qui
permet au demandeur de réaliser le projet ou l'opération
objet de la demande d'appui ;
légal à préserver les réalisations objet de la demande
d'appui pendant une durée minimale de cinq (5) ans à
compter de la date d'achèvement ou de réalisation des
projets et opérations objet d'appui.
- impact de la réalisation du projet ou de l'opération à court
et moyen terme en ce qui concerne le développement
économique et social, dans le cadre des domaines et
axes prioritaires choisis.
- relevé d'identité bancaire (RIB) du demandeur d'appui.",Environnement,"Environnement=3, Civil=1, Fiscal=0",Administratif,False,
170,BO_7454_Fr,5,fr,"En application des dispositions de l'article 13
du décret n° 2-23-245 précité, le montant d'appui est fixé dans
la limite d'un plafond de deux millions (2 000 000) de dirhams,
n'excédant pas 80 % du coût global du projet ou de l'opération.
2 - Pour les associations et les coopératives :
- copie des statuts de l'association ;
- copie des statuts de la coopérative ;",Indéterminé,"Fiscal=0, Social=0, Administratif=0",Administratif,False,
171,BO_7454_Fr,6,fr,"Le présent arrêté conjoint sera publié au
Bulletin officiel.
- copie du récépissé de dépôt auprès des autorités locales
pour les associations et de certificat d'enregistrement au
registre local des coopératives pour les coopératives ;
Rabat, le 9 chaoual 1446 (8 avril 2025).
- copie du procès-verbal de la dernière assemblée générale ;
La ministre déléguée
auprès du Chef du
gouvernement, chargée de
- copie du procès-verbal de la réunion de l'association
ou de la coopérative lors de laquelle le projet a été
approuvé ;
la transition numérique
Le ministre délégué auprès de
la ministre de l'économie et des
et de la réforme de
- la liste des membres du bureau ;
l'administration,
AMAL EL FALLAH.
finances, chargé du budget,
FOUZI LEKJAA.
- un document attestant que la procuration est octroyée
à une personne ou plusieurs pour représenter le
demandeur et une copie des documents justifiant leur
identité ;
Le texte en langue arabe a été publié dans l'édition générale du
« Bulletin officiel » n° 7420 du 14 moharrem 1447 (10 juillet 2025).
Nº 7454 – 14 joumada I 1447 (6-11-2025)
Arrêté du Chef du gouvernement n° 3-51-25 du 8 joumada I 1447 (31 octobre 2025) fixant la liste des branches
d'activités par région prévue à l'article premier du décret n° 2-25-342 du 15 hija 1446 (12 juin 2025) relatif à
la mise en œuvre du dispositif de soutien spécifique destiné aux très petites, petites et moyennes entreprises.
LE CHEF DU GOUVERNEMENT,
Vu le décret n° 2-25-342 du 15 hija 1446 (12 juin 2025) relatif à la mise en œuvre du dispositif de soutien
spécifique destiné aux très petites, petites et moyennes entreprises, notamment son article premier ;
Sur proposition du ministre de l'intérieur, du ministre de l'équipement et de l'eau, du ministre de la santé
et de la protection sociale, du ministre de l'agriculture, de la pêche maritime, du développement rural et des
eaux et forêts, du ministre de l'inclusion économique, de la petite entreprise, de l'emploi et des compétences,
du ministre de l'industrie et du commerce, de la ministre du tourisme, de l'artisanat et de l'économie sociale et
solidaire, de la ministre de la transition énergétique et du développement durable, du ministre du transport et
de la logistique, du ministre de la jeunesse, de la culture et de la communication, du ministre délégué auprès
du Chef du gouvernement, chargé de l'investissement, de la convergence et de l'évaluation des politiques
publiques, du ministre délégué auprès de la ministre de l'économie et des finances, chargé du budget et de
la ministre déléguée auprès du Chef du gouvernement, chargée de la transition numérique et de la réforme
de l'administration,
ARRÊTE :",Environnement,"Environnement=6, Commercial=4, Administratif=2",Administratif,False,
172,BO_7454_Fr,PREMIER,fr,"En application des dispositions de l'article premier du décret susvisé n° 2-25-342,
la liste des branches d'activités par région est fixée en annexe du présent arrêté.",Indéterminé,"Fiscal=0, Social=0, Administratif=0",Administratif,False,
173,BO_7454_Fr,2,fr,"Le présent arrêté est publié au Bulletin officiel.
Rabat, le 8 joumada I 1447 (31 octobre 2025).
AZIZ AKHANNOUCH.
*
*    *
Nº 7454 – 14 joumada I 1447 (6-11-2025)
Annexe à l'arrêté du Chef du gouvernement n° 3-51-25 du 8 joumada I 1447 (31 octobre 2025)
fixant la liste des branches d'activités par région  prévue à l'article premier du décret n° 2-25-342
du 15 hija 1446 (12 juin 2025) relatif à la mise en œuvre du dispositif de soutien spécifique destiné
aux très petites, petites et moyennes entreprises
Secteur
Branche d'activité
Régions
concernées
Branches d'activité
- Tanger -
Tétouan - Al
Hoceima ;
- L'Oriental ;
- Rabat - Salé -
Kénitra ;
- Casablanca -
Settat ;
- Marrakech -
Safi ;
- Souss -
Massa ;
- Guelmim -
Oued Noun ;
- Laâyoune -
Sakia Al
Hamra ;
- Dakhla - Oued
Ed-Dahab.
• Aquaculture en eau douce.
Toutes les
• Aquaculture en mer et en zone littorale.
Agriculture,
sylviculture
et
pêche
régions
• Traitement
et
valorisation
des
produits
aquacoles.
• Extraction de minerais métalliques.
- L'Oriental ;
- Fès- Meknès ;
- Beni Mellal -
Khénifra ;
- Drâa -Tafilalet ;
- Marrakech -
Safi ;
- Souss -
Massa ;
- Guelmim -
Oued Noun ;
- Laâyoune -
Sakia Al
Hamra ;
- Dakhla - Oued
Ed-Dahab.
• Services de soutien aux industries extractives.
• Valorisation et transformation des produits
miniers.
Industries
extractives
Nº 7454 – 14 joumada I 1447 (6-11-2025)
• Industries alimentaires.
• Fabrication de boissons.
• Fabrication de produits à base de tabac.
• Fabrication de textiles.
• Industrie de l'habillement.
• Industrie du cuir et de la chaussure.
• Travail du bois et fabrication d'articles en bois,
en liège, en vannerie ou sparterie.
• Industrie du papier et du carton.
• Imprimerie et reproduction d'enregistrements.
• Industrie chimique.
• Industrie pharmaceutique.
• Industrie
de
fabrication
des
dispositifs
médicaux et de matériel biomédical.
• Fabrication de produits en caoutchouc et en
plastique.
• Fabrication d'autres produits minéraux non
métalliques.
• Métallurgie.
• Fabrication
de
produits
métalliques,
à
l'exception des machines et des équipements.
• Fabrication
de
produits
informatiques,
électroniques et optiques.
• Fabrication de produits et d'équipements
électriques.
• Fabrication de machines et équipements non
classés ailleurs.
• Industrie automobile.
• Fabrication d'autres matériels de transport.
• Fabrication de meubles.
• Autres industries manufacturières.
• Réparation et installation de machines et
d'équipements.
• Industrie des énergies renouvelables.
Industrie
manufacturière
Toutes
les
régions
• Ingénierie et prestations techniques liées à
l'industrie.
• Services de soutien aux activités industrielles.
Nº 7454 – 14 joumada I 1447 (6-11-2025)
Secteur
Branche d'activité
Régions
concernées
Production
et
distribution
d'électricité, de
gaz, de vapeur et
d'air conditionné
Toutes les
• Production d'électricité à base d'énergie
renouvelable.
régions
Production
et
distribution
d'eau,
assainissement,
gestion
des
déchets
et
dépollution
• Recyclage, transformation et valorisation
des déchets autres qu'importés.
• Collecte, traitement et élimination des
déchets dangereux.
Toutes les
régions
• Dépollution et autres services de gestion des
déchets non ménagers.
• Entreposage et services auxiliaires des
transports.
Toutes les
Transports
et
entreposage
régions
• Activités de poste et de courrier.
• Etablissements d'hébergement touristique
classés
à
l'exception
des
résidences
immobilières adossées à un établissement
d'hébergement touristique et des résidences
immobilières de promotion touristique.
Hébergement et
restauration
Toutes les
régions
• Restauration touristique.
Artisanat
• Artisanat de production d'art et utilitaire.
Toutes les
régions
• Édition.
• Production de films cinématographiques, de
vidéo et de programmes de télévision et
enregistrement sonore et édition musicale.
• Programmation et diffusion.
• Installation
des
infrastructures
de
télécommunications.
• Programmation, conseil et autres activités
informatiques.
• Services de l'information : outsourcing,
centres d'appels, intelligence artificielle,
traitement des données, hébergement et
activités connexes, datacenters.
Information
et
communication
Toutes les
régions
Nº 7454 – 14 joumada I 1447 (6-11-2025)
Activités
spécialisées,
scientifiques et
techniques
- L'Oriental ;
- Beni Mellal -
Khénifra ;
- Drâa – Tafilalet ;
- Guelmim -
Oued Noun ;
- Laâyoune -
Sakia Al Hamra ;
- Dakhla - Oued
Ed-Dahab.
• Activités de contrôle et d'analyse technique.
Enseignement
• Formation professionnelle.
Santé
humaine
et action sociale
• Activités pour la santé humaine.
• Activités
créatives,
artistiques
et
de
spectacle.
Toutes les
Arts, spectacles
et
activités
récréatives
régions
• Activités récréatives et de loisirs.
- L'Oriental ;
- Beni Mellal –
Khénifra ;
- Drâa -Tafilalet ;
- Guelmim -Oued
Noun ;
- Laâyoune -
Sakia Al Hamra ;
- Dakhla - Oued
Ed-Dahab.
• Réparation d'ordinateurs, d'équipements et
de biens personnels et domestiques.
Autres activités
de service
Nº 7454 – 14 joumada I 1447 (6-11-2025)
Arrêté du Chef du gouvernement n° 3-52-25 du 8 joumada I 1447 (31 octobre 2025) fixant la liste des activités
prioritaires prévue à l'article premier du décret n° 2-25-342 du 15 hija 1446 (12 juin 2025) relatif à la
mise en œuvre du dispositif de soutien spécifique destiné aux très petites, petites et moyennes entreprises.
LE CHEF DU GOUVERNEMENT,
Vu le décret n° 2-25-342 du 15 hija 1446 (12 juin 2025) relatif à la mise en œuvre du dispositif de soutien
spécifique destiné aux très petites, petites et moyennes entreprises, notamment son article premier ;
Sur proposition du ministre de l'intérieur, du ministre de l'équipement et de l'eau, du ministre de la santé
et de la protection sociale, du ministre de l'agriculture, de la pêche maritime, du développement rural et des
eaux et forêts, du ministre de l'inclusion économique, de la petite entreprise, de l'emploi et des compétences,
du ministre de l'industrie et du commerce, de la ministre du tourisme, d",Environnement,"Environnement=18, Commercial=5, Social=1",Indéterminé,True,
174,BO_7454_Fr,PREMIER,fr,"En application des dispositions de l'article premier du décret susvisé n° 2-25-342,
la liste des activités prioritaires est fixée en annexe du présent arrêté.",Environnement,"Environnement=1, Fiscal=0, Social=0",Administratif,False,
175,BO_7454_Fr,2,fr,"Le présent arrêté est publié au Bulletin officiel.
Rabat, le 8 joumada I 1447 (31 octobre 2025).
AZIZ AKHANNOUCH.
*
*    *
Nº 7454 – 14 joumada I 1447 (6-11-2025)
Annexe à l'arrêté du Chef du gouvernement n° 3-52-25 du 8 joumada I 1447 (31 octobre 2025)
fixant la liste des activités prioritaires prévue à l'article premier du décret n° 2-25-342
du 15 hija 1446 (12 juin 2025) relatif à la mise en œuvre du dispositif de soutien spécifique destiné
aux très petites, petites et moyennes entreprises
Secteur
Branche d'activité
Activités prioritaires
• Aquaculture en
mer et en zone
littorale
- Aquaculture en mer et en zone littorale.
Agriculture,
sylviculture et
• Aquaculture en
eau douce
- Aquaculture en eau douce.
pêche
• Traitement et
valorisation
des
produits aquacoles
-
Transformation,
traitement
et
valorisation des produits de l'aquaculture.
- Transformation des produits d'origine
végétale ;
- Transformation des produits d'origine
animale et production d'aliments pour
animaux ;
- Fabrication de biscuits et de biscottes, de
chocolaterie, de confiserie, de produits de
boulangerie-pâtisserie ;
- Fabrication d'aliments homogénéisés et
diététiques
et
de
compléments
alimentaires ;
-
Transformation,
préparation
et
conservation des produits de la mer ;
- Production de co-produits des produits
de la mer et de l'aquaculture (alginate,
oméga3, spiruline, collagène).
• Industries
alimentaires
Industrie
manufacturière
• Fabrication de
boissons
- Production de boissons, de café, de thé
et d'infusions.
- Tissage/Bonneterie ;
- Teinture ;
- Finissage ;
- Impression.
• Fabrication de
textiles
• Industrie de
l'habillement
- Fabrication de l'habillement cuir ;
- Fabrication de l'habillement textile.
Nº 7454 – 14 joumada I 1447 (6-11-2025)
Secteur
Branche d'activité
Activités prioritaires
- Tannerie ;
- Production de chaussures et de
chaussures de sport ;
- Maroquinerie.
• Industrie du cuir
et de la chaussure
• Travail du bois
et fabrication
d'articles en bois,
en liège, en
vannerie ou
sparterie ;
- Sciage, rabotage et imprégnation du
bois ;
- Fabrication de panneaux de bois ;
- Fabrication de charpentes et de
menuiseries ;
- Fabrication d'emballages en bois ;
- Menuiserie industrielle.
- Fabrication de papier ou de carton et des
articles en papier ou en carton ;
- Fabrication d'articles de papeterie ;
- Fabrication d'emballages en papier ou en
carton.
• Industrie du
papier et du
carton
Industrie
manufacturière
• Imprimerie et
reproduction
d'enregistrements
- Imprimerie industrielle.
- Fabrication de produits agro-chimiques.
- Fabrication de peinture et vernis ;
- Fabrication de savons, de parfums et de
produits d'entretien et d'hygiène ;
- Fabrication de produits cosmétiques ;
• Industrie
chimique
.
• Industrie
pharmaceutique
− Fabrication
de
produits
pharmaceutiques de base.
- Fabrication de produits et articles en
caoutchouc ;
- Fabrication de plaques, feuilles, tubes,
profilés et emballages en matières
plastiques ;
- Fabrication d'éléments en matières
plastiques pour la construction.
• Fabrication de
produits en
caoutchouc et en
plastique
Nº 7454 – 14 joumada I 1447 (6-11-2025)
Secteur
Branche d'activité
Activités prioritaires
− Fabrication de verre et d'articles en
. Fabrication d'autres
produits minéraux
non métalliques
verre ;
− Fabrication de préfabriqués en béton,
produits en céramique et plâtres.
. Métallurgie
− Sidérurgie ;
− Fonderie.
. Fabrication de
produits
métalliques, à
l'exception des
machines et des
équipements
− Fabrication de tubes, tuyaux, profilés
creux et accessoires métalliques ;
− Fabrication d'emballages en métal ;
− Fabrication de produits de première
transformation des métaux.
− Fabrication de produits informatiques,
. Fabrication de
produits
informatiques,
électroniques et
optiques
électroniques
(composants
électroniques, cartes électroniques),
horlogerie, instruments de mesure et
d'équipements de communication ;
Industrie
manufacturière
− Fabrication
d'appareils
électroménagers
et
de
produits
électroniques grand public.
. Fabrication de
produits et
d'équipements
électriques
− Fabrication de moteurs, génératrices,
onduleurs, transformateurs électriques
et de matériels de distribution et de
commande électrique ;
− Fabrication de piles et d'accumulateurs
électriques.
− Fabrication de machines, équipements
et matériels à usage agricole ;
− Fabrication de machines, équipements
• Fabrication de
machines et
équipements non
classés ailleurs
et matériels destinés à l'industrie de
dessalement de l'eau de mer et au
recyclage de l'eau ;
− Fabrication de machines, équipement
et matériels à usage industriel ;
− Fabrication d'articles ménagers en
métal ou en céramique.
Nº 7454 – 14 joumada I 1447 (6-11-2025)
Secteur
Branche d'activité
Activités prioritaires
− Activités liées à la mobilité électrique ;
− Industrie de la micromobilité y
compris les 2 et 3 roues ;
− Fabrication des poids lourds et
• Industrie
automobile
matériels roulants de transport ;
− Fabrication de batterie électrique et
technologies et infrastructures de
recharge ;
− Fabrication de machines-outils.
. Fabrication de
meubles
− Fabrication de meubles.
− Traitements
spéciaux
des
pièces
aéronautiques ;
− Fabrication
d'outillages
aéronautiques ;
− Réparation, maintenance, opérations
Industrie
manufacturière
de modification d'avions ;
− Fabrication d'éléments de cabines/de
l'intérieur d'avions ;
− Fabrication et assemblage de sous-
composants ferroviaires ;
− Peinture, revêtement anticorrosion et
. Autres industries
manufacturières
traitement de surfaces de sous-
composants ferroviaires ;
− Construction,
maintenance
et
réparation de navires et de structures
flottantes ;
− Développement et assemblage de
systèmes navals (ingénierie électrique
et électronique, ingénierie mécanique
et propulsion, architecture et ingénierie
navale) ;
− Fabrication de composants dédiés aux
navires (tuyauterie, coques, peinture et
aménagement intérieur).
Nº 7454 – 14 joumada I 1447 (6-11-2025)
Secteur
Branche d'activité
Activités prioritaires
− Fabricatio",Environnement,"Environnement=15, Urbain=3, Social=1",Indéterminé,True,
176,BO_7454_Fr,PREMIER,fr,"En application des dispositions de l'article 13 du décret susvisé n° 2-25-342, tout investisseur
désirant bénéficier du dispositif de soutien spécifique destiné aux très petites, petites et moyennes entreprises est
tenu de constituer un dossier contenant les pièces suivantes :
a) un extrait des statuts de l'entreprise et une copie du dernier procès-verbal de l'organe délibérant de l'entreprise ;
b) une copie du certificat d'immatriculation au registre du commerce (modèle J) pour les entreprises assujetties à
l'obligation d'immatriculation au registre du commerce ou de tout autre document attestant la création de l'entreprise
et la nature de ses activités pour les autres entreprises, délivrée depuis moins de six (6) mois ;
c) une attestation administrative délivrée depuis moins de six (6) mois par l'administration fiscale certifiant
que l'entreprise est en situation fiscale régulière ou sa copie ;
d) une attestation administrative délivrée depuis moins de six (6) mois par la Caisse nationale de sécurité
sociale certifiant que l'entreprise est en situation régulière envers cet organisme ou sa copie ;
e) une copie des états financiers des trois derniers exercices pour les entreprises ayant plus de trois ans d'existence
ou une copie des états financiers établis pour les entreprises ayant moins de trois ans d'existence ;
f) une déclaration contenant, en particulier, les indications ci-après :
– la nature du projet d'investissement ;
– le montant d'investissement total prévisionnel et sa ventilation en rubriques ;
– le planning de réalisation du projet d'investissement ;
– le lieu de réalisation du projet d'investissement ;
– le nombre prévisionnel des emplois stables à créer ;
– la branche d'activité dans laquelle le projet d'investissement sera réalisé ;
– le mode de financement du projet d'investissement ;
g) une copie des contrats d'acquisition, de location ou de location avec option d'achat du bien immeuble affecté
à la réalisation du projet d'investissement ou une copie du compromis de vente ou de la promesse de bail ;
h) une copie des pièces justificatives de l'identité du représentant légal de l'entreprise.
La déclaration prévue au paragraphe f) ci-dessus est renseignée selon le modèle disponible sur la plateforme
électronique du Centre régional d'investissement concerné.",Commercial,"Commercial=17, Fiscal=2, Administratif=1",Commercial,False,
177,BO_7454_Fr,2,fr,"En application des dispositions du deuxième alinéa de l'article 13 du décret précité n° 2-25-342,
le dossier visé à l'article premier ci-dessus est déposé électroniquement auprès du Centre régional d'investissement
dans le ressort territorial duquel le projet d'investissement sera réalisé.",Indéterminé,"Fiscal=0, Social=0, Administratif=0",Commercial,False,
178,BO_7454_Fr,3,fr,"Le présent arrêté est publié au Bulletin officiel.
Rabat, le 8 joumada I 1447 (31 octobre 2025).
AZIZ AKHANNOUCH.
Nº 7454 – 14 joumada I 1447 (6-11-2025)
Arrêté du Chef du gouvernement n° 3-54-25 du 8 joumada I 1447 (31 octobre 2025) pris pour l'application de
l'article 11 du décret n° 2-25-342 du 15 hija 1446 (12 juin 2025) relatif à la mise en œuvre du dispositif de
soutien spécifique destiné aux très petites, petites et moyennes entreprises.
LE CHEF DU GOUVERNEMENT,
Vu le décret n° 2-25-342 du 15 hija 1446 (12 juin 2025) relatif à la mise en œuvre du dispositif de soutien
spécifique destiné aux très petites, petites et moyennes entreprises, notamment son article 11 ;
Sur proposition du ministre de l'intérieur,
ARRÊTE :",Commercial,"Commercial=2, Fiscal=0, Social=0",Indéterminé,False,
179,BO_7454_Fr,PREMIER,fr,"En application des dispositions de l'article 11 du décret susvisé n° 2-25-342, est
fixée en annexe du présent arrêté la liste des provinces ou préfectures relevant des catégories A) et B) dans le
ressort territorial desquelles les projets d'investissement réalisés peuvent bénéficier d'une prime territoriale
s'élevant, respectivement, à 10% et à 15% du montant d'investissement primable.",Administratif,"Administratif=3, Fiscal=0, Social=0",Commercial,False,
180,BO_7454_Fr,2,fr,"Le présent arrêté est publié au Bulletin officiel.
Rabat, le 8 joumada I 1447 (31 octobre 2025).
AZIZ AKHANNOUCH.
*
*    *
Nº 7454 – 14 joumada I 1447 (6-11-2025)
Annexe à l'arrêté du Chef du gouvernement n° 3-54-25 du 8 joumada I 1447 (31 octobre 2025)
pris pour l'application de l'article 11 du décret n° 2-25-342 du 15 hija 1446 (12 juin 2025)
relatif à la mise en œuvre du dispositif de soutien spécifique destiné aux très petites,
petites et moyennes entreprises
CATEGORIE
PROVINCES ET PREFECTURES
- Larache ;
- M'dik-Fnideq ;
- Ouezzane ;
- Tétouan ;
- Chefchaouen ;
- Nador ;
- Berkane ;
- Sefrou ;
- Boulemane ;
Provinces et préfectures relevant de la
catégorie A) dans le ressort territorial
desquelles les projets d'investissement réalisés
peuvent bénéficier d'une prime territoriale
qui s'élève à 10% du montant d'investissement
primable.
- Taza ;
- Fès ;
- Meknès ;
- El Hajeb ;
- Ifrane ;
- Sidi Slimane ;
- Khémisset ;
- Sidi Kacem ;
- Salé ;
- Béni Mellal ;
- Khénifra ;
- Khouribga ;
- Fquih Ben Salah ;
- Sidi Bennour ;
Nº 7454 – 14 joumada I 1447 (6-11-2025)
- Safi ;
- Youssoufia ;
- Al Haouz ;
- El Kelaâ des Sraghna ;
- Essaouira ;
- Rehamna ;
- Chichaoua ;
- Ouarzazate ;
- Taroudant ;
- Chtouka-Aït Baha ;
- Inezgane-Aït Melloul ;
- Laâyoune ;
- Oued Ed-Dahab.
TOTAL
- Al Hoceima ;
-  Taourirt ;
- Driouch ;
- Jerada ;
- Guercif ;
Provinces et préfectures relevant de la
- Oujda-Angad ;
catégorie B) dans le ressort territorial
desquelles les projets d'investissement
réalisés peuvent bénéficier d'une prime
- Figuig ;
- Moulay Yacoub ;
territoriale s'élevant à 15% du montant
- Taounate ;
d'investissement primable.
- Azilal ;
- Errachidia ;
-  Midlet ;
- Tinghir ;
Nº 7454 – 14 joumada I 1447 (6-11-2025)
- Zagora ;
- Tata ;
- Tiznit ;
- Sidi Ifni ;
- Guelmim ;
- Assa-Zag ;
- Tan-Tan ;
- Boujdour ;
- Tarfaya ;
- Es-Semara ;
- Aousserd.
TOTAL
TOTAL GLOBAL
Nº 7454 – 14 joumada I 1447 (6-11-2025)
Arrêté conjoint de la ministre de l'aménagement du territoire national, de l'urbanisme, de l'habitat et de la politique de
la ville et de la ministre déléguée auprès du Chef du gouvernement, chargée de la transition numérique et de la
réforme de l'administration n° 1114-25 du 1er kaada 1446 (29 avril 2025) fixant le cahier des charges relatif aux
spécifications techniques minimales des infrastructures de télécommunications permettant le raccordement des
nouveaux lotissements et des nouvelles constructions aux réseaux publics de télécommunications.
LA MINISTRE DE L'AMÉNAGEMENT DU TERRITOIRE NATIONAL, DE L'URBANISME, DE L'HABITAT ET DE
LA POLITIQUE DE LA VILLE,
LA MINISTRE DÉLÉGUÉE AUPRÈS DU CHEF DU GOUVERNEMENT, CHARGÉE DE LA TRANSITION NUMÉRIQUE
ET DE LA RÉFORME DE L'ADMINISTRATION,
Vu le décret n° 2-92-832 du 27 rabii II 1414 (14 octobre 1993) pris pour l'application de la loi n° 12-90 relative à
l'urbanisme, notamment son article 33 ;
Vu le décret n°2-92-833 du 25 rabii II 1414 (12 octobre 1993) pris pour l'application de la loi n° 25-90 relative aux
lotissements, groupes d'habitations et morcellements notamment son article 13,
ARRÊTENT :",Administratif,"Administratif=9, Urbain=8, Environnement=2",Indéterminé,False,
181,BO_7454_Fr,PREMIER,fr,"Est fixé dans l'annexe jointe au présent arrêté conjoint le cahier des charges relatif aux
spécifications techniques minimales des infrastructures de télécommunications permettant le raccordement des
nouveaux lotissements et des nouvelles constructions aux réseaux publics de télécommunications.",Environnement,"Environnement=2, Urbain=1, Fiscal=0",Télécommunications,False,
182,BO_7454_Fr,2,fr,"Le présent arrêté conjoint sera publié au Bulletin officiel et entrera en vigueur à compter du premier
jour du sixième mois suivant sa date de publication.
Rabat, le  1er kaada 1446 (29 avril 2025).
La ministre de l'aménagement
La ministre déléguée
 auprès du Chef du gouvernement,
chargée de la transition numérique
 et de la réforme de l'administration,
du territoire national,
de l'urbanisme, de l'habitat
et de la politique de la ville,
FATIM EZZAHRA EL MANSOURI.
AMAL EL FALLAH.
*
*   *
Nº 7454 – 14 joumada I 1447 (6-11-2025)
Cahier des charges fixant les spécifications
techniques minimales des infrastructures de
télécommunications permettant le raccordement des
nouveaux lotissements et des nouvelles
constructions aux réseaux publics de
télécommunications
1. PREAMBULE
Le présent cahier des charges a pour objet de fixer les spécifications techniques minimales
des infrastructures de télécommunications filaires permettant le raccordement de nouveaux
lotissements et de nouvelles constructions aux réseaux publics de télécommunications.
Le raccordement de nouveaux lotissements et de nouvelles constructions aux réseaux publics
de télécommunications filaires est réalisé en fibre optique en garantissant et en favorisant le
partage et la mutualisation de ces infrastructures et ressources.
Sont également applicables aux nouveaux groupes d'habitations les dispositions du présent
Cahier des Charges.
2. TERMINOLOGIE
On entend au sens du présent Cahier des Charges par :
a. BANDEAU DE SOCLE RJ45 :
Bandeau de prises Ethernet localisé dans le tableau de communication qui permet
l'affectation des services et applications, telles que l'informatique, vers les différentes
pièces du logement.
b. BATIMENT COLLECTIF :
Tout bâtiment quel qu'en soit la nature ou l'usage, comportant au moins quatre niveaux ou
trois niveaux comprenant six logements ou des immeubles à usage industriel ou
commercial.
c. BOUCLE LOCALE OPTIQUE (BLO) :
Ensemble des infrastructures passives qui permet de connecter en fibre optique l'ensemble
des logements et des locaux à usage professionnel d'une zone donnée depuis un nœud
unique, le Nœud de Raccordement Optique (NRO). La BLO s'étend ainsi du NRO jusqu'à
la Prise Terminale Optique (PTO) installée dans chaque logement ou local à usage
professionnel de la zone desservie.
d. BRANCHEMENT OPTIQUE :
Liaison entre le Point de Branchement Optique (PBO) et la Prise Terminale Optique (PTO)
qui inclut le câble de branchement optique et la PTO.
e. CABLE DE BRANCHEMENT OPTIQUE :
Câble individuel de fibre optique qui relie la Prise Terminale Optique au PBO s'il existe, ou
à défaut, au Point de Raccordement (PR).
f. CABLE DE COLONNE DE COMMUNICATION :
Câble de fibre optique qui relie le PR au PBO, dans le cas où l'installation à l'intérieur de
l'immeuble comprend un ou plusieurs Points de Branchement Optique.
g. CABLE DE DISTRIBUTION DE LA COLONNE DE COMMUNICATION :
Câble extérieur posé en conduite, en aérien ou en façade, entre le PR et le(s) PBO. Il peut
être composé de plusieurs câbles.
h. CHAMBRE :
Ouvrage de génie civil enterré destiné à l'accueil des câbles, à leur tirage et à leur
raccordement.
i.
COLONNE DE COMMUNICATION :
Ensemble de câbles de communication et dispositifs de raccordement optique entre le PR
à la PTO.
Nº 7454 – 14 joumada I 1447 (6-11-2025)
j. COLONNE MONTANTE :
La canalisation verticale abritant l'ensemble du câblage à déployer à l'intérieur de
l'immeuble.
k. CONSTRUCTION :
Toute construction à édifier dans les lotissements. Cette construction peut être à usage
d'habitation (maison individuelle ou bâtiments collectifs) ou professionnel.
l. LOCAL/ EMPLACEMENT TECHNIQUE :
Local/emplacement technique destiné à recevoir les câbles et les équipements de
télécommunications qui desservent le bâtiment collectif.
m. EXPLOITANT DE RESEAUX PUBLICS DE TELECOMMUNICATIONS (ERPT) :
L'ERPT au sens de la Loi n°24-96 relative à la poste et aux télécommunications, telle que
modifiée et complétée, détenteur d'une licence pour l'établissement et l'exploitation d'un
réseau public de télécommunications, désigné ci-après, l'Exploitant ou l'ERPT.
n. EXPLOITANT GESTIONNAIRE :
L'Exploitant qui prend en charge la gestion et la maintenance des infrastructures de
télécommunications filaires établies dans tout projet de lotissement ou d'immeuble (Cf.
article 22 ter de la Loi 24-96).
o. EXPLOITANT COMMERCIAL :
L'Exploitant qui fournit le service à l'utilisateur final.
p. FIBER TO THE HOME (FTTH):
Fibre déployée jusqu'à l'abonné.
q. FOURREAU :
Ensemble des tubes souterrains permettant d'accueillir un ou plusieurs câbles.
r. GAINE TECHNIQUE DU LOGEMENT (GTL) :
Emplacement au sein du logement destiné à regrouper en un seul endroit toutes les
arrivées des réseaux d'électricité et de télécommunications. La GTL contient le panneau
de contrôle, s'il est placé à l'intérieur du logement, le tableau de répartition principal et le
tableau de télécommunication.
s. GAINE TECHNIQUE :
Infrastructure verticale permettant le passage et l'accueil des matériels et des câbles.
t. GENIE CIVIL (GC) :
Ensemble des ouvrages de construction et d'infrastructures pour les besoins des
télécommunications.
u. GROUPE D'HABITATIONS :
Les immeubles individuels ou collectifs à usage d'habitation, édifiés sur une seule ou
plusieurs parcelles contiguës ou voisines, simultanément ou successivement par le
propriétaire ou les copropriétaires indivis de la ou des parcelles en cause.
v. LOTISSEMENT :
Toute division par vente, location ou partage d'une propriété foncière, en deux ou plusieurs
lots destinés à la construction d'immeubles à usage d'habitation, industriel, touristique,
commercial ou artisanal, quelle que soit la superficie des lots
w. LOTISSEUR :
Toute personne physique ou morale chargée des travaux d'équipement et d'aménagement
Nº 7454 – 14 joumada I 1447 (6-11-2025)
d'un lotissement et/ou d'un terrain en vue de le viabiliser.
x. MAISON INDIVIDUELLE :
Bâtiment, avec une hauteur maximale de R+2, destiné soit à l'habitat individuel mono-
",Environnement,"Environnement=25, Urbain=19, Administratif=1",Télécommunications,True,
183,BO_7454_Fr,PREMIER,fr,"Il est attribué à la société
« Itissalat Al-Maghrib » une licence pour l'établissement
Vu le décret n° 2-97-813 du 27 chaoual 1418 (25 février 1998)
 portant application des dispositions de la loi n°24-96 relative
à la poste et aux télécommunications en ce qui concerne
l'Agence nationale de réglementation des télécommunications ;
et l'exploitation de réseaux publics de télécommunications
utilisant les technologies mobiles de cinquième génération
dans les conditions fixées par le Cahier des charges annexé
au présent décret.
Vu le décret n° 2-97-1024 du 27 chaoual 1418 (25 février 1998)
 fixant la liste des services à valeur ajoutée, tel qu'il a été
modifié et complété ;",Commercial,"Commercial=1, Environnement=1, Fiscal=0",Télécommunications,False,
184,BO_7454_Fr,2,fr,"La présente licence est délivrée pour une
durée de vingt années, renouvelable, à compter de la date de
publication du présent décret au « Bulletin officiel ».
Vu le décret n°  2-97-1025 du 27 chaoual 1418
(25 février 1998) relatif à l'interconnexion des réseaux de
télécommunications, tel qu'il a été modifié et complété ;",Environnement,"Environnement=1, Fiscal=0, Social=0",Télécommunications,False,
185,BO_7454_Fr,3,fr,"La ministre de l'économie et des finances, la
ministre déléguée auprès du Chef du gouvernement, chargée
de la transition numérique et de la réforme de l'administration
et le Directeur de l'Agence nationale de réglementation
des télécommunications, sont chargés, chacun en ce qui le
concerne, de l'exécution du présent décret qui sera publié au
Bulletin officiel.
Vu le décret n° 2-97-1026 du 27 chaoual 1418 (25 février 1998)
relatif aux conditions générales d'exploitation des réseaux
publics de télécommunications, tel qu'il a été modifié et
complété ;
Vu le décret n° 2-97-1027 du 27 chaoual 1418 (25 février 1998)
relatif aux conditions de fourniture d'un réseau ouvert de
télécommunications ;
Fait à Rabat, le 7 joumada I 1447 (30 octobre 2025).
AZIZ AKHANNOUCH.
Pour contreseing :
Vu le décret n° 2-98-157 du 27 chaoual 1418 (25 février 1998)
portant délégation de pouvoir en matière de fixation des
redevances pour assignation de fréquences radioélectriques ;
La ministre de l'économie
et des finances,
Vu le décret n° 2-05-772 du 6 joumada II 1426 (13 juillet 2005)
relatif à la procédure suivie devant l'ANRT en matière de
litiges, de pratiques anticoncurrentielles et d'opérations de
concentration économiques ;
NADIA FETTAH.
La ministre déléguée auprès
du Chef du gouvernement, chargée
de la transition numérique et de la
Vu le décret n° 2-25-565 du 15 moharrem 1447 (11 juillet 2025)
 fixant la composition de la commission administrative instituée
par la loi n°24-96 relative à la poste et aux télécommunications ;
réforme de l'administration,
AMAL EL FALLAH.
*
*   *
Nº 7454 – 14 joumada I 1447 (6-11-2025)
CAHIER DES CHARGES
de la licence attribuée à Itissalat Al-Maghrib pour l'établissement et l'exploitation de
réseaux publics de télécommunications au Royaume du Maroc
utilisant les technologies mobiles de 5ème génération
TITRE 1 : CONDITIONS GÉNÉRALES D'ÉTABLISSEMENT ET D'EXPLOITATION DU
RÉSEAU ET DES SERVICES AUTORISÉS
CHAPITRE I - ECONOMIE GENERALE",Environnement,"Environnement=4, Administratif=2, Fiscal=0",Télécommunications,False,
186,BO_7454_Fr,1,fr,"Objet du Cahier des Charges
Le présent cahier des charges a pour objet de fixer les conditions et les modalités selon lesquelles
Itissalat Al-Maghrib est autorisé à établir et exploiter un réseau public de télécommunications
utilisant des technologies mobiles de 5ème génération (5G) en vue de fournir des services de
télécommunications.",Environnement,"Environnement=1, Fiscal=0, Social=0",Télécommunications,False,
187,BO_7454_Fr,2,fr,"Terminologie
Outre les définitions données dans la loi n°24-96 relative à la poste et aux télécommunications,
promulguée par le dahir n°1-97-162 du 7 août 1997, telle que modifiée et complétée, et les textes
pris pour son application, il est fait usage, dans le présent cahier des charges, des termes qui sont
entendus de la manière suivante :
2.1 Exploitant marocain concurrent
Un exploitant de réseau public de télécommunications titulaire au Maroc d'une licence pour
l'établissement et l'exploitation d'un réseau mobile de télécommunications.
2.2 Itinérance nationale
Prestation permettant à un abonné mobile d'un exploitant d'un réseau public de
télécommunications d'utiliser le réseau mobile d'un autre exploitant de réseaux publics de
télécommunications.
2.3 Jour ouvrable
Désigne un jour de la semaine, à l'exception des dimanches et des jours fériés, qui n'est pas
fermé, de façon générale, pour les administrations ou les banques marocaines.
2.4 Licence 5G
Licence ayant pour objet l'établissement et l'exploitation d'un réseau public de
télécommunications offrant des services mobiles de 5ème génération (5G), tant dans leur
composante terrestre que satellitaire.
2.5 Norme
Spécification technique approuvée par un organisme reconnu à activité normative par
l'Agence nationale de réglementation des télécommunications, désignée ci-après par
l'abréviation «ANRT».
2.6 Point de présence
Site où se trouvent un ou plusieurs équipements et/ou routeurs et/ou un ou plusieurs
commutateurs
d'accès
(ou
équivalent)
d'un
exploitant
de
réseau
public
de
télécommunications, raccordés soit à d'autres équipements ou routeurs, soit à d'autres
commutateurs d'accès.
2.7 Réseau de télécommunications internationales
Le réseau public de télécommunications internationales établi et exploité pour permettre la
fourniture de services de télécommunications internationales.
Nº 7454 – 14 joumada I 1447 (6-11-2025)
2.8 Réseau public de télécommunications 5G
Le réseau public terrestre de télécommunications mobiles utilisant des technologies
radioélectriques conformes aux spécifications IMT-2020 telles que définies par l'UIT.
2.9 Réseau public terrestre de télécommunications
Le réseau public de télécommunications établi et exploité pour les besoins du public en
utilisant toute technologie de télécommunications filaire ou radioélectrique, à l'exception de
la desserte des abonnés au moyen des technologies satellitaires de type VSAT ou GMPCS.
2.10 Services de télécommunications internationales
Les services de transport de trafic de télécommunications, y compris les services de liaisons
louées, au départ ou à l'arrivée, entre un point situé sur le territoire du Royaume du Maroc et
un point situé sur le territoire d'un autre pays. Ces services sont sortants lorsqu'ils sont
acheminés au départ du Maroc vers les pays tiers ; ils sont entrants lorsqu'ils sont acheminés
de pays tiers vers le Royaume du Maroc.
2.11 Services de télécommunications nationales
Les services de transport de trafic de télécommunications, y compris les services de liaisons
louées, au départ et à l'arrivée, entre deux points de présence situés sur le territoire au
Royaume du Maroc.
2.12 Station de base (ou gNode B)
Composante du réseau terrestre de télécommunications mobiles qui assure la couverture
radioélectrique d'une cellule (unité de base pour la couverture radio d'un territoire) du réseau.
Elle fournit un point d'entrée dans le réseau aux abonnés présents dans sa cellule pour
recevoir ou transmettre des appels.
2.13 Usagers itinérants
Les clients autres que les abonnés d'Itissalat Al-Maghrib, abonnés aux réseaux de
radiocommunication publique exploités par des opérateurs ayant conclu des accords
d'itinérance avec Itissalat Al-Maghrib, munis de postes compatibles avec le réseau d'Itissalat
Al-Maghrib et désireux d'utiliser son réseau.
2.14 UIT.
Union Internationale des Télécommunications.
2.15 Usagers visiteurs
Les clients autres que les abonnés d'Itissalat Al-Maghrib, abonnés aux réseaux publics
terrestres de télécommunications autorisés au Royaume du Maroc, munis de postes
compatibles avec les systèmes 5G et désireux d'utiliser le réseau d'Itissalat Al-Maghrib.
2.16 Zone de couverture
L'ensemble des localités ou axes routiers ou ferroviaires du Royaume du Maroc où Itissalat
Al-Maghrib s'engage à offrir, par le biais d'infrastructures terrestres, les services objet du
présent cahier des charges, et ce, conformément à la licence qui lui est attribuée.
2.17 Zone de desserte
Zone où le service de télécommunications 5G est disponible par le biais d'infrastructures
terrestres.
Nº 7454 – 14 joumada I 1447 (6-11-2025)",Environnement,"Environnement=26, Administratif=1, Fiscal=0",Télécommunications,False,
188,BO_7454_Fr,3,fr,"Textes de référence
Le présent cahier des charges est exécuté conformément aux dispositions législatives et
réglementaires marocaines et aux normes internationales en vigueur, et notamment à la loi n°24-
96 précitée, telle que modifiée et complétée, et aux textes pris pour son application.
Les prescriptions des textes législatifs et réglementaires ont priorité sur celles du présent cahier
des charges au cas où l'une des dispositions serait en contradiction avec celles desdits textes.",Environnement,"Environnement=2, Fiscal=0, Social=0",Télécommunications,False,
189,BO_7454_Fr,4,fr,"Objet de la licence
La licence régie par le présent cahier des charges confère à Itissalat Al-Maghrib le droit d'établir
et d'exploiter, dans les conditions et selon les modalités prévues par ledit cahier des charges
conformément à la réglementation marocaine en vigueur, un réseau public de télécommunications
mobiles de 5ème génération (5G) sur l'ensemble du territoire du Royaume du Maroc.",Environnement,"Environnement=1, Fiscal=0, Social=0",Télécommunications,False,
190,BO_7454_Fr,5,fr,"Entrée en vigueur, durée et renouvellement de la licence
5.1 Entrée en vigueur de la licence
Le présent cahier des charges entre en vigueur à la date de publication du décret qui en
approuve les dispositions.
L'ouverture commerciale du service 5G doit intervenir, au plus tard, quatre (4) mois suivant la
date d'entrée en vigueur de la licence.
Dans le cas où Itissalat Al-Maghrib ne serait pas en mesure de procéder à l'ouverture
commerciale du service dans le délai précité, il avise l'ANRT des mesures déployées pour se
conformer à son cahier des charges.
Itissalat Al-Maghrib est tenu d'informer l'ANRT de la date effective du début de la
commercialisation de ses services sept (7) jours ouvrables avant cette date. L'ANRT peut
exiger d'Itissalat Al-Maghrib qu'il apporte des précisions additionnelles ou des modifications à
son programme de lancement commercial.
5.2 Durée de validité de la licence
La licence d'établissement et d'exploitation du réseau public de télécommunications, objet du
présent cahier des charges, est accordée pour une durée de vingt (20) ans à compter de la
date d'entrée en vigueur du présent cahier des charges définie à l'",Environnement,"Environnement=1, Fiscal=0, Social=0",Télécommunications,False,
191,BO_7454_Fr,5,fr,"1 ci-dessus.
5.3 Renouvellement de la licence
Sur demande déposée auprès de l'ANRT par Itissalat Al-Maghrib vingt-quatre (24) mois au
moins avant la fin de la période de validité de la licence, celle-ci peut être renouvelée par
périodes supplémentaires n'excédant pas cinq (5) ans chacune.
Le renouvellement de la licence, objet du présent cahier des charges, n'est alors pas soumis
aux procédures de l'appel à concurrence. Il intervient par décret sur proposition de l'ANRT. Le
renouvellement de la licence peut être assorti de modifications des conditions du présent cahier
des charges ou d'engagements supplémentaires à ceux prévus par le présent cahier des
charges.
Nº 7454 – 14 joumada I 1447 (6-11-2025)
Il peut être opposé un refus à la demande de renouvellement si Itissalat Al-Maghrib a manqué
dans l'exécution de ses obligations définies par le présent cahier des charges au cours de la
durée initiale ou étendue de la licence. Ce refus n'ouvre droit à aucun dédommagement.",Environnement,"Environnement=2, Fiscal=0, Social=0",Télécommunications,False,
192,BO_7454_Fr,6,fr,"Forme juridique d'Itissalat Al-Maghrib et actionnariat
6.1 Itissalat Al-Maghrib est constitué et doit demeurer sous forme d'une société de droit marocain.
6.2 L'actionnariat d'Itissalat Al-Maghrib à la date de publication du présent cahier des charges est
constitué comme indiqué en annexe 1 du présent cahier des charges.
Toute modification de la répartition de l'actionnariat d'Itissalat Al-Maghrib et/ou tout
changement de contrôle d'un actionnaire d'Itissalat Al-Maghrib est notifiée à l'ANRT.
Toute modification de l'actionnariat d'Itissalat Al-Maghrib impliquant l'entrée d'un nouvel
actionnaire ou toute modification de l'actionnariat d'Itissalat Al-Maghrib entraînant un
changement de contrôle d'Itissalat Al-Maghrib est soumise à l'approbation préalable de
l'ANRT. Itissalat Al-Maghrib notifie à cet effet à l'ANRT l'opération envisagée en portant à sa
connaissance toute information utile. À défaut de réponse dans un délai de deux (2) mois
suivant la notification à l'ANRT du dossier complet relatif au projet de modification de
l'actionnariat d'Itissalat Al-Maghrib, l'autorisation est réputée acquise.",Environnement,"Environnement=2, Commercial=1, Fiscal=0",Télécommunications,False,
193,BO_7454_Fr,7,fr,"Prise de participation et concurrence
7.1 Interdiction de prise d'intérêt dans un exploitant marocain concurrent d'Itissalat Al-Maghrib
Toute personne qui possède, directement ou indirectement, une participation dans Itissalat Al-
Maghrib, ne pourra posséder, directement ou indirectement quelque intérêt que ce soit dans
un autre exploitant marocain concurrent, étant précisé toutefois que la détention, directe ou
indirecte, par toute personne d'une participation n'excédant pas dix pour cent (10%) dans le
capital d'une société qui possède, directement ou indirectement, un intérêt dans un autre
exploitant marocain concurrent ne sera pas considérée comme un manquement à cette
obligation.
7.2 Concurrence loyale
Itissalat Al-Maghrib est obligé par les dispositions législatives et réglementaires relatives à la
concurrence en vigueur au Maroc.",Commercial,"Commercial=1, Environnement=1, Fiscal=0",Télécommunications,False,
194,BO_7454_Fr,8,fr,"Engagements internationaux et coopération internationale
8.1 Itissalat Al-Maghrib est tenu de respecter les conventions et les accords internationaux
conclus par le Royaume du Maroc en matière de télécommunications, notamment les
conventions, règlements et arrangements de l'Union Internationale des Télécommunications
et des organisations internationales et régionales auxquelles adhère le Royaume du Maroc.
Il tient l'autorité gouvernementale chargée des télécommunications et l'ANRT informées des
dispositions qu'il prend à cet égard.
8.2 Itissalat Al-Maghrib est autorisé à participer en qualité d'exploitant de réseaux et de services
de télécommunications à des organismes internationaux traitant des télécommunications.
Nº 7454 – 14 joumada I 1447 (6-11-2025)
CHAPITRE II - CONDITIONS GENERALES D'ETABLISSEMENT ET D'EXPLOITATION DU RESEAU DE
TELECOMMUNICATIONS",Environnement,"Environnement=2, Fiscal=0, Social=0",Télécommunications,False,
195,BO_7454_Fr,9,fr,"Conditions d'établissement des réseaux
9.1 Normes et spécifications des équipements et installations
Itissalat Al-Maghrib devra veiller à ce que les équipements connectés à ses réseaux soient
préalablement agréés par l'ANRT conformément aux articles 15 et 16 de la loi n°24-96 telle que
modifiée et complétée et à la réglementation en vigueur.
Itissalat Al-Maghrib ne peut s'opposer à la connexion à son réseau d'un équipement terminal
agréé dans les conditions définies par la réglementation en vigueur.
9.2 Infrastructure de réseaux
9.2.1 Réseau propre
Itissalat Al-Maghrib est autorisé à construire ses propres infrastructures pour les besoins
de son réseau. Il peut établir, à cet effet, des liaisons filaires et/ou radioélectriques,
notamment les liaisons par faisceaux hertziens, sous réserve de disponibilité de
fréquences, pour assurer des liaisons de transmission exclusivement entre :
•
Les équipements de son réseau installé sur le territoire marocain ; et
•
Les équipements de son réseau installé sur le territoire marocain et les points
d'interconnexion sur le territoire marocain avec les réseaux des autres exploitants de
réseaux publics de télécommunications au Maroc.
9.2.2 Location d'infrastructure
Itissalat Al-Maghrib peut également louer des liaisons ou des infrastructures auprès d'un
autre exploitant de réseaux publics de télécommunications ou d'un exploitant
d'infrastructures alternatives pour assurer un lien direct entre les équipements de son
réseau ou entre ses équipements et ceux d'autres exploitants de réseaux publics de
télécommunications dans le respect de la réglementation en vigueur au Royaume du
Maroc. Les modalités techniques et financières de location de capacité de transmission
doivent être transmises, pour information, à l'ANRT avant leur mise en œuvre.
9.2.3 Partage d'infrastructure de réseaux
Itissalat Al-Maghrib est tenu, concernant les demandes d'accès à ses infrastructures,
formulées par les autres exploitants titulaires de licences d'établissement et d'exploitation
de réseaux publics de télécommunications au Royaume du Maroc, de se conformer à la
réglementation en vigueur.
9.3 Accès direct à l'international
Itissalat Al-Maghrib est tenu d'acheminer l'intégralité des communications internationales
sortantes et de recevoir les communications entrantes de ses abonnés à travers les
réseaux des exploitants nationaux autorisés titulaires d'une licence permettant
d'acheminer les télécommunications internationales.
Itissalat Al-Maghrib devra permettre à chacun de ses abonnés, y compris les usagers
visiteurs et itinérants, de choisir librement l'opérateur de télécommunications
internationales installé au Maroc auquel ils souhaitent confier l'acheminement de leurs
communications internationales.
Nº 7454 – 14 joumada I 1447 (6-11-2025)
9.4 Fréquences
9.4.1 Attribution de fréquences
Aux fins d'établir son réseau public de télécommunications 5G et d'exploiter les services
de télécommunications autorisés par la licence régie par le présent cahier des charges,
il est attribué à Itissalat Al-Maghrib les ressources en fréquences, dites bandes de
services, dont la liste est jointe en annexe 2 du présent cahier des charges.
9.4.2 Attribution de fréquences de service supplémentaires
Sur demande motivée, Itissalat Al-Maghrib peut solliciter de l'ANRT que lui soit attribuée
une ressource en fréquences de services supplémentaire dans le respect de la
réglementation applicable au moment du dépôt de sa demande auprès de l'ANRT.
L'ANRT est tenue de répondre à cette demande dans un délai maximum de six (6) mois
à compter de la date de dépôt de la demande attestée par un accusé de réception.
9.4.3 Conditions d'utilisation des fréquences
Pour chaque fréquence octroyée, l'ANRT pourra, si nécessaire, imposer des conditions
de couverture et des limites de puissance de rayonnement sur l'ensemble du territoire
national ou sur des zones géographiques spécifiques.
Pour des fréquences autres que les bandes de services, l'ANRT procède à des
assignations de fréquences dans les différentes bandes conformément à la
réglementation en vigueur et en fonction de la disponibilité du spectre.
Itissalat Al-Maghrib communique, à la demande de l'ANRT, les plans d'utilisation des
bandes de fréquences qui lui ont été assignées.
Itissalat Al-Maghrib s'engage à mettre en service les fréquences attribuées, dites bandes
de services, dans un délai de deux (2) ans à compter de la date de leur attribution par
l'ANRT.
En cas de non-respect du délai de deux (2) ans pour la mise en service des fréquences,
dites bandes de services, l'ANRT se réserve le droit de révoquer l'attribution desdites
fréquences sans indemnité. Itissalat Al-Maghrib devra alors restituer les fréquences non
utilisées.
9.4.4 Interférences
Sous réserve du respect de la réglementation en vigueur, des impératifs de la coordination
nationale et internationale et à la condition de ne pas provoquer d'interférences ou
brouillages nuisibles constatés, les conditions d'établissement et d'exploitation des
installations radioélectriques de réseaux publics de télécommunications 5G et les
puissances de rayonnement sont libres.
En cas d'interférence entre les canaux des exploitants nationaux de réseaux publics de
télécommunications, ces derniers doivent, au plus tard dans les sept (7) jours suivant la
date du constat, informer l'ANRT de la date et du lieu des interférences et des conditions
d'exploitation en vigueur des canaux objets de l'interférence. Ces exploitants de réseaux
publics de télécommunications soumettent à l'ANRT, dans un délai maximum d'un (1) mois
pour approbation, les mesures convenues afin de remédier auxdites interférences.
Concernant plus spécifiquement les interférences éventuelles entre les technologies
mobiles 5G et des réseaux existants, Itissalat Al-Maghrib s'engage à respecter la
procédure décrite dans l'annexe 5.
Nº 7454 – 14 joumada I 1447 (6-11-2025)
9.4.5 Interconnexion
En application de l'article 11 de la loi n°24-96 précitée et des text",Environnement,"Environnement=28, Fiscal=0, Social=0",Télécommunications,True,
196,BO_7454_Fr,5,fr,"1 ci-dessus.
10.1 Permanence et continuité du service
Itissalat Al-Maghrib est tenu d'assurer une permanence/disponibilité effective des services
de télécommunications 24 heures sur 24, et 7 jours sur 7, y compris aux heures chargées.
Il s'oblige à prendre les mesures nécessaires pour assurer un fonctionnement régulier et
permanent des installations de ses réseaux et leur protection. Il doit mettre en œuvre, dans
les meilleurs délais, des moyens humains et techniques susceptibles de pallier les
conséquences les plus graves des défaillances, de neutralisation ou de destruction de ses
installations.
Dans le respect du principe de continuité, et sauf en cas de force majeure dûment
constatée, Itissalat Al-Maghrib ne peut interrompre la fourniture des services de
télécommunications sans y avoir été, préalablement, autorisé par l'ANRT.
En particulier, Itissalat Al-Maghrib doit, dans le respect des principes fondamentaux de
continuité, d'égalité et d'adaptabilité et des conditions du présent cahier des charges,
assurer la prestation des services de télécommunications au départ et à l'arrivée des
terminaux raccordés à son réseau, avec tout abonné d'un autre exploitant de réseau public
de télécommunications avec lequel Itissalat Al-Maghrib a conclu un accord
d'interconnexion.
En outre, Itissalat Al-Maghrib doit :
•
acquérir, maintenir et renouveler le matériel de ses réseaux conformément aux normes
internationales en vigueur et à venir ;
•
et assurer le contrôle de ses réseaux en vue de leur fonctionnement normal et
permanent
10.2 Qualité de service
10.2.1 Itissalat Al-Maghrib s'engage à mettre en œuvre tous les moyens pour atteindre des
niveaux de qualité de service comparables aux standards internationaux.
Itissalat Al-Maghrib devra mettre en œuvre les protections et redondances nécessaires
pour garantir une qualité et une disponibilité de service satisfaisantes et les équipements
et les procédures nécessaires afin que les objectifs de qualité de service demeurent au
niveau prévu par les normes en vigueur, en particulier par l'UIT, notamment pour ce qui
concerne les taux de disponibilité, les taux d'erreur de bout en bout, les délais de
Nº 7454 – 14 joumada I 1447 (6-11-2025)
satisfaction des demandes de service, l'efficacité et la rapidité de la maintenance du
réseau, la relève des dérangements et l'adaptation des fonctions d'exploitation et de
commercialisation.
En particulier, Itissalat Al-Maghrib s'engage à respecter l'intégralité des critères de qualité
de service définis à l'annexe 4 du présent cahier des charges. Compte tenu notamment
des évolutions technologiques, l'ANRT peut, conformément à la réglementation en
vigueur, apporter des mises à jour à l'annexe précitée en vue de faire adapter les réseaux
aux exigences du marché national.
10.2.2 Préalablement à l'ouverture commerciale du service, Itissalat Al-Maghrib doit remettre à
l'ANRT un rapport décrivant en détail les méthodes qui seront utilisées pour superviser et
contrôler la qualité de service, notamment :
a. les indicateurs du degré de satisfaction des abonnés ;
b. la périodicité de la maintenance des équipements de son réseau ;
c. les moyens techniques offerts aux équipes de planning, exploitation et maintenance.
10.2.3 Itissalat Al-Maghrib doit soumettre, au plus tard le 31 janvier de chaque année, un rapport
comprenant une liste des valeurs des indicateurs de qualité de service conformément aux
dispositions de l'",Environnement,"Environnement=16, Fiscal=0, Social=0",Télécommunications,False,
197,BO_7454_Fr,10,fr,"2.1. ci-dessus et de l'annexe 4 du présent cahier des charges.
L'ANRT peut procéder à des contrôles auprès d'Itissalat Al-Maghrib. Ce dernier doit mettre
à la disposition de l'ANRT les moyens nécessaires à cet effet.
L'ANRT peut modifier les conditions minimales de qualité de service et les paramètres les
quantifiant en concertation avec Itissalat Al-Maghrib. La notification de la modification est
adressée à Itissalat Al-Maghrib au moins six (6) mois avant la date de son entrée en
vigueur.
10.3 Confidentialité et sécurité des communications
Sous réserve des exigences de la défense nationale, de la sécurité publique et des
prérogatives de l'autorité judiciaire, Itissalat Al-Maghrib prend les mesures propres à assurer
le secret des informations qu'il détient sur la localisation des clients abonnés, visiteurs ou
itinérants.
Itissalat Al-Maghrib est tenu de porter à la connaissance de ses agents les obligations
auxquelles ils sont assujettis et les sanctions qu'ils encourent en cas de non-respect du
secret des correspondances.
Il informe également ses abonnés des services existants permettant, le cas échéant, de
renforcer la sécurité des communications.
10.3.1 Identification
Itissalat Al-Maghrib propose à tous ses abonnés une fonction de blocage de l'identification,
par le poste appelé, de leur numéro et met en œuvre un dispositif particulier de suppression
de cette fonction, conformément à la réglementation en vigueur.
10.3.2 Informations nominatives sur les abonnés d'Itissalat Al-Maghrib
Itissalat Al-Maghrib prend les mesures propres à assurer la protection et la confidentialité
des informations nominatives qu'il détient, qu'il traite ou qu'il inscrit sur le module
d'identification des abonnés dans le respect des dispositions législatives et réglementaires
en vigueur.
Nº 7454 – 14 joumada I 1447 (6-11-2025)
En application de l'article 23 de la loi n°24-96 précitée, tout client doit faire l'objet, par
Itissalat Al-Maghrib, d'une identification précise comportant notamment les éléments
suivants :
•
nom, prénom,
•
adresse, et
•
les références exactes d'une pièce d'identité officielle.
Pour l'identification des personnes morales, l'identification comporte notamment les
éléments relatifs à la raison sociale et au registre du commerce.
Cette
identification
doit
être
faite
au
moment
de
la
souscription
de
l'abonnement/souscription.
Itissalat Al-Maghrib met en place et tient à jour une base de données, y compris sous
format électronique, comportant les informations relatives à l'identification de ses clients.
Cette base de données est mise à la disposition de l'ANRT, à sa demande, dans le respect
des dispositions de la loi n°09-08 relative à la protection des personnes physiques à l'égard
du traitement des données à caractère personnel et des textes pris pour son application.
10.3.3 Neutralité
Itissalat Al-Maghrib garantit que son service est neutre vis-à-vis du contenu des
informations transmises sur son réseau.
Il s'oblige à prendre toutes les mesures nécessaires pour garantir la neutralité de son
personnel vis-à-vis du contenu des messages transmis sur son réseau. Quelle que soit la
nature des messages transmis, il offre à cet effet le service, sans discrimination, et prend
les dispositions utiles pour en assurer l'intégrité.
10.4 Défense nationale, sécurité et sûreté publiques et prérogatives de l'autorité judiciaire
Itissalat Al-Maghrib est tenu de prendre toutes mesures pour se conformer aux prescriptions
exigées par la défense nationale, la sécurité et la sûreté publiques et les prérogatives de
l'autorité judiciaire, telles que précisées par la législation et la réglementation en vigueur, et
d'intégrer, à sa charge, dans ses installations, les équipements nécessaires à cet effet.
A ce titre, Itissalat Al-Maghrib s'engage notamment à :
▪
analyser les risques liés aux réseaux et services qu'il offre, en recensant les vulnérabilités et
les menaces qui peuvent les affecter et à mettre en œuvre les actions correctives requises à
cet effet.
Dans ce cadre, Itissalat Al-Maghrib mène, chaque 3 années, un audit global de ses
installations dont le rapport et les mesures correctives sont transmises à l'ANRT.
Itissalat Al-Maghrib doit imposer à ses fournisseurs de respecter les différentes exigences et
contrôler, à chaque fois que nécessaire, leurs chaînes d'approvisionnement
▪ modifier, sur demande de l'ANRT, ses installations sur des zones clairement délimitées, afin
d'y réduire les risques de vulnérabilité;
▪ informer les Autorités concernées et l'ANRT, dans un délai ne pouvant être supérieur à un
(1) an, ni inférieur à trois (3) mois, de tout projet d'évolution de ses réseaux ou des services
offerts, qui pourrait nécessiter la mise à niveau des moyens utilisés par lesdites Autorités ou
mis à leur disposition et de prendre, à sa charge, cette mise à niveau, en l'intégrant dans ledit
projet et en respectant les prescriptions établies en concertation avec lesdites Autorités;
▪ adopter, à son initiative ou sur demande des Autorités concernées, des mesures techniques
et opérationnelles appropriées pour assurer l'intégrité de ses installations ainsi que leur
gestion, exploitation et surveillance sécurisées ;
▪ respecter les normes et spécifications techniques applicables aux installations déployées et
aux systèmes d'information associés ;
Nº 7454 – 14 joumada I 1447 (6-11-2025)
▪ se conformer aux normes de certification applicables aux réseaux et services 5G ;
▪ mettre en œuvre et respecter les règles et les dispositions relatives à la sécurité de ses
systèmes d'information, conformément à la Loi n°05-20 relative à la Cybersécurité, et des
textes pris pour son application ;
▪ assurer le fonctionnement régulier de ses installations ;
▪ garantir la mise en œuvre, dans les meilleurs délais, de moyens techniques et humains
susceptibles de pallier les conséquences les plus graves des défaillances, de neutralisation
ou de destruction de ses installations. En cas d'incident de sécurité, Itissalat Al-Maghrib
infor",Environnement,"Environnement=19, Commercial=3, Administratif=1",Télécommunications,True,
198,BO_7454_Fr,11,fr,"Conditions d'exploitation commerciale
11.1 Liberté des prix et commercialisation
11.1.1 Conformément à la réglementation en vigueur au Maroc et sous réserve des exceptions
visées aux articles 11.1.3 et 11.1.4 ci-dessous, Itissalat Al-Maghrib bénéficie des droits ci-
après:
▪
la liberté de fixation des prix des services offerts à ses clients ;
▪
la liberté du système global de tarification, qui peut notamment comprendre des réductions
en fonction du volume ;
▪
la liberté de la politique de commercialisation.
11.1.2 Itissalat Al-Maghrib communique à l'ANRT les tarifs de détail qu'il établit trente (30) jours
au moins avant la date à laquelle ces tarifs doivent entrer en vigueur.
11.1.3 L'ANRT peut exiger d'Itissalat Al-Maghrib qu'il modifie les tarifs qu'il envisage d'appliquer
à ses services s'il apparaît que ces changements tarifaires ne respectent pas, notamment,
les règles d'une concurrence loyale, conformément à la réglementation en vigueur en la
matière au Maroc.
11.1.4 Dans le cadre de ses relations contractuelles avec d'éventuels sous-traitants, distributeurs,
revendeurs ou agents commerciaux, Itissalat Al-Maghrib doit veiller au respect des
engagements de ces derniers au regard :
▪
de l'égalité d'accès et de traitement des clients ;
▪
de la structure tarifaire éditée par Itissalat Al-Maghrib;
▪
du respect de la confidentialité des informations détenues sur les clients, dans le respect
notamment des dispositions de la loi n°09-08 précitée et des textes pris pour son
application.
En tout état de cause, Itissalat Al-Maghrib conserve la responsabilité de la fourniture du service
à ses clients.
11.2 Principes de facturation
11.2.1 Sur le territoire marocain, le coût de la communication est totalement imputé au poste
demandeur, à l'exception des offres commerciales prévoyant que le coût de la communication
soit également supporté par le destinataire ou qu'il soit intégralement payé par le destinataire.
En dehors du territoire marocain, les principes de tarification prévus dans les accords
auxquels le Maroc est Partie ou conclus par Itissalat Al-Maghrib s'appliquent, dans le respect
des règles de transparence vis-à-vis de l'abonné.
11.2.2 Itissalat Al-Maghrib est tenu de permettre à ses clients de pouvoir identifier sur la facture
les montants taxés pour chaque catégorie de tarifs appliqués. Il fournit une facture détaillée
des services offerts à tout abonné du réseau qui lui en fait la demande.
Les facturations des divers services fournis aux clients sont séparées et clairement identifiées.
Nº 7454 – 14 joumada I 1447 (6-11-2025)
11.2.3 L'ANRT peut, à tout moment, procéder à la vérification de tout ou partie des équipements
et systèmes informatiques de facturation, des modes opératoires, des fichiers de données et
des documents comptables utilisés dans la facturation des services de télécommunications.
11.3 Publicité des tarifs
Itissalat Al-Maghrib a l'obligation d'informer le public de ses tarifs et de ses conditions
générales d'offres de services dans le respect de la réglementation en vigueur au Maroc.
Itissalat Al-Maghrib est tenu de publier les tarifs de fourniture de chaque catégorie de service,
de connexion, de maintien, d'adaptation ou de réparation de tout équipement terminal
commercialisé par lui-même et connecté à son réseau.
La notice portant publicité des tarifs se fera dans les conditions suivantes :
▪
Un exemplaire de la notice est transmis à l'ANRT au moins trente (30) jours avant
l'entrée en vigueur de tout changement envisagé. L'ANRT peut exiger d'Itissalat Al-
Maghrib d'apporter des modifications aux tarifs de ses services ou des conditions de
vente, s'il apparaît que ces changements ne respectent pas les règles de concurrence
loyale. Ils doivent être justifiés à la demande de l'ANRT au regard des éléments de coût
y afférents.
▪
Un exemplaire de la notice définitive, librement consultable, est mis à la disposition du
public dans chaque agence commerciale ou point de vente d'un sous-traitant chargé
de la commercialisation des services en question.
▪
Un exemplaire de la notice définitive ou les extraits appropriés sont remis à toute
personne qui en fait la demande.
▪
Chaque fois qu'il y a modification des tarifs, les nouveaux tarifs et la date de leur entrée
en vigueur sont clairement indiqués.
11.4 Tenue de comptabilité
Itissalat Al-Maghrib se conforme, pour la tenue et l'audit de sa comptabilité analytique, aux
prescriptions de l'article 4 du décret n°2-97-1026 du 25 février 1998, relatif aux conditions
générales d'exploitation des réseaux publics de télécommunications, tel que modifié et
complété.
11.5 Accueil des usagers visiteurs
11.5.1 Itissalat Al-Maghrib pourra conclure des accords spécifiques avec les exploitants de
réseaux publics terrestres de télécommunications autorisés au Royaume du Maroc, relatifs
aux modalités d'accueil sur leurs réseaux respectifs de leurs clients respectifs.
11.5.2 Les accords d'itinérance nationale fixent notamment les conditions de tarification et de
facturation dans lesquelles les abonnés itinérants peuvent accéder au réseau d'Itissalat Al-
Maghrib. Ils doivent garantir la continuité de service entre le réseau d'Itissalat Al-Maghrib et
le réseau de l'exploitant bénéficiant de l'itinérance, d'une manière transparente pour les
abonnés y compris pendant la communication dès lors que ceci est techniquement possible.
Tous les accords d'itinérance sont établis sur la base de négociations commerciales entre
exploitants de réseaux publics de télécommunications.
Ils sont communiqués à l'ANRT au plus tard un mois après leur conclusion.
Nº 7454 – 14 joumada I 1447 (6-11-2025)
11.5.3 Les zones couvertes dans le cadre de l'itinérance nationale ne sont pas comprises dans
les prestations effectuées par Itissalat Al-Maghrib au titre de ses contributions aux missions
générales de l'Etat ou de ses obligations de couverture telles que figurant en annexe 3 du
présent Cahier des Charges.
11.5.4 Itissalat Al-Maghrib informe périodiquement l'ensemble de s",Environnement,"Environnement=19, Commercial=2, Fiscal=1",Télécommunications,True,
199,BO_7454_Fr,12,fr,"Contribution à la recherche, à la formation et à la normalisation en matière de
télécommunications
12.1 Conformément aux dispositions de la loi n°24-96 précitée, Itissalat Al-Maghrib est redevable
d'une contribution annuelle au titre de sa contribution à la recherche et à la formation.
12.2 Conformément aux dispositions de la loi n°24-96 précitée, le montant annuel de cette
contribution est fixé à :
▪ 0,75 % du chiffre d'affaires d'Itissalat Al-Maghrib au titre de la formation et de la normalisation,
et
▪ 0,25 % de son chiffre d'affaires au titre de la recherche.
Le chiffre d'affaires considéré est défini à l'",Fiscal,"Fiscal=4, Environnement=3, Social=0",Télécommunications,False,
201,BO_7454_Fr,13,fr,"Contribution aux missions et charges du service universel
Itissalat Al-Maghrib contribue annuellement, conformément à la réglementation en vigueur,
aux missions et charges du service universel dans la limite de deux pour cent (2%) de son
chiffre d'affaires, tel que défini à l'",Fiscal,"Fiscal=1, Environnement=1, Social=0",Télécommunications,False,
203,BO_7454_Fr,14,fr,"Modalités de paiement des contributions aux missions générales de l'Etat
14.1 Les contributions d'Itissalat Al-Maghrib, prévues aux articles 12 et 13 ci-dessus, sont calculées
conformément aux articles 10Bis et 13Bis de la loi n°24-96 précitée et des textes et décisions
pris pour son application.
14.2 Les contributions à la recherche, à la formation et à la normalisation en matière de
télécommunications ainsi qu'au service universel sont recouvrées conformément à la
réglementation en vigueur.
Nº 7454 – 14 joumada I 1447 (6-11-2025)
14.3 L'ANRT contrôle les déclarations faites à ce titre par Itissalat Al-Maghrib, et se réserve le droit
d'effectuer toute inspection et enquête qu'elle juge nécessaires et, le cas échéant, procède à
des redressements après avoir provoqué les explications d'Itissalat Al-Maghrib.
CHAPITRE II - CONTREPARTIE FINANCIERE ET REDEVANCES",Fiscal,"Fiscal=3, Pénal=1, Environnement=1",Télécommunications,False,
204,BO_7454_Fr,15,fr,"Contrepartie financière pour l'attribution de la licence
15.1 En application des dispositions de l'article 10 de la loi n°24-96 précitée, Itissalat Al-Maghrib
est soumis au paiement d'une contrepartie financière d'un montant de six cent millions
(600.000.000) de dirhams. Ce montant est payable au comptant et en totalité dans les trois
(3) jours ouvrables suivant la date de notification par l'ANRT à Itissalat Al-Maghrib du décret
d'attribution de la licence.
15.2 Itissalat Al-Maghrib est soumis au paiement d'une contrepartie additionnelle d'un montant de
trois cent millions (300.000.000) de dirhams. Ce montant est également payable au
comptant et en totalité dans les trois (3) jours ouvrables suivant la date de notification par
l'ANRT à Itissalat Al-Maghrib du décret d'attribution de la licence.
15.3 Le paiement de cette contrepartie financière s'effectue au profit de la Trésorerie Générale du
Royaume.
15.4 Le montant de la contrepartie financière visée ci-dessus s'entend toutes taxes comprises.
15.5 Le paiement intervient :
▪ soit par remise entre les mains du directeur général de l'ANRT d'un chèque de banque
payable au Maroc, à l'ordre de la Trésorerie Générale du Royaume, émis par un
établissement bancaire autorisé au Maroc et pour le montant ci-dessus indiqué ;
▪ soit par virement direct du montant ci-dessus indiqué sur le compte de la Trésorerie
Générale du Royaume tel qu'il lui sera précisé par l'ANRT.
15.6 A défaut de paiement de la contrepartie financière dans le délai prévu à cet article, la licence
peut être retirée, sans préjudice du droit pour le Ministère de l'Economie et des Finances de
faire appel aux garanties de paiement.",Environnement,"Environnement=2, Fiscal=1, Social=0",Télécommunications,False,
205,BO_7454_Fr,16,fr,"Redevances pour assignation de fréquences radioélectriques
16.1 Conformément aux dispositions de la loi n°24-96 précitée, Itissalat Al-Maghrib est redevable
d'une redevance d'utilisation des fréquences qui lui sont attribuées/assignées dans les
conditions de l'article 9 (9.4) du présent cahier des charges en sus de la contrepartie
financière prévue à l'article 15 du présent cahier des charges.
16.2 Le montant de la redevance annuelle d'utilisation des fréquences est fixé conformément à la
réglementation en vigueur. Itissalat Al-Maghrib s'en acquitte auprès de l'ANRT conformément
à la réglementation en vigueur.
16.3 Le recouvrement des redevances d'utilisation des fréquences s'effectue conformément à la
législation relative au recouvrement des créances de l'État.
16.4 Itissalat Al-Maghrib contribue au financement du réaménagement des bandes de fréquences
de service qui lui sont attribuées dans le cadre du présent cahier des charges.
Nº 7454 – 14 joumada I 1447 (6-11-2025)
16.5 La contribution d'Itissalat Al-Maghrib est évaluée, pour la bande de service 700 MHz, à
soixante millions (60.000.000) de dirhams. Le paiement de la contribution au
réaménagement de la bande de service 700 MHz s'effectue au profit de l'ANRT une fois
l'accord de principe pour l'attribution de chaque bloc est notifié par l'ANRT à Itissalat Al-
Maghrib.",Fiscal,"Fiscal=4, Urbain=2, Social=0",Télécommunications,False,
206,BO_7454_Fr,17,fr,"Autres redevances, taxes et fiscalité
Itissalat Al-Maghrib est assujetti aux dispositions fiscales en vigueur. À ce titre, il doit s'acquitter
de tous les impôts, droits, taxes et redevances institués par la législation et la réglementation en
vigueur.
Chapitre III - Responsabilité, contrôle et sanctions",Fiscal,"Fiscal=5, Social=0, Administratif=0",Télécommunications,False,
207,BO_7454_Fr,18,fr,"Responsabilité générale
Itissalat Al-Maghrib est responsable du bon fonctionnement de son réseau et du respect de
l'intégralité des obligations du présent cahier des charges ainsi que du respect des principes et
des dispositions législatives et réglementaires en vigueur.",Environnement,"Environnement=2, Fiscal=0, Social=0",Télécommunications,False,
208,BO_7454_Fr,19,fr,"Couverture des risques par les assurances
Itissalat Al-Maghrib couvre sa responsabilité civile et professionnelle des risques encourus en
vertu du présent cahier des charges, notamment au titre des biens affectés aux services, des
ouvrages en cours de construction et des équipements en cours d'installation, par des polices
d'assurance souscrites auprès de compagnies d'assurance agréées.
Itissalat Al-Maghrib tient à la disposition de l'ANRT les attestations d'assurance en cours de
validité.",Social,"Social=4, Urbain=1, Fiscal=0",Télécommunications,False,
209,BO_7454_Fr,20,fr,"Information et contrôle
20.1 Itissalat Al-Maghrib est tenu de mettre à la disposition de l'ANRT les informations ou
documents financiers, techniques et commerciaux nécessaires attestant du respect des
obligations qui lui sont imposées par les textes législatifs et réglementaires en vigueur ainsi
que par le présent cahier des charges.
20.2 Itissalat Al-Maghrib doit notamment fournir sur une base mensuelle à l'ANRT les informations
suivantes relativement à chacun des services exploités en vertu du présent cahier des
charges :
 le nombre d'abonnements/souscriptions à la fin de chaque mois, s'il y a lieu ;
 le nombre total des unités facturées ;
 le nombre d'appels mobiles-mobiles, mobiles-fixes et fixes-mobiles ;
 l'usage data total ;
 l'évolution du nombre de stations de base ;
 les résultats de qualité de service et de performance des réseaux, tels que définis en
annexe 4 dans le présent cahier des charges
Nº 7454 – 14 joumada I 1447 (6-11-2025)
20.3 Itissalat Al-Maghrib doit également fournir à l'ANRT, sur une base annuelle, le trafic par
station de base.
20.4 Itissalat Al-Maghrib soumet à l'ANRT, au plus tard au 31 mars de chaque année, un rapport
détaillé portant notamment sur :
▪ l'exécution du présent cahier des charges ;
▪ le niveau de déploiement de son réseau atteint au cours de l'année écoulée et le plan de
déploiement de l'année suivante.
Ce rapport doit contenir toutes informations utiles de nature à permettre à l'ANRT de
contrôler que le niveau de déploiement des infrastructures par Itissalat Al-Maghrib est
conforme aux engagements de ce dernier reproduits en annexe 3 du présent cahier des
charges.
20.5 Itissalat Al-Maghrib s'engage à communiquer notamment à l'ANRT les informations
suivantes, dans les formes et les délais fixés par la législation et la réglementation en vigueur
et par le présent cahier des charges et au moins une fois par an au plus tard le 31 mars de
chaque année :
▪ toute modification dans le capital et les droits de vote d'Itissalat Al-Maghrib ou, dans le
cas où Itissalat Al-Maghrib est côté en bourse, toute déclaration de franchissement de
seuil ;
▪ un descriptif actualisé de l'ensemble des services offerts ;
▪ les tarifs et conditions générales des offres de services ;
▪ les données de trafic et de chiffre d'affaires ;
▪ les informations relatives à l'utilisation qualitative et quantitative des ressources
attribuées notamment en fréquences et en blocs de numéros ;
▪ les informations nécessaires au calcul des contributions aux missions et charges du
service universel ;
▪ les données relatives à la qualité de service, notamment au regard des indicateurs
pertinents permettant de l'apprécier ;
▪ l'ensemble des conventions d'interconnexion ;
▪ l'ensemble des conventions de location de capacités ;
▪ la localisation des sites où il a installé ses équipements et l'ensemble des conventions
de partage de site ; et
▪ toute autre information ou document prévu par le présent Cahier des charges ou la
législation en vigueur.
20.6 À la demande de l'ANRT et pour lui permettre d'exercer ses prérogatives, Itissalat Al-Maghrib
fournit, notamment, les informations suivantes :
▪ les contrats entre Itissalat Al-Maghrib et les distributeurs, revendeurs ou sociétés de
commercialisation ;
▪ les conventions d'occupation du domaine public ;
▪ les conventions de partage des infrastructures ;
▪ les contrats avec les clients ;
▪ toute information nécessaire pour l'instruction des règlements de litiges ;
▪ les contrats avec les opérateurs des pays tiers ;
▪ toute convention avec des organisations internationales ;
▪ toute information nécessaire pour vérifier le respect de l'égalité des conditions de
concurrence, et notamment les conventions ou protocoles conclus avec et/ou entre les
éventuelles filiales d'Itissalat Al-Maghrib, les sociétés appartenant au même groupe que
Itissalat Al-Maghrib ou les différentes branches d'activités d'Itissalat Al-Maghrib.
Les informations ci-dessus sont traitées par l'ANRT dans le respect du secret des affaires.
Nº 7454 – 14 joumada I 1447 (6-11-2025)
20.7 L'ANRT est habilitée à procéder, par ses agents commissionnés à cet effet ou par toute
personne dûment habilitée par elle, auprès d'Itissalat Al-Maghrib à des enquêtes, y compris
celles qui nécessitent des interventions directes ou des branchements d'équipements
externes sur son propre réseau dans les conditions prévues par la législation et la
réglementation en vigueur.
20.8 En application de l'article 24 de la loi n°24-96 précitée, Itissalat Al-Maghrib est tenu de mettre
à la disposition de l'ANRT les informations ou documents nécessaires à l'accomplissement
des missions qui lui sont dévolues.
Article 21 Non-respect des conditions légales et réglementaires prévues par le cahier des
charges
21.1 Faute, pour Itissalat Al-Maghrib, de communiquer les informations exigées par la législation
et la réglementation en vigueur, régissant notamment l'interconnexion des réseaux publics
de télécommunications, l'utilisation des fréquences radioélectriques et des équipements de
télécommunications, ce dernier s'expose aux sanctions prévues à l'article 29Bis de la loi
n°24-96 précitée.
21.2 Faute, pour Itissalat Al-Maghrib, de remplir les obligations relatives à l'installation et à
l'exploitation du réseau qui lui sont imposées par la législation et la réglementation en
vigueur et par le présent cahier des charges, il est passible, sans préjudice d'éventuelles
poursuites pénales, des sanctions prévues aux articles 30 et 31 de la loi n°24-96 précitée.
21.3 Les sanctions légalement prises en vertu de l'article 30 (point c) de la loi précitée n°24-96
n'ouvrent droit à aucune indemnité au profit d'Itissalat Al-Maghrib.
TITRE 3 : DISPOSITIONS FINALES",Environnement,"Environnement=16, Civil=3, Commercial=2",Télécommunications,False,
210,BO_7454_Fr,22,fr,"Modification du cahier des charges
Le présent cahier des charges ne peut être modifié que dans les conditions dans lesquelles il a
été établi et approuvé, conformément aux dispositions de la loi n°24-96 précitée.
À la demande d'Itissalat Al-Maghrib ou de l'ANRT, le présent cahier des charges peut faire l'objet
d'extensions négociées qui ne donnent pas lieu à l'attribution d'une nouvelle licence, notamment
pour mettre le présent cahier des charges en conformité avec les évolutions réglementaires ou
avec toute autre évolution du réseau et/ou des services exploités par Itissalat Al-Maghrib.",Environnement,"Environnement=3, Fiscal=0, Social=0",Télécommunications,False,
211,BO_7454_Fr,23,fr,"Signification et interprétation du cahier des charges
Le présent cahier des charges, sa signification et son interprétation sont régis par les lois et les
règlements en vigueur au Maroc.
Nº 7454 – 14 joumada I 1447 (6-11-2025)",Indéterminé,"Fiscal=0, Social=0, Administratif=0",Télécommunications,False,
212,BO_7454_Fr,24,fr,"Unités de mesure et monnaie des contributions
Pour tous documents, mémoires, notes techniques, plans et autres écrits, Itissalat Al-Maghrib est tenu
d'utiliser le système métrique et les unités de mesure s'y rattachant.
Les montants des différentes contributions sont dus en dirhams.",Fiscal,"Fiscal=2, Social=0, Administratif=0",Télécommunications,False,
213,BO_7454_Fr,25,fr,"Langue du cahier des charges
Le présent cahier des charges est rédigé en arabe et en français. La version arabe fera foi devant les
tribunaux marocains.",Indéterminé,"Fiscal=0, Social=0, Administratif=0",Télécommunications,False,
214,BO_7454_Fr,26,fr,"Élection de domicile
Itissalat Al-Maghrib fait élection de domicile en son siège social :
Avenue Ennakhil, Hay, Ryad, Rabat 10.100, Maroc.",Administratif,"Administratif=2, Fiscal=0, Social=0",Télécommunications,False,
215,BO_7454_Fr,27,fr,"Annexes
Les cinq annexes jointes au présent cahier des charges en font partie intégrante.
Pour des raisons de confidentialité, ces annexes ne seront pas publiées.
LISTE DES ANNEXES
Annexe 1
Actionnariat d'Itissalat Al-Maghrib à la date d'attribution de la licence
Annexe 2
Liste des fréquences de service attribuées à Itissalat Al-Maghrib
Annexe 3
Engagements d'Itissalat Al-Maghrib pour le déploiement de son réseau
Annexe 4
Engagements d'Itissalat Al-Maghrib relatifs à la qualité de service
Annexe 5
Procédure concernant les interférences potentielles entre les réseaux 5G et les
 ------------------réseaux existants
Le texte en langue arabe a été publié dans l'édition générale du « Bulletin officiel » n° 7453 du 11 joumada I 1447
(3 novembre 2025).
Nº 7454 – 14 joumada I 1447 (6-11-2025)
Décret n°2-25-877 du 7 joumada I 1447 (30 octobre 2025)
Vu le décret n°2-25-565 du 15 moharrem 1447 (11 juillet 2025)
 fixant la composition de la commission administrative instituée
par la loi n°24-96 relative à la poste et aux télécommunications ;
portant attribution à la société « Médi Telecom » d'une
licence pour l'établissement et l'exploitation de réseaux
publics de télécommunications utilisant les technologies
Vu le décret n°2-24-995 du 24 rabii II 1446 (28 octobre 2024)
portant délégation d'attributions et de pouvoirs à la ministre
déléguée auprès du Chef du gouvernement, chargée de la
transition numérique et de la réforme de l'administration ;
mobiles de cinquième génération.
Vu l'avis de l'Agence nationale de réglementation des
télécommunications en date du 22 juillet 2025 ;
LE CHEF DU GOUVERNEMENT,
Vu la loi n°24-96 relative à la poste et aux
.Après examen par le Conseil du gouvernement, réuni le
7 joumada I 1447 (30 octobre 2025),
télécommunications promulguée par le dahir n°1-97-162 du
2 rabii II 1418 (7 août 1997), telle qu'elle a été modifiée et
DÉCRÈTE :
complétée ;",Environnement,"Environnement=4, Administratif=1, Commercial=1",Télécommunications,False,
216,BO_7454_Fr,PREMIER,fr,"Il est attribué à la société « Médi
Telecom » une licence pour l'établissement et l'exploitation
Vu le décret n°2-97-813 du 27 chaoual 1418 (25 février 1998)
portant application des dispositions de la loi n°24-96 relative
de réseaux publics de télécommunications utilisant les
technologies mobiles de cinquième génération dans les
conditions fixées par le Cahier des charges annexé au présent
décret.
à la poste et aux télécommunications en ce qui concerne
l'Agence nationale de réglementation des télécommunications ;
Vu le décret n°2-97-1024 du 27 chaoual 1418 (25 février 1998)",Commercial,"Commercial=1, Environnement=1, Fiscal=0",Télécommunications,False,
217,BO_7454_Fr,2,fr,"La présente licence est délivrée pour une
durée de vingt années, renouvelable, à compter de la date de
publication du présent décret au « Bulletin officiel ».
fixant la liste des services à valeur ajoutée, tel qu'il a été
modifié et complété ;
Vu le décret n°2-97-1025 du 27 chaoual 1418",Indéterminé,"Fiscal=0, Social=0, Administratif=0",Télécommunications,False,
218,BO_7454_Fr,3,fr,"La ministre de l'économie et des finances, la
ministre déléguée auprès du Chef du gouvernement, chargée
de la transition numérique et de la réforme de l'administration
et le Directeur de l'Agence nationale de réglementation
des télécommunications, sont chargés, chacun en ce qui le
concerne, de l'exécution du présent décret qui sera publié au
Bulletin officiel.
(25 février 1998) relatif à l'interconnexion des réseaux de
télécommunications, tel qu'il a été modifié et complété ;
Vu le décret n°2-97-1026 du 27 chaoual 1418 (25 février 1998)
relatif aux conditions générales d'exploitation des réseaux
publics de télécommunications, tel qu'il a été modifié et
complété ;
Fait à Rabat, le 7 joumada I 1447 (30 octobre 2025).
Vu le décret n°2-97-1027 du 27 chaoual 1418 (25 février 1998)
AZIZ AKHANNOUCH.
relatif aux conditions de fourniture d'un réseau ouvert de
Pour contreseing :
télécommunications ;
La ministre de l'économie
Vu le décret n°2-98-157 du 27 chaoual 1418 (25 février 1998)
et des finances,
portant délégation de pouvoir en matière de fixation des
NADIA FETTAH.
redevances pour assignation de fréquences radioélectriques ;
La ministre déléguée auprès
du Chef du gouvernement, chargée
Vu le décret n°2-05-772 du 6 joumada II 1426 (13 juillet 2005)
de la transition numérique et de la
relatif à la procédure suivie devant l'ANRT en matière de
réforme de l'administration,
litiges, de pratiques anticoncurrentielles et d'opérations de
concentration économiques ;
AMAL EL FALLAH.
*
*   *
Nº 7454 – 14 joumada I 1447 (6-11-2025)
CAHIER DES CHARGES
de la licence attribuée à Médi Telecom pour l'établissement et l'exploitation de réseaux
publics de télécommunications au Royaume du Maroc
utilisant les technologies mobiles de 5ème génération
TITRE 1 : CONDITIONS GÉNÉRALES D'ÉTABLISSEMENT ET D'EXPLOITATION DU
RÉSEAU ET DES SERVICES AUTORISÉS
CHAPITRE I - ECONOMIE GENERALE",Environnement,"Environnement=5, Administratif=2, Fiscal=0",Télécommunications,False,
219,BO_7454_Fr,1,fr,"Objet du Cahier des Charges
Le présent cahier des charges a pour objet de fixer les conditions et les modalités selon
lesquelles Médi Telecom est autorisé à établir et exploiter un réseau public de télécommunications
utilisant des technologies mobiles de 5
ème génération (5G) en vue de fournir des services de
télécommunications.",Environnement,"Environnement=1, Fiscal=0, Social=0",Télécommunications,False,
220,BO_7454_Fr,2,fr,"Terminologie
Outre les définitions données dans la loi n°24-96 relative à la poste et aux télécommunications,
promulguée par le dahir n°1-97-162 du 7 août 1997, telle que modifiée et complétée, et les textes
pris pour son application, il est fait usage, dans le présent cahier des charges, des termes qui
sont entendus de la manière suivante :
2.1
Exploitant marocain concurrent
Un exploitant de réseau public de télécommunications titulaire au Maroc d'une licence pour
l'établissement et l'exploitation d'un réseau mobile de télécommunications.
2.2
Itinérance nationale
Prestation permettant à un abonné mobile d'un exploitant d'un réseau public de
télécommunications d'utiliser le réseau mobile d'un autre exploitant de réseaux publics de
télécommunications.
2.3
Jour ouvrable
Désigne un jour de la semaine, à l'exception des dimanches et des jours fériés, qui n'est
pas fermé, de façon générale, pour les administrations ou les banques marocaines.
2.4
Licence 5G
Licence ayant pour objet l'établissement et l'exploitation d'un réseau public de
télécommunications offrant des services mobiles de 5
ème génération (5G), tant dans leur
composante terrestre que satellitaire.
2.5
Norme
Spécification technique approuvée par un organisme reconnu à activité normative par
l'Agence nationale de réglementation des télécommunications, désignée ci-après par
l'abréviation «ANRT».
2.6
Point de présence
Site où se trouvent un ou plusieurs équipements et/ou routeurs et/ou un ou plusieurs
commutateurs
d'accès
(ou équivalent)
d'un
exploitant
de
réseau
public
de
télécommunications, raccordés soit à d'autres équipements ou routeurs, soit à d'autres
commutateurs d'accès.
2.7
Réseau de télécommunications internationales
Le réseau public de télécommunications internationales établi et exploité pour permettre la
fourniture de services de télécommunications internationales.
Nº 7454 – 14 joumada I 1447 (6-11-2025)
2.8
Réseau public de télécommunications 5G
Le réseau public terrestre de télécommunications mobiles utilisant des technologies
radioélectriques conformes aux spécifications IMT-2020 telles que définies par l'UIT.
2.9
Réseau public terrestre de télécommunications
Le réseau public de télécommunications établi et exploité pour les besoins du public en
utilisant toute technologie de télécommunications filaire ou radioélectrique, à l'exception de
la desserte des abonnés au moyen des technologies satellitaires de type VSAT ou
GMPCS.
2.10 Services de télécommunications internationales
Les services de transport de trafic de télécommunications, y compris les services de
liaisons louées, au départ ou à l'arrivée, entre un point situé sur le territoire du Royaume du
Maroc et un point situé sur le territoire d'un autre pays. Ces services sont sortants
lorsqu'ils sont acheminés au départ du Maroc vers les pays tiers ; ils sont entrants
lorsqu'ils sont acheminés de pays tiers vers le Royaume du Maroc.
2.11 Services de télécommunications nationales
Les services de transport de trafic de télécommunications, y compris les services de
liaisons louées, au départ et à l'arrivée, entre deux points de présence situés sur le territoire
au Royaume du Maroc.
2.12 Station de base (ou gNode B)
Composante du réseau terrestre de télécommunications mobiles qui assure la couverture
radioélectrique d'une cellule (unité de base pour la couverture radio d'un territoire) du
réseau.
Elle fournit un point d'entrée dans le réseau aux abonnés présents dans sa cellule pour
recevoir ou transmettre des appels.
2.13 Usagers itinérants
Les clients autres que les abonnés de Médi Telecom, abonnés aux réseaux de
radiocommunication publique exploités par des opérateurs ayant conclu des accords
d'itinérance avec Médi Telecom, munis de postes compatibles avec le réseau de Médi
Telecom et désireux d'utiliser son réseau.
2.14 UIT.
Union Internationale des Télécommunications.
2.15 Usagers visiteurs
Les clients autres que les abonnés de Médi Telecom, abonnés aux réseaux publics
terrestres de télécommunications autorisés au Royaume du Maroc, munis de postes
compatibles avec les systèmes 5G et désireux d'utiliser le réseau de Médi Telecom.
2.16 Zone de couverture
L'ensemble des localités ou axes routiers ou ferroviaires du Royaume du Maroc où Médi
Telecom s'engage à offrir, par le biais d'infrastructures terrestres, les services objet du
présent cahier des charges, et ce, conformément à la licence qui lui est attribuée.
2.17 Zone de desserte
Zone où le service de télécommunications 5G est disponible par le biais d'infrastructures
terrestres.
Nº 7454 – 14 joumada I 1447 (6-11-2025)",Environnement,"Environnement=26, Administratif=1, Fiscal=0",Télécommunications,False,
221,BO_7454_Fr,3,fr,"Textes de référence
Le présent cahier des charges est exécuté conformément aux dispositions législatives et
réglementaires marocaines et aux normes internationales en vigueur, et notamment à la loi
n°24-96 précitée, telle que modifiée et complétée, et aux textes pris pour son application.
Les prescriptions des textes législatifs et réglementaires ont priorité sur celles du présent cahier
des charges au cas où l'une des dispositions serait en contradiction avec celles desdits textes.",Environnement,"Environnement=2, Fiscal=0, Social=0",Télécommunications,False,
222,BO_7454_Fr,4,fr,"Objet de la licence
La licence régie par le présent cahier des charges confère à Médi Telecom le droit d'établir et
d'exploiter, dans les conditions et selon les modalités prévues par ledit cahier des charges
conformément à la réglementation marocaine en vigueur, un réseau public de
télécommunications mobiles de 5
ème génération (5G) sur l'ensemble du territoire du Royaume
du Maroc.",Environnement,"Environnement=1, Fiscal=0, Social=0",Télécommunications,False,
223,BO_7454_Fr,5,fr,"Entrée en vigueur, durée et renouvellement de la licence
5.1
Entrée en vigueur de la licence
Le présent cahier des charges entre en vigueur à la date de publication du décret qui en
approuve les dispositions.
L'ouverture commerciale du service 5G doit intervenir, au plus tard, quatre (4) mois
suivant la date d'entrée en vigueur de la licence.
Dans le cas où Médi Telecom ne serait pas en mesure de procéder à l'ouverture
commerciale du service dans le délai précité, il avise l'ANRT des mesures déployées
pour se conformer à son cahier des charges.
Médi Telecom est tenu d'informer l'ANRT de la date effective du début de la
commercialisation de ses services sept (7) jours ouvrables avant cette date. L'ANRT peut
exiger de Médi Telecom qu'il apporte des précisions additionnelles ou des modifications
à son programme de lancement commercial.
5.2
Durée de validité de la licence
La licence d'établissement et d'exploitation du réseau public de télécommunications objet du
présent cahier des charges, est accordée pour une durée de vingt (20) ans à compter de la date
d'entrée en vigueur du présent cahier des charges définie à l'",Environnement,"Environnement=1, Fiscal=0, Social=0",Télécommunications,False,
224,BO_7454_Fr,5,fr,"1 ci-dessus.
5.3
Renouvellement de la licence
Sur demande déposée auprès de l'ANRT par Médi Telecom vingt-quatre (24) mois au
moins avant la fin de la période de validité de la licence, celle-ci peut être renouvelée par
périodes supplémentaires n'excédant pas cinq (5) ans chacune.
Le renouvellement de la licence, objet du présent cahier des charges, n'est alors pas
soumis aux procédures de l'appel à concurrence. Il intervient par décret sur proposition
de l'ANRT. Le renouvellement de la licence peut être assorti de modifications des
conditions du présent cahier des charges ou d'engagements supplémentaires à ceux
prévus par le présent cahier des charges.
Il peut être opposé un refus à la demande de renouvellement si Médi Telecom a manqué
dans l'exécution de ses obligations définies par le présent cahier des charges au cours
de la durée initiale ou étendue de la licence. Ce refus n'ouvre droit à aucun
dédommagement.
Nº 7454 – 14 joumada I 1447 (6-11-2025)",Environnement,"Environnement=2, Fiscal=0, Social=0",Télécommunications,False,
225,BO_7454_Fr,6,fr,"Forme juridique de Médi Telecom et actionnariat
6.1
Médi Telecom est constitué et doit demeurer sous forme d'une société de droit marocain.
6.2
L'actionnariat de Médi Telecom à la date de publication du présent cahier des charges est
constitué comme indiqué en annexe 1 du présent cahier des charges.
Toute modification de la répartition de l'actionnariat de Médi Telecom et/ou tout
changement de contrôle d'un actionnaire de Médi Telecom est notifiée à l'ANRT.
Toute modification de l'actionnariat de Médi Telecom impliquant l'entrée d'un nouvel
actionnaire ou toute modification de l'actionnariat de Médi Telecom entraînant un
changement de contrôle de Médi Telecom est soumise à l'approbation préalable de l'ANRT.
Médi Telecom notifie à cet effet à l'ANRT l'opération envisagée en portant à sa
connaissance toute information utile. À défaut de réponse dans un délai de deux (2) mois
suivant la notification à l'ANRT du dossier complet relatif au projet de modification de
l'actionnariat de Médi Telecom, l'autorisation est réputée acquise.",Environnement,"Environnement=2, Commercial=1, Fiscal=0",Télécommunications,False,
226,BO_7454_Fr,7,fr,"Prise de participation et concurrence
7.1
Interdiction de prise d'intérêt dans un exploitant marocain concurrent de Médi Telecom
Toute personne qui possède, directement ou indirectement, une participation dans Médi
Telecom, ne pourra posséder, directement ou indirectement quelque intérêt que ce soit
dans un autre exploitant marocain concurrent, étant précisé toutefois que la détention,
directe ou indirecte, par toute personne d'une participation n'excédant pas dix pour cent
(10%) dans le capital d'une société qui possède, directement ou indirectement, un intérêt
dans un autre exploitant marocain concurrent ne sera pas considérée comme un
manquement à cette obligation.
7.2
Concurrence loyale
Médi Telecom est obligé par les dispositions législatives et réglementaires relatives à la
concurrence en vigueur au Maroc.",Commercial,"Commercial=1, Environnement=1, Fiscal=0",Télécommunications,False,
227,BO_7454_Fr,8,fr,"Engagements internationaux et coopération internationale
8.1
Médi Telecom est tenu de respecter les conventions et les accords internationaux conclus
par le Royaume du Maroc en matière de télécommunications, notamment les conventions,
règlements et arrangements de l'Union Internationale des Télécommunications et des
organisations internationales et régionales auxquelles adhère le Royaume du Maroc.
Il tient l'autorité gouvernementale chargée des télécommunications et l'ANRT informées
des dispositions qu'il prend à cet égard.
8.2
Médi Telecom est autorisé à participer en qualité d'exploitant de réseaux et de services de
télécommunications à des organismes internationaux traitant des télécommunications.
Nº 7454 – 14 joumada I 1447 (6-11-2025)
CHAPITRE II - CONDITIONS GENERALES D'ETABLISSEMENT ET D'EXPLOITATION DU RESEAU DE
TELECOMMUNICATIONS",Environnement,"Environnement=2, Fiscal=0, Social=0",Télécommunications,False,
228,BO_7454_Fr,9,fr,"Conditions d'établissement des réseaux
9.1
Normes et spécifications des équipements et installations
Médi Telecom devra veiller à ce que les équipements connectés à ses réseaux soient
préalablement agréés par l'ANRT conformément aux articles 15 et 16 de la loi n°24-96 telle
que modifiée et complétée et à la réglementation en vigueur.
Médi Telecom ne peut s'opposer à la connexion à son réseau d'un équipement terminal
agréé dans les conditions définies par la réglementation en vigueur.
9.2
Infrastructure de réseaux
9.2.1 Réseau propre
Médi Telecom est autorisé à construire ses propres infrastructures pour les besoins de
son réseau. Il peut établir, à cet effet, des liaisons filaires et/ou radioélectriques,
notamment les liaisons par faisceaux hertziens, sous réserve de disponibilité de
fréquences, pour assurer des liaisons de transmission exclusivement entre :
•
Les équipements de son réseau installé sur le territoire marocain ; et
•
Les équipements de son réseau installé sur le territoire marocain et les points
d'interconnexion sur le territoire marocain avec les réseaux des autres exploitants
de réseaux publics de télécommunications au Maroc.
9.2.2 Location d'infrastructure
Médi Telecom peut également louer des liaisons ou des infrastructures auprès d'un autre
exploitant de réseaux publics de télécommunications ou d'un exploitant d'infrastructures
alternatives pour assurer un lien direct entre les équipements de son réseau ou entre
ses équipements et ceux d'autres exploitants de réseaux publics de télécommunications
dans le respect de la réglementation en vigueur au Royaume du Maroc. Les modalités
techniques et financières de location de capacité de transmission doivent être
transmises, pour information, à l'ANRT avant leur mise en œuvre.
9.2.3 Partage d'infrastructure de réseaux
Médi Telecom est tenu, concernant les demandes d'accès à ses infrastructures,
formulées par les autres exploitants titulaires de licences d'établissement et
d'exploitation de réseaux publics de télécommunications au Royaume du Maroc, de se
conformer à la réglementation en vigueur.
9.3
Accès direct à l'international
Médi Telecom est tenu d'acheminer l'intégralité des communications internationales
sortantes et de recevoir les communications entrantes de ses abonnés à travers les
réseaux des exploitants nationaux autorisés titulaires d'une licence permettant
d'acheminer les télécommunications internationales.
Médi Telecom devra permettre à chacun de ses abonnés, y compris les usagers visiteurs
et itinérants, de choisir librement l'opérateur de télécommunications internationales installé
au Maroc auquel ils souhaitent confier l'acheminement de leurs communications
internationales.
Nº 7454 – 14 joumada I 1447 (6-11-2025)
9.4
Fréquences
9.4.1 Attribution de fréquences
Aux fins d'établir son réseau public de télécommunications 5G et d'exploiter les services
de télécommunications autorisés par la licence régie par le présent cahier des charges,
il est attribué à Médi Telecom les ressources en fréquences, dites bandes de services,
dont la liste est jointe en annexe 2 du présent cahier des charges.
9.4.2 Attribution de fréquences de service supplémentaires
Sur demande motivée, Médi Telecom peut solliciter de l'ANRT que lui soit attribuée une
ressource en fréquences de services supplémentaire dans le respect de la
réglementation applicable au moment du dépôt de sa demande auprès de l'ANRT.
L'ANRT est tenue de répondre à cette demande dans un délai maximum de six (6) mois
à compter de la date de dépôt de la demande attestée par un accusé de réception.
9.4.3 Conditions d'utilisation des fréquences
Pour chaque fréquence octroyée, l'ANRT pourra, si nécessaire, imposer des conditions
de couverture et des limites de puissance de rayonnement sur l'ensemble du territoire
national ou sur des zones géographiques spécifiques.
Pour des fréquences autres que les bandes de services, l'ANRT procède à des
assignations de fréquences dans les différentes bandes conformément à la
réglementation en vigueur et en fonction de la disponibilité du spectre.
Médi Telecom communique, à la demande de l'ANRT, les plans d'utilisation des bandes
de fréquences qui lui ont été assignées.
Médi Telecom s'engage à mettre en service les fréquences attribuées, dites bandes de
services, dans un délai de deux (2) ans à compter de la date de leur attribution par
l'ANRT.
En cas de non-respect du délai de deux (2) ans pour la mise en service des fréquences,
dites bandes de services, l'ANRT se réserve le droit de révoquer l'attribution desdites
fréquences sans indemnité. Médi Telecom devra alors restituer les fréquences non
utilisées.
9.4.4 Interférences
Sous réserve du respect de la réglementation en vigueur, des impératifs de la
coordination nationale et internationale et à la condition de ne pas provoquer
d'interférences ou brouillages nuisibles constatés, les conditions d'établissement et
d'exploitation
des
installations
radioélectriques
de
réseaux
publics
de
télécommunications 5G et les puissances de rayonnement sont libres.
En cas d'interférence entre les canaux des exploitants nationaux de réseaux publics de
télécommunications, ces derniers doivent, au plus tard dans les sept (7) jours suivant
la date du constat, informer l'ANRT de la date et du lieu des interférences et des
conditions d'exploitation en vigueur des canaux objets de l'interférence. Ces exploitants
de réseaux publics de télécommunications soumettent à l'ANRT, dans un délai
maximum d'un (1) mois pour approbation, les mesures convenues afin de remédier
auxdites interférences.
Concernant plus spécifiquement les interférences éventuelles entre les technologies
mobiles 5G et des réseaux existants, Médi Telecom s'engage à respecter la procédure
décrite dans l'annexe 5.
Nº 7454 – 14 joumada I 1447 (6-11-2025)
9.4.5 Interconnexion
En application de l'article 11 de la loi n°24-96 précitée et des textes pris pour son
application, Médi Telecom bénéficie du droit d'interconnecter son réseau à ceux des
aut",Environnement,"Environnement=29, Fiscal=0, Social=0",Télécommunications,True,
229,BO_7454_Fr,10,fr,"Conditions d'exploitation des services de télécommunications
Les services de télécommunications sont exploités conformément aux dispositions de la loi n°24-
96 précitée et de la réglementation en vigueur à compter de l'ouverture commerciale du service
qui doit intervenir dans le délai indiqué à l'",Indéterminé,"Fiscal=0, Social=0, Administratif=0",Télécommunications,False,
230,BO_7454_Fr,5,fr,"1 ci-dessus.
10.1 Permanence et continuité du service
Médi Telecom est tenu d'assurer une permanence/disponibilité effective des services de
télécommunications 24 heures sur 24, et 7 jours sur 7, y compris aux heures chargées.
Il s'oblige à prendre les mesures nécessaires pour assurer un fonctionnement régulier et
permanent des installations de ses réseaux et leur protection. Il doit mettre en œuvre,
dans les meilleurs délais, des moyens humains et techniques susceptibles de pallier les
conséquences les plus graves des défaillances, de neutralisation ou de destruction de ses
installations.
Dans le respect du principe de continuité, et sauf en cas de force majeure dûment
constatée, Médi Telecom ne peut interrompre la fourniture des services de
télécommunications sans y avoir été, préalablement, autorisé par l'ANRT.
En particulier, Médi Telecom doit, dans le respect des principes fondamentaux de
continuité, d'égalité et d'adaptabilité et des conditions du présent cahier des charges,
assurer la prestation des services de télécommunications au départ et à l'arrivée des
terminaux raccordés à son réseau, avec tout abonné d'un autre exploitant de réseau public
de télécommunications avec lequel Médi Telecom a conclu un accord d'interconnexion.
En outre, Médi Telecom doit :
•
acquérir, maintenir et renouveler le matériel de ses réseaux conformément aux normes
internationales en vigueur et à venir ;
•
et assurer le contrôle de ses réseaux en vue de leur fonctionnement normal et
permanent.
10.2 Qualité de service
10.2.1 Médi Telecom s'engage à mettre en œuvre tous les moyens pour atteindre des niveaux
de qualité de service comparables aux standards internationaux.
Médi Telecom devra mettre en œuvre les protections et redondances nécessaires pour
garantir une qualité et une disponibilité de service satisfaisantes et les équipements et
les procédures nécessaires afin que les objectifs de qualité de service demeurent au
niveau prévu par les normes en vigueur, en particulier par l'UIT, notamment pour ce qui
concerne les taux de disponibilité, les taux d'erreur de bout en bout, les délais de
satisfaction des demandes de service, l'efficacité et la rapidité de la maintenance du
réseau, la relève des dérangements et l'adaptation des fonctions d'exploitation et de
commercialisation.
En particulier, Médi Telecom s'engage à respecter l'intégralité des critères de qualité de
service définis à l'annexe 4 du présent cahier des charges. Compte tenu notamment des
évolutions technologiques, l'ANRT peut, conformément à la réglementation en vigueur,
apporter des mises à jour à l'annexe précitée en vue de faire adapter les réseaux aux
exigences du marché national.
Nº 7454 – 14 joumada I 1447 (6-11-2025)
10.2.2 Préalablement à l'ouverture commerciale du service, Médi Telecom doit remettre à
l'ANRT un rapport décrivant en détail les méthodes qui seront utilisées pour superviser
et contrôler la qualité de service, notamment :
a. les indicateurs du degré de satisfaction des abonnés ;
b. la périodicité de la maintenance des équipements de son réseau ;
c. les moyens techniques offerts aux équipes de planning, exploitation et maintenance.
10.2.3 Médi Telecom doit soumettre, au plus tard le 31 janvier de chaque année, un rapport
comprenant une liste des valeurs des indicateurs de qualité de service conformément
aux dispositions de l'",Environnement,"Environnement=16, Fiscal=0, Social=0",Télécommunications,False,
231,BO_7454_Fr,10,fr,"2.1. ci-dessus et de l'annexe 4 du présent cahier des
charges.
L'ANRT peut procéder à des contrôles auprès de Médi Telecom. Ce dernier doit mettre
à la disposition de l'ANRT les moyens nécessaires à cet effet.
L'ANRT peut modifier les conditions minimales de qualité de service et les paramètres
les quantifiant en concertation avec Médi Telecom. La notification de la modification est
adressée à Médi Telecom au moins six (6) mois avant la date de son entrée en vigueur.
10.3 Confidentialité et sécurité des communications
Sous réserve des exigences de la défense nationale, de la sécurité publique et des
prérogatives de l'autorité judiciaire, Médi Telecom prend les mesures propres à assurer
le secret des informations qu'il détient sur la localisation des clients abonnés, visiteurs ou
itinérants.
Médi Telecom est tenu de porter à la connaissance de ses agents les obligations
auxquelles ils sont assujettis et les sanctions qu'ils encourent en cas de non-respect du
secret des correspondances.
Il informe également ses abonnés des services existants permettant, le cas échéant, de
renforcer la sécurité des communications.
10.3.1 Identification
Médi Telecom propose à tous ses abonnés une fonction de blocage de l'identification,
par le poste appelé, de leur numéro et met en œuvre un dispositif particulier de
suppression de cette fonction, conformément à la réglementation en vigueur.
10.3.2 Informations nominatives sur les abonnés de Médi Telecom
Médi Telecom prend les mesures propres à assurer la protection et la confidentialité
des informations nominatives qu'il détient, qu'il traite ou qu'il inscrit sur le module
d'identification des abonnés dans le respect des dispositions législatives et
réglementaires en vigueur.
En application de l'article 23 de la loi n°24-96 précitée, tout client doit faire l'objet, par Médi
Telecom, d'une identification précise comportant notamment les éléments suivants :
•
nom, prénom,
•
adresse, et
•
les références exactes d'une pièce d'identité officielle.
Pour l'identification des personnes morales, l'identification comporte notamment les
éléments relatifs à la raison sociale et au registre du commerce.
Cette
identification
doit
être
faite
au
moment
de
la
souscription
de
l'abonnement/souscription.
Nº 7454 – 14 joumada I 1447 (6-11-2025)
Médi Telecom met en place et tient à jour une base de données, y compris sous format
électronique, comportant les informations relatives à l'identification de ses clients. Cette
base de données est mise à la disposition de l'ANRT, à sa demande, dans le respect des
dispositions de la loi n°09-08 relative à la protection des personnes physiques à l'égard
du traitement des données à caractère personnel et des textes pris pour son application.
10.3.3 Neutralité
Médi Telecom garantit que son service est neutre vis-à-vis du contenu des informations
transmises sur son réseau.
Il s'oblige à prendre toutes les mesures nécessaires pour garantir la neutralité de son
personnel vis-à-vis du contenu des messages transmis sur son réseau. Quelle que soit
la nature des messages transmis, il offre à cet effet le service, sans discrimination, et
prend les dispositions utiles pour en assurer l'intégrité.
10.4 Défense nationale, sécurité et sûreté publiques et prérogatives de l'autorité
judiciaire
Médi Telecom est tenu de prendre toutes mesures pour se conformer aux prescriptions
exigées par la défense nationale, la sécurité et la sûreté publiques et les prérogatives de
l'autorité judiciaire, telles que précisées par la législation et la réglementation en vigueur, et
d'intégrer, à sa charge, dans ses installations, les équipements nécessaires à cet effet.
A ce titre, Médi Telecom s'engage notamment à :
▪ analyser les risques liés aux réseaux et services qu'il offre, en recensant les
vulnérabilités et les menaces qui peuvent les affecter et à mettre en œuvre les actions
correctives requises à cet effet.
Dans ce cadre, Médi Telecom mène, chaque 3 années, un audit global de ses
installations dont le rapport et les mesures correctives sont transmises à l'ANRT.
Médi Telecom doit imposer à ses fournisseurs de respecter les différentes exigences et
contrôler, à chaque fois que nécessaire, leurs chaînes d'approvisionnement.
▪ modifier, sur demande de l'ANRT, ses installations sur des zones clairement
délimitées, afin d'y réduire les risques de vulnérabilité ;
▪ informer les Autorités concernées et l'ANRT, dans un délai ne pouvant être supérieur à
un (1) an, ni inférieur à trois (3) mois, de tout projet d'évolution de ses réseaux ou des
services offerts, qui pourrait nécessiter la mise à niveau des moyens utilisés par lesdites
Autorités ou mis à leur disposition et de prendre, à sa charge, cette mise à niveau, en
l'intégrant dans ledit projet et en respectant les prescriptions établies en concertation
avec lesdites Autorités ;
▪ adopter, à son initiative ou sur demande des Autorités concernées, des mesures
techniques et opérationnelles appropriées pour assurer l'intégrité de ses installations
ainsi que leur gestion, exploitation et surveillance sécurisées ;
▪ respecter les normes et spécifications techniques applicables aux installations
déployées et aux systèmes d'information associés ;
▪ se conformer aux normes de certification applicables aux réseaux et services 5G ;
▪ mettre en œuvre et respecter les règles et les dispositions relatives à la sécurité de ses
systèmes d'information, conformément à la Loi n°05-20 relative à la Cybersécurité, et des
textes pris pour son application ;
▪ assurer le fonctionnement régulier de ses installations ;
▪ garantir la mise en œuvre, dans les meilleurs délais, de moyens techniques et humains
susceptibles de pallier les conséquences les plus graves des défaillances, de
neutralisation ou de destruction de ses installations. En cas d'incident de sécurité, Médi
Telecom informera sans délai l'ANRT et les autorités nationales concernées ;
▪ pouvoir répondre pour sa part aux besoins de la défense nationale et de la sécurité et
de la sûre",Environnement,"Environnement=19, Commercial=3, Administratif=1",Télécommunications,True,
232,BO_7454_Fr,11,fr,"Conditions d'exploitation commerciale
11.1 Liberté des prix et commercialisation
11.1.1 Conformément à la réglementation en vigueur au Maroc et sous réserve des exceptions
visées aux articles 11.1.3 et 11.1.4 ci-dessous, Médi Telecom bénéficie des droits ci-
après:
▪ la liberté de fixation des prix des services offerts à ses clients ;
▪ la liberté du système global de tarification, qui peut notamment comprendre des
réductions en fonction du volume ;
▪ la liberté de la politique de commercialisation.
Nº 7454 – 14 joumada I 1447 (6-11-2025)
11.1.2 Médi Telecom communique à l'ANRT les tarifs de détail qu'il établit trente (30) jours au
moins avant la date à laquelle ces tarifs doivent entrer en vigueur.
11.1.3 L'ANRT peut exiger de Médi Telecom qu'il modifie les tarifs qu'il envisage d'appliquer à
ses services s'il apparaît que ces changements tarifaires ne respectent pas,
notamment, les règles d'une concurrence loyale, conformément à la réglementation en
vigueur en la matière au Maroc.
11.1.4 Dans le cadre de ses relations contractuelles avec d'éventuels sous-traitants,
distributeurs, revendeurs ou agents commerciaux, Médi Telecom doit veiller au respect
des engagements de ces derniers au regard :
▪ de l'égalité d'accès et de traitement des clients ;
▪ de la structure tarifaire éditée par Médi Telecom;
▪ du respect de la confidentialité des informations détenues sur les clients, dans le
respect notamment des dispositions de la loi n°09-08 précitée et des textes pris pour
son application.
En tout état de cause, Médi Telecom conserve la responsabilité de la fourniture du service
à ses clients.
11.2 Principes de facturation
11.2.1 Sur le territoire marocain, le coût de la communication est totalement imputé au poste
demandeur, à l'exception des offres commerciales prévoyant que le coût de la
communication soit également supporté par le destinataire ou qu'il soit intégralement
payé par le destinataire.
En dehors du territoire marocain, les principes de tarification prévus dans les accords
auxquels le Maroc est Partie ou conclus par Médi Telecom s'appliquent, dans le respect
des règles de transparence vis-à-vis de l'abonné.
11.2.2 Médi Telecom est tenu de permettre à ses clients de pouvoir identifier sur la facture les
montants taxés pour chaque catégorie de tarifs appliqués. Il fournit une facture détaillée
des services offerts à tout abonné du réseau qui lui en fait la demande.
Les facturations des divers services fournis aux clients sont séparées et clairement
identifiées.
11.2.3 L'ANRT peut, à tout moment, procéder à la vérification de tout ou partie des équipements
et systèmes informatiques de facturation, des modes opératoires, des fichiers de
données et des documents comptables utilisés dans la facturation des services de
télécommunications.
11.3 Publicité des tarifs
Médi Telecom a l'obligation d'informer le public de ses tarifs et de ses conditions générales
d'offres de services dans le respect de la réglementation en vigueur au Maroc.
Médi Telecom est tenu de publier les tarifs de fourniture de chaque catégorie de service,
de connexion, de maintien, d'adaptation ou de réparation de tout équipement terminal
commercialisé par lui-même et connecté à son réseau.
La notice portant publicité des tarifs se fera dans les conditions suivantes :
▪ Un exemplaire de la notice est transmis à l'ANRT au moins trente (30) jours avant
l'entrée en vigueur de tout changement envisagé. L'ANRT peut exiger de Médi Telecom
d'apporter des modifications aux tarifs de ses services ou des conditions de vente, s'il
apparaît que ces changements ne respectent pas les règles de concurrence loyale. Ils
doivent être justifiés à la demande de l'ANRT au regard des éléments de coût y afférents.
Nº 7454 – 14 joumada I 1447 (6-11-2025)
▪ Un exemplaire de la notice définitive, librement consultable, est mis à la disposition du
public dans chaque agence commerciale ou point de vente d'un sous-traitant chargé
de la commercialisation des services en question.
▪ Un exemplaire de la notice définitive ou les extraits appropriés sont remis à toute
personne qui en fait la demande.
▪ Chaque fois qu'il y a modification des tarifs, les nouveaux tarifs et la date de leur entrée
en vigueur sont clairement indiqués.
11.4 Tenue de comptabilité
Médi Telecom se conforme, pour la tenue et l'audit de sa comptabilité analytique, aux prescriptions
de l'article 4 du décret n°2-97-1026 du 25 février 1998, relatif aux conditions générales
d'exploitation des réseaux publics de télécommunications, tel que modifié et complété.
11.5 Accueil des usagers visiteurs
11.5.1 Médi Telecom pourra conclure des accords spécifiques avec les exploitants de réseaux
publics terrestres de télécommunications autorisés au Royaume du Maroc, relatifs aux
modalités d'accueil sur leurs réseaux respectifs de leurs clients respectifs.
11.5.2 Les accords d'itinérance nationale fixent notamment les conditions de tarification et de
facturation dans lesquelles les abonnés itinérants peuvent accéder au réseau de Médi
Telecom. Ils doivent garantir la continuité de service entre le réseau de Médi Telecom
et le réseau de l'exploitant bénéficiant de l'itinérance, d'une manière transparente pour
les abonnés y compris pendant la communication dès lors que ceci est techniquement
possible.
Tous les accords d'itinérance sont établis sur la base de négociations commerciales
entre exploitants de réseaux publics de télécommunications.
Ils sont communiqués à l'ANRT au plus tard un mois après leur conclusion.
11.5.3 Les zones couvertes dans le cadre de l'itinérance nationale ne sont pas comprises dans
les prestations effectuées par Médi Telecom au titre de ses contributions aux missions
générales de l'Etat ou de ses obligations de couverture telles que figurant en annexe 3
du présent Cahier des Charges.
11.5.4 Médi Telecom informe périodiquement l'ensemble de ses abonnés des zones couvertes
par les accords d'itinérance nationale et des tarifs d'itinérance.
11.6 Accueil des usagers itinérants
",Environnement,"Environnement=19, Commercial=2, Fiscal=1",Télécommunications,True,
233,BO_7454_Fr,12,fr,"Contribution à la recherche, à la formation et à la normalisation en matière
de télécommunications
12.1 Conformément aux dispositions de la loi n°24-96 précitée, Médi Telecom est redevable
d'une contribution annuelle au titre de sa contribution à la recherche et à la formation.
Nº 7454 – 14 joumada I 1447 (6-11-2025)
12.2 Conformément aux dispositions de la loi n°24-96 précitée, le montant annuel de cette
contribution est fixé à :
▪ 0,75 % du chiffre d'affaires de Médi Telecom au titre de la formation et de la
normalisation,
et
▪ 0,25 % de son chiffre d'affaires au titre de la recherche.
Le chiffre d'affaires considéré est défini à l'",Fiscal,"Fiscal=4, Environnement=3, Social=0",Télécommunications,False,
235,BO_7454_Fr,13,fr,"Contribution aux missions et charges du service universel
Médi Telecom contribue annuellement, conformément à la réglementation en vigueur, aux
missions et charges du service universel dans la limite de deux pour cent (2%) de son chiffre
d'affaires, tel que défini à l'",Fiscal,"Fiscal=1, Environnement=1, Social=0",Télécommunications,False,
237,BO_7454_Fr,14,fr,"Modalités de paiement des contributions aux missions générales de l'Etat
14.1 Les contributions de Médi Telecom, prévues aux articles 12 et 13 ci-dessus, sont calculées
conformément aux articles 10Bis et 13Bis de la loi n°24-96 précitée et des textes et
décisions pris pour son application.
14.2 Les contributions à la recherche, à la formation et à la normalisation en matière de
télécommunications ainsi qu'au service universel sont recouvrées conformément à la
réglementation en vigueur.
14.3 L'ANRT contrôle les déclarations faites à ce titre par Médi Telecom, et se réserve le droit
d'effectuer toute inspection et enquête qu'elle juge nécessaires et, le cas échéant, procède
à des redressements après avoir provoqué les explications de Médi Telecom.
CHAPITRE II - CONTREPARTIE FINANCIERE ET REDEVANCES",Fiscal,"Fiscal=3, Pénal=1, Environnement=1",Télécommunications,False,
238,BO_7454_Fr,15,fr,"Contrepartie financière pour l'attribution de la licence
15.1 En application des dispositions de l'article 10 de la loi n°24-96 précitée, Médi Telecom est
soumis au paiement d'une contrepartie financière d'un montant de six cent millions
(600.000.000) de dirhams. Ce montant est payable au comptant et en totalité dans les
trois (3) jours ouvrables suivant la date de notification par l'ANRT à Médi Telecom du
décret d'attribution de la licence.
15.2 Le paiement de cette contrepartie financière s'effectue au profit de la Trésorerie Générale
du Royaume.
15.3 Le montant de la contrepartie financière visée ci-dessus s'entend toutes taxes comprises.
15.4 Le paiement intervient :
▪ soit par remise entre les mains du directeur général de l'ANRT d'un chèque de banque
payable au Maroc, à l'ordre de la Trésorerie Générale du Royaume, émis par un
établissement bancaire autorisé au Maroc et pour le montant ci-dessus indiqué ;
▪ soit par virement direct du montant ci-dessus indiqué sur le compte de la Trésorerie
Générale du Royaume tel qu'il lui sera précisé par l'ANRT.
15.5 A défaut de paiement de la contrepartie financière dans le délai prévu à cet article, la licence
peut être retirée, sans préjudice du droit pour le Ministère de l'Economie et des Finances
de faire appel aux garanties de paiement.
Nº 7454 – 14 joumada I 1447 (6-11-2025)",Environnement,"Environnement=2, Fiscal=1, Social=0",Télécommunications,False,
239,BO_7454_Fr,16,fr,"Redevances pour assignation de fréquences radioélectriques
16.1 Conformément aux dispositions de la loi n°24-96 précitée, Médi Telecom est redevable
d'une redevance d'utilisation des fréquences qui lui sont attribuées/assignées dans les
conditions de l'article 9 (9.4) du présent cahier des charges en sus de la contrepartie
financière prévue à l'article 15 du présent cahier des charges.
16.2 Le montant de la redevance annuelle d'utilisation des fréquences est fixé conformément à
la réglementation en vigueur. Médi Telecom s'en acquitte auprès de l'ANRT conformément
à la réglementation en vigueur.
16.3 Le recouvrement des redevances d'utilisation des fréquences s'effectue conformément à
la législation relative au recouvrement des créances de l'État.
16.4 Médi Telecom contribue au financement du réaménagement des bandes de fréquences de
service qui lui sont attribuées dans le cadre du présent cahier des charges.
16.5 La contribution de Médi Telecom est évaluée, pour la bande de service 700 MHz, à
soixante millions (60.000.000) de dirhams. Le paiement de la contribution au
réaménagement de la bande de service 700 MHz s'effectue au profit de l'ANRT une fois
l'accord de principe pour l'attribution de chaque bloc est notifiée par l'ANRT à Médi
Telecom.",Fiscal,"Fiscal=4, Urbain=2, Social=0",Télécommunications,False,
240,BO_7454_Fr,17,fr,"Autres redevances, taxes et fiscalité
Médi Telecom est assujetti aux dispositions fiscales en vigueur. À ce titre, il doit s'acquitter de
tous les impôts, droits, taxes et redevances institués par la législation et la réglementation en
vigueur.
CHAPITRE III - RESPONSABILITE, CONTROLE ET SANCTIONS",Fiscal,"Fiscal=5, Social=0, Administratif=0",Télécommunications,False,
241,BO_7454_Fr,18,fr,"Responsabilité générale
Médi Telecom est responsable du bon fonctionnement de son réseau et du respect de l'intégralité
des obligations du présent cahier des charges ainsi que du respect des principes et des
dispositions législatives et réglementaires en vigueur.",Environnement,"Environnement=2, Fiscal=0, Social=0",Télécommunications,False,
242,BO_7454_Fr,19,fr,"Couverture des risques par les assurances
Médi Telecom couvre sa responsabilité civile et professionnelle des risques encourus en vertu
du présent cahier des charges, notamment au titre des biens affectés aux services, des
ouvrages en cours de construction et des équipements en cours d'installation, par des polices
d'assurance souscrites auprès de compagnies d'assurance agréées.
Médi Telecom tient à la disposition de l'ANRT les attestations d'assurance en cours de validité.",Social,"Social=4, Urbain=1, Fiscal=0",Télécommunications,False,
243,BO_7454_Fr,20,fr,"Information et contrôle
20.1 Médi Telecom est tenu de mettre à la disposition de l'ANRT les informations ou documents
financiers, techniques et commerciaux nécessaires attestant du respect des obligations
qui lui sont imposées par les textes législatifs et réglementaires en vigueur ainsi que par
le présent cahier des charges.
20.2 Médi Telecom doit notamment fournir sur une base mensuelle à l'ANRT les informations
suivantes relativement à chacun des services exploités en vertu du présent cahier des
charges :
▪ le nombre d'abonnements/souscriptions à la fin de chaque mois, s'il y a lieu ;
▪ le nombre total des unités facturées ;
▪ le nombre d'appels mobiles-mobiles, mobiles-fixes et fixes-mobiles ;
Nº 7454 – 14 joumada I 1447 (6-11-2025)
▪ l'usage data total ;
▪ l'évolution du nombre de stations de base ;
▪ les résultats de qualité de service et de performance des réseaux, tels que définis en
annexe 4 dans le présent cahier des charges.
20.3 Médi Telecom doit également fournir à l'ANRT, sur une base annuelle, le trafic par station
de base.
20.4 Médi Telecom soumet à l'ANRT, au plus tard au 31 mars de chaque année, un rapport
détaillé portant notamment sur :
▪ l'exécution du présent cahier des charges ;
▪ le niveau de déploiement de son réseau atteint au cours de l'année écoulée et le plan de
déploiement de l'année suivante.
Ce rapport doit contenir toutes informations utiles de nature à permettre à l'ANRT de
contrôler que le niveau de déploiement des infrastructures par Médi Telecom est conforme
aux engagements de ce dernier reproduits en annexe 3 du présent cahier des charges.
20.5 Médi Telecom s'engage à communiquer notamment à l'ANRT les informations suivantes,
dans les formes et les délais fixés par la législation et la réglementation en vigueur et par
le présent cahier des charges et au moins une fois par an au plus tard le 31 mars de
chaque année :
▪ toute modification dans le capital et les droits de vote de Médi Telecom ou, dans le cas
où Médi Telecom est côté en bourse, toute déclaration de franchissement de seuil ;
▪ un descriptif actualisé de l'ensemble des services offerts ;
▪ les tarifs et conditions générales des offres de services ;
▪ les données de trafic et de chiffre d'affaires ;
▪ les informations relatives à l'utilisation qualitative et quantitative des ressources
attribuées notamment en fréquences et en blocs de numéros ;
▪ les informations nécessaires au calcul des contributions aux missions et charges du
service universel ;
▪ les données relatives à la qualité de service, notamment au regard des indicateurs
pertinents permettant de l'apprécier ;
▪ l'ensemble des conventions d'interconnexion ;
▪ l'ensemble des conventions de location de capacités ;
▪ la localisation des sites où il a installé ses équipements et l'ensemble des conventions
de partage de site ; et
▪ toute autre information ou document prévu par le présent Cahier des charges ou la
législation en vigueur.
20.6 À la demande de l'ANRT et pour lui permettre d'exercer ses prérogatives, Médi Telecom
fournit, notamment, les informations suivantes :
▪ les contrats entre Médi Telecom et les distributeurs, revendeurs ou sociétés de
commercialisation ;
▪ les conventions d'occupation du domaine public ;
▪ les conventions de partage des infrastructures ;
▪ les contrats avec les clients ;
▪ toute information nécessaire pour l'instruction des règlements de litiges ;
▪ les contrats avec les opérateurs des pays tiers ;
▪ toute convention avec des organisations internationales ;
▪ toute information nécessaire pour vérifier le respect de l'égalité des conditions de
concurrence, et notamment les conventions ou protocoles conclus avec et/ou entre
les éventuelles filiales de Médi Telecom, les sociétés appartenant au même groupe que
Médi Telecom ou les différentes branches d'activités de Médi Telecom.
Les informations ci-dessus sont traitées par l'ANRT dans le respect du secret des affaires.
Nº 7454 – 14 joumada I 1447 (6-11-2025)
20.7 L'ANRT est habilitée à procéder, par ses agents commissionnés à cet effet ou par toute
personne dûment habilitée par elle, auprès de Médi Telecom à des enquêtes, y compris
celles qui nécessitent des interventions directes ou des branchements d'équipements
externes sur son propre réseau dans les conditions prévues par la législation et la
réglementation en vigueur.
20.8 En application de l'article 24 de la loi n°24-96 précitée, Médi Telecom est tenu de mettre à
la disposition de l'ANRT les informations ou documents nécessaires à l'accomplissement
des missions qui lui sont dévolues.",Environnement,"Environnement=13, Civil=3, Commercial=2",Télécommunications,False,
244,BO_7454_Fr,21,fr,"Non-respect des conditions légales et réglementaires prévues par le cahier
des charges
21.1 Faute, pour Médi Telecom, de communiquer les informations exigées par la législation et
la réglementation en vigueur, régissant notamment l'interconnexion des réseaux publics
de télécommunications, l'utilisation des fréquences radioélectriques et des équipements de
télécommunications, ce dernier s'expose aux sanctions prévues à l'article 29Bis de la loi
n°24-96 précitée.
21.2 Faute, pour Médi Telecom, de remplir les obligations relatives à l'installation et à
l'exploitation du réseau qui lui sont imposées par la législation et la réglementation en
vigueur et par le présent cahier des charges, il est passible, sans préjudice d'éventuelles
poursuites pénales, des sanctions prévues aux articles 30 et 31 de la loi n°24-96 précitée.
21.3 Les sanctions légalement prises en vertu de l'article 30 (point c) de la loi précitée n°24-96
n'ouvrent droit à aucune indemnité au profit de Médi Telecom.
TITRE 3 : DISPOSITIONS FINALES",Environnement,"Environnement=3, Fiscal=0, Social=0",Télécommunications,False,
245,BO_7454_Fr,22,fr,"Modification du cahier des charges
22.1 Le présent cahier des charges ne peut être modifié que dans les conditions dans lesquelles
il a été établi et approuvé, conformément aux dispositions de la loi n°24-96 précitée.
22.2 À la demande de Médi Telecom ou de l'ANRT, le présent cahier des charges peut faire
l'objet d'extensions négociées qui ne donnent pas lieu à l'attribution d'une nouvelle licence,
notamment pour mettre le présent cahier des charges en conformité avec les évolutions
réglementaires ou avec toute autre évolution du réseau et/ou des services exploités par
Médi Telecom.",Environnement,"Environnement=3, Fiscal=0, Social=0",Télécommunications,False,
246,BO_7454_Fr,23,fr,"Signification et interprétation du cahier des charges
Le présent cahier des charges, sa signification et son interprétation sont régis par les lois et les
règlements en vigueur au Maroc.",Indéterminé,"Fiscal=0, Social=0, Administratif=0",Télécommunications,False,
247,BO_7454_Fr,24,fr,"Unités de mesure et monnaie des contributions
Pour tous documents, mémoires, notes techniques, plans et autres écrits, Médi Telecom est
tenu d'utiliser le système métrique et les unités de mesure s'y rattachant.
Les montants des différentes contributions sont dus en dirhams.",Fiscal,"Fiscal=2, Social=0, Administratif=0",Télécommunications,False,
248,BO_7454_Fr,25,fr,"Langue du cahier des charges
Le présent cahier des charges est rédigé en arabe et en français. La version arabe fera foi devant
les tribunaux marocains.
Nº 7454 – 14 joumada I 1447 (6-11-2025)",Indéterminé,"Fiscal=0, Social=0, Administratif=0",Télécommunications,False,
249,BO_7454_Fr,26,fr,"Élection de domicile
Médi Telecom fait élection de domicile en son siège social :
Lotissement La Colline II, Immeuble les Quatre temps,
Sidi Maârouf, Casablanca, Maroc",Administratif,"Administratif=2, Fiscal=0, Social=0",Télécommunications,False,
250,BO_7454_Fr,27,fr,"Annexes
Les cinq annexes jointes au présent cahier des charges en font partie intégrante.
Pour des raisons de confidentialité, ces annexes ne seront pas publiées.
LISTE DES ANNEXES
Annexe 1
Actionnariat de Médi Telecom à la date d'attribution de la licence
Annexe 2
Liste des fréquences de service attribuées à Médi Telecom
Annexe 3
Engagements de Médi Telecom pour le déploiement de son réseau
Annexe 4
Engagements de Médi Telecom relatifs à la qualité de service
Annexe 5
Procédure concernant les interférences potentielles entre les réseaux 5G et les
réseaux existants
Le texte en langue arabe a été publié dans l'édition générale du « Bulletin officiel » n° 7453 du 11 joumada I 1447
(3 novembre 2025).
Nº 7454 – 14 joumada I 1447 (6-11-2025)
Décret n° 2-25-878 du 7 joumada I 1447 (30 octobre 2025)
Vu le décret n° 2-24-995 du 24 rabii II 1446 (28 octobre 2024)
portant délégation d'attributions et de pouvoirs à la ministre
déléguée auprès du Chef du gouvernement, chargée de la
transition numérique et de la réforme de l'administration ;
portant attribution à la société « Wana Corporate » d'une
licence pour l'établissement et l'exploitation de réseaux
publics de télécommunications utilisant les technologies
mobiles de cinquième génération.
Vu l'avis de l'Agence nationale de réglementation des
télécommunications en date du 22 juillet 2025 ;
LE CHEF DU GOUVERNEMENT,
Après examen par le Conseil du gouvernement, réuni le
7 joumada I 1447 (30 octobre 2025),
Vu la loi n°  24-96 relative à la poste et aux
télécommunications promulguée par le dahir n°1-97-162 du
2 rabii II 1418 (7 août 1997), telle qu'elle a été modifiée et
complétée ;
DÉCRÈTE :",Environnement,"Environnement=4, Administratif=1, Commercial=1",Télécommunications,False,
251,BO_7454_Fr,PREMIER,fr,"Il est attribué à la société « Wana
Corporate » une licence pour l'établissement et l'exploitation
de réseaux publics de télécommunications utilisant les
technologies mobiles de cinquième génération dans les
conditions fixées par le Cahier des charges annexé au présent
décret.
Vu le décret n° 2-97-813 du 27 chaoual 1418 (25 février 1998)
 portant application des dispositions de la loi n°24-96 relative
à la poste et aux télécommunications en ce qui concerne
l'Agence nationale de réglementation des télécommunications ;
Vu le décret n° 2-97-1024 du 27 chaoual 1418 (25 février 1998)
 fixant la liste des services à valeur ajoutée, tel qu'il a été
modifié et complété ;",Commercial,"Commercial=1, Environnement=1, Fiscal=0",Télécommunications,False,
252,BO_7454_Fr,2,fr,"La présente licence est délivrée pour une
durée de vingt années, renouvelable, à compter de la date de
publication du présent décret au « Bulletin officiel ».
Vu le décret n°  2-97-1025 du 27 chaoual 1418
(25 février 1998) relatif à l'interconnexion des réseaux de
télécommunications, tel qu'il a été modifié et complété ;",Environnement,"Environnement=1, Fiscal=0, Social=0",Télécommunications,False,
253,BO_7454_Fr,3,fr,"La ministre de l'économie et des finances, la
ministre déléguée auprès du Chef du gouvernement, chargée
de la transition numérique et de la réforme de l'administration
et le Directeur de l'Agence nationale de réglementation
des télécommunications, sont chargés, chacun en ce qui le
concerne, de l'exécution du présent décret qui sera publié au
Bulletin officiel.
Vu le décret n° 2-97-1026 du 27 chaoual 1418 (25 février 1998)
relatif aux conditions générales d'exploitation des réseaux
publics de télécommunications, tel qu'il a été modifié et
complété ;
Vu le décret n° 2-97-1027 du 27 chaoual 1418 (25 février 1998)
relatif aux conditions de fourniture d'un réseau ouvert de
télécommunications ;
Fait à Rabat, le 7 joumada I 1447 (30 octobre 2025).
AZIZ AKHANNOUCH.
Pour contreseing :
Vu le décret n° 2-98-157 du 27 chaoual 1418 (25 février 1998)
portant délégation de pouvoir en matière de fixation des
redevances pour assignation de fréquences radioélectriques ;
La ministre de l'économie
et des finances,
Vu le décret n° 2-05-772 du 6 joumada II 1426 (13 juillet 2005)
relatif à la procédure suivie devant l'ANRT en matière de
litiges, de pratiques anticoncurrentielles et d'opérations de
concentration économiques ;
NADIA FETTAH.
La ministre déléguée auprès
du Chef du gouvernement, chargée
de la transition numérique et de la
Vu le décret n° 2-25-565 du 15 moharrem 1447 (11 juillet 2025)
 fixant la composition de la commission administrative instituée
par la loi n°24-96 relative à la poste et aux télécommunications ;
réforme de l'administration,
AMAL EL FALLAH.
*
*    *
Nº 7454 – 14 joumada I 1447 (6-11-2025)
CAHIER DES CHARGES
de la licence attribuée à Wana Corporate pour l'établissement et l'exploitation de
réseaux publics de télécommunications au Royaume du Maroc
utilisant les technologies mobiles de 5ème génération
TITRE 1 : CONDITIONS GÉNÉRALES D'ÉTABLISSEMENT ET D'EXPLOITATION DU
RÉSEAU ET DES SERVICES AUTORISÉS
CHAPITRE I - ECONOMIE GENERALE",Environnement,"Environnement=4, Administratif=2, Fiscal=0",Télécommunications,False,
254,BO_7454_Fr,1,fr,"Objet du Cahier des Charges
Le présent cahier des charges a pour objet de fixer les conditions et les modalités selon
lesquelles Wana Corporate est autorisé à établir et exploiter un réseau public de
télécommunications utilisant des technologies mobiles de 5
ème génération (5G) en vue de fournir
des services de télécommunications.",Environnement,"Environnement=1, Fiscal=0, Social=0",Télécommunications,False,
255,BO_7454_Fr,2,fr,"Terminologie
Outre les définitions données dans la loi n°24-96 relative à la poste et aux télécommunications,
promulguée par le dahir n°1-97-162 du 7 août 1997, telle que modifiée et complétée, et les textes
pris pour son application, il est fait usage, dans le présent cahier des charges, des termes qui
sont entendus de la manière suivante :
2.1
Exploitant marocain concurrent
Un exploitant de réseau public de télécommunications titulaire au Maroc d'une licence pour
l'établissement et l'exploitation d'un réseau mobile de télécommunications.
2.2
Itinérance nationale
Prestation permettant à un abonné mobile d'un exploitant d'un réseau public de
télécommunications d'utiliser le réseau mobile d'un autre exploitant de réseaux publics de
télécommunications.
2.3
Jour ouvrable
Désigne un jour de la semaine, à l'exception des dimanches et des jours fériés, qui n'est
pas fermé, de façon générale, pour les administrations ou les banques marocaines.
2.4
Licence 5G
Licence ayant pour objet l'établissement et l'exploitation d'un réseau public de
télécommunications offrant des services mobiles de 5
ème génération (5G), tant dans leur
composante terrestre que satellitaire.
2.5
Norme
Spécification technique approuvée par un organisme reconnu à activité normative par
l'Agence nationale de réglementation des télécommunications, désignée ci-après par
l'abréviation «ANRT».
2.6
Point de présence
Site où se trouvent un ou plusieurs équipements et/ou routeurs et/ou un ou plusieurs
commutateurs
d'accès
(ou équivalent)
d'un
exploitant
de
réseau
public
de
télécommunications, raccordés soit à d'autres équipements ou routeurs, soit à d'autres
commutateurs d'accès.
2.7
Réseau de télécommunications internationales
Le réseau public de télécommunications internationales établi et exploité pour permettre la
fourniture de services de télécommunications internationales.
2.8
Réseau public de télécommunications 5G
Le réseau public terrestre de télécommunications mobiles utilisant des technologies
radioélectriques conformes aux spécifications IMT-2020 telles que définies par l'UIT.
Nº 7454 – 14 joumada I 1447 (6-11-2025)
2.9
Réseau public terrestre de télécommunications
Le réseau public de télécommunications établi et exploité pour les besoins du public en
utilisant toute technologie de télécommunications filaire ou radioélectrique, à l'exception de
la desserte des abonnés au moyen des technologies satellitaires de type VSAT ou
GMPCS.
2.10 Services de télécommunications internationales
Les services de transport de trafic de télécommunications, y compris les services de
liaisons louées, au départ ou à l'arrivée, entre un point situé sur le territoire du Royaume du
Maroc et un point situé sur le territoire d'un autre pays. Ces services sont sortants
lorsqu'ils sont acheminés au départ du Maroc vers les pays tiers ; ils sont entrants
lorsqu'ils sont acheminés de pays tiers vers le Royaume du Maroc.
2.11 Services de télécommunications nationales
Les services de transport de trafic de télécommunications, y compris les services de
liaisons louées, au départ et à l'arrivée, entre deux points de présence situés sur le territoire
au Royaume du Maroc.
2.12 Station de base (ou gNode B)
Composante du réseau terrestre de télécommunications mobiles qui assure la couverture
radioélectrique d'une cellule (unité de base pour la couverture radio d'un territoire) du
réseau.
Elle fournit un point d'entrée dans le réseau aux abonnés présents dans sa cellule pour
recevoir ou transmettre des appels.
2.13 Usagers itinérants
Les clients autres que les abonnés de Wana Corporate, abonnés aux réseaux de
radiocommunication publique exploités par des opérateurs ayant conclu des accords
d'itinérance avec Wana Corporate, munis de postes compatibles avec le réseau de Wana
Corporate et désireux d'utiliser son réseau.
2.14 UIT.
Union Internationale des Télécommunications.
2.15 Usagers visiteurs
Les clients autres que les abonnés de Wana Corporate, abonnés aux réseaux publics
terrestres de télécommunications autorisés au Royaume du Maroc, munis de postes
compatibles avec les systèmes 5G et désireux d'utiliser le réseau de Wana Corporate.
2.16 Zone de couverture
L'ensemble des localités ou axes routiers ou ferroviaires du Royaume du Maroc où Wana
Corporate s'engage à offrir, par le biais d'infrastructures terrestres, les services objet du
présent cahier des charges, et ce, conformément à la licence qui lui est attribuée.
2.17 Zone de desserte
Zone où le service de télécommunications 5G est disponible par le biais d'infrastructures
terrestres.",Environnement,"Environnement=26, Administratif=1, Fiscal=0",Télécommunications,False,
256,BO_7454_Fr,3,fr,"Textes de référence
Le présent cahier des charges est exécuté conformément aux dispositions législatives et
réglementaires marocaines et aux normes internationales en vigueur, et notamment à la loi
n°24-96 précitée, telle que modifiée et complétée, et aux textes pris pour son application.
Les prescriptions des textes législatifs et réglementaires ont priorité sur celles du présent cahier
des charges au cas où l'une des dispositions serait en contradiction avec celles desdits textes.
Nº 7454 – 14 joumada I 1447 (6-11-2025)",Environnement,"Environnement=2, Fiscal=0, Social=0",Télécommunications,False,
257,BO_7454_Fr,4,fr,"Objet de la licence
La licence régie par le présent cahier des charges confère à Wana Corporate le droit d'établir et
d'exploiter, dans les conditions et selon les modalités prévues par ledit cahier des charges
conformément à la réglementation marocaine en vigueur, un réseau public de télécommunications
mobiles de 5
ème génération (5G) sur l'ensemble du territoire du Royaume du Maroc.",Environnement,"Environnement=1, Fiscal=0, Social=0",Télécommunications,False,
258,BO_7454_Fr,5,fr,"Entrée en vigueur, durée et renouvellement de la licence
5.1
Entrée en vigueur de la licence
Le présent cahier des charges entre en vigueur à la date de publication du décret qui en
approuve les dispositions.
L'ouverture commerciale du service 5G doit intervenir, au plus tard, quatre (4) mois
suivant la date d'entrée en vigueur de la licence.
Dans le cas où Wana Corporate ne serait pas en mesure de procéder à l'ouverture
commerciale du service dans le délai précité, il avise l'ANRT des mesures déployées pour
se conformer à son cahier des charges.
Wana Corporate est tenu d'informer l'ANRT de la date effective du début de la
commercialisation de ses services sept (7) jours ouvrables avant cette date. L'ANRT peut
exiger de Wana Corporate qu'il apporte des précisions additionnelles ou des
modifications à son programme de lancement commercial.
5.2
Durée de validité de la licence
La licence d'établissement et d'exploitation du réseau public de télécommunications objet
du présent cahier des charges, est accordée pour une durée de vingt (20) ans à compter
de la date d'entrée en vigueur du présent cahier des charges définie à l'",Environnement,"Environnement=1, Fiscal=0, Social=0",Télécommunications,False,
259,BO_7454_Fr,5,fr,"1 ci-dessus.
5.3
Renouvellement de la licence
Sur demande déposée auprès de l'ANRT par Wana Corporate vingt-quatre (24) mois au
moins avant la fin de la période de validité de la licence, celle-ci peut être renouvelée par
périodes supplémentaires n'excédant pas cinq (5) ans chacune.
Le renouvellement de la licence, objet du présent cahier des charges, n'est alors pas
soumis aux procédures de l'appel à concurrence. Il intervient par décret sur proposition de
l'ANRT. Le renouvellement de la licence peut être assorti de modifications des conditions
du présent cahier des charges ou d'engagements supplémentaires à ceux prévus par le
présent cahier des charges.
Il peut être opposé un refus à la demande de renouvellement si Wana Corporate a manqué
dans l'exécution de ses obligations définies par le présent cahier des charges au cours de
la durée initiale ou étendue de la licence. Ce refus n'ouvre droit à aucun dédommagement.",Environnement,"Environnement=2, Fiscal=0, Social=0",Télécommunications,False,
260,BO_7454_Fr,6,fr,"Forme juridique de Wana Corporate et actionnariat
6.1
Wana Corporate est constitué et doit demeurer sous forme d'une société de droit marocain.
6.2
L'actionnariat de Wana Corporate à la date de publication du présent cahier des charges
est constitué comme indiqué en annexe 1 du présent cahier des charges.
Toute modification de la répartition de l'actionnariat de Wana Corporate et/ou tout
changement de contrôle d'un actionnaire de Wana Corporate est notifiée à l'ANRT.
Nº 7454 – 14 joumada I 1447 (6-11-2025)
Toute modification de l'actionnariat de Wana Corporate impliquant l'entrée d'un nouvel
actionnaire ou toute modification de l'actionnariat de Wana Corporate entraînant un
changement de contrôle de Wana Corporate est soumise à l'approbation préalable de
l'ANRT. Wana Corporate notifie à cet effet à l'ANRT l'opération envisagée en portant à sa
connaissance toute information utile. À défaut de réponse dans un délai de deux (2) mois
suivant la notification à l'ANRT du dossier complet relatif au projet de modification de
l'actionnariat de Wana Corporate, l'autorisation est réputée acquise.",Environnement,"Environnement=2, Commercial=1, Fiscal=0",Télécommunications,False,
261,BO_7454_Fr,7,fr,"Prise de participation et concurrence
7.1
Interdiction de prise d'intérêt dans un exploitant marocain concurrent de Wana Corporate
Toute personne qui possède, directement ou indirectement, une participation dans Wana
Corporate, ne pourra posséder, directement ou indirectement quelque intérêt que ce soit
dans un autre exploitant marocain concurrent, étant précisé toutefois que la détention,
directe ou indirecte, par toute personne d'une participation n'excédant pas dix pour cent
(10%) dans le capital d'une société qui possède, directement ou indirectement, un intérêt
dans un autre exploitant marocain concurrent ne sera pas considérée comme un
manquement à cette obligation.
7.2
Concurrence loyale
Wana Corporate est obligé par les dispositions législatives et réglementaires relatives à la
concurrence en vigueur au Maroc.",Commercial,"Commercial=1, Environnement=1, Fiscal=0",Télécommunications,False,
262,BO_7454_Fr,8,fr,"Engagements internationaux et coopération internationale
8.1
Wana Corporate est tenu de respecter les conventions et les accords internationaux
conclus par le Royaume du Maroc en matière de télécommunications, notamment les
conventions,
règlements
et
arrangements
de
l'Union
Internationale
des
Télécommunications et des organisations internationales et régionales auxquelles adhère
le Royaume du Maroc.
Il tient l'autorité gouvernementale chargée des télécommunications et l'ANRT informées
des dispositions qu'il prend à cet égard.
8.2
Wana Corporate est autorisé à participer en qualité d'exploitant de réseaux et de services
de télécommunications à des organismes internationaux traitant des télécommunications.
CHAPITRE II - CONDITIONS GENERALES D'ETABLISSEMENT ET D'EXPLOITATION DU RESEAU DE
TELECOMMUNICATIONS",Environnement,"Environnement=2, Fiscal=0, Social=0",Télécommunications,False,
263,BO_7454_Fr,9,fr,"Conditions d'établissement des réseaux
9.1
Normes et spécifications des équipements et installations
Wana Corporate devra veiller à ce que les équipements connectés à ses réseaux soient
préalablement agréés par l'ANRT conformément aux articles 15 et 16 de la loi n°24-96 telle
que modifiée et complétée et à la réglementation en vigueur.
Wana Corporate ne peut s'opposer à la connexion à son réseau d'un équipement terminal
agréé dans les conditions définies par la réglementation en vigueur.
Nº 7454 – 14 joumada I 1447 (6-11-2025)
9.2
Infrastructure de réseaux
9.2.1 Réseau propre
Wana Corporate est autorisé à construire ses propres infrastructures pour les besoins
de son réseau. Il peut établir, à cet effet, des liaisons filaires et/ou radioélectriques,
notamment les liaisons par faisceaux hertziens, sous réserve de disponibilité de
fréquences, pour assurer des liaisons de transmission exclusivement entre :
•
Les équipements de son réseau installé sur le territoire marocain ; et
•
Les équipements de son réseau installé sur le territoire marocain et les points
d'interconnexion sur le territoire marocain avec les réseaux des autres exploitants
de réseaux publics de télécommunications au Maroc.
9.2.2 Location d'infrastructure
Wana Corporate peut également louer des liaisons ou des infrastructures auprès d'un
autre exploitant de réseaux publics de télécommunications ou d'un exploitant
d'infrastructures alternatives pour assurer un lien direct entre les équipements de son
réseau ou entre ses équipements et ceux d'autres exploitants de réseaux publics de
télécommunications dans le respect de la réglementation en vigueur au Royaume du
Maroc. Les modalités techniques et financières de location de capacité de transmission
doivent être transmises, pour information, à l'ANRT avant leur mise en œuvre.
9.2.3 Partage d'infrastructure de réseaux
Wana Corporate est tenu, concernant les demandes d'accès à ses infrastructures,
formulées par les autres exploitants titulaires de licences d'établissement et
d'exploitation de réseaux publics de télécommunications au Royaume du Maroc, de se
conformer à la réglementation en vigueur.
9.3
Accès direct à l'international
Wana Corporate est tenu d'acheminer l'intégralité des communications internationales
sortantes et de recevoir les communications entrantes de ses abonnés à travers les
réseaux des exploitants nationaux autorisés titulaires d'une licence permettant
d'acheminer les télécommunications internationales.
Wana Corporate devra permettre à chacun de ses abonnés, y compris les usagers
visiteurs et itinérants, de choisir librement l'opérateur de télécommunications
internationales installé au Maroc auquel ils souhaitent confier l'acheminement de leurs
communications internationales.
9.4
Fréquences
9.4.1 Attribution de fréquences
Aux fins d'établir son réseau public de télécommunications 5G et d'exploiter les services
de télécommunications autorisés par la licence régie par le présent cahier des charges, il
est attribué à Wana Corporate les ressources en fréquences, dites bandes de services,
dont la liste est jointe en annexe 2 du présent cahier des charges.
9.4.2 Attribution de fréquences de service supplémentaires
Sur demande motivée, Wana Corporate peut solliciter de l'ANRT que lui soit attribuée
une ressource en fréquences de services supplémentaire dans le respect de la
réglementation applicable au moment du dépôt de sa demande auprès de l'ANRT.
L'ANRT est tenue de répondre à cette demande dans un délai maximum de six (6) mois
à compter de la date de dépôt de la demande attestée par un accusé de réception.
Nº 7454 – 14 joumada I 1447 (6-11-2025)
9.4.3 Conditions d'utilisation des fréquences
Pour chaque fréquence octroyée, l'ANRT pourra, si nécessaire, imposer des conditions
de couverture et des limites de puissance de rayonnement sur l'ensemble du territoire
national ou sur des zones géographiques spécifiques.
Pour des fréquences autres que les bandes de services, l'ANRT procède à des
assignations de fréquences dans les différentes bandes conformément à la
réglementation en vigueur et en fonction de la disponibilité du spectre.
Wana Corporate communique, à la demande de l'ANRT, les plans d'utilisation des
bandes de fréquences qui lui ont été assignées.
Wana Corporate s'engage à mettre en service les fréquences attribuées, dites bandes
de services, dans un délai de deux (2) ans à compter de la date de leur attribution par
l'ANRT.
En cas de non-respect du délai de deux (2) ans pour la mise en service des fréquences,
dites bandes de services, l'ANRT se réserve le droit de révoquer l'attribution desdites
fréquences sans indemnité. Wana Corporate devra alors restituer les fréquences non
utilisées.
9.4.4 Interférences
Sous réserve du respect de la réglementation en vigueur, des impératifs de la
coordination nationale et internationale et à la condition de ne pas provoquer
d'interférences ou brouillages nuisibles constatés, les conditions d'établissement et
d'exploitation des installations radioélectriques de réseaux publics de télécommunications
5G et les puissances de rayonnement sont libres.
En cas d'interférence entre les canaux des exploitants nationaux de réseaux publics de
télécommunications, ces derniers doivent, au plus tard dans les sept (7) jours suivant la
date du constat, informer l'ANRT de la date et du lieu des interférences et des conditions
d'exploitation en vigueur des canaux objets de l'interférence. Ces exploitants de réseaux
publics de télécommunications soumettent à l'ANRT, dans un délai maximum d'un (1)
mois pour approbation, les mesures convenues afin de remédier auxdites interférences.
Concernant plus spécifiquement les interférences éventuelles entre les technologies
mobiles 5G et des réseaux existants, Wana Corporate s'engage à respecter la procédure
décrite dans l'annexe 5.
9.4.5 Interconnexion
En application de l'article 11 de la loi n°24-96 précitée et des textes pris pour son
application, Wana Corporate bénéficie du droit d'interconnect",Environnement,"Environnement=28, Fiscal=0, Social=0",Télécommunications,True,
264,BO_7454_Fr,10,fr,"Conditions d'exploitation des services de télécommunications
Les services de télécommunications sont exploités conformément aux dispositions de la loi n°24-
96 précitée et de la réglementation en vigueur à compter de l'ouverture commerciale du service
qui doit intervenir dans le délai indiqué à l'",Indéterminé,"Fiscal=0, Social=0, Administratif=0",Télécommunications,False,
265,BO_7454_Fr,5,fr,"1 ci-dessus.
Nº 7454 – 14 joumada I 1447 (6-11-2025)
10.1 Permanence et continuité du service
Wana Corporate est tenu d'assurer une permanence/disponibilité effective des services
de télécommunications 24 heures sur 24, et 7 jours sur 7, y compris aux heures chargées.
Il s'oblige à prendre les mesures nécessaires pour assurer un fonctionnement régulier et
permanent des installations de ses réseaux et leur protection. Il doit mettre en œuvre,
dans les meilleurs délais, des moyens humains et techniques susceptibles de pallier les
conséquences les plus graves des défaillances, de neutralisation ou de destruction de ses
installations.
Dans le respect du principe de continuité, et sauf en cas de force majeure dûment
constatée, Wana Corporate ne peut interrompre la fourniture des services de
télécommunications sans y avoir été, préalablement, autorisé par l'ANRT.
En particulier, Wana Corporate doit, dans le respect des principes fondamentaux de
continuité, d'égalité et d'adaptabilité et des conditions du présent cahier des charges,
assurer la prestation des services de télécommunications au départ et à l'arrivée des
terminaux raccordés à son réseau, avec tout abonné d'un autre exploitant de réseau public
de télécommunications avec lequel Wana Corporate a conclu un accord d'interconnexion.
En outre, Wana Corporate doit :
•
acquérir, maintenir et renouveler le matériel de ses réseaux conformément aux normes
internationales en vigueur et à venir ;
•
et assurer le contrôle de ses réseaux en vue de leur fonctionnement normal et
permanent.
10.2 Qualité de service
10.2.1 Wana Corporate s'engage à mettre en œuvre tous les moyens pour atteindre des
niveaux de qualité de service comparables aux standards internationaux.
Wana Corporate devra mettre en œuvre les protections et redondances nécessaires
pour garantir une qualité et une disponibilité de service satisfaisantes et les équipements
et les procédures nécessaires afin que les objectifs de qualité de service demeurent au
niveau prévu par les normes en vigueur, en particulier par l'UIT, notamment pour ce qui
concerne les taux de disponibilité, les taux d'erreur de bout en bout, les délais de
satisfaction des demandes de service, l'efficacité et la rapidité de la maintenance du
réseau, la relève des dérangements et l'adaptation des fonctions d'exploitation et de
commercialisation.
En particulier, Wana Corporate s'engage à respecter l'intégralité des critères de qualité de
service définis à l'annexe 4 du présent cahier des charges. Compte tenu notamment des
évolutions technologiques, l'ANRT peut, conformément à la réglementation en vigueur,
apporter des mises à jour à l'annexe précitée en vue de faire adapter les réseaux aux
exigences du marché national.
10.2.2 Préalablement à l'ouverture commerciale du service, Wana Corporate doit remettre à
l'ANRT un rapport décrivant en détail les méthodes qui seront utilisées pour superviser et
contrôler la qualité de service, notamment :
a. les indicateurs du degré de satisfaction des abonnés ;
b. la périodicité de la maintenance des équipements de son réseau ;
c. les moyens techniques offerts aux équipes de planning, exploitation et maintenance.
10.2.3 Wana Corporate doit soumettre, au plus tard le 31 janvier de chaque année, un rapport
comprenant une liste des valeurs des indicateurs de qualité de service conformément
aux dispositions de l'",Environnement,"Environnement=16, Fiscal=0, Social=0",Télécommunications,False,
266,BO_7454_Fr,10,fr,"2.1. ci-dessus et de l'annexe 4 du présent cahier des
charges.
Nº 7454 – 14 joumada I 1447 (6-11-2025)
L'ANRT peut procéder à des contrôles auprès de Wana Corporate. Ce dernier doit mettre
à la disposition de l'ANRT les moyens nécessaires à cet effet.
L'ANRT peut modifier les conditions minimales de qualité de service et les paramètres
les quantifiant en concertation avec Wana Corporate. La notification de la modification
est adressée à Wana Corporate au moins six (6) mois avant la date de son entrée en
vigueur.
10.3 Confidentialité et sécurité des communications
Sous réserve des exigences de la défense nationale, de la sécurité publique et des
prérogatives de l'autorité judiciaire, Wana Corporate prend les mesures propres à assurer
le secret des informations qu'il détient sur la localisation des clients abonnés, visiteurs ou
itinérants.
Wana Corporate est tenu de porter à la connaissance de ses agents les obligations
auxquelles ils sont assujettis et les sanctions qu'ils encourent en cas de non-respect du
secret des correspondances.
Il informe également ses abonnés des services existants permettant, le cas échéant, de
renforcer la sécurité des communications.
10.3.1 Identification
Wana Corporate propose à tous ses abonnés une fonction de blocage de l'identification,
par le poste appelé, de leur numéro et met en œuvre un dispositif particulier de
suppression de cette fonction, conformément à la réglementation en vigueur.
10.3.2 Informations nominatives sur les abonnés de Wana Corporate
Wana Corporate prend les mesures propres à assurer la protection et la confidentialité
des informations nominatives qu'il détient, qu'il traite ou qu'il inscrit sur le module
d'identification des abonnés dans le respect des dispositions législatives et
réglementaires en vigueur.
En application de l'article 23 de la loi n°24-96 précitée, tout client doit faire l'objet, par
Wana Corporate, d'une identification précise comportant notamment les éléments
suivants :
•
nom, prénom,
•
adresse, et
•
les références exactes d'une pièce d'identité officielle.
Pour l'identification des personnes morales, l'identification comporte notamment les
éléments relatifs à la raison sociale et au registre du commerce.
Cette
identification
doit
être
faite
au
moment
de
la
souscription
de
l'abonnement/souscription.
Wana Corporate met en place et tient à jour une base de données, y compris sous format
électronique, comportant les informations relatives à l'identification de ses clients. Cette
base de données est mise à la disposition de l'ANRT, à sa demande, dans le respect des
dispositions de la loi n°09-08 relative à la protection des personnes physiques à l'égard
du traitement des données à caractère personnel et des textes pris pour son application.
Nº 7454 – 14 joumada I 1447 (6-11-2025)
10.3.3 Neutralité
Wana Corporate garantit que son service est neutre vis-à-vis du contenu des
informations transmises sur son réseau.
Il s'oblige à prendre toutes les mesures nécessaires pour garantir la neutralité de son
personnel vis-à-vis du contenu des messages transmis sur son réseau. Quelle que soit
la nature des messages transmis, il offre à cet effet le service, sans discrimination, et
prend les dispositions utiles pour en assurer l'intégrité.
10.4 Défense nationale, sécurité et sûreté publiques et prérogatives de l'autorité
judiciaire
Wana Corporate est tenu de prendre toutes mesures pour se conformer aux prescriptions
exigées par la défense nationale, la sécurité et la sûreté publiques et les prérogatives de
l'autorité judiciaire, telles que précisées par la législation et la réglementation en vigueur, et
d'intégrer, à sa charge, dans ses installations, les équipements nécessaires à cet effet.
A ce titre, Wana Corporate s'engage notamment à :
▪ analyser les risques liés aux réseaux et services qu'il offre, en recensant les
vulnérabilités et les menaces qui peuvent les affecter et à mettre en œuvre les actions
correctives requises à cet effet.
Dans ce cadre, Wana Corporate mène, chaque 3 années, un audit global de ses
installations dont le rapport et les mesures correctives sont transmises à l'ANRT.
Wana Corporate doit imposer à ses fournisseurs de respecter les différentes exigences
et contrôler, à chaque fois que nécessaire, leurs chaînes d'approvisionnement.
▪ modifier, sur demande de l'ANRT, ses installations sur des zones clairement
délimitées, afin d'y réduire les risques de vulnérabilité ;
▪ informer les Autorités concernées et l'ANRT, dans un délai ne pouvant être supérieur à
un (1) an, ni inférieur à trois (3) mois, de tout projet d'évolution de ses réseaux ou des
services offerts, qui pourrait nécessiter la mise à niveau des moyens utilisés par lesdites
Autorités ou mis à leur disposition et de prendre, à sa charge, cette mise à niveau, en
l'intégrant dans ledit projet et en respectant les prescriptions établies en concertation
avec lesdites Autorités ;
▪ adopter, à son initiative ou sur demande des Autorités concernées, des mesures
techniques et opérationnelles appropriées pour assurer l'intégrité de ses installations
ainsi que leur gestion, exploitation et surveillance sécurisées ;
▪ respecter les normes et spécifications techniques applicables aux installations
déployées et aux systèmes d'information associés ;
▪ se conformer aux normes de certification applicables aux réseaux et services 5G ;
▪ mettre en œuvre et respecter les règles et les dispositions relatives à la sécurité de ses
systèmes d'information, conformément à la Loi n°05-20 relative à la Cybersécurité, et des
textes pris pour son application ;
▪ assurer le fonctionnement régulier de ses installations ;
▪ garantir la mise en œuvre, dans les meilleurs délais, de moyens techniques et humains
susceptibles de pallier les conséquences les plus graves des défaillances, de
neutralisation ou de destruction de ses installations. En cas d'incident de sécurité,
Wana Corporate informera sans délai l'ANRT et les autorités nationales concernées ;
▪ pouvoir répondre pour sa ",Environnement,"Environnement=19, Commercial=3, Administratif=1",Télécommunications,True,
267,BO_7454_Fr,11,fr,"Conditions d'exploitation commerciale
11.1 Liberté des prix et commercialisation
11.1.1 Conformément à la réglementation en vigueur au Maroc et sous réserve des exceptions
visées aux articles 11.1.3 et 11.1.4 ci-dessous, Wana Corporate bénéficie des droits ci-
après:
▪ la liberté de fixation des prix des services offerts à ses clients ;
▪ la liberté du système global de tarification, qui peut notamment comprendre des
réductions en fonction du volume ;
▪ la liberté de la politique de commercialisation.
Nº 7454 – 14 joumada I 1447 (6-11-2025)
11.1.2 Wana Corporate communique à l'ANRT les tarifs de détail qu'il établit trente (30) jours au
moins avant la date à laquelle ces tarifs doivent entrer en vigueur.
11.1.3 L'ANRT peut exiger de Wana Corporate qu'il modifie les tarifs qu'il envisage d'appliquer
à ses services s'il apparaît que ces changements tarifaires ne respectent pas,
notamment, les règles d'une concurrence loyale, conformément à la réglementation en
vigueur en la matière au Maroc.
11.1.4 Dans le cadre de ses relations contractuelles avec d'éventuels sous-traitants,
distributeurs, revendeurs ou agents commerciaux, Wana Corporate doit veiller au
respect des engagements de ces derniers au regard :
▪ de l'égalité d'accès et de traitement des clients ;
▪ de la structure tarifaire éditée par Wana Corporate;
▪ du respect de la confidentialité des informations détenues sur les clients, dans le
respect notamment des dispositions de la loi n°09-08 précitée et des textes pris pour
son application.
En tout état de cause, Wana Corporate conserve la responsabilité de la fourniture du
service à ses clients.
11.2 Principes de facturation
11.2.1 Sur le territoire marocain, le coût de la communication est totalement imputé au poste
demandeur, à l'exception des offres commerciales prévoyant que le coût de la
communication soit également supporté par le destinataire ou qu'il soit intégralement
payé par le destinataire.
En dehors du territoire marocain, les principes de tarification prévus dans les accords
auxquels le Maroc est Partie ou conclus par Wana Corporate s'appliquent, dans le
respect des règles de transparence vis-à-vis de l'abonné.
11.2.2 Wana Corporate est tenu de permettre à ses clients de pouvoir identifier sur la facture
les montants taxés pour chaque catégorie de tarifs appliqués. Il fournit une facture
détaillée des services offerts à tout abonné du réseau qui lui en fait la demande.
Les facturations des divers services fournis aux clients sont séparées et clairement
identifiées.
11.2.3 L'ANRT peut, à tout moment, procéder à la vérification de tout ou partie des équipements
et systèmes informatiques de facturation, des modes opératoires, des fichiers de
données et des documents comptables utilisés dans la facturation des services de
télécommunications.
11.3 Publicité des tarifs
Wana Corporate a l'obligation d'informer le public de ses tarifs et de ses conditions générales
d'offres de services dans le respect de la réglementation en vigueur au Maroc.
Wana Corporate est tenu de publier les tarifs de fourniture de chaque catégorie de
service, de connexion, de maintien, d'adaptation ou de réparation de tout équipement
terminal commercialisé par lui-même et connecté à son réseau.
La notice portant publicité des tarifs se fera dans les conditions suivantes :
▪ Un exemplaire de la notice est transmis à l'ANRT au moins trente (30) jours avant
l'entrée en vigueur de tout changement envisagé. L'ANRT peut exiger de Wana
Corporate d'apporter des modifications aux tarifs de ses services ou des conditions
de vente, s'il apparaît que ces changements ne respectent pas les règles de
concurrence loyale. Ils doivent être justifiés à la demande de l'ANRT au regard des
éléments de coût y afférents.
Nº 7454 – 14 joumada I 1447 (6-11-2025)
▪ Un exemplaire de la notice définitive, librement consultable, est mis à la disposition du
public dans chaque agence commerciale ou point de vente d'un sous-traitant chargé
de la commercialisation des services en question.
▪ Un exemplaire de la notice définitive ou les extraits appropriés sont remis à toute
personne qui en fait la demande.
▪ Chaque fois qu'il y a modification des tarifs, les nouveaux tarifs et la date de leur entrée
en vigueur sont clairement indiqués.
11.4 Tenue de comptabilité
Wana Corporate se conforme, pour la tenue et l'audit de sa comptabilité analytique, aux
prescriptions de l'article 4 du décret n°2-97-1026 du 25 février 1998, relatif aux conditions
générales d'exploitation des réseaux publics de télécommunications, tel que modifié et
complété.
11.5 Accueil des usagers visiteurs
11.5.1 Wana Corporate pourra conclure des accords spécifiques avec les exploitants de
réseaux publics terrestres de télécommunications autorisés au Royaume du Maroc,
relatifs aux modalités d'accueil sur leurs réseaux respectifs de leurs clients respectifs.
11.5.2 Les accords d'itinérance nationale fixent notamment les conditions de tarification et de
facturation dans lesquelles les abonnés itinérants peuvent accéder au réseau de Wana
Corporate. Ils doivent garantir la continuité de service entre le réseau de Wana Corporate
et le réseau de l'exploitant bénéficiant de l'itinérance, d'une manière transparente pour les
abonnés y compris pendant la communication dès lors que ceci est techniquement
possible.
Tous les accords d'itinérance sont établis sur la base de négociations commerciales entre
exploitants de réseaux publics de télécommunications.
Ils sont communiqués à l'ANRT au plus tard un mois après leur conclusion.
11.5.3 Les zones couvertes dans le cadre de l'itinérance nationale ne sont pas comprises dans
les prestations effectuées par Wana Corporate au titre de ses contributions aux missions
générales de l'Etat ou de ses obligations de couverture telles que figurant en annexe 3
du présent Cahier des Charges.
11.5.4 Wana Corporate informe périodiquement l'ensemble de ses abonnés des zones
couvertes par les accords d'itinérance nationale et des tarifs d'itinérance.
11",Environnement,"Environnement=19, Commercial=2, Fiscal=1",Télécommunications,True,
268,BO_7454_Fr,12,fr,"Contribution à la recherche, à la formation et à la normalisation en matière
de télécommunications
12.1 Conformément aux dispositions de la loi n°24-96 précitée, Wana Corporate est redevable
d'une contribution annuelle au titre de sa contribution à la recherche et à la formation.
12.2 Conformément aux dispositions de la loi n°24-96 précitée, le montant annuel de cette
contribution est fixé à :
▪ 0,75 % du chiffre d'affaires de Wana Corporate au titre de la formation et de la
normalisation,
et
▪ 0,25 % de son chiffre d'affaires au titre de la recherche.
Le chiffre d'affaires considéré est défini à l'",Fiscal,"Fiscal=4, Environnement=3, Social=0",Télécommunications,False,
270,BO_7454_Fr,13,fr,"Contribution aux missions et charges du service universel
Wana Corporate contribue annuellement, conformément à la réglementation en vigueur, aux
missions et charges du service universel dans la limite de deux pour cent (2%) de son chiffre
d'affaires, tel que défini à l'",Fiscal,"Fiscal=1, Environnement=1, Social=0",Télécommunications,False,
272,BO_7454_Fr,14,fr,"Modalités de paiement des contributions aux missions générales de l'Etat
14.1 Les contributions de Wana Corporate, prévues aux articles 12 et 13 ci-dessus, sont
calculées conformément aux articles 10Bis et 13Bis de la loi n°24-96 précitée et des textes
et décisions pris pour son application.
14.2 Les contributions à la recherche, à la formation et à la normalisation en matière de
télécommunications ainsi qu'au service universel sont recouvrées conformément à la
réglementation en vigueur.
14.3 L'ANRT contrôle les déclarations faites à ce titre par Wana Corporate, et se réserve le droit
d'effectuer toute inspection et enquête qu'elle juge nécessaires et, le cas échéant, procède
à des redressements après avoir provoqué les explications de Wana Corporate.
CHAPITRE II - CONTREPARTIE FINANCIERE ET REDEVANCES",Fiscal,"Fiscal=3, Pénal=1, Environnement=1",Télécommunications,False,
273,BO_7454_Fr,15,fr,"Contrepartie financière pour l'attribution de la licence
15.1 En application des dispositions de l'article 10 de la loi n°24-96 précitée, Wana Corporate
est soumis au paiement d'une contrepartie financière d'un montant de six cent millions
(600.000.000) de dirhams. Ce montant est payable au comptant et en totalité dans les
trois (3) jours ouvrables suivant la date de notification par l'ANRT à Wana Corporate du
décret d'attribution de la licence.
15.2 Le paiement de cette contrepartie financière s'effectue au profit de la Trésorerie Générale
du Royaume.
15.3 Le montant de la contrepartie financière visée ci-dessus s'entend toutes taxes comprises.
Nº 7454 – 14 joumada I 1447 (6-11-2025)
15.4 Le paiement intervient :
▪ soit par remise entre les mains du directeur général de l'ANRT d'un chèque de banque
payable au Maroc, à l'ordre de la Trésorerie Générale du Royaume, émis par un
établissement bancaire autorisé au Maroc et pour le montant ci-dessus indiqué ;
▪ soit par virement direct du montant ci-dessus indiqué sur le compte de la Trésorerie
Générale du Royaume tel qu'il lui sera précisé par l'ANRT.
15.5 A défaut de paiement de la contrepartie financière dans le délai prévu à cet article, la licence
peut être retirée, sans préjudice du droit pour le Ministère de l'Economie et des Finances
de faire appel aux garanties de paiement.",Environnement,"Environnement=2, Fiscal=1, Social=0",Télécommunications,False,
274,BO_7454_Fr,16,fr,"Redevances pour assignation de fréquences radioélectriques
16.1 Conformément aux dispositions de la loi n°24-96 précitée, Wana Corporate est redevable
d'une redevance d'utilisation des fréquences qui lui sont attribuées/assignées dans les
conditions de l'article 9 (9.4) du présent cahier des charges en sus de la contrepartie
financière prévue à l'article 15 du présent cahier des charges.
16.2 Le montant de la redevance annuelle d'utilisation des fréquences est fixé conformément à
la réglementation en vigueur. Wana Corporate s'en acquitte auprès de l'ANRT
conformément à la réglementation en vigueur.
16.3 Le recouvrement des redevances d'utilisation des fréquences s'effectue conformément à
la législation relative au recouvrement des créances de l'État.
16.4 Wana Corporate contribue au financement du réaménagement des bandes de fréquences
de service qui lui sont attribuées dans le cadre du présent cahier des charges.
16.5 La contribution de Wana Corporate est évaluée, pour la bande de service 700 MHz, à
soixante millions (60.000.000) de dirhams. Le paiement de la contribution au
réaménagement de la bande de service 700 MHz s'effectue au profit de l'ANRT une fois
l'accord de principe pour l'attribution de chaque bloc est notifiée par l'ANRT à Wana
Corporate.",Fiscal,"Fiscal=4, Urbain=2, Social=0",Télécommunications,False,
275,BO_7454_Fr,17,fr,"Autres redevances, taxes et fiscalité
Wana Corporate est assujetti aux dispositions fiscales en vigueur. À ce titre, il doit s'acquitter
de tous les impôts, droits, taxes et redevances institués par la législation et la réglementation en
vigueur.
CHAPITRE III - RESPONSABILITE, CONTROLE ET SANCTIONS",Fiscal,"Fiscal=5, Social=0, Administratif=0",Télécommunications,False,
276,BO_7454_Fr,18,fr,"Responsabilité générale
Wana Corporate est responsable du bon fonctionnement de son réseau et du respect de
l'intégralité des obligations du présent cahier des charges ainsi que du respect des principes et
des dispositions législatives et réglementaires en vigueur.",Environnement,"Environnement=2, Fiscal=0, Social=0",Télécommunications,False,
277,BO_7454_Fr,19,fr,"Couverture des risques par les assurances
Wana Corporate couvre sa responsabilité civile et professionnelle des risques encourus en
vertu du présent cahier des charges, notamment au titre des biens affectés aux services, des
ouvrages en cours de construction et des équipements en cours d'installation, par des polices
d'assurance souscrites auprès de compagnies d'assurance agréées.
Wana Corporate tient à la disposition de l'ANRT les attestations d'assurance en cours de
validité.
Nº 7454 – 14 joumada I 1447 (6-11-2025)",Social,"Social=4, Urbain=1, Fiscal=0",Télécommunications,False,
278,BO_7454_Fr,20,fr,"Information et contrôle
20.1 Wana Corporate est tenu de mettre à la disposition de l'ANRT les informations ou
documents financiers, techniques et commerciaux nécessaires attestant du respect des
obligations qui lui sont imposées par les textes législatifs et réglementaires en vigueur ainsi
que par le présent cahier des charges.
20.2 Wana Corporate doit notamment fournir sur une base mensuelle à l'ANRT les
informations suivantes relativement à chacun des services exploités en vertu du présent
cahier des charges :
▪ le nombre d'abonnements/souscriptions à la fin de chaque mois, s'il y a lieu ;
▪ le nombre total des unités facturées ;
▪ le nombre d'appels mobiles-mobiles, mobiles-fixes et fixes-mobiles ;
▪ l'usage data total ;
▪ l'évolution du nombre de stations de base ;
▪ les résultats de qualité de service et de performance des réseaux, tels que définis en
annexe 4 dans le présent cahier des charges.
20.3 Wana Corporate doit également fournir à l'ANRT, sur une base annuelle, le trafic par
station de base.
20.4 Wana Corporate soumet à l'ANRT, au plus tard au 31 mars de chaque année, un rapport
détaillé portant notamment sur :
▪ l'exécution du présent cahier des charges ;
▪ le niveau de déploiement de son réseau atteint au cours de l'année écoulée et le plan de
déploiement de l'année suivante.
Ce rapport doit contenir toutes informations utiles de nature à permettre à l'ANRT de
contrôler que le niveau de déploiement des infrastructures par Wana Corporate est
conforme aux engagements de ce dernier reproduits en annexe 3 du présent cahier des
charges.
20.5 Wana Corporate s'engage à communiquer notamment à l'ANRT les informations
suivantes, dans les formes et les délais fixés par la législation et la réglementation en
vigueur et par le présent cahier des charges et au moins une fois par an au plus tard le
31 mars de chaque année :
▪ toute modification dans le capital et les droits de vote de Wana Corporate ou, dans le
cas où Wana Corporate est côté en bourse, toute déclaration de franchissement de
seuil ;
▪ un descriptif actualisé de l'ensemble des services offerts ;
▪ les tarifs et conditions générales des offres de services ;
▪ les données de trafic et de chiffre d'affaires ;
▪ les informations relatives à l'utilisation qualitative et quantitative des ressources
attribuées notamment en fréquences et en blocs de numéros ;
▪ les informations nécessaires au calcul des contributions aux missions et charges du
service universel ;
▪ les données relatives à la qualité de service, notamment au regard des indicateurs
pertinents permettant de l'apprécier ;
▪ l'ensemble des conventions d'interconnexion ;
▪ l'ensemble des conventions de location de capacités ;
▪ la localisation des sites où il a installé ses équipements et l'ensemble des conventions
de partage de site ; et
▪ toute autre information ou document prévu par le présent Cahier des charges ou la
législation en vigueur.
Nº 7454 – 14 joumada I 1447 (6-11-2025)
20.6 À la demande de l'ANRT et pour lui permettre d'exercer ses prérogatives, Wana Corporate
fournit, notamment, les informations suivantes :
▪ les contrats entre Wana Corporate et les distributeurs, revendeurs ou sociétés de
commercialisation ;
▪ les conventions d'occupation du domaine public ;
▪ les conventions de partage des infrastructures ;
▪ les contrats avec les clients ;
▪ toute information nécessaire pour l'instruction des règlements de litiges ;
▪ les contrats avec les opérateurs des pays tiers ;
▪ toute convention avec des organisations internationales ;
▪ toute information nécessaire pour vérifier le respect de l'égalité des conditions de
concurrence, et notamment les conventions ou protocoles conclus avec et/ou entre
les éventuelles filiales de Wana Corporate, les sociétés appartenant au même groupe
que Wana Corporate ou les différentes branches d'activités de Wana Corporate.
Les informations ci-dessus sont traitées par l'ANRT dans le respect du secret des affaires.
20.7 L'ANRT est habilitée à procéder, par ses agents commissionnés à cet effet ou par toute
personne dûment habilitée par elle, auprès de Wana Corporate à des enquêtes, y compris
celles qui nécessitent des interventions directes ou des branchements d'équipements
externes sur son propre réseau dans les conditions prévues par la législation et la
réglementation en vigueur.
20.8 En application de l'article 24 de la loi n°24-96 précitée, Wana Corporate est tenu de mettre
à  la disposition de l'ANRT les informations ou documents nécessaires à
l'accomplissement des missions qui lui sont dévolues.",Environnement,"Environnement=13, Civil=3, Commercial=2",Télécommunications,False,
279,BO_7454_Fr,21,fr,"Non-respect des conditions légales et réglementaires prévues par le cahier
des charges
21.1 Faute, pour Wana Corporate, de communiquer les informations exigées par la législation
et la réglementation en vigueur, régissant notamment l'interconnexion des réseaux publics
de télécommunications, l'utilisation des fréquences radioélectriques et des équipements de
télécommunications, ce dernier s'expose aux sanctions prévues à l'article 29Bis de la loi
n°24-96 précitée.
21.2 Faute, pour Wana Corporate, de remplir les obligations relatives à l'installation et à
l'exploitation du réseau qui lui sont imposées par la législation et la réglementation en
vigueur et par le présent cahier des charges, il est passible, sans préjudice d'éventuelles
poursuites pénales, des sanctions prévues aux articles 30 et 31 de la loi n°24-96 précitée.
21.3 Les sanctions légalement prises en vertu de l'article 30 (point c) de la loi précitée n°24-96
n'ouvrent droit à aucune indemnité au profit de Wana Corporate.
TITRE 3 : DISPOSITIONS FINALES",Environnement,"Environnement=3, Fiscal=0, Social=0",Télécommunications,False,
280,BO_7454_Fr,22,fr,"Modification du cahier des charges
22.1 Le présent cahier des charges ne peut être modifié que dans les conditions dans lesquelles
il a été établi et approuvé, conformément aux dispositions de la loi n°24-96 précitée.
22.2 À la demande de Wana Corporate ou de l'ANRT, le présent cahier des charges peut faire
l'objet d'extensions négociées qui ne donnent pas lieu à l'attribution d'une nouvelle licence,
notamment pour mettre le présent cahier des charges en conformité avec les évolutions
réglementaires ou avec toute autre évolution du réseau et/ou des services exploités par
Wana Corporate.
Nº 7454 – 14 joumada I 1447 (6-11-2025)",Environnement,"Environnement=3, Fiscal=0, Social=0",Télécommunications,False,
281,BO_7454_Fr,23,fr,"Signification et interprétation du cahier des charges
Le présent cahier des charges, sa signification et son interprétation sont régis par les lois et les
règlements en vigueur au Maroc.",Indéterminé,"Fiscal=0, Social=0, Administratif=0",Télécommunications,False,
282,BO_7454_Fr,24,fr,"Unités de mesure et monnaie des contributions
Pour tous documents, mémoires, notes techniques, plans et autres écrits, Wana Corporate est
tenu d'utiliser le système métrique et les unités de mesure s'y rattachant.
Les montants des différentes contributions sont dus en dirhams.",Fiscal,"Fiscal=2, Social=0, Administratif=0",Télécommunications,False,
283,BO_7454_Fr,25,fr,"Langue du cahier des charges
Le présent cahier des charges est rédigé en arabe et en français. La version arabe fera foi devant
les tribunaux marocains.",Indéterminé,"Fiscal=0, Social=0, Administratif=0",Télécommunications,False,
284,BO_7454_Fr,26,fr,"Élection de domicile
Wana Corporate fait élection de domicile en son siège social :
Boulevard Sidi Mohamed Ben Abdellah,
Marina Shopping Center, Casablanca, Maroc.",Administratif,"Administratif=2, Fiscal=0, Social=0",Télécommunications,False,
285,BO_7454_Fr,27,fr,"Annexes
Les cinq annexes jointes au présent cahier des charges en font partie intégrante.
Pour des raisons de confidentialité, ces annexes ne seront pas publiées.
LISTE DES ANNEXES
Annexe 1
Actionnariat de Wana Corporate à la date d'attribution de la licence
Annexe 2
Liste des fréquences de service attribuées à Wana Corporate
Annexe 3
Engagements de Wana Corporate pour le déploiement de son réseau
Annexe 4
Engagements de Wana Corporate relatifs à la qualité de service
Annexe 5
Procédure concernant les interférences potentielles entre les réseaux 5G et les
réseaux existants
Le texte en langue arabe a été publié dans l'édition générale du « Bulletin officiel » n° 7453 du 11 joumada I 1447
(3 novembre 2025).
Nº 7454 – 14 joumada I 1447 (6-11-2025)
AVIS ET COMMUNICATIONS
Avis
du Conseil économique, social et environnemental
« Vers  une économie circulaire des équipements électriques et électroniques : du déchet à
la ressource »
Commission permanente chargée de l'environnement et du développement durable
Conformément aux dispositions de l'article 6 de la loi organique n°128-12, le Conseil
Économique, Social et Environnemental (CESE) s'est autosaisi de la question de l'économie
circulaire appliquée à la filière des déchets d'équipements électriques et électroniques
(DEEE).
Dans ce cadre, le Bureau du Conseil a confié à la Commission chargée de l'environnement
et du développement durable1 l'élaboration dudit avis.
Lors de sa 157ème session ordinaire, tenue le 25 avril 2024, l'Assemblée Générale du CESE a
adopté à l'unanimité l'avis intitulé : «vers une économie circulaire des équipements
électriques et électroniques : du déchet à la ressource».
Elaboré sur la base d'une approche participative, cet avis est le résultat d'un débat
approfondi entre les différentes catégories qui composent le Conseil, d'auditions menées
avec les principales parties prenantes 2 , ainsi que d'une consultation lancée via la
plateforme digitale de participation citoyenne «ouchariko.ma»3. De plus, un atelier citoyen
a été organisé pour discuter des projets de recommandations principales proposées.
1 Annexe 1 : Liste des membres de la commission chargée de l'environnement et du développement durable
2 Annexe 2 : Liste des institutions et acteurs auditionnés
3 Annexe 3 :  Résultats de la consultation citoyenne
Nº 7454 – 14 joumada I 1447 (6-11-2025)
Introduction
Les équipements électriques et électroniques (EEE) sont devenus omniprésents dans notre
quotidien. Ils façonnent nos modes de vie, transforment nos sociétés et constituent des
moteurs essentiels du progrès technologique et économique à l'échelle mondiale. Toutefois,
leur multiplication exponentielle s'accompagne d'une croissance tout aussi rapide des
déchets qu'ils produisent en fin de vie, avec des impacts environnementaux et sanitaires de
plus en plus préoccupants.
A cet égard, les statistiques révèlent que les DEEE connaissent une croissance sans
précédent4 : leur volume devrait atteindre près de 82 millions de tonnes d'ici 2030, dépassant
les déchets ménagers et devenant ainsi la catégorie de déchets à la croissance la plus rapide
au monde5. En revanche, seulement 17,4 % de ces déchets sont collectés et recyclés de
manière formelle, dont 42 % en Europe. Au Maroc, le taux de recyclage des DEEE plafonnait
à 13 % en 2020, alors que leur volume augmente chaque année de 3,5 %, et devrait avoisiner
213.000 tonnes d'ici 20306.
C'est dans ce contexte que le Conseil économique, social et environnemental (CESE) a choisi
de consacrer un avis à la problématique des déchets d'équipements électriques et
électroniques au Maroc. Il attire l'attention sur les risques environnementaux et sanitaires
liés à la toxicité de nombreux composants de ces équipements et explore les leviers d'une
économie circulaire spécifique à cette filière, capable de :
-
accroître la contribution du recyclage à la création de valeur et d'emplois ;
-
réduire significativement l'empreinte carbone ainsi que les nuisances pour la santé et
l'environnement ;
-
valoriser ces déchets comme une ressource supplémentaire de matières et matériaux
recyclables, au bénéfice de l'industrie nationale.
Elaboré dans le cadre d'une auto-saisine, cet avis s'inscrit dans la continuité des travaux déjà
menés par le CESE pour l'intégration des principes de l'économie circulaire. En 2022, le
Conseil avait consacré un avis à la gestion des déchets ménagers et des eaux usées, dans
lequel il recommandait d'accélérer la transition vers un modèle économique intégrant
pleinement la valorisation des ressources issues des déchets.
En 2023, le Conseil a élargi ses travaux aux minerais stratégiques et critiques, compte tenu de
leur rareté et de leur coût. Parmi ses recommandations, il a proposé de recycler les DEEE et
d'en extraire les composants métalliques stratégiques et critiques, afin de les réutiliser dans
l'industrie nationale. Cette approche permettrait de réduire la pression sur les stocks
nationaux de métaux, de diminuer la dépendance aux marchés étrangers et de renforcer la
souveraineté industrielle et économique du pays.
4 Selon le Global Transboundary E-waste Flows Monitor, les DEEE comprennent tous les équipements électriques et
électroniques et leurs pièces, jetés par leurs propriétaires comme déchets, sans intention de les réutiliser. Ils concernent une
large gamme de produits - presque tous les articles ménagers ou professionnels dotés de circuits ou de composants
électriques, avec une alimentation électrique ou une batterie.
5 Rapport de suivi des déchets d'équipements électriques et électroniques à l'échelle mondiale pour 2024, p28.
6 Audition du département chargé de l'environnement, du 20 septembre 2023 au CESE.
Nº 7454 – 14 joumada I 1447 (6-11-2025)
I.
DEEE
au
Maroc
7 :
une
faible
valorisation
aux
répercussions
environnementales et sanitaires
1. Un gisement prometteur
Le gisement national des DEEE s'élevait à 177 000 tonnes en 20228, contre 127 000 tonnes en
2015, et devrait atteindre 213 000 tonnes à l'horizon ",Environnement,"Environnement=44, Fiscal=1, Commercial=1",Télécommunications,True,
286,BO_7454_Fr,3,fr,"Néanmoins, le Catalogue marocain des déchets47, publié
ultérieurement dans le cadre des textes d'application de la loi, a classé les déchets issus des
équipements électriques et électroniques (code 16.02) parmi les déchets dangereux (désignés
par le symbole DD), en raison de leurs composants et substances nocifs, tels que le mercure,
le plomb, le phosphore, le verre, etc.
Ce classement soumet les DEEE aux dispositions législatives et réglementaires applicables aux
déchets dangereux, ainsi qu'aux normes et spécifications techniques à respecter pour leur tri,
leur emballage, leur collecte, leur transport, leur stockage, leur traitement et leur
valorisation, y compris l'identification d'installations spécialisées. Il prévoit également
l'interdiction d'importer des déchets dangereux, ainsi que les modalités de leur transit sur le
territoire national et de leur exportation en fonction de leur degré de dangerosité.
Selon le ministère chargé du développement durable, la loi n° 28-00 est actuellement en cours
de révision dans le cadre de la mise en œuvre de la stratégie nationale de réduction et de
valorisation des déchets. Cette stratégie considère le renforcement et l'adaptation du cadre
législatif et réglementaire comme un levier essentiel pour la réforme du secteur. La révision
vise notamment à institutionnaliser le principe de responsabilité élargie des producteurs et à
structurer le tri et la valorisation des déchets, en passant d'un modèle fondé sur les décharges
contrôlées à un modèle reposant sur des centres d'enfouissement et de valorisation (CEV).
Selon les acteurs consultés, le projet de loi devrait également intégrer des dispositions
spécifiques pour le traitement des DEEE, le renforcement de la production locale, ainsi que la
régulation de l'importation et de l'exportation des équipements électriques et électroniques
dans le cadre de l'économie circulaire.
https://adala.justice.gov.ma/api/uploads/2024/11/08/%D8%B8%D9%87%D9%8A%D8%B1%20%D8%B4%D8%B1%D9%8A%D9%81%20%D
8%B1%D9%82%D9%85%201.06.153%20%D8%A8%D8%AA%D9%86%D9%81%D9%8A%D8%B1%20%D8%A7%D9%84%D9%86%D9%81%D8
-
%A7%D9%8A%D8%A7%D8%AA%20%D9%88%D8%A7%D9%84%D8%AA%D8%AE%D9%84%D8%B5%20%D9%85%D9%86%D9%87%D8%A7
731055690252.pdf
47 Décret n° 2-07-253 du 14 rejeb 1429 (18 juillet 2008) portant classification des déchets et fixant la liste des déchets dangereux.
Nº 7454 – 14 joumada I 1447 (6-11-2025)
5. Initiatives publiques ambitieuses n'ayant pas encore atteint leurs objectifs
La stratégie nationale de réduction et de valorisation des déchets a été lancée en 2019 dans
le cadre d'un partenariat entre le ministère de l'Intérieur et le département ministériel chargé
de l'environnement. Elle fixe des objectifs stratégiques pour le développement des différentes
filières de valorisation des déchets, dont celle des déchets d'équipements électriques et
électroniques (DEEE), avec un taux de valorisation cible de 40'% d'ici 2030. Cette stratégie vise
à stimuler fortement les activités de recyclage et de valorisation des déchets, tout en
encourageant les investissements et la création d'emplois verts48.
Graphique des objectifs de recyclage des déchets à l'horizon 2030 - chiffres issus de la SNRVD
Dans le cadre du Plan d'accélération industrielle 2014-2020, le ministère en charge de
l'Industrie a développé une dizaine d'écosystèmes industriels49 ,en s'engageant à faciliter
l'accès au foncier et la mobilisation de ressources financières nécessaires. Le recyclage et la
valorisation des déchets industriels constituent un pilier essentiel pour soutenir leur
développement et en assurer la durabilité (électricité, électronique, automobile,
aéronautique, énergie photovoltaïque, etc.). Cependant, les difficultés liées à la collecte et au
tri, en particulier en présence de matériaux dangereux et en raison du coût élevé de la
valorisation, posent de réels défis aux entreprises marocaines du secteur du recyclage, qui
peinent à maintenir leurs activités et à garantir la rentabilité de leurs investissements50.
Selon les professionnels auditionnés, la filière DEEE, lancée en 2019, n'a pas bénéficié d'une
stratégie de financement adaptée. Une mise en œuvre efficace nécessiterait d'accélérer la
contractualisation entre l'État, les collectivités territoriales et le secteur privé, ainsi que
50%
60%
70%
80%
80%
70%
80%
80%
42%
50%
50%
60%
50%
46%
36%
40%
30%
25%
27%
20%
12%
Plastique
Carton
Métaux Huiles usagées
DEEE
Batteries
Pneus
48 Audition du département chargé l'environnement, du 20 septembre 2023 au CESE.
49 Principaux écosystèmes industriels mis en place : automobile, textile, aéronautique, construction, industries mécaniques
et métallurgiques, industrie chimique, cuir, offshoring, industrie pharmaceutique et agroalimentaire.
50 Audition de la COVAD du 18 octobre 2023 au CESE.
Nº 7454 – 14 joumada I 1447 (6-11-2025)
l'élaboration d'une stratégie sectorielle intégrée, pilotée par les départements ministériels
chargés du développement durable et de l'industrie et le ministère de l'Intérieur.
La filière de recyclage des DEEE au Maroc pourrait générer un chiffre d'affaires annuel de 1,2
milliard de dirhams et une valeur ajoutée d'environ 182 millions de dirhams51. Au-delà de son
impact économique, elle permettrait de créer des emplois, de protéger la santé publique face
aux risques des déchets dangereux et de réduire l'empreinte environnementale des
substances toxiques. À titre d'exemple, le développement de la filière plastique en 2015 a
démontré l'efficacité d'un écosystème industriel structuré, soutenu par une écotaxe dédiée,
pour stimuler la valorisation et le financement durable des déchets52.
Sur le plan fiscal, la loi de finances au titre de l'exercice 2022 a instauré une taxe intérieure
sur la consommation écologique, dite taxe de recyclage 53 , sur certains équipements
électroniques ainsi qu'aux batteries de véhicules qui présentent au terme de leur cycle
d'utilisation, un risque de pollution en fin de vie. Toutefois, les recettes de cette taxe ne sont
pas a",Environnement,"Environnement=30, Fiscal=5, Administratif=2",Environnement,True,
287,BO_7470_Fr,PREMIER,fr,"Est approuvé, tel qu'il est annexé
à l'original du présent décret, le contrat conclu le 7 novembre
2025 entre le Royaume du Maroc et la Banque européenne
d'investissement (BEI), pour la garantie du prêt d'un montant
de soixante-dix millions d'euros (70.000.000 euros), consenti
par ladite banque à l'Office national de l'électricité et de l'eau
potable (ONEE), pour le financement du projet «Production
d'eau potable III (AEP3).
national de l'électricité et de l'eau potable (ONEE),
pour le financement du projet « Transmission Energie
Renouvelable ».",Environnement,"Environnement=3, Civil=1, Fiscal=0",Fiscal,False,
288,BO_7470_Fr,2,fr,"La ministre de l'économie et des finances est
chargée de l'exécution du présent décret qui sera publié au
Bulletin officiel.
LE CHEF DU GOUVERNEMENT,
Vu la loi de finances pour l'année 1982 n°  26-81
promulguée par le dahir n°  1-81-425 du 5 rabii I 1402
(1er janvier 1982), notamment son article 41, paragraphe I ;
Fait à Rabat, le 20 joumada II 1447 (11 décembre 2025).
AZIZ AKHANNOUCH.
Sur proposition de la ministre de l'économie et des finances,
Pour contreseing :
La ministre de l'économie
DÉCRÈTE :",Indéterminé,"Fiscal=0, Social=0, Administratif=0",Fiscal,False,
289,BO_7470_Fr,PREMIER,fr,"Est approuvé, tel qu'il est annexé
à l'original du présent décret, le contrat conclu le 7 novembre
2025 entre le Royaume du Maroc et la Banque européenne
d'investissement (BEI), pour la garantie du prêt d'un montant
de cent soixante-dix millions d'euros (170.000.000 euros),
consenti par ladite banque à l'Office national de l'électricité
et de l'eau potable (ONEE), pour le financement du projet
« Transmission Energie Renouvelable ».
et des finances,
NADIA FETTAH.
Le texte en langue arabe a été publié dans l'édition générale du
« Bulletin officiel » n° 7469 du 8 rejeb 1447 (29 décembre 2025).",Civil,"Civil=1, Environnement=1, Fiscal=0",Fiscal,False,
290,BO_7470_Fr,2,fr,"La ministre de l'économie et des finances est
chargée de l'exécution du présent décret qui sera publié au
Bulletin officiel.
Décret n°2-25-967 du 20 joumada II 1447 (11 décembre 2025)
approuvant la décision de Bank Al-Maghrib relative à la
mise en circulation d'un billet de banque de 100 dirhams
commémorant la 35ème édition de la Coupe d'Afrique des
Nations - Maroc 2025.
Fait à Rabat, le 20 joumada II 1447 (11 décembre 2025).
AZIZ AKHANNOUCH.
Pour contreseing :
La ministre de l'économie
et des finances,
NADIA FETTAH.
LE CHEF DU GOUVERNEMENT,
Vu les articles 5, 25, 54, 55, 57 et 58 de la loi n° 40-17
portant statut de Bank Al-Maghrib, promulguée par le dahir
n°1-19-82 du 17 chaoual 1440 (21 juin 2019) ;
Le texte en langue arabe a été publié dans l'édition générale du
« Bulletin officiel » n° 7469 du 8 rejeb 1447 (29 décembre 2025).
Vu l'article premier du décret n° 2-19-1095 du 3 chaoual
1441 (26 mai 2020), pris pour l'application de la loi n° 40-17
portant statut de Bank Al-Maghrib ;
Décret n° 2-25-965 du 20 joumada II 1447 (11 décembre 2025)
approuvant le contrat conclu le 7 novembre 2025
entre le Royaume du Maroc et la Banque européenne
d'investissement (BEI), pour la garantie du prêt d'un
montant de soixante-dix millions d'euros (70.000.000
euros), consenti par ladite banque à l'Office national de
l'électricité et de l'eau potable (ONEE), pour le financement
du projet «Production d'eau potable III (AEP3).
Vu les délibérations du Conseil de Bank Al-Maghrib,
du 30 rabii I 1447 (23 septembre 2025), décidant la mise en
circulation d'un billet de banque de 100 dirhams commémorant
la 35ème édition de la Coupe d'Afrique des Nations - Maroc
2025 ;
Et sur proposition de la ministre de l'économie et des
finances,
LE CHEF DU GOUVERNEMENT,
DÉCRÈTE :
Vu la loi de finances pour l'année 1982 n°  26-81
promulguée par le dahir n° 1-81-425 du 5 rabii I 1402 (1er janvier
1982), notamment son article 41, paragraphe I ;",Environnement,"Environnement=2, Civil=1, Fiscal=0",Fiscal,False,
291,BO_7470_Fr,PREMIER,fr,"Est approuvée la décision du
Conseil de Bank Al-Maghrib relative à la mise en circulation
d'un billet de banque de 100 dirhams commémorant la
35ème édition de la Coupe d'Afrique des Nations - Maroc 2025.
Sur proposition de la ministre de l'économie et des finances,",Indéterminé,"Fiscal=0, Social=0, Administratif=0",Fiscal,False,
292,BO_7470_Fr,2,fr,"Le billet de banque commémoratif a cours
légal et présente les caractéristiques suivantes  :
• Stylisation de silhouettes de joueurs en action avec un
ballon ;
• Ballon orné de la carte de l'Afrique au milieu d'un
ensemble d'étoiles dynamiques évoquant la célébration.
Caractéristiques techniques
– Format : 144 mm x 70 mm ;
Centre du billet  :
– Filigrane : Portrait de Sa Majesté le Roi Mohammed VI
• Mixture de motifs africains et d'arabesques marocaines ;
et le nombre 100 ;
• Des micro-textes imprimés sur plusieurs zones du billet
visibles à l'aide d'une loupe.
– Fil de sécurité à fenêtres : A changement de couleur
avec effet dynamique des inscriptions 100 et « DH »
en alternance et de l'étoile à cinq branches, en plus du
nombre 100 démétallisé.",Indéterminé,"Fiscal=0, Social=0, Administratif=0",Fiscal,False,
293,BO_7470_Fr,3,fr,"La ministre de l'économie et des finances est
chargée de l'exécution du présent décret qui sera publié au
Bulletin officiel.
Caractéristiques artistiques
Fait à Rabat, le 20 joumada II 1447 (11 décembre 2025).
– Thématique : L'organisation par le Maroc de la
35ème  édition de la Coupe d'Afrique des Nations ;
AZIZ AKHANNOUCH.
Pour contreseing :
– Couleurs dominantes : Gris et jaune.
La ministre de l'économie
Recto  :
et des finances,
– Partie supérieure  :
NADIA FETTAH.
• Dénomination de l'institut d'émission » « بنك املغرب
Le texte en langue arabe a été publié dans l'édition générale du
« Bulletin officiel » n° 7467 du 1er rejeb 1447 (22 décembre 2025).
•La valeur faciale d'émission  : «»مائة درهم
–Au centre :
Décret n°2-25-968 du 20 joumada II 1447 (11 décembre 2025)
• Portrait de Sa Majesté le Roi Mohammed VI ;
approuvant la décision de Bank Al-Maghrib relative à la
mise en circulation de pièces de monnaie de 1000 dirhams
en or et de 250 dirhams en argent commémorant la
35ème édition de la Coupe d'Afrique des Nations-Maroc 2025.
• Armoiries du Royaume ;
• Ornement d'arabesques marocaines et le nombre 100
stylé ;
• Stylisation du nouveau Complexe Sportif Prince Moulay
Abdellah de Rabat ;
LE CHEF DU GOUVERNEMENT,
• Stylisation d'un ballon de football imprimé en encre
spéciale à couleur changeante du magenta au vert ;
Vu les articles 5, 25, 54, 55, 57 et 58 de la loi n°40-17
portant statut de Bank Al-Maghrib, promulguée par le dahir
n°1-19-82 du 17 chaoual 1440 (21 juin 2019) ;
– En bas :
• Le nombre 100 dont une partie est imprimée sur le recto
et une partie sur le verso. Une fois le billet examiné face
à la lumière, les éléments incomplets du nombre 100
se superposent de manière parfaite pour constituer la
totalité du motif ;
Vu l'article premier du décret n° 2-19-1095 du 3 chaoual
1441 (26 mai 2020), pris pour l'application de la loi n°40-17
portant statut de Bank Al-Maghrib ;
Vu les délibérations du Conseil de Bank Al-Maghrib,
du 30 rabii I 1447 (23 septembre 2025), décidant la mise en
circulation de pièces de monnaie de 1000 dirhams en or et de
250 dirhams en argent commémorant la 35ème édition de la
Coupe d'Afrique des Nations - Maroc 2025 ;
• Le nombre 100 imprimé en encre spéciale à changement
de couleur or - vert.
Verso  :
Et sur proposition de la ministre de l'économie et des
finances,
• Dénomination de l'institut d'émission en lettres Tifinagh
et françaises  :
DÉCRÈTE :
« «ⵍⴱⴰⵏⴽ ⵏ ⵍⵎⵖⵔⵉⴱ» , « BANK AL-MAGHRIB »",Administratif,"Administratif=1, Environnement=1, Fiscal=0",Fiscal,False,
294,BO_7470_Fr,PREMIER,fr,"Est approuvée la décision du
Conseil de Bank Al-Maghrib relative à la mise en circulation
de pièces de monnaie de 1000 dirhams en or et de 250 dirhams
en argent commémorant la 35ème édition de la Coupe d'Afrique
des Nations-Maroc 2025.
• Valeur faciale 100 DH ;
• Stylisation de la vue intérieure du nouveau Complexe
Sportif Prince Moulay Abdellah de Rabat ;",Environnement,"Environnement=1, Fiscal=0, Social=0",Fiscal,False,
295,BO_7470_Fr,2,fr,"Les pièces de monnaie commémoratives ont
cours légal et présentent les caractéristiques suivantes  :
Revers :
– Au centre :
– La pièce de monnaie commémorative en or  :
• Représentation artistique du nouveau Complexe sportif
Prince Moulay Abdellah de Rabat, surmontée de rayons
festifs ainsi que de la carte de l'Afrique.
– Alliage : Or 916,7 millièmes ;
– Poids : 39,94 grammes ;
«املغرب
 •L'inscription suivante : « Morocco 2025
– Diamètre : 38,61 millimètres ;
– Tranche : Cannelée ;
– En bas : La valeur faciale en chiffres et en lettres arabes  :
– Frappe : Proof.
» مائتان وخمسون درهما250«
Avers :",Environnement,"Environnement=1, Fiscal=0, Social=0",Fiscal,False,
296,BO_7470_Fr,3,fr,"La ministre de l'économie et des finances est
chargée de l'exécution du présent décret qui sera publié au
Bulletin officiel.
– Au centre  : Effigie de Sa Majesté le Roi Mohammed VI
avec de part et d'autre les inscriptions suivantes en
lettres arabes et Tifinagh :
Fait à Rabat, le 20 joumada II 1447 (11 décembre 2025).
« ⵜⴰⴳⵍⴷⵉⵜ ⵏ ⵍⵎⵖⵔⵉⴱ-» اململكة املغربية
AZIZ AKHANNOUCH.
Pour contreseing :
–En bas  : l'inscription « »محمد السادسentourée des
La ministre de l'économie
millésimes  : 2025-1447
et des finances,
NADIA FETTAH.
Revers  :
Le texte en langue arabe a été publié dans l'édition générale du
– Au centre :
« Bulletin officiel » n° 7467 du 1er rejeb 1447 (22 décembre 2025).
• Représentation artistique du nouveau Complexe Sportif
Prince Moulay Abdellah de Rabat, surmontée de rayons
festifs ainsi que de la carte de l'Afrique.
Décret n°2-25-966 du 2 rejeb 1447 (23 décembre 2025)
• L'inscription suivante :
approuvant le retrait de la circulation de billets de
 banque.
« Morocco 2025  » املغرب
–En bas  : La valeur faciale en chiffres et en lettres arabes :
LE CHEF DU GOUVERNEMENT,
» درهم1000 «ألف
Vu la loi n° 40-17 portant statut de Bank Al-Maghrib,
promulguée par le dahir n° 1-19-82 du 17 chaoual 1440 (21 juin
2019) notamment ses articles 25 et 61 ;
La pièce de monnaie commémorative en argent :
Vu le décret n° 2-19-1095 du 3 chaoual 1441 (26 mai 2020),
pris pour l'application de la loi n° 40-17 portant statut de Bank
Al-Maghrib notamment son article premier ;
– Alliage : Argent : 925 millièmes ;
Cuivre  : 75 millièmes ;
– Poids : 28,28 grammes ;
Vu les délibérations du Conseil de Bank Al-Maghrib, en
date du 30 rabii 1 1447 (23 septembre 2025), décidant le retrait
de billets de banque ;
– Diamètre : 38,61 millimètres ;
– Tranche : Cannelée ;
Et sur proposition de la ministre de l'économie et des
finances,
– Frappe : Proof.
Avers :
DÉCRÈTE :",Environnement,"Environnement=1, Fiscal=0, Social=0",Fiscal,False,
297,BO_7470_Fr,PREMIER,fr,"Est approuvé le retrait de la
circulation des billets de banque suivants dont le cours légal
et le pouvoir libératoire cesseront à partir du 1er janvier 2026 :
– Au centre  : Effigie de Sa Majesté Le Roi Mohammed VI
avec de part et d'autre les inscriptions suivantes en
lettres arabes et Tifinagh :
– les billets de banque de 10, 50, 100 et 200 dirhams
« ⵜⴰⴳⵍⴷⵉⵜ ⵏ ⵍⵎⵖⵔⵉⴱ-» اململكة املغربية
mis en circulation en vertu du décret n° 2-87-368 du
28 ramadan 1407 (27 mai 1987) ;
– En bas  : l'inscription « »محمد السادسentourée des
– les billets de banque de 10 dirhams mis en circulation
en vertu du décret 2-90-876 du 8 joumada I 1411
(27 novembre 1990) ;
millésimes  : 2025-1447
– les billets de banque de 20 dirhams mis en circulation en
2 – Les informations relatives aux espaces, objets de
l'AMI, en particulier leurs coordonnées géographiques et les
espèces à élever, cultiver ou conserver dans ces espaces ;
vertu du décret 2-96-473 du 23 safar 1417 (10 juillet 1996).",Indéterminé,"Fiscal=0, Social=0, Administratif=0",Fiscal,False,
298,BO_7470_Fr,2,fr,"L'échange des billets de banque retirés
se poursuivra, librement et sans limitation, après la date
susmentionnée auprès des guichets des établissements
bancaires et de Bank Al-Maghrib jusqu'au 31 décembre 2030.
3 – Les règles générales de participation à l'AMI ;
4 –La liste des documents constituant le dossier
administratif et technique déposé à l'appui de la demande de
participation à l'AMI ;",Environnement,"Environnement=1, Fiscal=0, Social=0",Fiscal,False,
299,BO_7470_Fr,3,fr,"La ministre de l'économie et des finances est
chargée de l'exécution du présent décret qui sera publié au
Bulletin officiel.
5 – Le lieu et la date limite de dépôt des demandes de
participation à l'AMI ;
Fait à Rabat, le 2 rejeb 1447 (23 décembre 2025).
6 – Les critères d'évaluation, de sélection et de classement
des candidatures ;
AZIZ AKHANNOUCH.
Pour contreseing :
La ministre de l'économie
7 – Le formulaire de demande de participation à l'AMI ;
et des finances,
NADIA FETTAH.
8 – La date maximale de proclamation des résultats de
l'AMI sur le site web de l'Agence.",Administratif,"Administratif=1, Environnement=1, Fiscal=0",Fiscal,False,
300,BO_7470_Fr,3,fr,"La demande de participation à l'AMI, établie
sur le formulaire prévu au 7) de l'article 2 ci-dessus, est
déposée, contre récépissé, auprès du service compétent de
l'Agence, y compris par voie électronique.
Décret n° 2-24-830 du 1er rejeb 1447 (22 décembre
2025) relatif aux fermes aquacoles
La demande doit être accompagnée d'un dossier
contenant les documents dont la liste est fixée par arrêté de
l'autorité gouvernementale chargée de la pêche maritime
permettant de choisir les attributaires selon les critères fixées
à l'article 23 de la loi précitée n°84-21.
LE CHEF DU GOUVERNEMENT,
Vu la loi n° 84-21 relative à l'aquaculture marine,
promulguée par le dahir n°1-22-81 du 18 joumada I 1444
(13 décembre 2022) ;
Vu la loi n°52-09 portant création de l'Agence nationale
pour le développement de l'aquaculture, promulguée par le
dahir n° 1-10-201 du 14 rabii I 1432 (18 février 2011), telle que
modifiée et complétée, notamment ses articles 2,3 et 3 bis ;",Environnement,"Environnement=2, Fiscal=0, Social=0",Environnement,False,
301,BO_7470_Fr,4,fr,"Dans un délai maximum de quinze (15) jours
ouvrables à compter de la date limite prévue au 5) de l'article
2 ci-dessus, les demandes accompagnées des dossiers y relatifs
sont soumises à l'avis d'un comité technique dont les membres
sont désignés et les modalités de fonctionnement sont fixées
par décision de l'autorité gouvernementale chargée de la pêche
maritime.
Vu la loi n°48-95 portant création de l'institut national
de recherche halieutique, promulguée par le dahir n° 1-96-98
du 12 rabii I 1417 (29 juillet 1996) ;
Après avis de l'Agence nationale pour le développement
de l'aquaculture ;
Le comité technique compte, au moins, un représentant
de l'autorité gouvernementale chargée de la pêche maritime,
un représentant de l'Agence et un représentant de l'institut
national de recherche halieutique (INRH).
Après avis du Conseil national de l'aquaculture marine,
réuni le 28 rabii I 1446 (2 octobre 2024) ;
Après délibération en Conseil du gouvernement, réuni
le 28 joumada I 1447 (20 novembre 2025),
Le président dudit comité technique peut inviter à
assister, à titre consultatif, aux réunions du comité, toute
personne dont la participation lui paraît utile.
DÉCRÈTE :
Ledit comité technique procède à l'évaluation des
dossiers déposés, conformément aux critères de choix prévus
à l'article 23 de la loi précitée n°84-21 et établit un classement
aux fins d'établir la liste des attributaires.
Chapitre premier
De l'appel à manifestation d'intérêt (AMI)",Environnement,"Environnement=1, Fiscal=0, Social=0",Environnement,False,
302,BO_7470_Fr,PREMIER,fr,"L'appel à manifestation d'intérêt
(AMI) prévu à l'article 23 de la loi susvisée n°84-21 est préparé
et lancé par l'Agence nationale pour le développement de
l'aquaculture, désignée ci-après l'Agence, sur décision de
l'autorité gouvernementale chargée de la pêche maritime.",Indéterminé,"Fiscal=0, Social=0, Administratif=0",Environnement,False,
303,BO_7470_Fr,5,fr,"La liste des attributaires et une liste d'attente,
le cas échéant, sont approuvées par décision de l'autorité
gouvernementale chargée de la pêche maritime.",Environnement,"Environnement=1, Fiscal=0, Social=0",Environnement,False,
304,BO_7470_Fr,2,fr,"L'AMI contient les éléments suivants :
Les attributaires sont informés par l'Agence des résultats
de l'AMI par tout moyen faisant preuve de la réception, y
compris par voie électronique, dans un délai maximum de dix
(10) jours ouvrables, à compter de la date de proclamation des
résultats dudit appel sur le site de l'Agence.
1 – Les références relatives à la loi précitée n°84-21,
au présent décret et au décret portant approbation du plan
aquacole couvrant la zone concernée par l'AMI, s'il existe,
ainsi que toutes autres références règlementaires utiles ;
Chapitre II
L'administration de la défense nationale et les autres
administrations et collectivités territoriales visées ci-dessus
disposent d'un délai maximum de quinze (15) jours, à compter
de la date de leur saisine, pour rendre leurs avis.
Des autorisations de fermes aquacoles",Administratif,"Administratif=4, Environnement=2, Fiscal=0",Environnement,False,
305,BO_7470_Fr,6,fr,"La demande d'autorisation de ferme aquacole
et le dossier l'accompagnant prévus à l'article 26 de la loi
précitée n° 84-21, sont déposés, y compris par voie électronique,
auprès du service compétent de l'Agence, contre récépissé.",Indéterminé,"Fiscal=0, Social=0, Administratif=0",Environnement,False,
306,BO_7470_Fr,8,fr,"La demande d'autorisation de ferme aquacole
est rejetée dans les cas suivants :
1. non faisabilité du projet, objet de la demande ;
Ladite demande est établie selon le modèle disponible
auprès des services de l'Agence et sur son site web.
2. avis défavorable de l'INRH et/ou de l'Administration
de la défense nationale ;
La liste des documents constituant le dossier
accompagnant la demande est fixée par arrêté de l'autorité
gouvernementale chargée de la pêche maritime.
3. non production des documents exigés, suite à l'accord
de principe, avant l'expiration de sa durée de validité.
Le rejet motivé de la demande d'autorisation est notifié
par l'Agence au demandeur par tout moyen faisant preuve de la
réception, y compris par voie électronique, dans l'un des deux
délais prévus au 3) ou au 5) de l'article 7 ci-dessus, selon le cas.",Administratif,"Administratif=1, Fiscal=0, Social=0",Environnement,False,
307,BO_7470_Fr,7,fr,"Pour l'instruction du dossier de la demande
d'autorisation de ferme aquacole, il est procédé comme suit :
1) le service compétent de l'Agence s'assure de la
faisabilité du projet, objet de la demande, conformément aux
dispositions de l'article 26 de la loi précitée n° 84-21 ;",Indéterminé,"Fiscal=0, Social=0, Administratif=0",Environnement,False,
308,BO_7470_Fr,9,fr,"L'autorisation de ferme aquacole est établie
selon le modèle fixé par arrêté de l'autorité gouvernementale
chargée de la pêche maritime et publiée au «Bulletin officiel»,
conformément aux dispositions de l'article 29 de la loi précitée
n°84-21.
2) si la faisabilité du projet est acceptée, le dossier de la
demande est soumis à l'avis :
a) de l'INRH qui dispose d'un délai maximum de quinze
(15) jours pour donner son avis. Toutefois, dans le cas où une
étude est nécessaire, ce délai est suspendu jusqu'à la remise
du rapport final de l'étude ;",Environnement,"Environnement=1, Fiscal=0, Social=0",Environnement,False,
309,BO_7470_Fr,10,fr,"Pour l'application des dispositions de l'article 36
de la loi précitée n° 84-21, la demande de prorogation du délai
de démarrage des travaux d'installation de la ferme aquacole
est établie selon le modèle disponible auprès des services de
l'Agence et sur son site web. Cette demande est déposée, y
compris par voie électronique, par le titulaire de l'autorisation
de la ferme aquacole concernée, auprès du service compétent
de l'Agence, contre récépissé.
b) de l'administration de la défense nationale lorsqu'il
est prévu d'implanter la ferme aquacole, objet de la demande,
totalement ou partiellement en mer ;
c) toute autre administration ou collectivité territoriale
concernée, compte tenu de la nature du projet ;
Cette demande, accompagnée, conformément aux
dispositions dudit article 36, de tout document justifiant le
motif de la prorogation demandée, doit être déposée six (6)
mois, au moins, avant l'expiration de la 3ème année de validité
de l'autorisation, sous peine de refus.
3) en cas d'avis favorable de l'INRH, un accord de
principe est délivré par l'Agence au demandeur, dans un
délai maximum de soixante (60) jours, à compter de la date
de dépôt de la demande, sous réserve de la suspension du
délai prévu au a) du 2) ci-dessus. Cet accord de principe
est délivré au demandeur pour lui permettre d'obtenir la
décision d'acceptabilité environnementale et/ou l'autorisation
d'occupation temporaire du domaine public, le cas échéant.
L'accord de principe a une durée de validité de deux (2) ans à
En cas d'acceptation, la décision de prorogation, établie
par l'autorité gouvernementale chargée de la pêche maritime,
est adressée par l'Agence, au demandeur, par tout moyen
faisant preuve de la réception, y compris par voie électronique,
dans un délai maximum de trente (30) jours à compter de la
date de réception de ladite demande.
compter de la date de sa délivrance ;
4) suite à la réception des documents visés au 3) ci-
dessus, le dossier de la demande, accompagné d'une note
établie par l'Agence, sont adressés par celle-ci à l'autorité
gouvernementale chargée de la pêche maritime, aux fins de
l'établissement de l'autorisation ;
Tout refus de prorogation doit être motivé et notifié par
l'Agence au demandeur, dans le délai sus indiqué.",Administratif,"Administratif=4, Environnement=3, Social=1",Environnement,False,
310,BO_7470_Fr,11,fr,"La demande de modification de l'autorisation
de ferme aquacole prévue à l'article 31 de la loi précitée n°84-21
est déposée, par le titulaire de l'autorisation concernée, contre
récépissé, auprès du service compétent de l'Agence, y compris
par voie électronique.
5) l'autorisation est transmise par l'Agence au demandeur
par tout moyen faisant preuve de la réception, y compris par
voie électronique, dans un délai maximum de trente (30) jours,
à compter de la date de production du dernier document visé
au 3) ci-dessus.
Ladite demande, établie selon le modèle disponible
auprès des services de l'Agence et sur son site web, est
accompagnée, conformément aux dispositions dudit article 31,
d'un dossier comprenant les documents dont la liste est fixée
par arrêté de l'autorité gouvernementale chargée de la pêche
maritime.
Les demandes d'autorisations de fermes aquacoles
déposées dans le cadre d'un AMI ne sont pas soumises, pour
leur instruction, aux formalités prévues au 1) et au a) du 2)
du présent article.",Environnement,"Environnement=1, Fiscal=0, Social=0",Environnement,False,
311,BO_7470_Fr,12,fr,"Pour l'instruction du dossier de la demande
de modification, il est procédé comme suit :
3. non production des documents exigés, suite à l'accord
de principe, avant l'expiration de sa durée de validité.
1) L'Agence s'assure de la faisabilité du projet de
modification, objet de la demande ;
Le refus motivé de modification est notifié au demandeur
par tout moyen faisant preuve de la réception, y compris par
voie électronique, dans le même délai que celui prévu pour
délivrer la décision de modification.
2) Si la faisabilité du projet de modification est acceptée,
l'Agence soumet le dossier de la demande à l'avis :",Indéterminé,"Fiscal=0, Social=0, Administratif=0",Environnement,False,
312,BO_7470_Fr,14,fr,"La demande de renouvellement de
l'autorisation de ferme aquacole prévue à l'article 33 de la loi
précitée n° 84-21 est établie selon le modèle disponible auprès
des services de l'Agence et sur son site web.
a) de l'INRH, si nécessaire, qui dispose d'un délai
maximum de quinze (15) jours pour donner son avis. Toutefois,
dans le cas où une étude est nécessaire, ce délai est suspendu
jusqu'à la remise du rapport final de l'étude ;
Cette demande est déposée et instruite selon les mêmes
modalités que celles prévues aux articles 6 et 7 ci-dessus.
b) de l'Administration de la défense nationale lorsque
la modification demandée concerne les coordonnées
géographiques d'une ferme aquacole implantée totalement
ou partiellement en mer ;
En cas d'acceptation de renouvellement de l'autorisation
de ferme aquacole, une décision de renouvellement est délivrée
au demandeur selon les mêmes modalités que celles prévues
à l'article 7 ci-dessus.
c) toute autre administration ou collectivité territoriale
concernée, compte tenu de la nature de la modification
demandée.
La décision de renouvellement de l'autorisation est
publiée au « Bulletin officiel ».
3) en cas d'avis favorable de l'INRH, un accord de
principe est délivré, si nécessaire, par l'Agence au demandeur,
selon les modalités prévues à l'article 7 ci-dessus ;
Tout refus de renouvellement de l'autorisation doit
être motivé et notifié au demandeur par tout moyen faisant
preuve de la réception, y compris par voie électronique, dans
le même délai que celui fixé pour l'octroi de la décision de
renouvellement.
4) le dossier complet de la demande, accompagné d'une
note établie par l'Agence sont adressés par celle-ci à l'autorité
gouvernementale chargée de la pêche maritime, aux fins de
l'établissement de la décision de modification de l'autorisation ;",Administratif,"Administratif=4, Environnement=3, Fiscal=0",Environnement,False,
313,BO_7470_Fr,15,fr,"En application des dispositions de l'article 34
de la loi précitée n°84-21, le contrôle des fermes aquacoles est
effectué par les agents habilités par l'autorité gouvernementale
chargée de la pêche maritime, visés à l'article 78 de ladite loi
n° 84-21.
5) la décision de modification est transmise par l'Agence
au demandeur par tout moyen faisant preuve de la réception,
y compris par voie électronique, dans un délai maximum de :
– soixante (60) jours, à compter de la date de dépôt de la
demande, dans les cas ne nécessitant pas un accord de
principe, sous réserve de la suspension du délai prévu
au a) du 2) ci-dessus, le cas échéant ;
Les visites de contrôle des fermes aquacoles, prévues
audit article 34, sont effectuées par les agents précités, à
l'initiative de l'autorité gouvernementale chargée de la pêche
maritime ou suite à un rapport faisant état de non-conformités
ou insuffisances qui lui est transmis par :
– trente (30) jours, à compter de la date de production du
dernier document visé au 3) de l'article 7 ci-dessus, dans
les cas nécessitant l'accord de principe ;
– l'Agence, suite à une visite de suivi effectuée dans le
cadre de sa mission de suivi de l'activité de l'aquaculture
marine, conformément aux dispositions de la loi
susvisée n° 52-09, ou par ;
6) la décision de modification est publiée au
«Bulletin officiel».
La consultation de l'INRH visée au a) du 2) ci-dessus
est obligatoire lorsque la demande de modification concerne
les coordonnées géographiques de la ferme aquacole, ou
les espèces cultivées, élevées et/ou conservées ainsi que les
techniques d'élevage, de culture ou de conservation desdites
espèces.
– l'INRH, suite à une visite de surveillance effectuée
dans le cadre de ses missions de surveillance de la
salubrité des produits de l'aquaculture dans leur milieu,
conformément aux dispositions de l'article 2 de la loi
susvisée n°48-95.",Administratif,"Administratif=2, Social=1, Fiscal=0",Environnement,False,
314,BO_7470_Fr,16,fr,"Le titulaire de l'autorisation de ferme aquacole
suspendue, conformément aux dispositions de l'article 34 de la
loi précitée n°84-21, qui estime avoir remédié, avant l'expiration
de la durée du délai fixé dans la décision de suspension, aux
non conformités ou insuffisances ayant entrainés celle-ci, peut
demander la levée de la suspension de l'autorisation.
L'administration de la défense nationale et les autres
administrations et collectivités territoriales visées ci-dessus
disposent d'un délai maximum de quinze (15) jours, à compter
de la date de leur saisine, pour rendre leurs avis.",Administratif,"Administratif=4, Social=2, Environnement=1",Environnement,False,
315,BO_7470_Fr,13,fr,"La modification de l'autorisation de ferme
aquacole est refusée dans les cas suivants :
Dans ce cas, une visite de la ferme aquacole concernée
est effectuée dans un délai ne dépassant pas dix (10) jours
ouvrables, à compter de la date de réception de ladite demande.
Un rapport de la visite est établi par le ou les agents l'ayant
1. non faisabilité du projet de modification, objet de la
demande ;
2. avis défavorable de l'INRH et/ou de l'Administration
de la défense nationale ;
effectuée.
Chapitre III
Au vu de ce rapport, la suspension de l'autorisation de
ferme aquacole peut être levée par l'autorité gouvernementale
chargée de la pêche maritime, s'il est constaté qu'il a été remédié
aux non-conformités ou insuffisances constatées. Dans le cas
contraire, la suspension de l'autorisation est maintenue.
Exploitation de la ferme aquacole
Section première. – Zone de protection de La ferme aquacole",Social,"Social=2, Administratif=2, Environnement=2",Environnement,False,
316,BO_7470_Fr,20,fr,"En application des dispositions de l'article 42
de la loi précitée n°84-21, la largeur de la zone de protection
autour d'une ferme aquacole est fixée dans l'autorisation de
la ferme aquacole. Cette largeur ne peut être inférieure à 10
mètres ni supérieure à 200 mètres autour des limites maritimes
de la ferme aquacole.
La levée de la suspension de l'autorisation ou le maintien
de celle-ci est notifié à l'intéressé par tout moyen faisant preuve
de la réception, y compris par voie électronique, dans un délai
ne dépassant pas dix (10) jours ouvrables à compter de la date
de la visite susmentionnée.",Social,"Social=1, Environnement=1, Fiscal=0",Environnement,False,
317,BO_7470_Fr,17,fr,"Il est mis fin à la suspension de l'autorisation
de la ferme aquacole, si, à l'expiration du délai fixé dans la
décision de suspension, il est constaté, au vu du rapport établi
suite à une nouvelle visite de ladite ferme aquacole, qu'il a
été remédié aux non-conformités ou insuffisances constatées.",Social,"Social=2, Fiscal=0, Administratif=0",Environnement,False,
318,BO_7470_Fr,21,fr,"Les dispositifs de signalement de la zone de
protection de la ferme aquacole prévus à l'article 42 de la loi
précitée n°84-21 sont constitués de moyens de balisage en mer
dont les spécifications techniques doivent être conformes à la
réglementation en vigueur.
Dans le cas contraire, l'autorisation est retirée.
La décision de la levée de la suspension et la décision
du retrait motivée de l'autorisation de la ferme aquacole
sont notifiées à l'intéressé par tout moyen faisant preuve de
la réception, dans un délai ne dépassant pas dix (10) jours
ouvrables, à compter de la date de la visite sus-indiquée, y
compris par voie électronique.
Ces dispositifs doivent être entretenus et maintenus en
état de fonctionnement par le titulaire de l'autorisation de la
ferme aquacole concernée.
Section 2. – Autorisation préalable d'introduction et de transfert
des organismes marins",Environnement,"Environnement=3, Social=1, Fiscal=0",Environnement,False,
319,BO_7470_Fr,18,fr,"Les retraits de l'autorisation de fermes
aquacoles prévus aux articles 30, 35 et 37 de la loi précitée
n°84-21 doivent être motivés et notifiés aux intéressés par
tout moyen faisant preuve de la réception, y compris par voie
électronique.",Indéterminé,"Fiscal=0, Social=0, Administratif=0",Environnement,False,
320,BO_7470_Fr,22,fr,"L'autorisation préalable d'introduction ou de
transfert des organismes marins prévue à l'article 43 de la loi
précitée n°84-21 est délivrée par l'autorité gouvernementale
chargée de la pêche maritime au titulaire de l'autorisation de
ferme aquacole qui en fait la demande.
Le délai prévu à l'article 34 de la loi précitée n°84-21,
accordé à la personne dont l'autorisation de ferme aquacole
est retirée, pour commercialiser ou transférer les espèces
halieutiques détenues dans ladite ferme, est fixé dans la
décision de retrait de l'autorisation.",Environnement,"Environnement=1, Fiscal=0, Social=0",Environnement,False,
321,BO_7470_Fr,23,fr,"La demande de l'autorisation préalable visée à
l'article 22 ci-dessus, établie selon le modèle disponible auprès
des services de l'Agence et sur son site web, est déposée, y
compris par voie électronique, contre récépissé, auprès du
service compétent de ladite Agence.
Ce délai ne peut être inférieur à un (1) mois ni supérieur
à six (6) mois.
La demande est accompagnée d'un dossier contenant
les documents dont la liste est fixée par arrêté de l'autorité
gouvernementale chargée de la pêche maritime et permettant :",Indéterminé,"Fiscal=0, Social=0, Administratif=0",Environnement,False,
322,BO_7470_Fr,19,fr,"Le registre national des autorisations de
ferme aquacoles prévu à l'article 29 de la loi précitée n° 84-21
est tenu et mis à jour par l'Agence, y compris sous format
électronique.
– d'identifier le demandeur, la ou les fermes aquacoles
concernées, le lieu d'introduction dans le milieu marin
ainsi que le ou les organismes marins dont l'introduction
ou le transfert est demandé ;
Ce registre comprend la liste des fermes aquacoles
autorisées ainsi que les informations suivantes relatives à
chaque ferme :
– de vérifier que les modalités de réalisation des opérations
1) la dénomination et l'identifiant de la ferme aquacole ;
d'introduction ou de transfert des organismes marins,
notamment les méthodes et les moyens de contrôle
proposés sont conformes aux standards scientifiques
et techniques applicables en la matière.
2) la date de publication au « Bulletin officiel » de
l'autorisation y afférente, ainsi que les informations relatives
à ladite autorisation, prévues à l'article 29 de la loi précitée
n° 84-21 ;
3) le mode d'élevage, de culture ou de conservation des
espèces halieutiques ;",Indéterminé,"Fiscal=0, Social=0, Administratif=0",Environnement,False,
323,BO_7470_Fr,24,fr,"Le service compétent de l'Agence vérifie
la complétude du dossier de la demande visé à l'article 23
ci-dessus.
4) la largeur de la zone de protection accordée à la ferme
aquacole, le cas échéant ;
Le dossier complet de la demande est soumis par
l'Agence à l'avis de l'INRH et de l'Office National de Sécurité
Sanitaire des Produits Alimentaires (ONSSA), qui disposent
d'un délai de quinze (15) jours pour rendre leur avis. Toutefois,
dans le cas où une étude est nécessaire, ce délai est suspendu
jusqu'à la remise du rapport final de l'étude.
5) le nombre, l'immatriculation et les caractéristiques
des navires auxiliaires d'aquaculture marine attachés à ladite
ferme aquacole, le cas échéant.
Le registre peut être consulté sur le site web de l'Agence
selon les modalités qu'elle fixe.",Environnement,"Environnement=5, Fiscal=0, Social=0",Environnement,False,
324,BO_7470_Fr,28,fr,"Pour l'instruction de la demande visée à
l'article 27 ci-dessus, il est procédé comme suit :
En cas d'avis favorable de l'INRH et de l'ONSSA, le
dossier de la demande, les avis de l'INRH et de l'ONSSA ainsi
qu'une note établie par l'Agence sont adressés par celle-ci
à l'autorité gouvernementale chargée de la pêche maritime,
aux fins de l'établissement de l'autorisation préalable
correspondante.
1) L'Agence procède à un examen de faisabilité de la
capture ou de la cueillette demandée, en tenant compte des
dispositions de l'arrêté prévu à l'article 29 ci-dessous ainsi que
de la règlementation relative à la pêche maritime applicable
dans le ou les lieux prévus pour la capture ou la cueillette ;
Cette autorisation est transmise par l'Agence au
demandeur, par tout moyen faisant preuve de la réception,
y compris par voie électronique, dans un délai maximum
de soixante (60) jours, à compter de la date de dépôt de la
demande, sous réserve de la suspension du délai visé ci-dessus.
2) Si la faisabilité de la capture ou de la cueillette est
acceptée, la demande est soumise par l'Agence, à l'avis de
l'INRH qui dispose d'un délai de dix (10) jours pour rendre
son avis. Toutefois, dans le cas où une étude est nécessaire
pour rendre cet avis, ce délai est suspendu jusqu'à la remise
du rapport final de l'étude ;
En cas d'avis défavorable de l'INRH et/ou de l'ONSSA,
la demande est rejetée.
3) En cas d'avis favorable de l'INRH, le dossier de la
demande, l'avis de l'INRH, ainsi qu'une note établie par
l'Agence sont adressés à l'autorité gouvernementale chargée de
la pêche maritime aux fins de l'établissement de l'autorisation
correspondante ;
Le rejet motivé de la demande est notifié au demandeur
par tout moyen faisant preuve de la réception, y compris par
voie électronique, dans le même délai indiqué au quatrième
alinéa ci-dessus.",Social,"Social=1, Environnement=1, Fiscal=0",Environnement,False,
325,BO_7470_Fr,25,fr,"L'autorisation préalable d'introduction ou de
transfert des organismes marins est établie selon le modèle
correspondant fixé par arrêté de l'autorité gouvernementale
chargée de la pêche maritime.
4) L'autorisation est transmise par l'Agence au
demandeur, par tout moyen faisant preuve de la réception,
y compris par voie électronique, dans un délai maximum de
soixante (60) jours à compter de la date de dépôt de la demande,
sous réserve de la suspension du délai visée au 2) ci-dessus.
Elle comporte, outre sa durée de validité, les mentions
relatives à son titulaire et aux organismes marins concernés,
leurs quantités, ainsi que, selon le cas, les mentions relatives
aux fermes aquacoles et au milieu marin concernés.
En cas de non faisabilité de la capture ou de la cueillette
ou en cas d'avis défavorable de l'INRH, la demande est rejetée.
Le rejet motivé de la demande est notifié au demandeur
par tout moyen faisant preuve de la réception, y compris par
voie électronique, dans les mêmes délais que ceux prévus pour
la délivrance de l'autorisation.
L'autorisation préalable a une durée de validité d'une
année, à compter de la date de sa délivrance. Elle ne peut être
utilisée que pour les organismes marins et les quantités qui y
sont mentionnés.",Social,"Social=1, Environnement=1, Fiscal=0",Environnement,False,
326,BO_7470_Fr,29,fr,"La liste des espèces pouvant faire l'objet de
capture d'alevins ou de naissains ou de cueillette de boutures
est fixée par arrêté de l'autorité gouvernementale chargée de
la pêche maritime, sur proposition de l'ANDA et après avis
conforme de l'INRH.",Environnement,"Environnement=1, Fiscal=0, Social=0",Environnement,False,
327,BO_7470_Fr,26,fr,"Tout lot d'organismes marins, devant être
introduit dans une ferme aquacole ou dans le milieu marin
ou transféré d'une ferme aquacole à une autre, doit être
accompagné des documents sanitaires délivrés, à cet effet,
conformément à la législation et la réglementation en vigueur.
L'Agence nationale des eaux et forêts (ANEF) est
consultée dans le cas où une ou plusieurs des espèces dont
l'inscription est prévue dans la liste susindiquée sont classées
dans l'une des catégories prévues à l'article 4 de la loi n°29-05
relative à la protection des espèces de flore et de faune sauvage
et au contrôle de leur commerce.
Le titulaire de l'autorisation préalable, visée à l'article 23
ci-dessus, informe, par tout moyen faisant preuve de la
réception, y compris par voie électronique, le service compétent
du département de la pêche maritime et l'Agence de la date
prévue pour l'introduction ou le transfert des organismes
marins, au moins 48 heures avant ladite date.
Sont également fixées par ledit arrêté les conditions
techniques de capture desdits alevins ou naissains ou de
cueillette desdites boutures
Section 3. – Autorisation de capture des alevins ou de naissains
dans le milieu marin et autorisation de cueillette des boutures
des végétaux marins",Environnement,"Environnement=4, Commercial=1, Fiscal=0",Environnement,False,
328,BO_7470_Fr,30,fr,"L'autorisation de capture des alevins ou des
naissains et l'autorisation de cueillette des boutures de végétaux
marins sont établies selon le modèle correspondant fixé par
arrêté de l'autorité gouvernementale chargée de la pêche
maritime et comportent, outre les mentions d'identification du
demandeur et de la ferme aquacole concernée, les informations
ci-après :",Indéterminé,"Fiscal=0, Social=0, Administratif=0",Environnement,False,
329,BO_7470_Fr,27,fr,"Pour l'obtention de l'autorisation de capture,
dans le milieu marin, des alevins ou des naissains et de
l'autorisation de cueillette des boutures de végétaux marins,
prévues à l'article 44 de la loi précitée n°84-21, le titulaire de
l'autorisation de la ferme aquacole concernée doit déposer
une demande, à cet effet, contre récépissé, y compris par voie
électronique, auprès du service compétent de l'Agence.
1) la quantité, la taille et/ou le poids des spécimens de la
ou des espèces dont la capture ou la cueillette dans le milieu
marin est autorisée ;
La demande est établie selon le modèle correspondant
disponible auprès des services de l'Agence et sur son site Web.
Elle est accompagnée d'un dossier constitué des documents
dont la liste est fixée par arrêté de l'autorité gouvernementale
chargée de la pêche maritime.
2) le ou les lieux prévus pour effectuer la capture ou la
cueillette ;
Chapitre IV
3) la ou les périodes de l'année durant laquelle ou
lesquelles les opérations de capture ou de cueillette sont
prévues ;
Modalités d'exercice de certaines activités aquacoles
Section première. – Autorisation d'activité de recherche scientifique
4) les informations relatives au navire ou aux navires de
pêche disposant d'une licence de pêche en cours de validité
pour la ou les périodes et le ou les lieux mentionnés dans
l'autorisation, en cas d'utilisation d'un navire de pêche ;
aquacole et autorisation d'activité d'aquaculture expérimentale",Environnement,"Environnement=1, Fiscal=0, Social=0",Environnement,False,
330,BO_7470_Fr,36,fr,"La demande d'autorisation d'activité de
recherche scientifique aquacole et la demande d'autorisation
d'activité d'aquaculture expérimentale, prévues respectivement
aux articles 63 et 66 de la loi précitée n° 84-21, sont établies
selon le modèle correspondant disponible auprès des services
de l'Agence et sur son site web.
5) la ou les méthodes de pêche et les engins ou instruments
de pêche autorisés ;
6) toute autre mention utile.",Indéterminé,"Fiscal=0, Social=0, Administratif=0",Environnement,False,
331,BO_7470_Fr,31,fr,"L'autorisation de capture des alevins ou
des naissains et l'autorisation de cueillette des boutures de
végétaux marins ont une durée de validité d'une année, à
Lesdites demandes sont déposées, y compris par voie
électronique, contre récépissé, auprès du service compétent de
l'Agence, par l'établissement ou l'organisme visé à l'article 62 de
la loi précitée n°84-21, en ce qui concerne l'activité de recherche
scientifique aquacole, et par le titulaire de l'autorisation
de ferme aquacole devant abriter l'activité d'aquaculture
expérimentale, en ce qui concerne l'expérimentation.
compter de la date de leur délivrance.",Environnement,"Environnement=1, Fiscal=0, Social=0",Environnement,False,
332,BO_7470_Fr,32,fr,"Tout lot d'alevins ou de naissains capturés doit,
pour son introduction dans la ferme aquacole concernée, être
accompagné des documents sanitaires délivrés conformément
à la législation et la règlementation en vigueur.
La liste des documents constituant les dossiers, prévus
respectivement auxdits articles 63 et 66 de ladite loi n° 84-21
accompagnant lesdites demandes est fixée par arrêté de
l'autorité gouvernementale chargée de la pêche maritime.
Section IV. – Récupération des espèces évadées",Environnement,"Environnement=1, Fiscal=0, Social=0",Environnement,False,
333,BO_7470_Fr,33,fr,"En application des dispositions de l'article 45
de la loi précitée n°84-21, le titulaire de l'autorisation de ferme
aquacole doit immédiatement déclarer au service compétent
du département de la pêche maritime et à l'Agence, par tout
moyen faisant preuve de la réception, y compris par voie
électronique, toute évasion d'espèces aquacoles élevées ou
conservées dans sa ferme.",Environnement,"Environnement=1, Fiscal=0, Social=0",Environnement,False,
334,BO_7470_Fr,37,fr,"Le service compétent de l'Agence procède à
l'examen de faisabilité du projet de recherche scientifique ou
d'expérimentation, objet de la demande, conformément aux
dispositions de l'article 63 ou de l'article 66 de la loi précitée
n° 84-21, selon le cas.
En cas de faisabilité du projet, l'Agence soumet le dossier
de la demande à l'INRH qui dispose d'un délai de quinze
(15) jours pour rendre son avis. Toutefois, dans le cas où une
étude ou une visite de conformité est nécessaire, ce délai est
suspendu jusqu'à la remise du rapport final de l'étude ou de
la visite.
La déclaration sus-indiquée est établie selon le modèle
disponible auprès des services de l'Agence et sur son site web.
Outre les mentions d'identification du titulaire de
l'autorisation et de la ferme aquacole concernée, la déclaration
comprend les informations relatives au lieu de l'évasion, aux
espèces évadées, ainsi qu'une estimation de leur quantité avec
l'indication de leur état sanitaire.
En cas d'avis favorable de l'INRH, le dossier de la
demande, l'avis de l'INRH ainsi qu'une note établie par
l'Agence sont adressés par celle-ci à l'autorité gouvernementale
chargée de la pêche maritime, aux fins de l'établissement de
l'autorisation correspondante.",Environnement,"Environnement=3, Fiscal=0, Social=0",Environnement,False,
335,BO_7470_Fr,34,fr,"Le titulaire de l'autorisation de ferme
aquacole peut effectuer la récupération des espèces évadées,
objet de la déclaration, visée à l'article 33 ci-dessus dans
les espaces occupés par les installations et équipements de
la ferme aquacole et dans la zone de protection accordée à
ladite ferme, par tout moyen approprié utilisé par le titulaire
de l'autorisation de ferme aquacole ou sous sa responsabilité.
L'autorisation est transmise par l'Agence au demandeur,
par tout moyen faisant preuve de la réception, y compris par
voie électronique, dans un délai maximum de soixante (60)
jours, à compter de la date de dépôt de la demande, sous
réserve de la suspension du délai sus indiqué.",Environnement,"Environnement=3, Social=1, Fiscal=0",Environnement,False,
336,BO_7470_Fr,35,fr,"Le titulaire de l'autorisation de la ferme
aquacole concernée doit déclarer les espèces récupérées au
service compétent du département de la pêche maritime et à
l'Agence dans un délai n'excédant pas 24 heures, à compter
de la date de leur récupération.
En cas de non faisabilité du projet ou en cas d'avis
défavorable de l'INRH, la demande est rejetée.
Tout rejet de la demande doit être motivé et notifié au
demandeur par tout moyen faisant preuve de la réception, y
compris par voie électronique, dans le même délai indiqué au
quatrième alinéa ci-dessus.
En outre, un rapport relatant l'évènement et les mesures
de récupération prises, ainsi que leur résultat doit être adressé
par le titulaire de l'autorisation de ferme aquacole, au service
compétent du département de la pêche maritime et à l'Agence
dans un délai maximum de trente (30) jours à compter de
la date de l'évasion. Ledit rapport est établi selon le modèle
fourni par l'Agence et disponible sur son site web.",Environnement,"Environnement=2, Fiscal=0, Social=0",Environnement,False,
337,BO_7470_Fr,38,fr,"L'autorisation d'activité de recherche
scientifique aquacole et l'autorisation d'activité d'aquaculture
expérimentale sont établies selon les modèles fixés par arrêté
de l'autorité gouvernementale chargée de la pêche maritime.
Les informations relatives à l'évasion et à la récupération
des espèces aquacoles, visées aux articles 33 et 34 ci-dessus
doivent être reportées sur le registre prévu à l'article 52 de la
loi précitée n°84-21.
Outre sa durée de validité, chaque autorisation comporte
les mentions et informations prévues respectivement aux
articles 61 et 67 de la loi précitée n°84-21, selon le cas.",Indéterminé,"Fiscal=0, Social=0, Administratif=0",Environnement,False,
338,BO_7470_Fr,39,fr,"La demande de renouvellement de
l'autorisation d'activité de recherche scientifique aquacole,
prévue à l'article 64 de la loi précitée n°84-21, doit être déposée,
sous peine de rejet, six (6) mois, au moins, avant l'expiration
de sa durée de validité.
Le dossier de la demande ainsi qu'une note établie par
l'Agence sont adressés par celle-ci à l'autorité gouvernementale
chargée de la pêche maritime aux fins de l'établissement de
l'autorisation.
L'autorisation est transmise par l'Agence au demandeur,
par tout moyen faisant preuve de la réception, y compris par
voie électronique, dans un délai maximum de soixante (60)
jours, à compter de la date de dépôt de la demande.
La demande de renouvellement est déposée et instruite
selon les mêmes modalités que celles prévues aux articles 36
et 37 ci-dessus.
Tout rejet de la demande doit être motivé et notifié
à l'intéressé par tout moyen faisant preuve de réception, y
compris par voie électronique, dans le même délai indiqué
ci-dessus.",Pénal,"Pénal=1, Fiscal=0, Social=0",Environnement,False,
339,BO_7470_Fr,40,fr,"La demande de prorogation de validité de
l'autorisation d'activité d'aquaculture expérimentale, prévue à
l'article 67 de la loi précitée n°84-21, est établie par le titulaire
de l'autorisation concernée selon le modèle disponible auprès
des services de l'Agence et sur son site web. Elle est déposée,
y compris par voie électronique, contre récépissé, auprès du",Environnement,"Environnement=1, Fiscal=0, Social=0",Environnement,False,
340,BO_7470_Fr,43,fr,"L'autorisation d'activités d'aquaculture pour
la formation est établie selon le modèle fixé par arrêté de
l'autorité gouvernementale chargée de la pêche maritime.
service compétent de l'Agence.
Sous peine de rejet, cette demande doit être déposée,
trois (3) mois, au moins, avant l'expiration de la durée de
validité de l'autorisation concernée.
Outre sa durée de validité, l'autorisation comporte les
mentions et informations relatives à l'identité de son titulaire et
de la ferme aquacole concernée, les caractéristiques générales
de l'espace réservé aux activités de formation pratique ainsi
que les moyens humains et matériels mis en place pour assurer
la sécurité des personnes au cours de ladite formation pratique.
La demande doit être accompagnée de tout document
justifiant le motif de la prorogation demandée.
En cas d'acceptation, la décision de prorogation, établie
par l'autorité gouvernementale chargée de la pêche maritime,
est adressée par l'Agence au demandeur, par tout moyen
faisant preuve de la réception, y compris par voie électronique,
dans un délai maximum de trente (30) jours, à compter de la
date de dépôt de la demande.",Pénal,"Pénal=1, Environnement=1, Fiscal=0",Environnement,False,
341,BO_7470_Fr,44,fr,"S'il est constaté, suite à un contrôle effectué
conformément aux dispositions de l'article 15 ci-dessus, qu'une
ou plusieurs des conditions ayant permis la délivrance de
l'autorisation pour l'exercice d'activité d'aquaculture pour la
formation ne sont plus remplies, celle-ci est retirée.
La décision du retrait motivée de l'autorisation est
notifiée à l'intéressé par tout moyen faisant preuve de la
réception, y compris par voie électronique.
Tout refus de la prorogation doit être motivé et adressé
au demandeur dans le même délai indiqué au quatrième alinéa
ci-dessus.
Chapitre V
Section 2. – Autorisation d'activité d'aquaculture
Dispositions diverses et finales
pour la formation",Indéterminé,"Fiscal=0, Social=0, Administratif=0",Environnement,False,
342,BO_7470_Fr,45,fr,"En application des dispositions de l'article 78
de la loi précitée n°84-21, les catégories des personnels de
l'autorité gouvernementale chargée de la pêche maritime
habilités à rechercher et constater les infractions aux
dispositions de ladite loi et aux textes pris pour son application
et dresser les procès-verbaux y afférent sont fixées par arrêté
de cette autorité.",Pénal,"Pénal=2, Fiscal=0, Social=0",Pénal,False,
343,BO_7470_Fr,41,fr,"L'autorisation pour l'exercice d'activité
d'aquaculture pour la formation, visée à l'article 74 de la loi
précitée n°84-21, est délivrée par l'autorité gouvernementale
chargée de la pêche maritime, sur sa demande, au titulaire de
l'autorisation de ferme aquacole devant abriter les activités de
formation pratique.
Le demandeur doit s'engager à respecter les clauses
d'un cahier des charges, établi à cet effet, selon le modèle fixé
par arrêté de l'autorité gouvernementale chargée de la pêche
maritime.
Pour être habilités, lesdits agents doivent disposer de
connaissances et de compétences dans les domaines traités par
la loi précitée n°84-21 et les textes pris pour son application.
A cet effet, ils doivent avoir suivi une formation dans les
domaines de l'aquaculture marine et de la pêche maritime ainsi
qu'en matière de procédure judiciaire et de verbalisation, selon
le programme établi, à cet effet, par l'autorité gouvernementale
chargée de la pêche maritime.
La demande sus indiquée, établie selon le modèle
disponible auprès des services de l'Agence et sur son site web,
est déposée, contre récépissé, y compris par voie électronique,
auprès du service compétent de l'Agence.
Cette demande est accompagnée d'un dossier
comprenant, outre le cahier des charges sus indiqué, les
documents dont la liste est fixée par arrêté de l'autorité
gouvernementale chargée de la pêche maritime.",Environnement,"Environnement=2, Administratif=1, Fiscal=0",Environnement,False,
344,BO_7470_Fr,46,fr,"Dans l'exercice de leurs missions, les agents
mentionnés à l'article 45 ci-dessus doivent être munis et porter
de manière apparente, une carte professionnelle délivrée, à
cet effet, par l'autorité gouvernementale chargée de la pêche
maritime, permettant leur identification et celle du service
auquel ils sont rattachés.",Administratif,"Administratif=1, Fiscal=0, Social=0",Environnement,False,
345,BO_7470_Fr,42,fr,"Le service compétent de l'Agence procède à
un examen de la complétude du dossier de la demande.
Pour se prononcer sur la demande, l'Agence peut
effectuer une visite des installations de la ferme devant abriter
les activités de formation pratique.
La carte professionnelle sus indiquée est établie selon le
modèle fixé par arrêté de l'autorité gouvernementale chargée
de la pêche maritime.",Indéterminé,"Fiscal=0, Social=0, Administratif=0",Environnement,False,
346,BO_7470_Fr,47,fr,"La requête prévue à l'article 88 de la loi précitée
n°84-21 est déposée contre récépissé, par le contrevenant,
auprès de la délégation des pêches maritimes dans le ressort de
laquelle l'infraction a été constatée, dans un délai maximum de
sept (7) jours ouvrables, à compter de la date de l'établissement
du procès-verbal d'infraction.
4 - les modalités d'établissement du procès-verbal de
prélèvement d'échantillon prévu à l'article 82 de la loi précitée
n°84-21 ;
5 -  les modalités de destruction des produits de
l'aquaculture marine saisis, prévue à l'article 84 de la loi
précitée n°84-21 ;",Pénal,"Pénal=4, Fiscal=0, Social=0",Pénal,False,
347,BO_7470_Fr,48,fr,"Le montant de l'amende de transaction prévue
à l'article 88 de la loi précitée n°84-21 est fixé par décision de
l'autorité gouvernementale chargée de la pêche maritime.
6 - les modalités de tenue et de mise à jour, par le
titulaire de l'autorisation de ferme aquacole, du registre prévu
à l'article 52 de la loi précitée n°84-21, ainsi que les modalités
de sa consultation par les agents habilités visés à l'article 45
ci-dessus, les agents relevant de l'Agence et les agents relevant
de l'INRH.
Cette décision qui mentionne également l'identité du
contrevenant et la référence du procès-verbal de constatation
de l'infraction est notifiée au contrevenant par l'autorité
gouvernementale chargée de la pêche maritime dans le délai
prévu audit",Administratif,"Administratif=3, Pénal=3, Environnement=1",Pénal,False,
349,BO_7470_Fr,52,fr,"Le ministre de l'agriculture, de la pêche
maritime, du développement rural et des eaux et forêts est
chargé de l'exécution du présent décret qui sera publié au
Bulletin officiel.",Environnement,"Environnement=1, Fiscal=0, Social=0",Environnement,False,
350,BO_7470_Fr,49,fr,"En application des dispositions de l'article 30
de la loi précitée n° 84-21, l'accord autorisant la poursuite de
l'exploitation d'une ferme aquacole par un tiers, y compris le
titulaire d'une autre autorisation de ferme aquacole est délivré
par l'autorité gouvernementale chargée de la pêche maritime.
Fait à Rabat, le 1er rejeb 1447 (22 décembre 2025).
AZIZ AKHANNOUCH.
Pour contreseing :
La demande d'accord, établie par le titulaire de
l'autorisation concernée, selon le modèle disponible auprès
des services de l'Agence et sur son site web, est déposée, y
compris par voie électronique, contre récépissé, auprès du
service compétent de ladite Agence.
Le ministre de l'agriculture,
de la pêche maritime,
du développement rural
et des eaux et forêts,
AHMED EL BOUARI.
La demande est accompagnée d'un dossier contenant
les documents dont la liste est fixée par arrêté de l'autorité
gouvernementale chargée de la pêche maritime.
Arrêté de la ministre de l'économie et des finances n° 2412-25
du 21 rabii II 1447 (14 octobre 2025) fixant les règles
prudentielles relatives aux placements financiers du Fonds
Hassan II pour le développement économique et social.
Suite à l'instruction du dossier, l'Agence adresse le dossier
complet de la demande ainsi qu'une note établie par celle-ci à
l'autorité gouvernementale chargée de la pêche maritime, aux
fins de l'établissement de l'accord correspondant.
Cet accord est transmis par l'Agence au demandeur, par
tout moyen faisant preuve de la réception, y compris par voie
électronique, dans un délai maximum de soixante (60) jours
à compter de la date de dépôt de la demande.
LA MINISTRE DE L'ÉCONOMIE ET DES FINANCES,
Vu la loi n° 36-01 portant création du Fonds Hassan II
pour le développement économique et social promulguée
par le dahir n° 1-02-02 du 15 kaada 1422 (29 janvier 2002),
notamment son article 2 (b) ;
Tout rejet de la demande doit être motivé et adressé à
l'intéressé par tout moyen faisant preuve de la réception, y
compris par voie électronique, dans le même délai sus indiqué.
Vu le décret n° 2-02-93 du 27 hija 1422 (12 mars 2002)
pris en application de la loi n° 36-01 portant création du
Fonds Hassan II pour le développement économique et social,
notamment son article 3,",Environnement,"Environnement=3, Fiscal=0, Social=0",Environnement,False,
351,BO_7470_Fr,50,fr,"Les espèces halieutiques vivantes doivent être
transportées et étiquetées selon les modalités fixées par arrêté
de l'autorité gouvernementale chargée de la pêche maritime et
de l'autorité gouvernementale chargée de l'agriculture, compte
tenu des dispositions de la législation et de la réglementation
relative à la sécurité sanitaire des produits alimentaires.
ARRÊTE :",Environnement,"Environnement=2, Fiscal=0, Social=0",Environnement,False,
352,BO_7470_Fr,PREMIER,fr,"En application des dispositions de
l'article 2 (b) de la loi susvisée n°36-01, sont fixées comme suit
les règles prudentielles relatives aux placements financiers du
Fonds Hassan II pour le développement économique et social,
désigné ci-dessous « Fonds » qui se constituent sous forme :",Indéterminé,"Fiscal=0, Social=0, Administratif=0",Fiscal,False,
353,BO_7470_Fr,51,fr,"Sont fixés par arrêtés de l'autorité gouvernementale
chargée de la pêche maritime :
1 - les modalités de la déclaration de vacance de ferme
aquacole prévue à l'article 38 de la loi précité n°84-21 ;
1) d'au moins 70% des :
a) bons de trésor ;
2 - les modèles des demandes prévues au présent décret ;
b) obligations bénéficiant de la garantie de l'Etat ou de la
garantie de la société nationale de garantie et du financement
de l'entreprise ;
3 - le modèle du procès-verbal d'infraction prévu à
l'article 81 de la loi précitée n°84-21 ;
Arrêté conjoint de la ministre de l'économie et des finances
c) titres émis par les organismes de placement collectif
en valeurs mobilières (OPCVM) dont les éléments d'actifs sont
constitués de bons du Trésor ou d'obligations bénéficiant de
la garantie de l'Etat ou de la garantie de la société nationale
de garantie et du financement de l'entreprise ;
et du ministre de l'industrie et du commerce n° 2481-25
du 29 rabii II 1447 (22 octobre 2025) fixant la liste des
services liés aux activités autorisées à s'implanter dans la
Zone d'accélération industrielle Betoya.
d) titres émis par les organismes de placement collectif,
y compris les certificats Sukuk émis par les fonds de
placements collectifs en titrisation (FPCT) ou les titres émis
par les organismes de placement collectif immobilier (OPCI),
à condition que l'État soit l'initiateur de la constitution de
l'organisme et que la détermination et la gestion des risques
encourus par les placements dans ces titres soient similaires
aux placements en bons du Trésor ou en obligations bénéficiant
de la garantie de l'État ou de la garantie de la société nationale
de garantie et du financement de l'entreprise.
LA MINISTRE DE L'ÉCONOMIE ET DES FINANCES,
ET LE MINISTRE DE L'INDUSTRIE ET DU COMMERCE,
Vu la loi n° 19-94 relative aux zones d'accélération
industrielle promulguée par le dahir n° 1-95-1 du 24 chaabane
1415 (26 janvier 1995), telle qu'elle a été modifiée, notamment
ses articles 2 et 3 ;
Vu le décret n° 2-95-562 du 19 rejeb 1416 (12 décembre
1995) pris pour l'application de la loi n° 19-94 relative aux zones
d'accélération industrielle, notamment son article 2 ;
Les opérations de pension et/ou de prêt de titres
ne peuvent se réaliser que dans la limite de 10% de l'ensemble
des titres prévus par le présent paragraphe.
Vu le décret n° 2-09-684 du 30 rabii I 1431 (17 mars 2010)
portant création de la zone d'accélération industrielle Betoya,
tel qu'il a été modifié et complété notamment son article 4 ;
Les bons du Trésor ou les titres d'OPCVM dont l'objet
de leur placement concerne des bons du Trésor, doivent
constituer 35% de l'ensemble des placements prévus par le
présent paragraphe.
Sur proposition de la commission nationale des zones
d'accélération industrielle,
ARRÊTENT :",Commercial,"Commercial=8, Pénal=2, Social=1",Fiscal,False,
354,BO_7470_Fr,PREMIER,fr,"La liste des services liés aux activités
autorisées à s'implanter dans la zone d'accélération industrielle
de Betoya prévue dans l'article 4 du décret n°2-09-684
susvisé, est fixé comme suit :
2) d'au plus de 30% :
– des instruments financiers définis au paragraphe 1) de
l'article 2 de la loi n° 44-12 relative à l'appel public à
l'épargne et aux informations exigées des personnes
morales et organismes faisant appel public à l'épargne ;
– Services de communication, de marketing, de
certification et de promotion qui permettraient aux
investisseurs installés dans la zone d'accélération
industrielle d'améliorer leur capacité de pénétration
des marchés ;
– et de titres d'organismes de placement collectif
immobilier (OPCI).",Indéterminé,"Fiscal=0, Social=0, Administratif=0",Fiscal,False,
355,BO_7470_Fr,2,fr,"A l'exception des fonds placés sous forme de
bons du Trésor, des pourcentages maximums des placements
financiers par émetteur ou groupe d'émetteurs peuvent être
fixés par le directoire du Fonds.
– Services de maintenance et d'entretien des équipements
des unités industrielles et des locaux ;
– Services de recyclage et de valorisation des déchets
produits par les acteurs ;",Environnement,"Environnement=1, Fiscal=0, Social=0",Fiscal,False,
356,BO_7470_Fr,3,fr,"Les placements financiers et les opérations
visés à l'article premier ci-dessus doivent tenir compte des
– Services de peinture de surfaces, de coupe et de
lamination dans la zone d'accélération industrielle ;
engagements du Fonds et être suffisamment diversifiés pour lui
permettre de se prémunir contre une concentration des risques.
– Entretien du site et de ses installations (espaces publics) ;
–  Gestion des parkings (sous-terrain et surface) à",Indéterminé,"Fiscal=0, Social=0, Administratif=0",Fiscal,False,
357,BO_7470_Fr,4,fr,"Est abrogé l'arrêté du ministre de l'économie,
des finances et de la réforme de l'administration n°2873-19 du
22 safar 1441 (21 octobre 2019) fixant les règles prudentielles
relatives aux placements financiers du Fonds Hassan II pour
le développement économique et social.
l'intérieur de la zone d'accélération industrielle ;
– Etablissements d'assistance technique et de formation,
réservés exclusivement au personnel des entreprises
installées à l'intérieur de la zone d'accélération
industrielle ;",Administratif,"Administratif=1, Commercial=1, Fiscal=0",Fiscal,False,
358,BO_7470_Fr,5,fr,"Le présent arrêté est publié au Bulletin officiel.
– Centres d'exposition réservés aux biens d'équipement et
Rabat, le 21 rabii II 1447 (14 octobre 2025).
produits des sociétés installées à l'intérieur de la zone
d'accélération industrielle ;
NADIA FETTAH.
– Centres d'affaires fournissant des plateaux bureaux,
– Services de manutention des marchandises et de
des services de télécommunication, secrétariat,
reprographie et salles de réunions à destination
des sociétés en cours d'installation dans la zone
d'accélération industrielle ;
transport du personnel des entreprises installées dans
ladite zone ;
– Service de médecine de travail ;
– Les activités de commerce de biens d'équipement,
– Service ambulancier sur zone ;
outillage, petit matériel, pièces de rechanges destinées
aux unités industrielles de la zone ;
– Services postaux ;
– Services bancaires ;
– Services d'externalisation de fonctions administratives
et financières pour les entreprises installées dans la zone
d'accélération industrielle ;
– Service de transport terrestre ;
– Service de réparation et nettoyage de conteneurs ;
– Activités immobilières d'aménagement des lots
industriels, de construction des locaux industriels et
de plateaux bureaux pour les entreprises industrielles et
de services sous toutes les formes de mise à disposition
possibles (leasing, location, vente) ;
– Service d'empotage/dépotage spécialisés (les marchandises
réfrigérés, dangereux, vacs solides/liquides) ;
– Assurances et courtiers maritimes ;
– Centres privés de formation maritime-portuaire ;
– Services de conseil à l'agencement, à l'ameublement
des plateaux bureaux, de déménagement et aide à
l'installation ;
– Services de contrôle utilisant la plongée sous-marine ;
– Activités de consignataire maritime ;
– Services d'accompagnement des entreprises à la
certification et à l'installation des systèmes de
management de la qualité ;
– Services de manutention portuaire, de chargement et
de déchargement des navires, y compris les opérations
– Activités de logistique, de magasinage, d'entreposage
de transbordement ;
et de stockage ;
– Services de stockage et d'entreposage des marchandises
– Activités de pointage, de pesage et d'acheminement des
en zone portuaire, y compris les hydrocarbures et
marchandises ;
produits dangereux conformément à la réglementation
– Ingénierie et bureaux d'études techniques ;
en vigueur ;
–  Travaux d'aménagement des zones d'activités
– Services aux navires : pilotage, remorquage, amarrage,
industrielles, logistiques et de stockage des produits
énergiques ;
soutage et avitaillement en carburant et en vivres,
collecte, traitement, gestion et évacuation des déchets
– Travaux d'infrastructures et de superstructures
et résidus des navires ;
portuaires ;
– Services de réparation navale et d'entretien des
– Travaux d'informatique, de bureautique et de tirage
de plans ;
embarcations ;
– Laboratoires d'essais, de métrologie, de contrôle,
– Services logistiques liés au transport maritime ;
d'analyses de matières premières de produits finis ou
semi-finis utilisés ou produits par les unités installées
dans la zone d'accélération industrielle ;
Plus généralement, tous les services liés aux navires et
à la marchandise dans le port.
– Services de sécurité du site : télésurveillance et",Environnement,"Environnement=16, Commercial=8, Urbain=3",Fiscal,False,
359,BO_7470_Fr,2,fr,"Le présent arrêté conjoint sera publié au
vidéosurveillance dans la zone d'accélération
industrielle, gardiennage et contrôle des entrées/sorties
du site et des installations des entreprises ;
Bulletin officiel.
Rabat, le 29 rabii II 1447 (22 octobre 2025).
– Services de gestion des infrastructures de secours ;
La ministre de l'économie
Le ministre de l'industrie et
et des finances,
NADIA FETTAH.
du commerce,
RYAD MEZZOUR.
– Services de restauration au profit du personnel des
entreprises installées dans ladite zone ;
Arrêté de la ministre de l'économie et des finances n° 2889-25",Commercial,"Commercial=3, Fiscal=0, Social=0",Commercial,False,
360,BO_7470_Fr,2,fr,"Le présent arrêté, qui prend effet à compter du
1er janvier 2026, est publié au Bulletin officiel.
du 19 joumada II 1447 (10 décembre 2025) modifiant et
complétant l'arrêté du ministre délégué auprès du premier
ministre, chargé des affaires économiques et générales
n° 1964-06 du 20 rejeb 1427 (15 août 2006) fixant les prix
et les marges commerciales maxima du sucre raffiné à tous
les échelons de la commercialisation.
Rabat, le 19 joumada II 1447 (10 décembre 2025).
NADIA FETTAH.
Le texte en langue arabe a été publié dans l'édition générale du
« Bulletin officiel » n° 7469 du 8 rejeb 1447 (29 décembre 2025).
LA MINISTRE DE L'ÉCONOMIE ET DES FINANCES,
Vu la loi de finances n°55-23 pour l'année budgétaire
2024 promulguée par le dahir n° l-23-91 du 30 joumada I 1445
(14 décembre 2023) ;
Arrêté de la ministre de l'économie et des finances n° 2927-25
du 27 joumada II 1447 (18 décembre 2025) modifiant et
complétant l'arrêté du ministre délégué auprès du Chef
du gouvernement, chargé des affaires générales et de la
gouvernance n° 771-13 du 18 rabii II 1434 (1er mars 2013)
relatif à l'homologation des prix de vente au public des
tabacs manufacturés.
Vu le décret n° 2-14-652 du 8 safar 1436 (1er décembre
2014) pris pour l'application de la loi n° 104-12 sur la liberté
des prix et de la concurrence tel qu'il a été modifié et complété,
et notamment son article 3 ;
Vu le décret n° 2-21-829 du 14 rabii I 1443 (21 octobre
2021) relatif aux attributions de la ministre de l'économie et
des finances ;
Vu l'arrêté du ministre délégué auprès du chef
du gouvernement chargé des affaires générales et de la
gouvernance n°1899-15 du 13 chaabane 1436 (1er juin 2015)
fixant la liste des biens, produits et services dont les prix sont
réglementés, tel que complété ;
LA MINISTRE DE L'ÉCONOMIE ET DES FINANCES,
Vu le décret n° 2-03-199 du 20 rabii I 1424 (22 mai 2003)
pris pour l'application de la loi n° 46-02 relative au régime des
tabacs bruts et des tabacs manufacturés, tel qu'il a été modifié
et complété par le décret n° 2-17-642 ;
Vu l'arrêté du ministre délégué auprès du premier ministre,
chargé des affaires économiques et générales n° 1964-06
du 20 rejeb 1427 (15 août 2006) fixant les prix et les marges
commerciales maxima du sucre raffiné à tous les échelons de la
commercialisation tel qu'il a été modifié et complété ;
Vu le décret n° 2-21-829 du 14 rabii I 1443 (21 octobre
2021) relatif aux attributions de la ministre de l'économie et
des finances ;
Après avis de la commission interministérielle des prix,
Vu l'arrêté du ministre délégué auprès du Chef
du gouvernement, chargé des affaires générales et de la
gouvernance n° 771-13 du 18 rabii II 1434 (1er mars 2013)
relatif à l'homologation des prix de vente au public des tabacs
manufacturés, tel qu'il a été modifié et complété ;
ARRÊTE :",Environnement,"Environnement=6, Commercial=2, Fiscal=0",Commercial,False,
361,BO_7470_Fr,PREMIER,fr,"L'article premier de l'arrêté visé
ci-dessus n° 1964-06 du 20 rejeb 1427 (15 août 2006) fixant
les prix et les marges commerciales maxima du sucre raffiné
à tous les échelons de la commercialisation est modifié et
complété comme suit :
Après avis de la commission chargée de l'homologation
des prix des produits de tabac manufacturé,
«",Indéterminé,"Fiscal=0, Social=0, Administratif=0",Commercial,False,
362,BO_7470_Fr,premier,fr,"Les prix de vente maxima du sucre
« raffiné sortie usine, sont fixés comme suit :
ARRÊTE :
Présentation
Prix
 en dh/kg
Conditionnement",Commercial,"Commercial=1, Fiscal=0, Social=0",Commercial,False,
363,BO_7470_Fr,PREMIER,fr,"A compter du 1er janvier 2026,
les nouveaux prix de vente au public des produits de tabac
manufacturé, figurant au tableau annexé à l'arrêté susvisé
n° 771-13 du 18 rabii II 1434 (1er mars 2013), sont homologués
conformément à l'annexe jointe au présent arrêté.
Pains de 2 kilos.
5,1484
Habillés sous papier en sacs en caisses
carton emballages perdus
Coupés.
5,1484
En boites carton d'un kilo mises en
fardeau de 5 kilos sous papier
Granulé en poudre
titrant au moins
99, 5°
4,2335
En sacs perdus de 50 Kg.",Environnement,"Environnement=3, Commercial=1, Fiscal=0",Commercial,False,
364,BO_7470_Fr,2,fr,"Le présent arrêté sera publié au Bulletin officiel.
Rabat, le 27 joumada II 1447 (18 décembre 2025).
Granulé en poudre.
4,2910
Présenté en sachet de 5 kg.
NADIA FETTAH.
Granulé en poudre.
4,2951
Présenté en sachet de 2 kg.
*
Granulé en poudre.
4,3363
Présenté en sachet de 1 kg.
*
*
(La suite sans modification.)
Annexe n° 1
Liste des nouveaux prix de vente au public
Camel Lights
36,00
Camel Filters Limited Edition
36,00
des produits de tabac manufacturé
homologué à compter du 1er janvier 2026
Camel Lights Limited Edition
36,00
Marlboro Red Beyond
41,50
PRIX
PUBLIC
(EN DHS)
LIBELLE
Marlboro Beyond Blue
41,50
Marlboro Sol Shuffle KS
41,50
Cigarettes brunes
Marlboro Red Ks Soft Pack
38,00
Casa
31,00
Marlboro Touch Blue
34,00
Cigarettes blondes
Marlboro Touch
34,00
Majestic
35,00
Marlboro Red KS
39,50
Cesar
32,00
Marlboro Gold KS
39,50
Rif
33,00
Chesterfield I
29,00
Glamour Menthol
41,00
Chesterfield Rich
29,00
Glamour Pinks
41,00
Chesterfield Blue
29,00
Fortuna Blue
29,00
Chesterfield Intense
29,00
Fortuna Red
29,00
Chesterfield I (25.cig)
36,00
Fortuna Edicion Limitada
29,00
Chesterfield I(40.cig)
58,00
Fortuna Intense
29,00
Chesterfield I (100.cig)
145,00
Fortuna Mix
29,00
Chesterfield Intense Soft Pack
28,00
Marquise FF
29,00
L&M Lights
30,00
Marquise Gold Medium
29,00
L&M FF
30,00
Marquise Lights
29,00
L&M Intense
30,00
Marquise Classic
30,00
L&M Red Soft Pack
28,00
Marquise Intense
29,00
Signature Red
28,00
Marvel
31,00
Signature Light
28,00
LD Classic
28,00
LD Lights
28,00
Le texte en langue arabe a été publié dans l'édition générale du
Camel Silver
36,00
Camel Filters
36,00
« Bulletin officiel » n° 7469 du 8 rejeb 1447 (29 décembre 2025).
TEXTES PARTICULIERS
Arrêté conjoint du ministre délégué auprès de la ministre de
Considérant la convention de création et d'exploitation
de ferme aquacole n° 2025/DOE/550 signée le 6 joumada I 1447
(29 octobre 2025) entre la société « BRAIKA AQUACULTURE
Sarl AU  » et la secrétaire d'Etat auprès du ministre de
l'agriculture, de la pêche maritime, du développement rural
et des eaux et forêts, chargée de la pêche maritime et approuvée
par le ministre délégué auprès de la ministre de l'économie et
des finances, chargé du budget,
l'économie et des finances, chargé du budget et de la
secrétaire d'Etat auprès du ministre de l'agriculture,
de la pêche maritime, du développement rural et des
eaux et forêts, chargée de la pêche maritime n° 2861-25
du 25 joumada II 1447 (16 décembre 2025) autorisant la
société « BRAIKA AQUACULTURE Sarl AU » pour la
création et l'exploitation d'une ferme aquacole dénommée
« Braika Aquaculture Tiniguir » et portant publication de
l'extrait de la convention y afférente.
ARRÊTENT :",Environnement,"Environnement=5, Commercial=3, Fiscal=0",Commercial,False,
365,BO_7470_Fr,PREMIER,fr,"La société «  BRAIKA
AQUACULTURE Sarl AU », immatriculée au registre de
LE MINISTRE DÉLÉGUÉ AUPRÈS DE LA MINISTRE DE
commerce de Dakhla sous le numéro 21515 est autorisée à créer
et exploiter, dans les conditions fixées par la convention de
création et d'exploitation de ferme aquacole n° 2025/DOE/550
signée le 6 joumada I 1447 (29 octobre 2025) entre ladite société
et la secrétaire d'Etat auprès du ministre de l'agriculture, de la
pêche maritime, du développement rural et des eaux et forêts,
chargée de la pêche maritime, une ferme aquacole dénommée
« Braika Aquaculture Tiniguir » pour l'élevage, au niveau de
L'ÉCONOMIE ET DES FINANCES, CHARGÉ DU BUDGET,
LA SECRÉTAIRE D'ETAT AUPRÈS DU MINISTRE DE
L'AGRICULTURE, DE LA PÊCHE MARITIME, DU
DÉVELOPPEMENT RURAL ET DES EAUX ET FORÊTS,
CHARGÉE DE LA PÊCHE MARITIME,
Vu le dahir portant loi n° 1-73-255 du 27 chaoual 1393
(23 novembre 1973) formant règlement sur la pêche maritime,
tel que modifié et complété, notamment ses articles 28 et 28-1 ;
la Baie de Dakhla, des espèces halieutiques suivantes  :
Vu le décret n° 2-08-562 du 13 hija 1429 (12 décembre 2008)
fixant les conditions et les modalités de délivrance
et de renouvellement des autorisations d'établissement
de pêche maritime, tel que modifié et complété, notamment
ses articles 7, 7 bis et 9 ;
– l'huître creuse « Crassostrea gigas » ;
– la moule des espèces « Mytilus galloprovincialis » et
« Perna perna ».",Environnement,"Environnement=5, Commercial=3, Fiscal=0",Environnement,False,
366,BO_7470_Fr,2,fr,"Le registre tenu par la société « BRAIKA
AQUACULTURE Sarl AU » en application des dispositions
Vu l'arrêté de la ministre de l'économie et des finances
n° 3200-21 du 28 rabii I 1443 (4 novembre 2021) portant
délégation d'attributions au ministre délégué auprès de la
ministre de l'économie et des finances, chargé du budget ;
de l'",Commercial,"Commercial=1, Fiscal=0, Social=0",Environnement,False,
367,BO_7470_Fr,28,fr,"1 du dahir portant loi n° 1-73-255 du 27 chaoual
1393 (23 novembre 1973) susvisé, répertorie, dans l'ordre
chronologique, ventilées par espèce, les entrées et les sorties
de l'huître creuse « Crassostrea gigas » et de la moule des
espèces « Mytilus galloprovincialis » et « Perna perna » élevées.
Vu l'arrêté du ministre de l'agriculture, de la pêche
maritime, du développement rural et des eaux et forêts n° 2561-24
du 25 rabii II 1446 (29 octobre 2024) portant délégation
d'attributions à la secrétaire d'Etat auprès du ministre de
l'agriculture, de la pêche maritime, du développement rural
et des eaux et forêts, chargée de la pêche maritime ;",Environnement,"Environnement=3, Fiscal=0, Social=0",Environnement,False,
368,BO_7470_Fr,3,fr,"L'extrait de la convention n° 2025/DOE/550
mentionnée à l'article premier ci-dessus est annexé au présent
arrêté conjoint.
Vu l'arrêté du ministre de l'agriculture et de la pêche
maritime n° 1643-10 du 11 joumada II 1431 (26 mai 2010) relatif
à la demande d'autorisation de création et d'exploitation
d'établissement de pêche maritime et fixant le modèle de
convention de concession y afférent, tel que modifié et
complété, notamment son article 3 ;",Indéterminé,"Fiscal=0, Social=0, Administratif=0",Environnement,False,
369,BO_7470_Fr,4,fr,"Le présent arrêté conjoint sera publié au
Bulletin officiel.
Rabat, le 25 joumada II 1447 (16 décembre 2025).
La secrétaire d'Etat auprès
du ministre de l'agriculture,
Vu l'arrêté conjoint du ministre de l'économie et des
finances et du ministre de l'agriculture et de la pêche maritime
n° 3151-13 du 7 moharrem 1435 (11 novembre 2013) fixant
les montants et les modalités de paiement de la redevance
annuelle due au titre des conventions de concession de ferme
aquacole, tel que modifié et complété ;
Le ministre délégué auprès
de la ministre de l'économie
de la pêche maritime,
du développement rural
et des eaux et forêts, chargée
et des finances,
chargé du budget,
de la pêche maritime,
FOUZI LEKJAA.
ZAKIA DRIOUICH.
*
*    *
Annexe à l'arrêté conjoint du ministre délégué auprès de la ministre de l'économie et des finances, chargé du budget
et de la secrétaire d'Etat auprès du ministre de l'agriculture, de la pêche maritime, du développement rural et des eaux et forêts,
chargée de la pêche maritime n° 2861-25 du 25 joumada II 1447 (16 décembre 2025) autorisant la société
« BRAIKA AQUACULTURE Sarl AU » pour la création et l'exploitation d'une ferme aquacole dénommée
« Braika Aquaculture Tiniguir » et portant publication de l'extrait de la convention y afférente
Extrait de la convention de création et d'exploitation de la ferme aquacole dénommée «Braika Aquaculture Tiniguir»
n° 2025/DOE/550 signée le 6 joumada I 1447 (29 octobre 2025) entre la société «BRAIKA AQUACULTURE Sarl AU»
et la secrétaire d'Etat auprès du ministre de l'agriculture, de la pêche maritime, du développement rural et des eaux et forêts,
chargée de la pêche maritime
(art.9 du décret n° 2-08-562 du 13 hija 1429 (12 décembre 2008))
Nom du bénéficiaire :
Société « BRAIKA AQUACULTURE Sarl AU »
Rue Taouarchit n° 1/1267 - Dakhla.
Durée de la Convention :
Dix (10) ans, renouvelable
Lieu d'implantation de la ferme aquacole :
Baie de Dakhla, province d'Oued Eddahab.
Superficie :
Cinq (5) hectares.
Limites externes d'implantation de la ferme aquacole :
Bornes
Latitude
Longitude
B1
23°42'50.703'' N
15°48'13.602'' W
B2
23°42'45.582'' N
15°48'14.594'' W
B3
23°42'47.365'' N
15°48'25.444'' W
B4
23°42'52.486'' N
15°48'24.452'' W
Largeur de dix (10) mètres autour des limites extérieures d'implantation de la ferme
aquacole.
De jour et de nuit, au moyen de signaux conformes à la réglementation relative à
la sécurité de la navigation.
Zone de protection  :
Signalement en mer  :
Activité de la ferme aquacole :
Élevage des espèces halieutiques suivantes  :
–  huître creuse «Crassostrea gigas» ;
–  moule des espèces «Mytilus galloprovincialis» et «Perna perna».
– Technique des poches sur tables pour l'huître creuse ;
Technique utilisée  :
– Technique des bouchots pour les moules.
Moyens d'exploitation :
– Navires de servitude.
Contrôle et suivi technique et scientifique  :
L'Administration de la pêche maritime et l'Institut national de recherche halieutique
(INRH).
Surveillance environnementale  :
Selon le programme prévu dans l'étude d'impact sur l'environnement.
Gestion des déchets  :
Enfouissement et stockage dans des lieux autorisés à cet effet, conformément à la
loi n°28-00 relative à la gestion des déchets et à leur élimination.
Montant de la redevance due :
- droit fixe  : Cinquante (50) dirhams par an.
- droit variable  : 1/1000 de la valeur des espèces vendues.
Arrêté du ministre de l'enseignement supérieur, de la recherche
Arrêté du ministre de l'enseignement supérieur, de la recherche
scientifique et de l'innovation n° 2776-25 du 7 joumada II 1447
(28 novembre 2025) complétant l'arrêté n° 2797-95 du
20 joumada II 1416 (14 novembre 1995) fixant la liste des
diplômes reconnus équivalents au diplôme d'architecte de
l'Ecole nationale d'architecture.
scientifique et de l'innovation n° 2777-25 du 7 joumada II 1447
(28 novembre 2025) complétant l'arrêté n° 2797-95 du
20 joumada II 1416 (14 novembre 1995) fixant la liste des
diplômes reconnus équivalents au diplôme d'architecte de
l'Ecole nationale d'architecture.
LE MINISTRE DE L'ENSEIGNEMENT SUPÉRIEUR, DE LA
LE MINISTRE DE L'ENSEIGNEMENT SUPÉRIEUR, DE LA
RECHERCHE SCIENTIFIQUE ET DE L'INNOVATION,
RECHERCHE SCIENTIFIQUE ET DE L'INNOVATION,
Vu l'arrêté du ministre de l'enseignement supérieur,
de la formation des cadres et de la recherche scientifique
n° 2797-95 du 20 joumada II 1416 (14 novembre 1995) fixant la
liste des diplômes reconnus équivalents au diplôme d'architecte
de l'Ecole nationale d'architecture, tel qu'il a été complété ;
Vu l'arrêté du ministre de l'enseignement supérieur,
de la formation des cadres et de la recherche scientifique
n° 2797-95 du 20 joumada II 1416 (14 novembre 1995) fixant la
liste des diplômes reconnus équivalents au diplôme d'architecte
de l'Ecole nationale d'architecture, tel qu'il a été complété ;
Vu le décret n° 2-24-991 du 24 rabii II 1446 (28 octobre 2024)
relatif aux attributions du ministre de l'enseignement supérieur,
de la recherche scientifique et de l'innovation ;
Vu le décret n° 2-24-991 du 24 rabii II 1446 (28 octobre 2024)
relatif aux attributions du ministre de l'enseignement supérieur,
de la recherche scientifique et de l'innovation ;
Sur proposition de la ministre de l'aménagement
du territoire national, de l'urbanisme, de l'habitat et de la
politique de la ville ;
Sur proposition de la ministre de l'aménagement
du territoire national, de l'urbanisme, de l'habitat et de la
politique de la ville ;
Après avis du conseil national de l'Ordre national des
architectes ;
Après avis du conseil national de l'Ordre national des
architectes ;
Après avis de la commission sectorielle des sciences,
techniques, ingénierie et architecture du 30 septembre 2025,
Après avis de la commission sectorielle des sciences,
techniques, ingénierie et architecture du 30 septembre 2025,
ARRÊTE :
ARRÊTE :",Environnement,"Environnement=12, Urbain=12, Commercial=3",Environnement,False,
370,BO_7470_Fr,PREMIER,fr,"L'article premier de l'arrêté susvisé
n° 2797-95 du 20 joumada II 1416 (14 novembre 1995), est
complété comme suit :",Indéterminé,"Fiscal=0, Social=0, Administratif=0",Urbain,False,
371,BO_7470_Fr,PREMIER,fr,"L'article premier de l'arrêté susvisé
n° 2797-95 du 20 joumada II 1416 (14 novembre 1995), est
complété comme suit :
«",Indéterminé,"Fiscal=0, Social=0, Administratif=0",Urbain,False,
372,BO_7470_Fr,premier,fr,"La liste des diplômes reconnus
« équivalents au diplôme d'architecte de l'Ecole nationale
« d'architecture visé à l'article 4 de la loi n° 016-89, assortis du
« baccalauréat, série scientifique ou technique ou d'un diplôme
« reconnu équivalent, est fixée ainsi qu'il suit :
«",Urbain,"Urbain=1, Fiscal=0, Social=0",Urbain,False,
373,BO_7470_Fr,premier,fr,"La liste des diplômes reconnus
« équivalents au diplôme d'architecte de l'Ecole nationale
« d'architecture visé à l'article 4 de la loi n° 016-89, assortis du
« baccalauréat, série scientifique ou technique ou d'un diplôme
« reconnu équivalent, est fixée ainsi qu'il suit :
« – Master's degree field of study « architecture and
« – Master's degree, field of study « architecture and
« construction » program subject area « architecture
«  and town planning  » professional qualification
« « architect », délivré en date du 31 mai 2022 par Kharkiv
« national University of civil engineering and architecture -
« Ukraine, assorti du bachelor degree, program subject
« area « architecture and town planning » educational
« program « architecture and town planning », délivré
« en date du 30 juin 2020 par la même université et d'une
« attestation de validation du complément de formation,
«  délivrée par l'Ecole nationale d'architecture de
« Rabat. »
« construction », programme subject area « architecture
« and town planning », délivré en date du 31 décembre
«  2024 par Lviv polytechnic national University -
« Ukraine, assorti du bachelor's degree field of study
« architecture and construction programme subject
« area architecture and town planning, délivré en
« date du 30 juin 2023 par la même université et d'une
« attestation de validation du complément de formation,
«  délivrée par l'Ecole nationale d'architecture de
« Rabat. »",Urbain,"Urbain=4, Fiscal=0, Social=0",Urbain,False,
374,BO_7470_Fr,2,fr,Le présent arrêté sera publié au Bulletin officiel.,Indéterminé,"Fiscal=0, Social=0, Administratif=0",Urbain,False,
375,BO_7470_Fr,2,fr,"Le présent arrêté sera publié au Bulletin officiel.
Rabat, le 7 joumada II 1447 (28 novembre 2025).
Rabat, le 7 joumada II 1447 (28 novembre 2025).
AZZEDDINE EL MIDAOUI.
AZZEDDINE EL MIDAOUI.
Le texte en langue arabe a été publié dans l'édition générale du
Le texte en langue arabe a été publié dans l'édition générale du
« Bulletin officiel » n° 7468 du 4 rejeb 1447 (25 décembre 2025).
« Bulletin officiel » n° 7468 du 4 rejeb 1447 (25 décembre 2025).
Arrêté du ministre de l'enseignement supérieur, de la recherche
Arrêté du ministre de l'enseignement supérieur, de la recherche
scientifique et de l'innovation n° 2778-25 du 7 joumada II 1447
(28 novembre 2025) complétant l'arrêté n° 2797-95 du
20 joumada II 1416 (14 novembre 1995) fixant la liste des
diplômes reconnus équivalents au diplôme d'architecte de
l'Ecole nationale d'architecture.
scientifique et de l'innovation n° 2779-25 du 7 joumada II 1447
(28 novembre 2025) complétant l'arrêté n° 2797-95 du
20 joumada II 1416 (14 novembre 1995) fixant la liste des
diplômes reconnus équivalents au diplôme d'architecte de
l'Ecole nationale d'architecture.
LE MINISTRE DE L'ENSEIGNEMENT SUPÉRIEUR, DE LA
LE MINISTRE DE L'ENSEIGNEMENT SUPÉRIEUR, DE LA
RECHERCHE SCIENTIFIQUE ET DE L'INNOVATION,
RECHERCHE SCIENTIFIQUE ET DE L'INNOVATION,
Vu l'arrêté du ministre de l'enseignement supérieur,
de la formation des cadres et de la recherche scientifique
n° 2797-95 du 20 joumada II 1416 (14 novembre 1995) fixant la
liste des diplômes reconnus équivalents au diplôme d'architecte
de l'Ecole nationale d'architecture, tel qu'il a été complété ;
Vu l'arrêté du ministre de l'enseignement supérieur,
de la formation des cadres et de la recherche scientifique
n° 2797-95 du 20 joumada II 1416 (14 novembre 1995) fixant la
liste des diplômes reconnus équivalents au diplôme d'architecte
de l'Ecole nationale d'architecture, tel qu'il a été complété ;
Vu le décret n° 2-24-991 du 24 rabii II 1446 (28 octobre 2024)
relatif aux attributions du ministre de l'enseignement supérieur,
de la recherche scientifique et de l'innovation ;
Vu le décret n° 2-24-991 du 24 rabii II 1446 (28 octobre 2024)
relatif aux attributions du ministre de l'enseignement supérieur,
de la recherche scientifique et de l'innovation ;
Sur proposition de la ministre de l'aménagement
du territoire national, de l'urbanisme, de l'habitat et de la
politique de la ville ;
Sur proposition de la ministre de l'aménagement
du territoire national, de l'urbanisme, de l'habitat et de la
politique de la ville ;
Après avis du conseil national de l'Ordre national des
architectes ;
Après avis du conseil national de l'Ordre national des
architectes ;
Après avis de la commission sectorielle des sciences,
techniques, ingénierie et architecture du 30 septembre 2025,
Après avis de la commission sectorielle des sciences,
techniques, ingénierie et architecture du 30 septembre 2025,
ARRÊTE :",Urbain,"Urbain=12, Fiscal=0, Social=0",Urbain,False,
376,BO_7470_Fr,PREMIER,fr,"L'article premier de l'arrêté susvisé
n° 2797-95 du 20 joumada II 1416 (14 novembre 1995), est
complété comme suit :
ARRÊTE :",Indéterminé,"Fiscal=0, Social=0, Administratif=0",Urbain,False,
377,BO_7470_Fr,PREMIER,fr,"L'article premier de l'arrêté susvisé
n° 2797-95 du 20 joumada II 1416 (14 novembre 1995), est
complété comme suit :
«",Indéterminé,"Fiscal=0, Social=0, Administratif=0",Urbain,False,
378,BO_7470_Fr,premier,fr,"La liste des diplômes reconnus
« équivalents au diplôme d'architecte de l'Ecole nationale
« d'architecture visé à l'article 4 de la loi n° 016-89, assortis du
« baccalauréat, série scientifique ou technique ou d'un diplôme
« reconnu équivalent, est fixée ainsi qu'il suit :
«",Urbain,"Urbain=1, Fiscal=0, Social=0",Urbain,False,
379,BO_7470_Fr,premier,fr,"La liste des diplômes reconnus
« équivalents au diplôme d'architecte de l'Ecole nationale
« d'architecture visé à l'article 4 de la loi n° 016-89, assortis du
« baccalauréat, série scientifique ou technique ou d'un diplôme
« reconnu équivalent, est fixée ainsi qu'il suit :
« – Master's degree field of study « architecture and
« construction » programme subject area « architecture
« and town planning », délivré en date du 7 juin 2024
«  par Ukrainian State University of science and
« technologies - Ukraine, assorti du bachelor's degree
«  field of study «  architecture and construction  »
« program subject area « architecture and town planning  »
« professional qualification architect, délivré en date
« du 30 juin 2022 par Prydniprovska State Academy of
« civil engineering and architecture - Ukraine et d'une
« attestation de validation du complément de formation,
«  délivrée par l'Ecole nationale d'architecture de
« Rabat. »
« – Master's degree, field of study « architecture and
« construction », programme subject area « architecture
« and town planning », délivré en date du 31 décembre 2022
« par Lviv polytechnic national University - Ukraine,
« assorti du bachelor's degree, field of study construction,
« délivré en date du 30 juin 2016 par la même université
« et d'une attestation de validation du complément de
« formation, délivrée par l'Ecole nationale d'architecture
« de Rabat. »",Urbain,"Urbain=5, Fiscal=0, Social=0",Urbain,False,
380,BO_7470_Fr,2,fr,Le présent arrêté sera publié au Bulletin officiel.,Indéterminé,"Fiscal=0, Social=0, Administratif=0",Urbain,False,
381,BO_7470_Fr,2,fr,"Le présent arrêté sera publié au Bulletin officiel.
Rabat, le 7 joumada II 1447 (28 novembre 2025).
Rabat, le 7 joumada II 1447 (28 novembre 2025).
AZZEDDINE EL MIDAOUI.
AZZEDDINE EL MIDAOUI.
Le texte en langue arabe a été publié dans l'édition générale du
Le texte en langue arabe a été publié dans l'édition générale du
« Bulletin officiel » n° 7468 du 4 rejeb 1447 (25 décembre 2025).
« Bulletin officiel » n° 7468 du 4 rejeb 1447 (25 décembre 2025).
Arrêté du ministre de l'enseignement supérieur, de la recherche
Arrêté du ministre de l'enseignement supérieur, de la recherche
scientifique et de l'innovation n° 2780-25 du 7 joumada II 1447
(28 novembre 2025) complétant l'arrêté n° 2797-95 du
20 joumada II 1416 (14 novembre 1995) fixant la liste des
diplômes reconnus équivalents au diplôme d'architecte de
l'Ecole nationale d'architecture.
scientifique et de l'innovation n° 2781-25 du 7 joumada II 1447
(28 novembre 2025) complétant l'arrêté n° 2797-95 du
20 joumada II 1416 (14 novembre 1995) fixant la liste des
diplômes reconnus équivalents au diplôme d'architecte de
l'Ecole nationale d'architecture.
LE MINISTRE DE L'ENSEIGNEMENT SUPÉRIEUR, DE LA
LE MINISTRE DE L'ENSEIGNEMENT SUPÉRIEUR, DE LA
RECHERCHE SCIENTIFIQUE ET DE L'INNOVATION,
RECHERCHE SCIENTIFIQUE ET DE L'INNOVATION,
Vu l'arrêté du ministre de l'enseignement supérieur,
de la formation des cadres et de la recherche scientifique
n° 2797-95 du 20 joumada II 1416 (14 novembre 1995) fixant la
liste des diplômes reconnus équivalents au diplôme d'architecte
de l'Ecole nationale d'architecture, tel qu'il a été complété ;
Vu l'arrêté du ministre de l'enseignement supérieur,
de la formation des cadres et de la recherche scientifique
n° 2797-95 du 20 joumada II 1416 (14 novembre 1995) fixant la
liste des diplômes reconnus équivalents au diplôme d'architecte
de l'Ecole nationale d'architecture, tel qu'il a été complété ;
Vu le décret n° 2-24-991 du 24 rabii II 1446 (28 octobre 2024)
relatif aux attributions du ministre de l'enseignement supérieur,
de la recherche scientifique et de l'innovation ;
Vu le décret n° 2-24-991 du 24 rabii II 1446 (28 octobre 2024)
relatif aux attributions du ministre de l'enseignement supérieur,
de la recherche scientifique et de l'innovation ;
Sur proposition de la ministre de l'aménagement
du territoire national, de l'urbanisme, de l'habitat et de la
politique de la ville ;
Sur proposition de la ministre de l'aménagement
du territoire national, de l'urbanisme, de l'habitat et de la
politique de la ville ;
Après avis du conseil national de l'Ordre national des
architectes ;
Après avis de la commission sectorielle des sciences,
techniques, ingénierie et architecture du 30 septembre 2025,
Après avis du conseil national de l'Ordre national des
architectes ;
ARRÊTE :
Après avis de la commission sectorielle des sciences,
techniques, ingénierie et architecture du 30 septembre 2025,",Urbain,"Urbain=12, Fiscal=0, Social=0",Urbain,False,
382,BO_7470_Fr,PREMIER,fr,"L'article premier de l'arrêté susvisé
n° 2797-95 du 20 joumada II 1416 (14 novembre 1995), est
complété comme suit :
ARRÊTE :",Indéterminé,"Fiscal=0, Social=0, Administratif=0",Urbain,False,
383,BO_7470_Fr,PREMIER,fr,"L'article premier de l'arrêté susvisé
n° 2797-95 du 20 joumada II 1416 (14 novembre 1995), est
complété comme suit :
«",Indéterminé,"Fiscal=0, Social=0, Administratif=0",Urbain,False,
384,BO_7470_Fr,premier,fr,"La liste des diplômes reconnus
« équivalents au diplôme d'architecte de l'Ecole nationale
« d'architecture visé à l'article 4 de la loi n° 016-89, assortis du
« baccalauréat, série scientifique ou technique ou d'un diplôme
« reconnu équivalent, est fixée ainsi qu'il suit :
«",Urbain,"Urbain=1, Fiscal=0, Social=0",Urbain,False,
385,BO_7470_Fr,premier,fr,"La liste des diplômes reconnus
« équivalents au diplôme d'architecte de l'Ecole nationale
« d'architecture visé à l'article 4 de la loi n° 016-89, assortis du
« baccalauréat, série scientifique ou technique ou d'un diplôme
« reconnu équivalent, est fixée ainsi qu'il suit :
« – Master's degree field of study « architecture and
« construction » program subject area « architecture
«  and town planning  » professional qualification
« « architect », délivré en date du 31 mai 2022 par
« Kharkiv national University of civil engineering and
« architecture - Ukraine, assorti du bachelor degree,
« program subject area « architecture and town planning  »
« educational program«  architecture and town planning »,
« délivré en date du 30 juin 2020 par la même université
« et d'une attestation de validation du complément de
« formation, délivrée par l'Ecole nationale d'architecture
« de Rabat. »
« – Master of architecture, délivré en date du 4 juin 2021
« par the Manchester Metropolitan University and the
« University of Manchester, Royaume Uni, assorti d'une
« attestation de validation du complément de formation,
«  delivrée par l'Ecole nationale d'architecture de
« Rabat. »",Urbain,"Urbain=2, Fiscal=0, Social=0",Urbain,False,
386,BO_7470_Fr,2,fr,Le présent arrêté sera publié au Bulletin officiel.,Indéterminé,"Fiscal=0, Social=0, Administratif=0",Urbain,False,
387,BO_7470_Fr,2,fr,"Le présent arrêté sera publié au Bulletin officiel.
Rabat, le 7 joumada II 1447 (28 novembre 2025).
Rabat, le 7 joumada II 1447 (28 novembre 2025).
AZZEDDINE EL MIDAOUI.
AZZEDDINE EL MIDAOUI.
Le texte en langue arabe a été publié dans l'édition générale du
Le texte en langue arabe a été publié dans l'édition générale du
« Bulletin officiel » n° 7468 du 4 rejeb 1447 (25 décembre 2025).
« Bulletin officiel » n° 7469 du 8 rejeb 1447 (29 décembre 2025).
Arrêté du ministre de l'enseignement supérieur, de la recherche
Arrêté du ministre de l'enseignement supérieur, de la recherche
scientifique et de l'innovation n° 2782-25 du 7 joumada II 1447
(28 novembre 2025) complétant l'arrêté n° 2797-95 du
20 joumada II 1416 (14 novembre 1995) fixant la liste des
diplômes reconnus équivalents au diplôme d'architecte de
l'Ecole nationale d'architecture.
scientifique et de l'innovation n° 2783-25 du 7 joumada II 1447
(28 novembre 2025) complétant l'arrêté n° 2797-95 du
20 joumada II 1416 (14 novembre 1995) fixant la liste des
diplômes reconnus équivalents au diplôme d'architecte de
l'Ecole nationale d'architecture.
LE MINISTRE DE L'ENSEIGNEMENT SUPÉRIEUR, DE LA
LE MINISTRE DE L'ENSEIGNEMENT SUPÉRIEUR, DE LA
RECHERCHE SCIENTIFIQUE ET DE L'INNOVATION,
RECHERCHE SCIENTIFIQUE ET DE L'INNOVATION,
Vu l'arrêté du ministre de l'enseignement supérieur,
de la formation des cadres et de la recherche scientifique
n° 2797-95 du 20 joumada II 1416 (14 novembre 1995) fixant la
liste des diplômes reconnus équivalents au diplôme d'architecte
de l'Ecole nationale d'architecture, tel qu'il a été complété ;
Vu l'arrêté du ministre de l'enseignement supérieur,
de la formation des cadres et de la recherche scientifique
n° 2797-95 du 20 joumada II 1416 (14 novembre 1995) fixant la
liste des diplômes reconnus équivalents au diplôme d'architecte
de l'Ecole nationale d'architecture, tel qu'il a été complété ;
Vu le décret n° 2-24-991 du 24 rabii II 1446 (28 octobre 2024)
relatif aux attributions du ministre de l'enseignement supérieur,
de la recherche scientifique et de l'innovation ;
Vu le décret n° 2-24-991 du 24 rabii II 1446 (28 octobre 2024)
relatif aux attributions du ministre de l'enseignement supérieur,
de la recherche scientifique et de l'innovation ;
Sur proposition de la ministre de l'aménagement
du territoire national, de l'urbanisme, de l'habitat et de la
politique de la ville ;
Sur proposition de la ministre de l'aménagement
du territoire national, de l'urbanisme, de l'habitat et de la
politique de la ville ;
Après avis du conseil national de l'Ordre national des
architectes ;
Après avis du conseil national de l'Ordre national des
architectes ;
Après avis de la commission sectorielle des sciences,
techniques, ingénierie et architecture du 30 septembre 2025,
Après avis de la commission sectorielle des sciences,
techniques, ingénierie et architecture du 30 septembre 2025,
ARRÊTE :",Urbain,"Urbain=12, Fiscal=0, Social=0",Urbain,False,
388,BO_7470_Fr,PREMIER,fr,"L'article premier de l'arrêté susvisé
n° 2797-95 du 20 joumada II 1416 (14 novembre 1995), est
complété comme suit :
ARRÊTE :",Indéterminé,"Fiscal=0, Social=0, Administratif=0",Urbain,False,
389,BO_7470_Fr,PREMIER,fr,"L'article premier de l'arrêté susvisé
n° 2797-95 du 20 joumada II 1416 (14 novembre 1995), est
complété comme suit :
«",Indéterminé,"Fiscal=0, Social=0, Administratif=0",Urbain,False,
390,BO_7470_Fr,premier,fr,"La liste des diplômes reconnus
« équivalents au diplôme d'architecte de l'Ecole nationale
« d'architecture visé à l'article 4 de la loi n° 016-89, assortis du
« baccalauréat, série scientifique ou technique ou d'un diplôme
« reconnu équivalent, est fixée ainsi qu'il suit :
«",Urbain,"Urbain=1, Fiscal=0, Social=0",Urbain,False,
391,BO_7470_Fr,premier,fr,"La liste des diplômes reconnus
« équivalents au diplôme d'architecte de l'Ecole nationale
« d'architecture visé à l'article 4 de la loi n° 016-89, assortis du
« baccalauréat, série scientifique ou technique ou d'un diplôme
« reconnu équivalent, est fixée ainsi qu'il suit :
« – Master's degree field of study « architecture and
« construction » program subject area « architecture and
« town planning » professional qualification architect,
« délivré en date du 31 mai 2023 par Prydniprovska state
« academy of civil engineering and architecture, Ukraine,
« assorti du bachelor degree field(s) of study architecture
« and construction program subject area architecture
« and town planning professional qualification architect,
« délivré en date du 30 juin 2021 par la même académie
« et d'une attestation de validation du complément de
« formation, délivrée par l'Ecole nationale d'architecture
« de Rabat. »
« – Qualification de master architecture, délivrée en date
« du 9 juillet 2024 par l'Université d'Etat d'architecture
« et de génie civil de Nijni Novgorod - Fédération de Russie,
« assortie de la qualification de bachelor dans la spécialité
« de « architecture », délivrée en date du 7 juillet 2022 par
« la même université et d'une attestation de validation du
«  complément de formation, délivrée par l'Ecole
« nationale d'architecture de Rabat. »",Urbain,"Urbain=3, Fiscal=0, Social=0",Urbain,False,
392,BO_7470_Fr,2,fr,Le présent arrêté sera publié au Bulletin officiel.,Indéterminé,"Fiscal=0, Social=0, Administratif=0",Urbain,False,
393,BO_7470_Fr,2,fr,"Le présent arrêté sera publié au Bulletin officiel.
Rabat, le 7 joumada II 1447 (28 novembre 2025).
Rabat, le 7 joumada II 1447 (28 novembre 2025).
AZZEDDINE EL MIDAOUI.
AZZEDDINE EL MIDAOUI.
Le texte en langue arabe a été publié dans l'édition générale du
Le texte en langue arabe a été publié dans l'édition générale du
« Bulletin officiel » n° 7469 du 8 rejeb 1447 (29 décembre 2025).
« Bulletin officiel » n° 7469 du 8 rejeb 1447 (29 décembre 2025).
Arrêté du ministre de l'enseignement supérieur, de la recherche
Arrêté de la ministre de l'économie et des finances n° 2849-25
scientifique et de l'innovation n° 2784-25 du 7 joumada II 1447
(28 novembre 2025) complétant l'arrêté n° 2797-95 du
20 joumada II 1416 (14 novembre 1995) fixant la liste des
diplômes reconnus équivalents au diplôme d'architecte de
l'Ecole nationale d'architecture.
du 12 joumada II 1447 (3 décembre 2025) portant
agrément de la banque « Attijariwafa Bank » en qualité de
membre négociateur-compensateur sur le marché à terme
d'instruments financiers.
LA MINISTRE DE L'ÉCONOMIE ET DES FINANCES,
LE MINISTRE DE L'ENSEIGNEMENT SUPÉRIEUR, DE LA
RECHERCHE SCIENTIFIQUE ET DE L'INNOVATION,
Vu la loi n° 42-12 relative au marché à terme d'instruments
financiers promulguée par le dahir n° 1-14-96 du 20 rejeb 1435
(20 mai 2014), notamment ses articles 57 et 59 ;
Vu l'arrêté du ministre de l'enseignement supérieur,
de la formation des cadres et de la recherche scientifique
n° 2797-95 du 20 joumada II 1416 (14 novembre 1995) fixant la
liste des diplômes reconnus équivalents au diplôme d'architecte
de l'Ecole nationale d'architecture, tel qu'il a été complété ;
Après avis de l'Instance de coordination du marché à
terme,
Vu le décret n° 2-24-991 du 24 rabii II 1446 (28 octobre 2024)
relatif aux attributions du ministre de l'enseignement supérieur,
de la recherche scientifique et de l'innovation ;
ARRÊTE :",Urbain,"Urbain=2, Fiscal=0, Social=0",Urbain,False,
394,BO_7470_Fr,PREMIER,fr,"Est octroyé un agrément en qualité
de membre négociateur-compensateur sur le marché à terme
d'instruments financiers à la banque « Attijariwafa Bank »
pour l'exercice de l'activité de négociation-compensation
d'instruments financiers à terme.
Sur proposition de la ministre de l'aménagement
du territoire national, de l'urbanisme, de l'habitat et de la
politique de la ville ;
Après avis du conseil national de l'Ordre national des
architectes ;",Urbain,"Urbain=4, Fiscal=0, Social=0",Fiscal,False,
395,BO_7470_Fr,2,fr,"Le présent arrêté est publié au Bulletin officiel.
Après avis de la commission sectorielle des sciences,
techniques, ingénierie et architecture du 30 septembre 2025,
Rabat, le 12 joumada II 1447 (3 décembre 2025).
NADIA FETTAH.
ARRÊTE :",Indéterminé,"Fiscal=0, Social=0, Administratif=0",Urbain,False,
396,BO_7470_Fr,PREMIER,fr,"L'article premier de l'arrêté susvisé
n° 2797-95 du 20 joumada II 1416 (14 novembre 1995), est
complété comme suit :
Arrêté de la ministre de l'économie et des finances n° 2850-25
du 12 joumada II 1447 (3 décembre 2025) portant
agrément de la banque « CDG Capital » en qualité de
membre négociateur-compensateur sur le marché à terme
d'instruments financiers.
«",Indéterminé,"Fiscal=0, Social=0, Administratif=0",Urbain,False,
397,BO_7470_Fr,premier,fr,"La liste des diplômes reconnus
« équivalents au diplôme d'architecte de l'Ecole nationale
« d'architecture visé à l'article 4 de la loi n° 016-89, assortis du
« baccalauréat, série scientifique ou technique ou d'un diplôme
« reconnu équivalent, est fixée ainsi qu'il suit :
LA MINISTRE DE L'ÉCONOMIE ET DES FINANCES,
« –  Master's degree field of study « architecture and
Vu la loi n° 42-12 relative au marché à terme d'instruments
financiers promulguée par le dahir n° 1-14-96 du 20 rejeb 1435
(20 mai 2014), notamment ses articles 57 et 59 ;
« construction » programme subject area « architecture
« and town planning », délivré en date du 31 mai 2023 par
« O.M Beketov national University of urban economy in
« Kharkiv - Ukraine, assorti du bachelor's degree, field
« of study « architecture and construction », program
« subject area « architecture and town planning », délivré
«  en date du 21 juillet 2021 par Kharkiv national
« University of civil engineering and architecture -
«  Ukraine et d'une attestation de validation du
«  complément de formation, délivrée par l'Ecole
« nationale d'architecture de Rabat. »
Après avis de l'Instance de coordination du marché à
terme,
ARRÊTE :",Urbain,"Urbain=3, Fiscal=0, Social=0",Urbain,False,
398,BO_7470_Fr,PREMIER,fr,"Est octroyé un agrément en qualité
de membre négociateur-compensateur sur le marché à terme
d'instruments financiers à la banque « CDG Capital »
pour l'exercice de l'activité de négociation-compensation
d'instruments financiers à terme.",Indéterminé,"Fiscal=0, Social=0, Administratif=0",Fiscal,False,
399,BO_7470_Fr,2,fr,"Le présent arrêté sera publié au Bulletin officiel.
Rabat, le 7 joumada II 1447 (28 novembre 2025).",Indéterminé,"Fiscal=0, Social=0, Administratif=0",Urbain,False,
400,BO_7470_Fr,2,fr,"Le présent arrêté est publié au Bulletin officiel.
AZZEDDINE EL MIDAOUI.
Rabat, le 12 joumada II 1447 (3 décembre 2025).
Le texte en langue arabe a été publié dans l'édition générale du
NADIA FETTAH.
« Bulletin officiel » n° 7469 du 8 rejeb 1447 (29 décembre 2025).
Arrêté de la ministre de l'économie et des finances n° 2851-25
ARRÊTE :
du 12 joumada II 1447 (3 décembre 2025) portant
agrément de la banque « Bank of Africa » en qualité de
membre négociateur-compensateur sur le marché à terme
d'instruments financiers.",Indéterminé,"Fiscal=0, Social=0, Administratif=0",Urbain,False,
401,BO_7470_Fr,PREMIER,fr,"Est octroyé un agrément en qualité
de membre négociateur-compensateur sur le marché à terme
d'instruments financiers à la banque « Bank of Africa »
pour l'exercice de l'activité de négociation-compensation
LA MINISTRE DE L'ÉCONOMIE ET DES FINANCES,
d'instruments financiers à terme.
Vu la loi n° 42-12 relative au marché à terme d'instruments
financiers promulguée par le dahir n° 1-14-96 du 20 rejeb 1435
(20 mai 2014), notamment ses articles 57 et 59 ;",Indéterminé,"Fiscal=0, Social=0, Administratif=0",Fiscal,False,
402,BO_7470_Fr,2,fr,"Le présent arrêté est publié au Bulletin officiel.
Rabat, le 12 joumada II 1447 (3 décembre 2025).
Après avis de l'Instance de coordination du marché à
terme,
NADIA FETTAH.
AVIS ET COMMUNICATIONS
Avis
du Conseil économique, social et environnemental
Les défis des micro, très petites et petites entreprises au Maroc : la croissance, la modernisation et le
développement
Conformément aux articles 4 et 7 de la loi organique n°128-12, relative à son organisation et à
son fonctionnement, le Conseil Économique, Social et Environnemental (CESE) a été saisi le 4
juin 2024 par la chambre des conseillers aux fins d'élaborer une étude sur « les défis des micro,
très petites et petites entreprises au Maroc : la croissance, la modernisation et le
développement ».
Dans ce cadre, le bureau du CESE a confié la réalisation de cette étude à la commission
permanente chargée des affaires économiques et des projets stratégiques 1.
Lors de sa 166ème session ordinaire, tenue le 30 janvier 2025, l'Assemblée générale du CESE a
adopté cette étude à l'unanimité de ses membres.
Élaborée sur la base d'une approche participative, l'étude est le résultat d'un large débat entre
les différentes catégories qui composent le Conseil, des auditions organisées avec les
principales parties prenantes concernées2 et de la visite de terrain auprès du Conseil de la
région de Tanger-Tétouan-Al Hoceima. Elle s'est également basée sur la consultation lancée sur
la plateforme digitale de la participation citoyenne « ouchariko.ma » et sur les réseaux sociaux3.
1 Annexe 1 : Liste des membres de la commission temporaire chargée des affaires économiques et projets stratégiques.
2 Annexe 2 : Liste des acteurs auditionnés.
3 Annexe 3 : Résultats de la consultation citoyenne lancée sur la plateforme Ouchariko et sur les réseaux sociaux.
Introduction
Les petites et très petites entreprises (PE et TPE) jouent un rôle fondamental dans les économies
contemporaines. Représentant la majorité du tissu entrepreneurial, elles constituent un vecteur
essentiel de création d'emplois, d'innovation et de développement territorial. Leur flexibilité et leur
ancrage local leur confèrent une capacité d'adaptation aux évolutions des marchés et aux exigences des
consommateurs.
Au Maroc, elles représentent 98,4% du tissu national des entreprises de personnes morales4, malgré
leur taille relativement réduite, et contribuent de manière significative à la création de richesse et
d'emplois.
Sa Majesté le Roi Mohammed VI a accordé une attention particulière à ce chantier de développement,
insistant à plusieurs reprises, sur la nécessité de faciliter l'accès de ces entreprises aux mécanismes de
financement, de simplifier les procédures d'octroi de crédits et d'inciter les acteurs publics et privés –
notamment le secteur bancaire – à encourager et soutenir l'initiative entrepreneuriale, avec une
attention particulière pour les jeunes5.
Conformément aux Hautes Orientations Royales et aux objectifs du Nouveau Modèle de
Développement (NMD), les pouvoirs publics ont intensifié leurs efforts ces dernières années, avec le
lancement de programmes de soutien, d'accompagnement et de financement, ainsi qu'avec la mise en
œuvre de réformes institutionnelles majeures, telles que l'adoption de la nouvelle Charte de
l'investissement et la création du Fonds Mohammed VI pour l'investissement.
Nonobstant ces initiatives louables, et bien qu'il soit encore prématuré de mesurer pleinement les effets
des mesures les plus récentes, les résultats observés sur le terrain demeurent en deçà des attentes, en
particulier pour les structures les plus petites. Ces efforts ne suffisent pas encore à transformer
l'écosystème entrepreneurial marocain en un tissu de micro, TPE et PE moderne, résilient, à fort
potentiel de croissance et évoluant dans un environnement structuré et propice.
Ces entreprises continuent de faire face à des contraintes multiples, tant structurelles que
conjoncturelles, liées aussi bien à leur organisation interne qu'à l'environnement dans lequel elles
opèrent, limitant ainsi leur capacité à se moderniser, à croître et à résister aux chocs. L'augmentation
continue des défaillances d'entreprises au cours des dernières années illustre clairement cette
vulnérabilité. Ce phénomène touche particulièrement les structures les plus petites et les plus jeunes,
révélant la difficulté pour les micro, petites et très petites entreprises de survivre et d'évoluer vers des
tailles plus grandes et unités plus performantes.
Sur saisine de la Chambre des Conseillers, le CESE a élaboré la présente étude, qui analyse les défis
limitant la croissance et la modernisation des Micro, TPE et PE, et identifie les limites des programmes
et mesures existants. Elle propose également des pistes de recommandations visant à renforcer
l'intégration de ces entreprises dans des écosystèmes dynamiques et inclusifs, alignés sur les stratégies
sectorielles nationales et la régionalisation avancée, afin de les positionner comme des acteurs-clés du
développement économique et social du pays.
4 OMTPME, rapport annuel édition 2024, https://omtpme.ma/wp-content/uploads/2024/12/Rapport-Annuel-2024.-V23.12.pdf
5 Discours de Sa Majesté le Roi Mohammed VI à l'occasion de l'ouverture de la première session de la quatrième année législative de la dixième
législature, le vendredi 11 octobre 2019.
Cette étude ne traite pas des entreprises informelles, sujet déjà abordé dans des études précédentes
du CESE6. Elle se concentre sur les problématiques transversales, en incluant l'ensemble des secteurs
formels. Le Conseil reste néanmoins conscient de certaines spécificités sectorielles qui pourraient faire
l'objet de travaux complémentaires.
I.
Les micro, très petites et petites entreprises au Maroc : définition, poids économique et
hétérogénéité du tissu entrepreneurial
1. Les micro/TPE/PE : l'absence d'une définition unique au Maroc
Au Maroc, il n'existe pas de définition officielle unifiée des micro/TPE/PE à l'échelle nationale. P",Environnement,"Environnement=17, Commercial=11, Fiscal=0",Administratif,True,
403,BO_7470_Fr,148,fr,"explique leur faible taux de participation et, parfois, un comportement d'auto-censure.
Selon l'enquête nationale sur la corruption de l'INPLLC (2023), seulement 8 % des TPE et 4 %
des microentreprises sondées ont soumissionné à des appels d'offres publics au cours des
24 derniers mois67, contre 22 % pour les grandes entreprises et 19 % pour les moyennes.
2. Des relations limitées avec les grands donneurs d'ordre : les Micro, TPE et PE entretiennent
des relations limitées avec les grandes entreprises, tant privées que publiques68. Cette
tendance se confirme également, selon le rapport de l'OCDE sur le Maroc (2024), qui indique
que les multinationales implantées au Maroc devraient renforcer leur intégration avec le
tissu des petites entreprises locales. Cette situation restreint les opportunités de
modernisation et de croissance pour les petites structures, malgré la mise en place de
dispositifs récents visant à favoriser les rapprochements, tels que le forum « Ana Moukawil
Links » développé par l'ANAPEC69.
3. Une faible propension à l'internationalisation : les TPE/PE classiques et les startups
marocaines restent majoritairement concentrées sur le marché local, limité en taille et en
opportunités. Leur intégration dans les chaînes de valeur globale est entravée par plusieurs
facteurs, notamment le manque de services d'appui à l'internationalisation, l'absence
d'orientation vers les niches les plus dynamiques, les coûts élevés de participation à des
événements internationaux (foires technologiques, compétitions de projets pour les
startups), ainsi que la difficulté à se conformer aux normes et standards internationaux. Par
ailleurs, la nouvelle Charte de l'investissement consacre au niveau de son article 21,
l'engagement de l'État à établir un mécanisme spécifique visant à favoriser la présence
internationale des entreprises marocaines, sans se limiter aux grandes entreprises. La Charte
stipule que les modalités de mise en œuvre de ce régime spécifique seront fixées par voie
réglementaire70.
Un système fiscal encore peu motivant
Le système fiscal marocain a fait l'objet de plusieurs réformes depuis 2021, visant à moderniser
le cadre fiscal des entreprises71. Certaines de ces mesures affectent particulièrement les TPE et
PE classiques :
-  L'augmentation progressive de l'impôt sur les sociétés (IS) : la loi de finances 2023 a instauré
une réforme graduelle visant la convergence vers un taux unifié de 20 % pour les entreprises
dont le bénéfice net fiscal est inférieur à 100 millions de dirhams à l'horizon 2026. Cette
évolution a entraîné une hausse du taux d'imposition pour certaines petites entreprises,
constituant un fardeau supplémentaire pour des structures déjà fragiles.
- Des modifications ayant touché le régime fiscal relatif aux auto-entrepreneurs : bien que le
statut d'auto-entrepreneur institué par la loi n° 114-13 de 2015 reste en vigueur, certaines
dispositions introduites par la loi de finances de 2023 ont eu pour effet d'accentuer les
67 Instance nationale de la probité, de la prévention et de la lutte contre la corruption (INPPLC), Présentation sur le thème « Les défis des
TPE/PE au Maroc : la croissance, la modernisation et le développement » lors de la séance d'audition du vendredi 25 octobre 2024.
68 Confédération générale des entreprises du Maroc (CGEM), Présentation lors de la séance d'audition du vendredi 27 septembre 2024.
69 https://anapec.ma/information-entrepreneuriat/anamoukawil-links/
70 Article 21 de la loi-cadre n° 03-22 formant Charte de l'investissement, promulguée par le Dahir n° 1-22-76 du 15 décembre 2022 (Bulletin
officiel n° 7154 du 19 décembre 2022).
71 Loi-cadre n° 69-19 portant réforme fiscale, promulguée par Dahir n° 1-21-86 du 26 juillet 2021(Bulletin officiel n° 7010 du 05 août 2021).
contraintes fiscales et administratives pesant sur cette catégorie d'entreprises. La principale
mesure concerne l'imposition, par retenue à la source au taux libératoire de 30 %, de l'excédent
du chiffre d'affaires annuel dépassant 80 000 dirhams réalisé par les prestataires de services
avec un même client. Ces ajustements s'ajoutent aux limites structurelles existantes, telles que
le plafond de chiffre d'affaires et l'impossibilité de recruter des salariés, et représentent des
obstacles significatifs au développement des auto-entrepreneurs ainsi qu'à leur maintien dans
le secteur formel.
Le ralentissement de la croissance de l'effectif des auto-entrepreneurs, qui est passé de +27'%
en 2021 à +2'% en 2024, illustre cette tendance72. Par ailleurs, les études d'impact des mesures
fiscales réalisées se concentrent principalement sur les recettes publiques, avec une prise en
compte limitée des effets socio-économiques pour les entreprises et leur survie, ainsi que leur
probabilité de basculement vers l'informel.
Certaines mesures fiscales peuvent également produire un effet paradoxal : la crainte
d'atteindre un palier fiscal supérieur incite certaines entreprises à rester petites73. La défiance
envers l'administration fiscale persiste, notamment en matière de contrôles et d'interprétation
des textes. Selon le rapport Enterprise Survey (2023) de la Banque mondiale, les procédures de
l'administration fiscale constituent le cinquième frein au développement des entreprises de
petites tailles74.
L'environnement des affaires
Le développement des Micro, TPE et PE reste fortement conditionné par la qualité de
l'environnement des affaires. Malgré les efforts déployés pour améliorer le climat
entrepreneurial, plusieurs obstacles structurels continuent de limiter la croissance et la
modernisation des petites entreprises.
Concurrence déloyale et distorsions du marché
La survie et le développement des Micro, TPE et PE formelles sont fortement affectés par des
pratiques qui faussent le jeu de la concurrence. La concurrence des entreprises informelles est
particulièrement problématique : elle réduit les marges des petites structures, limite leur
capacité d'investissement et restreint leu",Commercial,"Commercial=17, Fiscal=13, Environnement=13",Administratif,True,
404,BO_7471_Ar,14,ar,"املادة
يرتب كل فوج من خريجي املعهد الحاصلين على شهادة السلك
العالي للمعهد، حسب االستحقاق، بناء على املعدل العام املحصل
يتم االنتقال من سنة دراسية الى السنة الدراسية املوالية شريطة
.20  على10 الحصول على معدل سنوي يساوي او يفوق
عليه.
15",Urbain,"Urbain=1, Fiscal=0, Social=0",Urbain,False,AR : texte source à réingérer (ordre des mots/paragraphes corrompu dès l'extraction PDF) — label non vérifié
405,BO_7471_Ar,19,ar,"املادة
يمكن ان يسمح بالتكرار مرة واحدة اما في السنة االولى او الثانية.
ينشر هذا القرار املشترك بالجريدة الرسمية.
الباب الرابع
احكام مختلفة
).2025  يونيو6( 1446  ذي الحجة9 وحرر بالرباط في
وزير التعليم العالي والبحث
وزيرة السياحة والصناعة التقليدية
16 املادة
العلمي واالبتكار،
االمضاء : عز الدين املداوي.
واالقتصاد االجتماعي والتضامني،
يتم تعيين لجان املداوالت من طرف مدير املعهد.
االمضاء : فاطمة الزهراء عمور.
تتشكل لجنة املداوالت بالنسبة لكل مسلك ولكل فصل درا؟سي،
من املنسق البيداغوجي للمسلك، بصفته رئيسا، ومن منسقي وحدات
قرار لوزير الفالحة والصيد البحري والتنمية القروية واملياه والغابات
) 2025  اغسطس5( 1447  من صفر11  صادر في2010.25 رقم
يتعلق بتفويض مهام املكتب الوطني للسالمة الصحية للمنتجات
الغذائية املتعلقة بالقيام بالزيارات الصحية املنتظمة ملؤسسات
ومقاوالت القطاع الغذائي وقطاع تغذية الحيوانات املعتمدة
او املرخص لها على املستوى الصحي الى هيئات عمومية او الى
الفصل ومتدخلين مشاركين في تاطير هذه الوحدات.
تتداول اللجنة قبل اجراء املراقبة االستدراكية، وتحدد ما يلي :
الئحة الطلبة املستوفين لوحدات الفصل والذين اكتسبوا الوحدات -
عن طريق املعاوضة؛
الئحة الطلبة املدعوين للمراقبة االستدراكية؛-
اشخاص اعتباريين خاضعين للقانون الخاص.
التقديرات واالقتراحات املتعلقة بتوجيه او اعادة توجيه الطلبة؛-
. امليزات املحصل عليها-
وزير الفالحة والصيد البحري والتنمية القروية واملياه والغابات،
: تتداول اللجنة بعد اجراء املراقبة االستدراكية، وتحدد ما يلي
القاعضي باحداث املكتب الوطني 25.08 بناء على القانون رقم
للسالمة الصحية للمنتجات الغذائية، الصادر بتنفيذه الظهير
)، 2009  فبراير18( 1430  من صفر22  بتاريخ1.09.20 الشريف رقم
الئحة الطلبة املستوفين لوحدات الفصل؛-
التقديرات واالقتراحات املتعلقة بتوجيه او اعادة توجيه الطلبة؛-
منه؛  2 وال سيما املادة
. امليزات املحصل عليها-،تقوم لجنة املداوالت بانجاز محضر موقع عليه من طرف اعضائها
ويبلغ رئيس الشعبة التي ينتمي اليها املسلك بنسخة من املحضر،
ويرسل االصل الى مدير املعهد، املخول له نشر نتائج املداوالت، كما
املتعلق بالسالمة الصحية للمنتجات 28.07 وعلى القانون رقم
 بتاريخ 1.10.08 الغذائية الصادر بتنفيذه الظهير الشريف رقم
منه؛5 )، وال سيما",Fiscal,"Fiscal=1, Urbain=1, Social=0",Fiscal,False,AR : texte source à réingérer (ordre des mots/paragraphes corrompu dès l'extraction PDF) — label non vérifié
406,BO_7471_Ar,2010,ar,"فبراير11( 1431  من صفر26
يتم ابالغ الطلبة بنتائج املداوالت.
)2011  سبتمبر6( 1432  شوال7  الصادر في2.10.473 وعلى املرسوم رقم
 املتعلق بالسالمة 28.07 بتطبيق بعض مقتضيات القانون رقم
17 املادة
تسلم شهادة السلك العالي للمعهد باحدى امليزات التالية :
منه؛ 16 الصحية للمنتجات الغذائية، وال سيما املادة؛20  على16  «حسن جدا» : اذا كان املعدل العام يساوي على االقل-
الصادر في 244.13 وعلى قرار وزير الفالحة والصيد البحري رقم
) املتعلق بالترخيص واالعتماد على 2013  يناير16( 1434  ربيع االول4
 املستوى الصحي للمؤسسات واملقاوالت في قطاع تغذية الحيوانات
ويقل20  على14  «حسن» : اذا كان هذا املعدل يساوي على االقل-؛20  على16 عن
وفي القطاع الغذائي، باستثناء البيع بالتقسيط واملطاعم الجماعية؛
20 على12  «مستحسن» : اذا كان هذا املعدل يساوي على االقل-؛20  على14 ويقل عن
الصادرة عن مجلس ادارة 3 واعتبارا ملقتضيات التوصية رقم
املكتب الوطني للسالمة الصحية للمنتجات الغذائية املنعقد بتاريخ
ويقل 20  على10  «مقبول» : اذا كان هذا املعدل يساوي على االقل-،2023  ديسمبر12
.20  على12 عن
الجريدة الرسمية95
 ((5 ي(ياني 5(( 115 ر جر15 - 7471 عدد،يتم تعليق االعتماد، اذا تم، خالل عمليات املراقبة املذكورة
قرر ما يلي :
معاينة حالة او اكثر من حاالت عدم املطابقة.
املادة االولى
يشير مقرر تعليق االعتماد الى اوجه عدم املطابقة التي تمت
معاينتها، ويتضمن التوصيات التي تمكՔ ن من تصحيحها واالجل الذي
يتعين على املستفيد منه، خالله، القيام بذلك. يتعين اال يقل هذا
) اشهر يحتسب ابتداء 6( ) واال يتجاوز ستة1( االجل عن شهر واحد
من تاريخ مقرر تعليق االعتماد. بعد انصرام االجل املذكور وفي حالة
عدم تصحيح اوجه عدم املطابقة التي تمت معاينتها، يتم سحب
يفوض املكتب الوطني للسالمة الصحية للمنتجات الغذائية،، مهامه 25.08  من القانون املشار اليه اعاله رقم2 طبقا الحكام املادة
املتعلقة بالقيام بالزيارات الصحية املنتظمة الى مؤسسات ومقاوالت
 من 16 القطاع الغذائي وقطاع تغذية الحيوانات املشار اليها في املادة، الى هيئات عمومية او الى 2.10.473 املرسوم املشار اليه اعاله رقم
اشخاص اعتباريين خاضعين للقانون الخاص يتم اعتمادهم لهذا
االعتماد. وفي حالة العكس، يتم انهاء العمل باجراء تعليق االعتماد.
الغرض وفق الشروط والكيفيات املنصوص عليها في هذا القرار.
يمكن لكل مستفيد تم سحب االعتماد منه ان يتقدم بطلب
2 املادة
للحصول على اعتماد جديد وفق الشروط املحددة في هذا القرار.
يتم القيام باملهام التي يتم تفويضها املشار اليها في املادة االولى
اعاله، وفق الشروط والكيفيات املنصوص عليها في القرار املشار اليه
 منه، وفي دفتر التحمالت الذي يعد 4، ال سيما",Civil,"Civil=2, Commercial=2, Fiscal=1",Civil,False,AR : texte source à réingérer (ordre des mots/paragraphes corrompu dès l'extraction PDF) — label non vérifié
407,BO_7471_Ar,244,ar,"13 اعاله رقم
لهذا الغرض، وفق النموذج املحدد في امللحق بهذا القرار، بين املكتب
6 املادة
ينشر هذا القرار في الجريدة الرسمية.
).2025  اغسطس5( 1447  من صفر11 وحرر بالرباط في
الوطني للسالمة الصحية للمنتجات الغذائية والشخص املفوض اليه.
االمضاء : احمد البواري.
3 املادة
*
يودع طلب االعتماد الذي يعد وفق النموذج املسلم من طرف
املكتب الوطني للسالمة الصحية للمنتجات الغذائية، مرفقا بملف
يتكون من دفتر التحمالت السالف الذكر والوثائق املنصوص عليها في
دفتر التحمالت، يحمالن توقيع صاحب الطلب لدى املصلحة املختصة
التابعة للمكتب الوطني للسالمة الصحية للمنتجات الغذائية، مقابل
* *
ملحق
بقرار وزير الفالحة والصيد البحري والتنمية القروية
 1447  من صفر11  الصادر في2010.25 واملياه والغابات رقم
) املتعلق بتفويض مهام املكتب الوطني للسالمة 2025  اغسطس5(
وصل.
الصحية للمنتجات الغذائية املتعلقة بالقيام بالزيارات الصحية
4 املادة
املنتظمة ملؤسسات ومقاوالت القطاع الغذائي وقطاع تغذية
الحيوانات املعتمدة او املرخص لها على املستوى الصحي الى هيئات
بعد دراسة امللف املرفق بالطلب، يمنح االعتماد من قبل املدير العام
للمكتب الوطني للسالمة الصحية للمنتجات الغذائية او الشخص الذي
) يوما، يحتسب 30( يفوضه لهذا الغرض داخل اجل ال يتجاوز ثالثين
ابتداء من التاريخ املبين في الوصل، عندما يتبين ان امللف املذكور مطابق
للشروط املطلوبة. وفي حالة عدم املطابقة، ال يتم منح االعتماد ويتم
ارجاع امللف الى صاحب الطلب مقابل وصل استالم او يتم حفظه في
عمومية او الى اشخاص اعتباريين خاضعين للقانون الخاص
نموذج دفتر التحمالت الذي يجب ان يرفق به طلب اعتماد
الهيئات العمومية او االشخاص االعتباريين الخاضعين للقانون
الخاص من اجل القيام بالزيارات الصحية املنتظمة ملؤسسات
االرشيف، حسب الحالة.
ومقاوالت القطاع الغذائي وقطاع تغذية الحيوانات املعتمدة
) سنوات، ويمكن تجديده 5( تحدد مدة صالحية االعتماد في خمس
او املرخص لها على املستوى الصحي
ملدة مماثلة وفق نفس الشروط التي منح على اساسها.
االعتماد هو وثيقة شخصية، ال يمكن تفويته وال نقله الي سبب
املادة االولى
كان.
يهدف دفتر التحمالت الى تحديد املتطلبات الواجب مراعاتها
من قبل الشخص املفوض اليه من اجل القيام بالزيارات الصحية
املنتظمة ملؤسسات ومقاوالت القطاع الغذائي وقطاع تغذية
5 املادة
يتولى املكتب الوطني للسالمة الصحية للمنتجات الغذائية مراقبة
الحيوانات املعتمدة او املرخص لها على املستوى الصحي.
احترام املستفيد من االعتماد لبنود دفتر التحمالت.
الجريدة الرسمية((5 ي(ياني 5(( 115 ر جر15 - 7471 عدد
اشعار املكتب الوطني للسالمة الصحية للمنتجات الغذائية، فورا، -
 بكل اوجه عدم املطابقة التي قد تشكل خطرا على حياة او صحة
2 املادة
يدخل دفتر التحمالت حيز التنفيذ ابتداء من تاريخ منح االعتماد،
املشار اليه في املادة االولى من قرار وزير الفالحة والصيد البحري والتنمية
 1447  من صفر11  الصادر في2010.25 القروية واملياه والغابات رقم
) املتعلق بتفويض مهام املكتب الوطني للسالمة 2025  اغسطس5(
 الصحية للمنتجات الغذائية املتعلقة بالقيام بالزيارات الصحية املنتظمة
ملؤسسات ومقاوالت القطاع الغذائي وقطاع تغذية الحيوانات املعتمدة
او املرخص لها على املستوى الصحي الى هيئات عمومية او الى اشخاص
االنسان او الحيوان، تتم معاينتها خالل الزيارات املذكورة؛
» SIPS«  تسجيل البيانات على نظام املعلومات الخاص باملكتب-
 في الوقت الفعلي، بما في ذلك قائمة الفحص والتقرير الخاص
بالزيارة الصحية املنصوص عليها في القرار السالف الذكر
وكل وثيقة اخرى ضرورية؛244.13 رقم
ايداع تقارير الزيارات التي تم القيام بها موقع عليها من طرف -
 االشخاص الذين قاموا بها، لدى املصالح املعنية باملكتب خالل
اعتباريين خاضعين للقانون الخاص.
) من ايام العمل املوالية لتاريخ اجراء الزيارة؛2( اليومين
3 املادة
اجراء زيارات تكميلية قد تطلبها، عند االقتضاء، املصلحة -،املختصة للمكتب الوطني للسالمة الصحية للمنتجات الغذائية
يلتزم الشخص املفوض اليه، من اجل القيام بمهامه في اطار
 من املرسوم 16 الزيارات الصحية املنتظمة املنصوص عليها في املادة
) بتطبيق 2011  سبتمبر6( 1432  شوال7  الصادر في2.10.473 رقم
 املتعلق بالسالمة الصحية 28.07 بعض مقتضيات القانون رقم
خاصة في حالة كشف حاالت عدم املطابقة.
4 املادة
للمنتجات الغذائية، بما يلي :
يجب على املفوض اليه ان يتوفر، اعتبارا للمهام املفوضة اليه،
على الكفاءات التالية :
االمتثال ملقتضيات االعتماد املمنوح له ولبنود دفتر التحمالت، -
وذلك طيلة مدة صالحية االعتماد املذكور؛
بيطري يتوفر على انتداب التفتيش البيطري طبقا للمرسوم-
 )2015  يونيو22( 1436  رمضان5  الصادر في2.15.219 رقم
 املتعلق بالسالمة 28.07  من القانون رقم21 بتطبيق املادة
الصحية للمنتجات الغذائية، من اجل القيام بالزيارات الصحية
املنتظمة للمؤسسات املنتجة للمنتجات الحيوانية ومنتجات
االصل الحيواني واملواد املعدة لتغذية الحيوانات ومنتجات الصيد
االمتثال للنصوص التشريعية والتنظيمية الجاري بها العمل -
 وجميع الوثائق املسلمة له من طرف املصالح املختصة التابعة
للمكتب الوطني للسالمة الصحية للمنتجات الغذائية؛
احترام سرية املعطيات التي يطلع عليها؛-
البحري وتربية االحياء املائية؛
احترام مبدا الحياد وتفادي تضارب املصالح؛-
مهندس دولة في الصناعات الغذائية يتوفر على خبرة ال تقل -
 ) سنوات في قطاع الصناعات الغذائية، من اجل5( عن خمس
القيام بالزيارات الصحية املنتظمة للمؤسسات املنتجة للمنتجات
النباتية ومنتجات االصل النباتي. ويجب على املهندس املعين من
قبل املفوض اليه اجتياز مقابلة انتقائية ينظمها املكتب، لتقييم
مدى املامه بقطاع الصناعات الغذائية والتشريعات والتنظيمات
ضمان التكوين املستمر لالشخاص التابعين له املكلفين بالزيارات-
الصحية املنتظمة؛
اشعار املكتب الوطني للسالمة الصحية للمنتجات الغذائية، فورا، -
بكل التغييرات التي قد تطرا على اجهزته االدارية او التدبيرية؛
الخضوع للمراقبة املنتظمة التي يقوم بها املكتب الوطني للسالمة -
 .الصحية للمنتجات الغذائية ذات الصلة باالعتماد املمنوح له
ولهذا الغرض، يسمح لالعوان املعينين من قبل مصالح املكتب
املذكور بالولوج الى املحالت، ويضع رهن اشارتهم الوثائق املتعلقة
املتعلقة بالسالمة الصحية للمنتجات الغذائية.
باالضافة الى ذلك، يجب على هؤالء االشخاص اثبات الخبرة في
مجال التدقيق او تقييم السالمة الصحية في مؤسسات او مقاوالت
) 5( القطاع الغذائي وقطاع تغذية الحيوانات ال تقل عن خمس
مؤسسات، ويجب ان يكون لديهم شهادات تدريب يعود تاريخها الى
باملهام املفوضة اليه؛
انجاز الزيارات الصحية املنتظمة حسب البرنامج الذي تم اعداده -
.NM ISO / CEI 22000 ) سنوات تتعلق بمعيار5( اقل من خمس
سلفا، مع املكتب الوطني للسالمة الصحية للمنتجات الغذائية؛
الجريدة الرسمية97
 ((5 ي(ياني 5(( 115 ر جر15 - 7471 عدد",Social,"Social=4, Fiscal=3, Administratif=0",Social,False,AR : texte source à réingérer (ordre des mots/paragraphes corrompu dès l'extraction PDF) — label non vérifié
408,BO_7471_Ar,الثانية,ar,"5 املادة
يجب على الشخص املفوض اليه، ان يدلي، تعزيزا لطلب االعتماد،
ينشر هذا القرار بالجريدة الرسمية.
بالوثائق االتية في حامل ورقي والكتروني، عند االقتضاء :
).2025  سبتمبر30( 1447  ربيع االخر7 وحرر بالرباط في
دفتر التحمالت مع ملئ بياناته والتوقيع عليه من قبل املفوض اليه؛-
االمضاء : احمد التوفيق.
نسخة من القانون االسا؟سي، ومن النظام الداخلي؛-
. اعاله4  الوثائق التي تثبت مؤهالت العاملين املشار اليهم في املادة-
صادر في2366.25 مقرر لوزير االوقاف والشؤون االسالمية رقم
) بتحديد شروط االنتقاء 2025  (فاتح اكتوبر1447  ربيع االخر8
 وكيفية اجراء املباراة الخاصة بولوج الفصل السابع من سلك
........................................................ وحرر في ........................... بتاريخ
توقيع وخاتم صاحب الطلب
العاملية العليا بجامع القرويين وبمدرسة العلوم االسالمية.
صادر في2365.25 قرار لوزير االوقاف والشؤون االسالمية رقم
) بتتميم القرار 2025  سبتمبر30( 1447  ربيع االخر7
وزير االوقاف والشؤون االسالمية،
)2017  ابريل20( 1438  من رجب22  الصادر في145.17  رقم
في شان تحديد نظام الدراسات واالمتحانات واملراقبة
املستمرة للمعلومات بسلك العاملية العليا بجامع القرويين
145.17 بناء على قرار وزير االوقاف والشؤون االسالمية رقم
) في شان تحديد نظام 2017  ابريل20( 1438  من رجب22 الصادر في
الدراسات واالمتحانات واملراقبة املستمرة للمعلومات بسلك العاملية
العليا بجامع القرويين وبمدرسة العلوم االسالمية، كما وقع تتميمه،
وبمدرسة العلوم االسالمية.
وزير االوقاف والشؤون االسالمية،
وال سيما املادة الرابعة املكررة منه؛
بعد االطالع على قرار وزير االوقاف والشؤون االسالمية
) في شان 2017  ابريل20( 1438  من رجب22  الصادر في145.17 رقم
تحديد نظام الدراسات واالمتحانات واملراقبة املستمرة للمعلومات
وباقتراح من مجلس جامعة القرويين، بعد استطالع راي املجلس
العلمي لكل من جامع القرويين ومدرسة العلوم االسالمية،
قرر ما يلي :
بسلك العاملية العليا بجامع القرويين وبمدرسة العلوم االسالمية؛
املادة االولى
وباقتراح من مجلس جامعة القرويين، بعد استطالع راي املجلس
العلمي لكل من جامع القرويين ومدرسة العلوم االسالمية،
تحدد شروط االنتقاء وكيفية اجراء املباراة الخاصة بولوج
الفصل السابع من سلك العاملية العليا بجامع القرويين وبمدرسة
العلوم االسالمية، واملشار اليهما بعده باسم «املؤسسة»، وفق
قرر ما يلي :
املادة االولى
يتمم، على النحو التالي، قرار وزير االوقاف والشؤون االسالمية
) املشار 2017  ابريل20( 1438  من رجب22  الصادر في145.17 رقم
املقتضيات املنصوص عليها في هذا املقرر.
2 املادة
اليه اعاله، باملادة الرابعة املكررة :
يقبل للمشاركة في مباراة ولوج الفصل السابع من سلك العاملية
العليا املترشحات واملترشحون الحافظون للقران الكريم، الذين
 سنة في تاريخ اجراء هذه املباراة، والحاصلون على 35 ال تتجاوز سنهم
يمكن ان يقبل لولوج الفصل السابع من - .«املادة الرابعة املكررة
«سلك العاملية العليا الطلبة الحافظون للقران الكريم الحاصلون على
«شهادة العاملية في التعليم العتيق، او شهادة االجازة في اللغة الفرنسية
«او شهادة االجازة في اللغة االنجليزية، او على شهادة معترف بمعادلتها
احدى الشهادتين التاليتين، او على شهادة معترف بمعادلتها الحداهما :
«الحداهما.، 20  من12  شهادة العاملية في التعليم العتيق بمعدل ال يقل عن-
 واملحرزون في مواد اللغة العربية واللغة الفرنسية واللغة االنجليزية
 في جميع سنوات الدراسة بطور 20  من12 على معدل ال يقل عن
«يتم قبول الولوج الى الفصل املذكور عن طريق االنتقاء وبعد
«النجاح في مباراة خاصة.
«تحدد شروط االنتقاء وكيفية اجراء املباراة الخاصة بمقرر لوزير
«االوقاف والشؤون االسالمية، يتخذ بناء على اقتراح من مجلس
«جامعة القرويين، بعد استطالع راي املجلس العلمي لكل من جامع
التعليم النهائي العتيق؛
شهادة االجازة في اللغة الفرنسية او شهادة االجازة في اللغة -
.20  من12 االنجليزية بمعدل ال يقل عن
«القرويين ومدرسة العلوم االسالمية.»
الجريدة الرسمية((5 ي(ياني 5(( 115 ر جر15 - 7471 عدد
6",Commercial,"Commercial=3, Fiscal=2, Urbain=2",Commercial,False,AR : texte source à réingérer (ordre des mots/paragraphes corrompu dès l'extraction PDF) — label non vérifié
409,BO_7471_Ar,3,ar,"املادة، وتعتبر موجبة 20 و0 يتم تقويم كل اختبار بدرجة تتراوح بين
يتكون ملف الترشيح للمشاركة في املباراة من الوثائق التالية :
.20  من8 لالقصاء كل درجة تقل عن
طلب مكتوب يبين فيه املترشح اسمه الشخظصي والعائلي وعنوانه -
ال يعتبر اي مترشح ناجحا اال اذا حصل في مجموع االختبارات على، وذلك في حدود عدد املقاعد املتبارى في 20  من12 معدل ال يقل عن
ورقم هاتفه املحمول وبريده االلكتروني؛
اعاله، ومن قرار 2  نسخة من الشهادات املنصوص عليها في املادة-
شانها.
املعادلة عند االقتضاء؛
7 املادة
النسخ االصلية لكشوف النقط املحصل عليها برسم طور التعليم -
يحدد عدد املقاعد املتبارى في شانها لولوج الفصل السابع من
النهائي العتيق او سلك االجازة؛
سلك العاملية العليا من لدن وزير االوقاف والشؤون االسالمية.
نسخة من البطاقة الوطنية للتعريف االلكترونية؛-
8 املادة
تشرف على املباراة لجنة تسمى «لجنة املباراة»، تتالف من خمسة
اعضاء على االقل من بينهم رئيس، يختارون من بين االساتذة الباحثين
العاملين باملؤسسة او بمؤسسة اخرى تابعة لجامعة القرويين، يعينهم
اربع صور فوتوغرافية للمترشح حديثة العهد؛-
. ظرفان يحمالن طابعا بريديا والعنوان الشخظصي للمترشح-
4 املادة
وزير االوقاف والشؤون االسالمية بناء على اقتراح من مدير املؤسسة.
9 املادة
تنظم املباراة على اربع مراحل :
تساعد لجنة املباراة في تنظيم االختبار الكتابي لجان للحراسة،
تتالف كل واحدة منها من ثالثة اعضاء على االقل من بينهم رئيس،
املرحلة االولى : يتم فيها انتقاء املترشحين عن طريق دراسة ملفاتهم، -
8 بناء على معايير تحددها لجنة املباراة املنصوص عليها في املادة
يعينون بمقرر ملدير املؤسسة.
بعده؛
10 املادة
املرحلة الثانية : يتم فيها التحقق من كون املترشحين املقبولين في -
تعلق قائمة املترشحين املقبولين بصفة نهائية والئحة املترشحين
املدرجين في الئحة االنتظار بمقر املؤسسة، وتنشر بالبوابة
املرحلة االولى حافظين للقران الكريم حفظا كامال؛
املرحلة الثالثة : يتم فيها اجراء اختبارات كتابية للمترشحين -
االلكترونية لجامعة القرويين عند االقتضاء.
املقبولين في املرحلة الثانية؛
11 املادة
املرحلة الرابعة : يتم فيها اجراء اختبار شفوي، في شكل مقابلة -
يعتبر متخليا عن ولوج الفصل السابع من سلك العاملية العليا كل
مترشح مقبول لم يلتحق باملؤسسة خالل اسبوعين من تاريخ انطالق
الدراسة، ويجوز ملدير املؤسسة، في هذه الحالة، التشطيب عليه من
قائمة املترشحين املقبولين، وتعويضه بمترشح اخر من الئحة االنتظار
.علمية، للمترشحين املقبولين في املرحلة الثالثة
5 املادة
تشتمل االختبارات الكتابية على :
حسب الترتيب واالستحقاق.
)؛3  ا) اختبار في العلوم الشرعية (املدة: ساعتان، املعامل
12 املادة
)؛2  ب) اختبار في اللغة العربية وعلومها: (املدة: ساعتان، املعامل
ينشر هذا املقرر بالجريدة الرسمية.
).2025  (فاتح اكتوبر1447  ربيع االخر8 وحرر بالرباط في
)؛2  ج) اختبار في اللغة الفرنسية (املدة: ساعتان، املعامل
).2  د) اختبار في اللغة االنجليزية (املدة: ساعتان، املعامل
االمضاء : احمد التوفيق.
الجريدة الرسمية99
((5 ي(ياني 5(( 115 ر جر15 - 7471 عدد
) بتغيير املقرر2025  (فاتح اكتوبر1447  ربيع االخر8  صادر في2367.25 مقرر لوزير االوقاف والشؤون االسالمية رقم
)  بتحديد املسالك والفصول التي يستغرقها كل  مسلك 2017  ابريل28( 1438  الصادر في فاتح شعبان929.17 رقم
بسلك العاملية العليا بكل من جامع القرويين ومدرسة العلوم االسالمية والوحدات التي يتكون منها ومواد كل وحدة
والغالف الزمني االسبوعي املخصص لها.
وزير االوقاف والشؤون االسالمية،
) 2017  ابريل28( 1438  الصادر في فاتح شعبان929.17 بعد االطالع على مقرر وزير االوقاف والشؤون االسالمية رقم
بتحديد املسالك والفصول التي يستغرقها كل  مسلك بسلك العاملية العليا بكل من جامع القرويين ومدرسة العلوم االسالمية
والوحدات التي يتكون منها ومواد كل وحدة والغالف الزمني االسبوعي املخصص لها؛
وباقتراح من املجلس الداخلي لكل من جامع القرويين ومدرسة العلوم االسالمية،
قرر ما يلي :
املادة االولى
) 2017  ابريل28( 1438  الصادر في فاتح شعبان929.17  املرفقة باملقرر رقم5 و4 و3 تنسخ الجداول الحاملة لالرقام
املشار اليه اعاله، وتعوض، على التوالي، بالجداول الحاملة لنفس االرقام املرفقة بهذا املقرر.",Fiscal,"Fiscal=3, Commercial=2, Urbain=2",Fiscal,False,AR : texte source à réingérer (ordre des mots/paragraphes corrompu dès l'extraction PDF) — label non vérifié
410,BO_7471_Ar,الثانية,ar,"ينشر هذا املقرر بالجريدة الرسمية.
).2025  (فاتح اكتوبر1447  ربيع االخر8  وحرر بالرباط في
االمضاء : احمد التوفيق.
*
* *
الجريدة الرسمية((5 ي(ياني 5(( 115 ر جر15 - 7471 عدد
3 « الجدول رقم
الفصل السابع
املسلك
الوحدات الدراسية
املواد
الغالف الزمني االسبوعي
الفقه واالصول
االجتهاد الفقهي ومناهجه
ساعتان
العقيدة والفرق
مقاالت الفرق االسالمية
ساعتان
علوم القران والتفسير
قضايا في الدراسات القرانية
ساعتان
العلوم الشرعية
املهام الدينية ومنهج التبليغ
تنظيم املجال الديني
ساعتان
الخطابة ومناهج التبليغ
ساعتان
اللغة العربية
اربع ساعات
اللغة الفرنسية
اربع ساعات
اللغات واملعلوميات
اللغات
اللغة االنجليزية
اربع ساعات
العلوم القانونية
القانون املدني
ساعتان
القانون الجنائي
ساعتان
العلوم االنسانية واالجتماعية
واملنهجية
مناهج البحث واملكتبة
مناهج التصنيف في العلوم
ساعتان
علم املكتبات
ساعتان
* * *
الجريدة الرسمية101
((5 ي(ياني 5(( 115 ر جر15 - 7471 عدد
4 « الجدول رقم
الفصل الثامن
املسلك
الوحدات الدراسية
املواد
الغالف الزمني االسبوعي
الفقه واالصول
النوازل الفقهية املعاصرة
ساعتان
العقيدة والفرق
قضايا في العقيدة االشعرية
ساعتان
الحديث وعلومه والسيرة
قضايا في الدراسات الحديثية
ساعتان
العلوم الشرعية
الثوابت الدينية
الثوابت الدينية
ساعتان
تسديد الوعظ واالرشاد
تسديد الوعظ واالرشاد
ساعتان
اللغة العربية
اربع ساعات
اللغة الفرنسية
اربع ساعات
اللغات واملعلوميات
اللغات
اللغة االنجليزية
اربع ساعات
العلوم القانونية واالجتماعية
القانون التجاري
ساعتان
علم االجتماع
ساعتان
العلوم االنسانية واالجتماعية
واملنهجية
مناهج البحث واملكتبة
مناهج البحث العلمي
ساعتان
البيبليوغرافيا االسالمية
ساعتان
* * *
الجريدة الرسمية((5 ي(ياني 5(( 115 ر جر15 - 7471 عدد
5 « الجدول رقم
الفصل التاسع
املسلك
الوحدات الدراسية
املواد
الغالف الزمني االسبوعي
االمامة العظمى
ساعتان
العلوم الشرعية
الفقه واالصول
علم الجدل واملناظرة
ساعتان
ضوابط الفتوى
ساعتان
الحديث وعلومه والسيرة
قضايا في السيرة النبوية
ساعتان
اللغة العربية
اربع ساعات
اللغة الفرنسية
اربع ساعات
اللغات واملعلوميات
اللغات
اللغة االنجليزية
اربع ساعات
مدونة االسرة
ساعتان
القانون االداري واملالية العامة
ساعتان
العلوم القانونية واالجتماعية
العلوم االنسانية واالجتماعية
تاريخ العلوم
ساعتان
واملنهجية
مناهج البحث واملكتبة
مناهج تحقيق النصوص
ساعتان
علم املخطوط
ساعتان
((5 ي(ياني 5(( 115 ر جر15 - 7471 عدد
نصوص خاصة
قرار مشترك لوزيرة اعداد التراب الوطني والتعمير واالسكان وسياسة",Fiscal,"Fiscal=4, Pénal=1, Commercial=1",Fiscal,False,AR : texte source à réingérer (ordre des mots/paragraphes corrompu dès l'extraction PDF) — label non vérifié
411,BO_7471_Ar,الثانية,ar,"صادر في2764.25 املدينة ووزيرة االقتصاد واملالية رقم
) بتغيير وتتميم القرار 2025  نوفمبر26( 1447  جمادى االخرة5
 املشترك للوزير املكلف باعداد التراب الوطني والبيئة والتعمير
ينشر هذا القرار املشترك بالجريدة الرسمية.
).2025  نوفمبر26( 1447  جمادى االخرة5 وحرر بالرباط في
واالسكان ووزير االقتصاد واملالية والخوصصة والسياحة
) 2001  (فاتح نوفمبر1422  من شعبان15  الصادر في808.01 رقم
بتحديد تعاريف الخدمات املقدمة من قبل املدرسة الوطنية
وزيرة اعداد التراب الوطني والتعمير
واالسكان وسياسة املدينة،
االمضاء : فاطمة الزهراء املنصوري.
وزيرة االقتصاد واملالية،
االمضاء : نادية فتاح.
للهندسة املعمارية.
من جمادى20  صادر في2898.25 قرار لوزيرة االقتصاد واملالية رقم
) بتعيين امر مساعد بالصرف 2025  ديسمبر11( 1447 االخرة
وزيرة اعداد التراب الوطني والتعمير واالسكان وسياسة املدينة،
ونائب عنه.
ووزيرة االقتصاد واملالية،
وزيرة االقتصاد واملالية،
 1387  محرم10  الصادر في330.66 بناء على املرسوم امللكي رقم
) بسن نظام عام للمحاسبة العامة كما وقع تغييره 1967  ابريل21(
بعد االطالع على القرار املشترك للوزير املكلف باعداد التراب
الوطني والبيئة والتعمير واالسكان ووزير االقتصاد واملالية
 1422  من شعبان15  الصادر في808.01 والخوصصة والسياحة رقم
) بتحديد تعاريف الخدمات املقدمة من قبل املدرسة 2001 (فاتح نوفمبر
الوطنية للهندسة املعمارية، كما وقع تغييره وتتميمه، ال سيما بالقرار
منه؛64  و5 وتتميمه وال سيما الفصلين
1443  من ربيع االول14  الصادر في2.21.829 وعلى املرسوم رقم
املشترك لوزير التعمير واعداد التراب الوطني ووزير االقتصاد واملالية
) املتعلق باختصاصات وزيرة االقتصاد واملالية،2021  اكتوبر21(
)؛2015  ديسمبر7( 1437  من صفر25  الصادر في4147.15 رقم
: قررت ما يلي
املادة االولى
قررتا ما يلي :
املادة االولى
يعين رئيس االعداد املؤقت لالشراف على انجاز املركز االستشفائي
الجامعي وكلية الطب والصيدلة باكادير امرا مساعدا لصرف
االعتمادات املفوضة اليه من لدن وزيرة االقتصاد واملالية من الحساب
 الحامل عنوان «الحساب 3.2.0.0.1.13.025 الخصوطصي للخزينة رقم
الخاص بمنح دول مجلس التعاون الخليجي» وكذا اصدار بيانات الدفع
واالوامر بالتحصيل املتعلقة بمراجعة االثمنة والغرامات املترتبة عن
تغير وتتمم على النحو التالي املادة االولى من القرار املشترك املشار اليه
) :2001  (فاتح نوفمبر1422  من شعبان15  الصادر في808.01 اعاله رقم
تحدد على النحو التالي تعاريف الخدمات املقدمة - .«املادة االولى
«من لدن املدرسة الوطنية للهندسة املعمارية :
استكمال التكوين :- 1 «
تنفيذ الصفقات املبرمة في اطار هذه االعتمادات.
......................................................................................................«",Urbain,"Urbain=6, Environnement=2, Fiscal=1",Urbain,False,AR : texte source à réingérer (ordre des mots/paragraphes corrompu dès l'extraction PDF) — label non vérifié
412,BO_7471_Ar,الثانية,ar,"املساهمة في تكاليف استكمال التكوين الطويل االمد، تؤدى-«
اذا تغيب رئيس االعداد املؤقت لالشراف على انجاز املركز
االستشفائي الجامعي وكلية الطب والصيدلة باكادير او عاقه عائق
ناب عنه رئيس مصلحة الدراسات وتدبير الجودة باالعداد املؤقت
: «دفعة واحدة او على دفعتين توزع كالتالي
عند تسليم دبلوم :% 50  اثناء التسجيل و% 50«
السالف الذكر.
. درهم20.000 ..................«• االعاقة، الولوجيات واملدينة الدامجة
املادة الثالثة
»»Handicap, accessibilité et ville inclusive««
تحدد في تفويض االعتمادات املسند الى االمر املساعد بالصرف
املشار اليه في املادة االولى اعاله املشاريع املضمنة في الحساب
............................................................................................«• التراث
الخصوطصي للخزينة التي يقوم بصرف النفقات منها.
(الباقي بدون تغيير.)
الجريدة الرسمية((5 ي(ياني 5(( 115 ر جر15 - 7471 عدد
املادة الثالثة
املادة الرابعة
تحدد في تفويض االعتمادات املسند الى االمر املساعد بالصرف
املشار اليه في املادة االولى اعاله املشاريع املضمنة في الحساب
املحاسب املكلف بالعمليات املشار اليها اعاله هو خازن عمالة
اكادير.
الخصوطصي للخزينة التي يقوم بصرف النفقات منها.
املادة الخامسة
املادة الرابعة
898.22 ينشر هذا القرار بالجريدة الرسمية وينسخ القرار رقم
) بتعيين امر مساعد 2022  مارس15( 1443  من شعبان12 الصادر في
املحاسب املكلف بالعمليات املشار اليها اعاله هو خازن عمالة
طنجة.
.2027  ديسمبر31 بالصرف ونائب عنه ويسري العمل به الى غاية
املادة الخامسة
).2025  ديسمبر11( 1447  من جمادى االخرة20 وحرر بالرباط في
900.22 ينشر هذا القرار بالجريدة الرسمية وينسخ القرار رقم
) بتعيين امر مساعد 2022  مارس15( 1443  من شعبان12 الصادر في
االمضاء : نادية فتاح.
.2026  ديسمبر31 بالصرف ونائب عنه ويسري العمل به الى غاية
من جمادى20  صادر في2899.25 قرار لوزيرة االقتصاد واملالية رقم
) بتعيين امر مساعد بالصرف 2025  ديسمبر11( 1447 االخرة
).2025  ديسمبر11( 1447  من جمادى االخرة20 وحرر بالرباط في
ونائب عنه.
االمضاء : نادية فتاح.
وزيرة االقتصاد واملالية،
قرار لوزير الفالحة والصيد البحري والتنمية القروية واملياه
 1447  من جمادى االخرة20  صادر في2924.25 والغابات رقم
1387  محرم10  الصادر في330.66 بناء على املرسوم امللكي رقم
) بسن نظام عام للمحاسبة العامة كما وقع تغييره 1967  ابريل21(
) بتفويض املصادقة على الصفقات.2025  ديسمبر11(
منه؛64  و5 وتتميمه وال سيما الفصلين،وزير الفالحة والصيد البحري والتنمية القروية واملياه والغابات
1443  من ربيع االول14  الصادر في2.21.829 وعلى املرسوم رقم
1443  ربيع االول4  الصادر في1.21.111 بناء على الظهير الشريف رقم
) املتعلق باختصاصات وزيرة االقتصاد واملالية،2021  اكتوبر21(
) بتعيين اعضاء الحكومة كما وقع تغييره؛2021  اكتوبر11(
: قررت ما يلي
املادة االولى
1444  رمضان8  الصادر في2.22.81 وعلى املرسوم رقم
) املتعلق بتفويض السلطة واالمضاء؛2023  مارس30(
يعين رئيس االعداد املؤقت لالشراف على انجاز املركز االستشفائي
الجامعي وكلية الطب والصيدلة بطنجة امرا مساعدا لصرف
االعتمادات املفوضة اليه من لدن وزيرة االقتصاد واملالية من الحساب
 الحامل عنوان «الحساب 3.2.0.0.1.13.025 الخصوطصي للخزينة رقم
الخاص بمنح دول مجلس التعاون الخليجي» وكذا اصدار بيانات الدفع
واالوامر بالتحصيل املتعلقة بمراجعة االثمنة والغرامات املترتبة عن
1444  من شعبان15  الصادر في2.22.431 وعلى املرسوم رقم
) املتعلق بالصفقات العمومية؛2023  مارس8(
الصادر2016  للسنة املالية70.15 وعلى قانون املالية رقم
 1437  ربيع االول7  بتاريخ1.15.150 بتنفيذه الظهير الشريف رقم
منه؛30 ) وال سيما",Fiscal,"Fiscal=3, Commercial=3, Administratif=2",Fiscal,False,AR : texte source à réingérer (ordre des mots/paragraphes corrompu dès l'extraction PDF) — label non vérifié
413,BO_7471_Ar,2015,ar,"ديسمبر19(
تنفيذ الصفقات املبرمة في اطار هذه االعتمادات.
الصادر2601.16 وعلى قرار وزير الفالحة والصيد البحري رقم
) بتعيين امرين مساعدين 2016  يونيو6( 1437  من شعبان30 في",Indéterminé,"Fiscal=0, Social=0, Administratif=0",Indéterminé,False,AR : texte source à réingérer (ordre des mots/paragraphes corrompu dès l'extraction PDF) — label non vérifié
414,BO_7471_Ar,الثانية,ar,"بالصرف ونواب عنهم؛
اذا تغيب رئيس االعداد املؤقت لالشراف على انجاز املركز
االستشفائي الجامعي وكلية الطب والصيدلة بطنجة او عاقه عائق
ناب عنه رئيس مصلحة الدراسات وتدبير الجودة باالعداد املؤقت
1446  من ربيع االخر24  الصادر في2.24.990 وعلى املرسوم رقم
) املتعلق باختصاصات وزير الفالحة والصيد 2024  اكتوبر28(،البحري والتنمية القروية واملياه والغابات
السالف الذكر.
الجريدة الرسمية105
 ((5 ي(ياني 5(( 115 ر جر15 - 7471 عدد
وعلى قرار وزير الفالحة والصيد البحري والتنمية القروية واملياه
: قرر ما يلي
)2019  اكتوبر21( 1441  من صفر22  الصادر في239.20 والغابات رقم
بتعيين امرين مساعدين بالصرف كما وقع تتميمه؛
املادة االولى
يفوض الى االشخاص املشار اليهم في الجدول التالي، االمرون
املساعدون لقبض موارد وصرف نفقات الحساب املرصد المور
خصوصية املسمى «صندوق التنمية القروية واملناطق الجبلية»،
املصادقة على صفقات االشغال او التوريدات او الخدمات وفسخها
وكذا االتفاقيات املبرمة في اطار االعتمادات املفوضة اليه من الحساب
1446  من ربيع االخر24  الصادر في2.24.990 وعلى املرسوم رقم
) املتعلق باختصاصات وزير الفالحة والصيد 2024  اكتوبر28(،البحري والتنمية القروية واملياه والغابات
قرر ما يلي :
املذكور :
املادة االولى
املفوض اليهم
النواب
يفوض الى السيد عبد العزيز االحمر، املدير االقليمي بموالي
والنقل واللوجيستيك بتازة.
 ميمون زمزامي، املدير الجهوي للتجهيز -
فوزي رهدوني، املدير االقليمي للتجهيز
- يعقوب التابع لالكاديمية الجهوية للتربية والتكوين لجهة فاس
مكناس، االمر املساعد لقبض موارد وصرف نفقات الحساب
املرصد المور خصوصية املسمى «صندوق التنمية القروية واملناطق
الجبلية»، املصادقة على صفقات االشغال او التوريدات او الخدمات
وفسخها وكذا االتفاقيات املبرمة في اطار االعتمادات املفوضة اليه
. مكناس- والنقل واللوجيستيك بفاس
 فاطمة عبي، رئيسة مصلحة التدبير -
 والبرامج باملديرية االقليمية للتجهيز والنقل
واللوجيستيك بتازة.
حسناء بنسعيد، رئيسة مصلحة التدبير
والبرامج باملديرية االقليمية للتجهيز والنقل
عبد الرحمان بن مو؟سى، املدير
االقليمي للتجهيز والنقل واللوجيستيك
واللوجيستيك بالخميسات.
بالخميسات.
من الحساب املذكور.",Civil,"Civil=2, Commercial=2, Fiscal=1",Civil,False,AR : texte source à réingérer (ordre des mots/paragraphes corrompu dès l'extraction PDF) — label non vérifié
416,BO_7471_Ar,الثانية,ar,"ينشر هذا القرار بالجريدة الرسمية.
ينشر هذا القرار بالجريدة الرسمية.
).2025  ديسمبر11( 1447  من جمادى االخرة20 وحرر بالرباط في
).2025  ديسمبر11( 1447  من جمادى االخرة20 وحرر بالرباط في
االمضاء : احمد البواري.
االمضاء : احمد البواري.
قرار لوزير الفالحة والصيد البحري والتنمية القروية واملياه
 1447  من جمادى االخرة20  صادر في2925.25 والغابات رقم
1447  من جمادى االخرة25  صادر في2960.25 قرار لوزير الداخلية رقم
 الصادر في2772.22 ) بتغيير القرار رقم2025   ديسمبر16(
.) بتفويض االمضاء2022  اكتوبر13( 1444  من ربيع االول16
) بتفويض املصادقة على الصفقات.2025  ديسمبر11(،وزير الفالحة والصيد البحري والتنمية القروية واملياه والغابات،وزير الداخلية
1443  ربيع االول4  الصادر في1.21.111 بناء على الظهير الشريف رقم
من ربيع16  الصادر في2772.22 بعد االطالع على القرار رقم
) بتفويض االمضاء كما وقع تغييره؛2022  اكتوبر13( 1444 االول
) بتعيين اعضاء الحكومة كما وقع تغييره؛2021  اكتوبر11(
1444  رمضان8  الصادر في2.22.81 وعلى املرسوم رقم
) املتعلق بتفويض السلطة واالمضاء؛2023  مارس30(
1443  من ربيع االول14  الصادر في2.21.824 وعلى املرسوم رقم
) املتعلق باختصاصات وزير الداخلية،2021  اكتوبر21(
1444  من شعبان15  الصادر في2.22.431 وعلى املرسوم رقم
) املتعلق بالصفقات العمومية؛2023  مارس8(
: قرر ما يلي
املادة االولى
الصادر2016  للسنة املالية70.15 وعلى قانون املالية رقم
 1437  ربيع االول7  بتاريخ1.15.150 بتنفيذه الظهير الشريف رقم
تغير على النحو التالي املادة االولى من القرار املشار اليه اعاله
) :2022  اكتوبر13( 1444  من ربيع االول16  بتاريخ2772.22 رقم
منه؛30 ) وال سيما",Commercial,"Commercial=6, Fiscal=2, Urbain=1",Commercial,False,AR : texte source à réingérer (ordre des mots/paragraphes corrompu dès l'extraction PDF) — label non vérifié
417,BO_7471_Ar,2015,ar,"ديسمبر19(
الجريدة الرسمية((5 ي(ياني 5(( 115 ر جر15 - 7471 عدد
من جمادى25  صادر في2961.25 قرار لوزير الداخلية رقم
) بتفويض االمضاء2025   ديسمبر16(  1447 االخرة
يفوض الى الكتاب العامين بعماالت واقاليم اململكة- .«املادة االولى
«التالية اسماؤهم االمضاء .....................................................................
وزير الداخلية،
«عن املصالح التابعة لهم :
1443  ربيع االول4  الصادر في1.21.111 بناء على الظهير الشريف رقم
املفوض اليهم
االختصاص الترابي
) بتعيين اعضاء الحكومة كما وقع تغييره؛2021  اكتوبر11(
..........................................
..........................................
1444  رمضان8  الصادر في2.22.81 وعلى املرسوم رقم
) املتعلق بتفويض السلطة واالمضاء؛2023  مارس30(
نور الدين البعقوقي.
اقليم افران.
..........................................
..........................................
نور الدين احيضر.
اقليم بوملان.
1432  من ذي الحجة28  الصادر في2.11.681 وعلى املرسوم رقم
) في شان كيفيات تعيين رؤساء االقسام ورؤساء 2011  نوفمبر25(
..........................................
..........................................
محمد ريطل.
عمالة سال.
املصالح باالدارات العمومية؛
جواد مغنوي.
 تمارة.- عمالة الصخيرات
..........................................
..........................................
1443  من ربيع االول14  الصادر في2.21.824 وعلى املرسوم رقم
) املتعلق باختصاصات وزير الداخلية،2021  اكتوبر21(
محمد ملويؠسي.
اقليم سيدي قاسم.
عبد الهادي نقار.
اقليم سيدي سليمان.
: قرر ما يلي
املادة االولى
..........................................
..........................................
عبد الكريم قبلي.
عمالة الدار البيضاء.
..........................................
..........................................
يفوض الى عبد الكريم قبلي، الكاتب العام لعمالة الدار البيضاء،
االمضاء او التاشير نيابة عن وزير الداخلية على الوثائق والقرارات
املتعلقة بتدبير املوارد البشرية بما فيها تعيين رؤساء االقسام ورؤساء
لحسن اغير.
 مرس السلطان.- عمالة مقاطعات الفداء
محمد سكوكي.
 الحي املحمدي.- عمالة مقاطعات عين السبع
يوسف الرموتي.
عمالة مقاطعة الحي الحسني.
املصالح بنفس العمالة.
محمد الوهابي.
اقليم سطات.
..........................................
..........................................",Administratif,"Administratif=8, Commercial=2, Fiscal=1",Administratif,False,AR : texte source à réingérer (ordre des mots/paragraphes corrompu dès l'extraction PDF) — label non vérifié
418,BO_7471_Ar,الثانية,ar,"خليد الصغموتي.
اقليم الرحامنة.
ينشر هذا القرار بالجريدة الرسمية.
عبد االله الهادفي.
اقليم اسفي.
..........................................
..........................................
).2025  ديسمبر16( 1447  من جمادى االخرة25 وحرر بالرباط في
سعيد الصالحي.
اقليم ميدلت.
........................................
..........................................
االمضاء : عبد الوافي لفتيت.
اسماعيل الدباغ.
 ايت باها.- اقليم اشتوكة
احمد خياري.
اقليم تيزنيت.
قرار لوزير الفالحة والصيد البحري والتنمية القروية واملياه
..........................................
..........................................
1447  من جمادى االخرة28  صادر في2952.25 والغابات رقم
) باسناد انتداب صحي.2025  ديسمبر19(
بوشعيب الصقلي.
اقليم تارودانت.
..........................................
..........................................،وزير الفالحة والصيد البحري والتنمية القروية واملياه والغابات
 املتعلق بممارسة الطب البيطري 21.80 بناء على القانون رقم
والجراحة والصيدلة البيطرية بصفة حرة، الصادر بتنفيذه الظهير
)، 1980  ديسمبر25( 1401  من صفر17  بتاريخ1.80.340 الشريف رقم
(الباقي ال تغيير فيه.)",Fiscal,"Fiscal=1, Urbain=1, Social=0",Fiscal,False,AR : texte source à réingérer (ordre des mots/paragraphes corrompu dès l'extraction PDF) — label non vérifié
419,BO_7471_Ar,الثانية,ar,"ينشر هذا القرار بالجريدة الرسمية.
منه؛2 كما وقع تغييره وتتميمه، وال سيما الفصل
1403  من جمادى االولى29  الصادر في2.82.541 وعلى املرسوم رقم، وال سيما 21.80 ) بتطبيق القانون االنف الذكر رقم1983  مارس15(
).2025  ديسمبر16( 1447  من جمادى االخرة25 وحرر بالرباط في
منه؛6 الفصل
االمضاء : عبد الوافي لفتيت.
الجريدة الرسمية107
 ((5 ي(ياني 5(( 115 ر جر15 - 7471 عدد
القاعضي باحداث املكتب الوطني للسالمة25.08 وعلى القانون رقم
القاعضي باحداث املكتب الوطني للسالمة25.08 وعلى القانون رقم
الصحية للمنتجات الغذائية، الصادر بتنفيذه الظهير الشريف
الصحية للمنتجات الغذائية، الصادر بتنفيذه الظهير الشريف
)؛2009  فبراير18( 1430  من صفر22  بتاريخ1.09.20 رقم
)؛2009  فبراير18( 1430  من صفر22  بتاريخ1.09.20 رقم
1416  محرم10  الصادر في2.94.264 وعلى املرسوم رقم
) لتطبيق الظهير الشريف املعتبر بمثابة قانون1995  يونيو9(
 )1993  اكتوبر6( 1414  من ربيع االخر19  بتاريخ1.93.230 رقم
1416  محرم10  الصادر في2.94.264 وعلى املرسوم رقم
) لتطبيق الظهير الشريف املعتبر بمثابة قانون1995  يونيو9(
 )1993  اكتوبر6( 1414  من ربيع االخر19  بتاريخ1.93.230 رقم
املتعلق بهيئة البياطرة الوطنية؛
املتعلق بهيئة البياطرة الوطنية؛
1446  من ربيع االخر24  الصادر في2.24.990 وعلى املرسوم رقم
) املتعلق باختصاصات وزير الفالحة والصيد 2024  اكتوبر28(
1446  من ربيع االخر24  الصادر في2.24.990 وعلى املرسوم رقم
) املتعلق باختصاصات وزير الفالحة والصيد 2024  اكتوبر28(،البحري والتنمية القروية واملياه والغابات،البحري والتنمية القروية واملياه والغابات
قرر ما يلي :
قرر ما يلي :
املادة االولى
املادة االولى
من القانون 2 يسند االنتداب الصحي املنصوص عليه في الفصل
 الى السيد محمد البرهامي الطبيب البيطري 21.80 املشار اليه اعاله رقم
 1904/CN/2025 املقيد بجدول هيئة البياطرة الوطنية تحت رقم
من القانون املشار 2 يسند االنتداب الصحي املنصوص عليه في الفصل
 الى السيد يوسف بوضاوش الطبيب البيطري 21.80 اليه اعاله رقم
 بتاريخ 1903/CN/2025 املقيد بجدول هيئة البياطرة الوطنية تحت رقم
.2025  اكتوبر22 بتاريخ
.2025  اكتوبر22",Commercial,"Commercial=4, Fiscal=2, Social=0",Commercial,False,AR : texte source à réingérer (ordre des mots/paragraphes corrompu dès l'extraction PDF) — label non vérifié
421,BO_7471_Ar,الثانية,ar,"يسند تنفيذ هذا القرار، الذي ينشر بالجريدة الرسمية، الى املدير
يسند تنفيذ هذا القرار، الذي ينشر بالجريدة الرسمية، الى املدير
العام للمكتب الوطني للسالمة الصحية للمنتجات الغذائية.
العام للمكتب الوطني للسالمة الصحية للمنتجات الغذائية.
).2025  ديسمبر19( 1447  من جمادى االخرة28 وحرر بالرباط في
).2025  ديسمبر19( 1447  من جمادى االخرة28 وحرر بالرباط في
االمضاء : احمد البواري.
االمضاء : احمد البواري.
قرار لوزير الفالحة والصيد البحري والتنمية القروية واملياه
قرار لوزير الفالحة والصيد البحري والتنمية القروية واملياه
1447  من جمادى االخرة28  صادر في2954.25 والغابات رقم
) باسناد انتداب صحي.2025  ديسمبر19(
1447  من جمادى االخرة28  صادر في2953.25 والغابات رقم
) باسناد انتداب صحي.2025  ديسمبر19(،وزير الفالحة والصيد البحري والتنمية القروية واملياه والغابات،وزير الفالحة والصيد البحري والتنمية القروية واملياه والغابات
املتعلق بممارسة الطب البيطري 21.80 بناء على القانون رقم
والجراحة والصيدلة البيطرية بصفة حرة، الصادر بتنفيذه الظهير
)، 1980  ديسمبر25( 1401  من صفر17  بتاريخ1.80.340 الشريف رقم
املتعلق بممارسة الطب البيطري 21.80 بناء على القانون رقم
والجراحة والصيدلة البيطرية بصفة حرة، الصادر بتنفيذه الظهير
)، 1980  ديسمبر25( 1401  من صفر17  بتاريخ1.80.340 الشريف رقم
منه؛2 كما وقع تغييره وتتميمه، وال سيما الفصل
منه؛2 كما وقع تغييره وتتميمه، وال سيما الفصل
1403  من جمادى االولى29  الصادر في2.82.541 وعلى املرسوم رقم، وال سيما 21.80 ) بتطبيق القانون االنف الذكر رقم1983  مارس15(
1403  من جمادى االولى29  الصادر في2.82.541 وعلى املرسوم رقم، وال سيما 21.80 ) بتطبيق القانون االنف الذكر رقم1983  مارس15(
منه؛6 الفصل
منه؛6 الفصل
الجريدة الرسمية((5 ي(ياني 5(( 115 ر جر15 - 7471 عدد
1416  محرم10  الصادر في2.94.264 وعلى املرسوم رقم
) لتطبيق الظهير الشريف املعتبر بمثابة قانون1995  يونيو9(
 )1993  اكتوبر6( 1414  من ربيع االخر19  بتاريخ1.93.230 رقم
القاعضي باحداث املكتب الوطني للسالمة25.08 وعلى القانون رقم
الصحية للمنتجات الغذائية، الصادر بتنفيذه الظهير الشريف
)؛2009  فبراير18( 1430  من صفر22  بتاريخ1.09.20 رقم
املتعلق بهيئة البياطرة الوطنية؛
1416  محرم10  الصادر في2.94.264 وعلى املرسوم رقم
) لتطبيق الظهير الشريف املعتبر بمثابة قانون1995  يونيو9(
 )1993  اكتوبر6( 1414  من ربيع االخر19  بتاريخ1.93.230 رقم
1446  من ربيع االخر24  الصادر في2.24.990 وعلى املرسوم رقم
) املتعلق باختصاصات وزير الفالحة والصيد 2024  اكتوبر28(
املتعلق بهيئة البياطرة الوطنية؛،البحري والتنمية القروية واملياه والغابات
1446  من ربيع االخر24  الصادر في2.24.990 وعلى املرسوم رقم
) املتعلق باختصاصات وزير الفالحة والصيد 2024  اكتوبر28(
قرر ما يلي :
املادة االولى،البحري والتنمية القروية واملياه والغابات
قرر ما يلي :
املادة االولى
من 2 يسند االنتداب الصحي املنصوص عليه في الفصل
 الى السيد محمد امين بكشول 21.80 القانون املشار اليه اعاله رقم
الطبيب البيطري املقيد بجدول هيئة البياطرة الوطنية تحت
من القانون 2 يسند االنتداب الصحي املنصوص عليه في الفصل
 الى السيد علي هالل الطبيب البيطري 21.80 املشار اليه اعاله رقم
 1905/CN/2025 املقيد بجدول هيئة البياطرة الوطنية تحت رقم
.2025  اغسطس26  بتاريخ1902/CN/2025 رقم",Commercial,"Commercial=4, Fiscal=3, Urbain=2",Commercial,False,AR : texte source à réingérer (ordre des mots/paragraphes corrompu dès l'extraction PDF) — label non vérifié
422,BO_7471_Ar,الثانية,ar,"2025  اكتوبر22 بتاريخ
يسند تنفيذ هذا القرار، الذي ينشر بالجريدة الرسمية، الى املدير",Fiscal,"Fiscal=1, Social=0, Administratif=0",Fiscal,False,AR : texte source à réingérer (ordre des mots/paragraphes corrompu dès l'extraction PDF) — label non vérifié
423,BO_7471_Ar,الثانية,ar,"العام للمكتب الوطني للسالمة الصحية للمنتجات الغذائية.
يسند تنفيذ هذا القرار، الذي ينشر بالجريدة الرسمية، الى املدير
).2025  ديسمبر19( 1447  من جمادى االخرة28 وحرر بالرباط في
العام للمكتب الوطني للسالمة الصحية للمنتجات الغذائية.
االمضاء : احمد البواري.
).2025  ديسمبر19( 1447  من جمادى االخرة28 وحرر بالرباط في
االمضاء : احمد البواري.
قرار لوزير الفالحة والصيد البحري والتنمية القروية واملياه
1447  من جمادى االخرة28  صادر في2956.25 والغابات رقم
) باسناد انتداب صحي.2025  ديسمبر19(
قرار لوزير الفالحة والصيد البحري والتنمية القروية واملياه
1447  من جمادى االخرة28  صادر في2955.25 والغابات رقم
) باسناد انتداب صحي.2025  ديسمبر19(،وزير الفالحة والصيد البحري والتنمية القروية واملياه والغابات،وزير الفالحة والصيد البحري والتنمية القروية واملياه والغابات
 املتعلق بممارسة الطب البيطري 21.80 بناء على القانون رقم
والجراحة والصيدلة البيطرية بصفة حرة، الصادر بتنفيذه الظهير
)، 1980  ديسمبر25( 1401  من صفر17  بتاريخ1.80.340 الشريف رقم
املتعلق بممارسة الطب البيطري 21.80 بناء على القانون رقم
والجراحة والصيدلة البيطرية بصفة حرة، الصادر بتنفيذه الظهير
)، 1980  ديسمبر25( 1401  من صفر17  بتاريخ1.80.340 الشريف رقم
منه؛2 كما وقع تغييره وتتميمه، وال سيما الفصل
منه؛2 كما وقع تغييره وتتميمه، وال سيما الفصل
1403  من جمادى االولى29  الصادر في2.82.541 وعلى املرسوم رقم، وال سيما 21.80 ) بتطبيق القانون االنف الذكر رقم1983  مارس15(
1403  من جمادى االولى29  الصادر في2.82.541 وعلى املرسوم رقم، وال سيما 21.80 ) بتطبيق القانون االنف الذكر رقم1983  مارس15(
منه؛6 الفصل
منه؛6 الفصل
القاعضي باحداث املكتب الوطني للسالمة 25.08 وعلى القانون رقم
القاعضي باحداث املكتب الوطني للسالمة 25.08 وعلى القانون رقم
الصحية للمنتجات الغذائية، الصادر بتنفيذه الظهير الشريف
الصحية للمنتجات الغذائية، الصادر بتنفيذه الظهير الشريف
)؛2009  فبراير18( 1430  من صفر22  بتاريخ1.09.20 رقم
)؛2009  فبراير18( 1430  من صفر22  بتاريخ1.09.20 رقم
الجريدة الرسمية109
 ((5 ي(ياني 5(( 115 ر جر15 - 7471 عدد
1403  من جمادى االولى29  الصادر في2.82.541 وعلى املرسوم رقم، وال سيما 21.80 ) بتطبيق القانون االنف الذكر رقم1983  مارس15(
1416  محرم10  الصادر في2.94.264 وعلى املرسوم رقم
) لتطبيق الظهير الشريف املعتبر بمثابة قانون1995  يونيو9(
 )1993  اكتوبر6( 1414  من ربيع االخر19  بتاريخ1.93.230 رقم
منه؛6 الفصل
املتعلق بهيئة البياطرة الوطنية؛
القاعضي باحداث املكتب الوطني للسالمة 25.08 وعلى القانون رقم
1446  من ربيع االخر24  الصادر في2.24.990 وعلى املرسوم رقم
) املتعلق باختصاصات وزير الفالحة والصيد 2024  اكتوبر28(
الصحية للمنتجات الغذائية، الصادر بتنفيذه الظهير الشريف
)؛2009  فبراير18( 1430  من صفر22  بتاريخ1.09.20 رقم،البحري والتنمية القروية واملياه والغابات
قرر ما يلي :
املادة االولى
1416  محرم10  الصادر في2.94.264 وعلى املرسوم رقم
) لتطبيق الظهير الشريف املعتبر بمثابة قانون1995  يونيو9(
 )1993  اكتوبر6( 1414  من ربيع االخر19  بتاريخ1.93.230 رقم
من 2 يسند االنتداب الصحي املنصوص عليه في الفصل
 الى السيدة مروة املرييج 21.80 القانون املشار اليه اعاله رقم
املتعلق بهيئة البياطرة الوطنية؛
الطبيبة البيطرية املقيدة بجدول هيئة البياطرة الوطنية تحت
1446  من ربيع االخر24  الصادر في2.24.990 وعلى املرسوم رقم
) املتعلق باختصاصات وزير الفالحة والصيد 2024  اكتوبر28(
.2025  اغسطس26  بتاريخ1894/CN/2025 رقم",Commercial,"Commercial=4, Fiscal=2, Urbain=2",Commercial,False,AR : texte source à réingérer (ordre des mots/paragraphes corrompu dès l'extraction PDF) — label non vérifié
424,BO_7471_Ar,الثانية,ar,"،البحري والتنمية القروية واملياه والغابات
يسند تنفيذ هذا القرار، الذي ينشر بالجريدة الرسمية، الى املدير
قرر ما يلي :
العام للمكتب الوطني للسالمة الصحية للمنتجات الغذائية.
املادة االولى
).2025  ديسمبر19( 1447  من جمادى االخرة28 وحرر بالرباط في
من القانون 2 يسند االنتداب الصحي املنصوص عليه في الفصل
 الى السيد ايوب معتز الطبيب البيطري 21.80 املشار اليه اعاله رقم
 1901/CN/2025 املقيد بجدول هيئة البياطرة الوطنية تحت رقم
االمضاء : احمد البواري.
قرار لوزير الفالحة والصيد البحري والتنمية القروية واملياه
.2025  اغسطس26 بتاريخ
1447  من جمادى االخرة28  صادر في2957.25 والغابات رقم
) باسناد انتداب صحي.2025  ديسمبر19(",Fiscal,"Fiscal=1, Social=0, Administratif=0",Fiscal,False,AR : texte source à réingérer (ordre des mots/paragraphes corrompu dès l'extraction PDF) — label non vérifié
425,BO_7471_Ar,الثانية,ar,"يسند تنفيذ هذا القرار، الذي ينشر بالجريدة الرسمية، الى املدير،وزير الفالحة والصيد البحري والتنمية القروية واملياه والغابات
 املتعلق بممارسة الطب البيطري 21.80 بناء على القانون رقم
والجراحة والصيدلة البيطرية بصفة حرة، الصادر بتنفيذه الظهير
)، 1980  ديسمبر25( 1401  من صفر17  بتاريخ1.80.340 الشريف رقم
العام للمكتب الوطني للسالمة الصحية للمنتجات الغذائية.
).2025  ديسمبر19( 1447  من جمادى االخرة28 وحرر بالرباط في
منه؛2 كما وقع تغييره وتتميمه، وال سيما الفصل
االمضاء : احمد البواري.
الجريدة الرسمية((5 ي(ياني 5(( 115 ر جر15 - 7471 عدد
مجلس املنافسة
وبعد تبليغ السلطة الحكومية املكلفة باملنافسة بنظير من ملف
من جمادى19  صادر في2025//ق177 قرار ملجلس املنافسة عدد
« Avon ) املتعلق بتولي شركة2025  نوفمبر11( 1447 االولى
 املراقبة الحصرية لشركة International Limited»
)؛2025  اكتوبر16( 1447  من ربيع االخر23 التبليغ بتاريخ
وبعد نشر بالغ مجلس املنافسة حول عملية التركيز االقتصادي
باحدى الجرائد الوطنية املخول لها نشر االعالنات القانونية
 1447  من ربيع االخر23 وباملوقع االلكتروني للمجلس بتاريخ
) ايام لالغيار املعنيين 10( )، والذي منح اجل عشرة2025  اكتوبر16(
.»Natura & Co UK Holdings Limited«،مجلس املنافسة
 املتعلق بحرية االسعار واملنافسة 104.12 بناء على القانون رقم
 1435  رمضان2  بتاريخ1.14.116 الصادر بتنفيذه الظهير الشريف رقم
قصد ابداء مالحظاتهم حول مشروع عملية التركيز اعاله؛
وحيث ان املجلس لم يتوصل باي مالحظة حول عملية التركيز
)، كما تم تغييره وتتميمه؛2014  يونيو30(
االقتصادي املذكورة من الفاعلين واملتدخلين في السوق املعنية؛
املتعلق بمجلس املنافسة الصادر20.13 وعلى القانون رقم
1447  من ربيع االخر29 وبعد استكمال جميع وثائق امللف بتاريخ
1435  رمضان2  بتاريخ1.14.117 بتنفيذه الظهير الشريف رقم
) كما تم تغييره وتتميمه؛2014  يونيو30(
)؛ 2025  اكتوبر22(
وبعد تقديم املقرر العام املساعد السيد عبد االاله قشاءشي ومقرر
املوضوع للتقرير املعد بشان عملية التركيز االقتصادي املذكورة،
وكذا للخالصات والتوصيات املنبثقة عنه، خالل اجتماع فرع مجلس
1436  صفر8  الصادر في2.14.652 وعلى املرسوم رقم
 املتعلق بحرية 104.12 ) بتطبيق القانون رقم2014 (فاتح ديسمبر
االسعار واملنافسة، كما تم تغييره وتتميمه؛
)؛2025  نوفمبر11( 1447  من جمادى االولى19 املنافسة املنعقد بتاريخ
1436  من شعبان16  الصادر في2.15.109 وعلى املرسوم رقم
 املتعلق بمجلس املنافسة 20.13 ) بتطبيق القانون رقم2015  يونيو4(
104.12  من القانون رقم13 وحيث انه حسب مقتضيات املادة
كما تم تغييره وتتميمه، فانه يمكن تبليغ عملية التركيز االقتصادي
بمجرد ما يكون الطرف او االطراف املعنية قادرة على تقديم مشروع
مكتمل بما فيه الكفاية يسمح بدراسة امللف، وال سيما حينما تكون
قد ابرمت اتفاقا مبدئيا او وقعت رسالة نوايا او بمجرد االعالن عن
كما تم تغييره وتتميمه؛
من جمادى19 وعلى اجتماع فرع مجلس املنافسة املنعقد بتاريخ
 من القانون 14 ) طبقا ملقتضيات",Commercial,"Commercial=5, Fiscal=2, Civil=2",Commercial,False,AR : texte source à réingérer (ordre des mots/paragraphes corrompu dès l'extraction PDF) — label non vérifié
426,BO_7471_Ar,2025,ar,"نوفمبر11( 1447 االولى
عرض عمومي؛
كما تم تغييره وتتميمه؛20.13 رقم
وحيث يستفاد من عناصر امللف ان عملية التركيز املزمع القيام
بها كانت موضوع عقد مبرم من قبل االطراف املعنية بتاريخ
« Avon International، تحدد شروط اقتناء شركة2025  سبتمبر18
 «Natura & Co UK Holdings  ملجموع راسمال شركةLimited»
  وحقوق التصويت املرتبطة به، مما يجعلها خاضعة للتبليغLimited»
وبعد تاكد رئيسة فرع مجلس املنافسة من توفر النصاب القانوني
 من النظام الداخلي ملجلس 38 العضاء الفرع طبقا ملقتضيات املادة
املنافسة؛
وبناء على ملف تبليغ عملية التركيز االقتصادي املسجل لدى
كما تم تغييره وتتميمه؛104.12  من القانون رقم13 طبقا للمادة
بتاريخ2025//ع.ت.ا152 االمانة العامة ملجلس املنافسة تحت عدد
)، املتعلق بتولي شركة 2025  اكتوبر8( 1447  من ربيع االخر15
 «Natura « املراقبة الحصرية لشركةAvon International Limited»
  من راسمالها%100  &، عبر اقتناءCo UK Holdings Limited»
وحيث ان مراقبة عمليات التركيز االقتصادي من لدن مجلس
املنافسة تستوجب قبل الشروع في دراستها التحقق من توفر الشروط
 كما تم 104.12  من القانون رقم12 و11 املنصوص عليها في املادتين
وحقوق التصويت املرتبطة به؛
تغييره وتتميمه؛
وعلى قرار املقرر العام ملجلس املنافسة السيد محمد هشام بوعياد
) 2025  اكتوبر9( 1447  من ربيع االخر16  بتاريخ174/2025 رقم
القاعضي بتعيين السيد انيس اضصالح مقررا في املوضوع، طبقا
 املتعلق بحرية االسعار 104.12  من القانون رقم27 الحكام املادة
تعرف عمليات التركيز االقتصادي الخاضعة 11 وحيث ان املادة
للتبليغ الى مجلس املنافسة بغرض دراستها والترخيص لها، كما ان
 تحدد اسقف رقم املعامالت الوطني او العاملي والذي يجب 12 املادة
) من املرسوم 8( ان يفوق االسقف املحددة بمقتغضى املادة الثامنة
 املشار اليه اعاله كما تم تغييره وتتميمه، 2.14.652 التطبيقي رقم
واملنافسة، كما تم تغييره وتتميمه؛
الجريدة الرسمية111
 ((5 ي(ياني 5(( 115 ر جر15 - 7471 عدد
او عندما تنجز جميع املنشات التي تكون طرفا في عملية التركيز خالل
) من البيوع % 40( السنة املدنية السابقة اكثر من اربعين باملائة
او الشراءات او املعامالت االخرى في سوق وطنية للسلع او املنتوجات
او الخدمات من نفس النوع او القابلة لالستبدال او في جزء مهم من
هذه العملية فرصة استثمارية تنسجم مع التوجهات االستراتيجية
للمجموعة املقتنية الرامية الى التوسع في قطاعات جديدة، اذ ستوفՔر
« Natura & الدعم املالي واالستراتيجي الالزم لتعزيز قدرات شركة
 وتحسين ادائها، بما يساهم في رفع قيمتها Co UK Holdings Limited»
السوق املذكورة؛
السوقية على املدى البعيد؛
وحيث ان العملية، موضوع التبليغ، تتعلق بتولي املراقبة الحصرية
» من طرف شركة Natura & Co UK Holdings Limited« لشركة
»، وبالتالي فهي تشكل تركيزا حسب Avon International Limited«
وحيث انه في اطار التحليل التنافؠسي الذي قامت به مصالح مجلس
املنافسة املكلفة بالتحقيق والبحث و استنادا الى الوثائق التي وفرتها
االطراف املبلغة، تم تحديد السوق املعنية بشقيها، سوق املنتوج
والخدمة واالمتداد الجغرافي للعملية، وذلك تطبيقا الحكام النقطة
 املتعلق بملف التبليغ الخاص بعملية التركيز، 1 الثالثة من امللحق رقم
 املشار اليه اعاله كما تم تغييره 2.14.652 املرفق باملرسوم رقم
وتتميمه، حيث يعرف السوق املعنية بكونها السوق املناسبة املحددة
حسب نوع املنتوجات او املوقع الجغرافي، والتي يكون للعملية املبلغة، كما تم تغييره وتتميمه؛104.12  من القانون رقم11 مدلول املادة
وحيث ان هذه العملية تخضع اللزامية التبليغ، الستيفائها شرطا
 104.12  من القانون رقم12 من الشروط املنصوص عليها في املادة
السالف الذكر، وهو تجاوز رقم املعامالت االجمالي العاملي، دون
احتساب الرسوم، من لدن مجموع املنشات او مجموعات االشخاص
 مليار 1,2 الذاتيين او االعتباريين االطراف في عملية التركيز مبلغ
درهم، عالوة على تجاوز رقم املعامالت، دون احتساب الرسوم،
املنجز باملغرب بشكل منفرد من قبل واحدة على االقل من املنشات
او مجموعة من االشخاص ال ذاتيين او االعتباريين االطراف في عملية
) من 8(  مليون درهم، كما هو محدد وفق املادة الثامنة50 التركيز مبلغ
اثر عليها بصفة مباشرة او غير مباشرة؛
وحيث انه بعد االطالع على وثائق امللف واعتمادا على نتائج
التحقيق املنجز بهذا الشان، فان السوق املعنية بهذه العملية هي
سوق توريد منتجات التجميل والعناية الشخصية، اال انه وبالنظر الى
طبيعة هذه العملية من حيث اثارها على املنافسة، فانه يمكن ان يبقى
كما تم تغييره وتتميمه؛2.14.652 املرسوم رقم
وحيث ان الطرفين املعنيين بهذه العملية هما :
تحديد السوق املرجعية املعنية مفتوحا؛
» وهي شركة Avon International Limited« :  الجهة املقتنية-
 ذات املسؤولية املحدودة اسست ومسجلة في انجلترا وويلز
 C/O Gateley, 111، والكائن مقرها ب16723267 تحت رقم، وهي شركة B3 2HJ،, برمنغهام، اململكة املتحدةEdmund Street،استثمارية تهدف الى اقتناء وحيازة اسهم الشركة املستهدفة
» اململوكة Reinstein« وهي شركة تابعة للمجموعة االستثمارية
» والتي تضم شركات من Michael Reinstein« من طرف السيد
مختلف القطاعات، بما في ذلك التكنولوجيا والسلع االستهالكية
وحيث انه من ناحية التحديد الجغرافي للسوق املرجعية، ونظرا
لخصائص العرض والطلب داخلها، فان السوق املعنية هي ذات بعد
وطني غير انه يمكن ان يظل التحديد الجغرافي للسوق املعنية مفتوحا
دون الحاجة الى تحديد ادق، خاصة وان استنتاجات التحليل التنافؠسي
ستظل دون تغيير؛
وحيث انه حسب التحليل التنافؠسي واالقتصادي الذي قامت
به مصالح مجلس املنافسة املكلفة بالتحقيق والبحث، واستنادا الى
الوثائق التي وفرتها الجهات املبلغة، فان العملية موضوع التبليغ لن
يكون لها اي تاثير افقي سلبي على املنافسة في السوق املعنية بالعملية،
نظرا لعدم وجود اي ترابط افقي ما بين انشطة الشركات اطراف
عملية التركيز، كون الشركة املقتنية ال تنشط بصفة مباشرة او غير
مباشرة في هذه السوق، وبالتالي فانجاز هذه العملية لن يترتب عنه اي
تغيير في بنية السوق او اي تراكم لحصص السوق لالطراف املعنية
والصناعة واالعالم والترفيه؛
» Natura & Co UK Holdings Limited« :  الجهة املستهدفة-
 وهي شركة ذات املسؤولية املحدودة اسست ومسجلة في انجلترا
 5th Floor Halo,، والكائن مقرها ب11764580 وويلز تحت رقم، وهي شركة BS1 6AJ،, بريستول، اململكة املتحدةCounterslip
.عاملية لتصنيع وتوزيع منتجات التجميل والعناية الشخصية
وحيث يتبين من خالل ملف التبليغ وتصريحات االطراف املبلغة
ان عملية التركيز هذه، ستمكՔ ن الشركة املقتنية من االستفادة
من اوجه التكامل بين انشطتها وانشطة الشركة املستهدفة، بما
يتيح للمجموعة املقتنية تحقيق نمو اسرع في مجال تصنيع وتوزيع
منتجات التجميل والعناية الشخصية على الصعيد العاملي .كما تشكՔل
من شانه خلق وضع مهيمن داخلها؛
ومن ثم، فان عملية التركيز هذه ليس من شانها االخالل باملنافسة
على مستوى التاثيرات االفقية في السوق الوطنية لتوريد منتجات
التجميل والعناية الشخصية؛
الجريدة الرسمية((5 ي(ياني 5(( 115 ر جر15 - 7471 عدد
من جمادى25  صادر في2025//ق178 قرار ملجلس املنافسة عدد
« Wafa ) املتعلق ",Commercial,"Commercial=20, Pénal=4, Fiscal=2",Commercial,True,AR : texte source à réingérer (ordre des mots/paragraphes corrompu dès l'extraction PDF) — label non vérifié
427,BO_7471_Ar,2025,ar,"نوفمبر17( 1447  من جمادى االولى25
املادة االولى
كما تم تغييره وتتميمه؛20.13  من القانون رقم14
ان ملف تبليغ عملية التركيز االقتصادي املسجل ة لدى االمانة، بتاريخ 2025//ع.ت.ا152 العامة ملجلس املنافسة تحت عدد
)، يستوفي الشروط 2025  اكتوبر8( 1447  من ربيع االخر15
وبعد تاكد رئيس مجلس املنافسة من توفر النصاب القانوني
 من القانون 14 العضاء اللجنة الدائمة طبقا ملقتضيات املادة
.القانونية
املتعلق بمجلس املنافسة، كما تم تغييره وتتميمه؛20.13 رقم
وبناء على ملف تبليغ عملية التركيز االقتصادي املسجل لدى
 بتاريخ 2025//ع.ت.ا0144 االمانة العامة ملجلس املنافسة تحت عدد
« Wafa ) املتعلق بتولي شركة2025  سبتمبر30( 1447  ربيع االخر7
  املراقبة الحصرية ملجموعة من االصول والعقودAssurance SA»",Commercial,"Commercial=3, Urbain=1, Fiscal=0",Commercial,False,AR : texte source à réingérer (ordre des mots/paragraphes corrompu dès l'extraction PDF) — label non vérifié
428,BO_7471_Ar,الثانية,ar,"يرخص مجلس املنافسة لعملية التركيز االقتصادي املتعلقة بتولي
» املراقبة الحصرية لشركة Avon International Limited« شركة
».Natura & Co UK Holdings Limited«،»Allianz Maroc SA« املتعلقة بتوزيع منتجات التامين التابعة لشركة
 وكيال مستقال للتامين، 25 مكتبا للتسيير املباشر و31 املكونة من
تم التداول بشان هذا القرار من لدن فرع مجلس املنافسة خالل
»؛Allianz Maroc SA« التابعة لشركة
)،2025  نوفمبر11( 1447  من جمادى االولى19 اجتماعه املنعقد بتاريخ
 املتعلق بمجلس 20.13  من القانون رقم14 طبقا الحكام املادة
املنافسة كما تم تغييره وتتميمه، برئاسة السیدة شيماء عبو،
وعلى قرار املقرر العام ملجلس املنافسة السيد محمد هشام بوعياد
)، 2025  (فاتح اكتوبر1447  ربيع االخر8  بتاريخ0165/2025 رقم
القاعضي بتعيين السيدة اسية حدادي مقررة في املوضوع طبقا الحكام
 املتعلق بحرية االسعار واملنافسة، 104.12  من القانون رقم27 املادة
وعضویة السیدین التهامي عبد الخالق وعثمان الفردوس.
االمضاءات :
كما تم تغييره وتتميمه؛
شيماء عبو.
وبعد تبليغ السلطة الحكومية املكلفة باملنافسة بنظير من ملف
)؛2025  اكتوبر7( 1447  من ربيع االخر14 التبليغ بتاريخ
التهامي عبد الخالق.                 عثمان الفردوس.
الجريدة الرسمية113
 ((5 ي(ياني 5(( 115 ر جر15 - 7471 عدد
وحيث ان مراقبة عمليات التركيز االقتصادي من لدن مجلس
املنافسة تستوجب قبل الشروع في دراستها التحقق من توفر الشروط، كما تم 104.12  من القانون رقم12 و11 املنصوص عليها في املادتين
وبعد نشر بالغ مجلس املنافسة حول عملية التركيز االقتصادي
املذكورة باحدى الجرائد الوطنية املخول لها نشر االعالنات
 1447  من ربيع االخر16 القانونية وباملوقع االلكتروني للمجلس بتاريخ
) ايام لالغيار املعنيين 10( ) والذي منح اجل عشرة2025  اكتوبر9(
تغييره وتتميمه؛
قصد ابداء مالحظاتهم حول مشروع عملية التركيز اعاله؛
تعرف عمليات التركيز االقتصادي الخاضعة 11 وحيث ان املادة
للتبليغ الى مجلس املنافسة بغرض دراستها والترخيص لها، كما ان
 تحدد اسقف رقم املعامالت الوطني او العاملي والذي يجب 12 املادة
) من املرسوم 8( ان يفوق السقف املحدد بمقتغضى املادة الثامنة
 املشار اليه اعاله كما تم تغييره وتتميمه، او عندما 2.14.652 رقم
تنجز جميع املنشات التي تكون طرفا في عملية التركيز خالل السنة
) من البيوع او الشراءات %40( املدنية السابقة اكثر من اربعين باملائة
او املعامالت االخرى في سوق وطنية للسلع او املنتوجات او الخدمات
من نفس النوع او القابلة لالستبدال او في جزء مهم من السوق
وحيث ان املجلس لم يتوصل باي مالحظة حول عملية التركيز
االقتصادي املذكورة من الفاعلين واملتدخلين في السوق املعنية؛
من جمادى11 وبعد استكمال جميع وثائق امللف بتاريخ
)؛ 2025  نوفمبر3( 1447 االولى
وبعد تقديم املقرر العام ملجلس املنافسة السيد محمد هشام
بوعياد ومقررة املوضوع للتقرير املعد بشان عملية التركيز املذكورة،
وكذا للخالصات والتوصيات املنبثقة عنه، خالل اجتماع اللجنة
 1447  من جمادى االولى25 الدائمة ملجلس املنافسة املنعقد بتاريخ
املذكورة؛
)؛2025  نوفمبر17(
« Wafa وحيث ان العملية موضوع التبليغ تتعلق بتولي شركة
 املراقبة الحصرية ملجموعة من االصول والعقود Assurance SA»،»Allianz Maroc SA« املتعلقة بتوزيع منتجات التامين التابعة لشركة
وكذا وفقا لالتفاقين املبرمين في هذا الشان، واللذين يخوالن لها املراقبة
104.12  من القانون رقم13 وحيث انه حسب مقتضيات املادة
املذكور، فانه يمكن تبليغ عملية التركيز االقتصادي بمجرد ما يكون
الطرف او االطراف املعنية قادرة على تقديم مشروع مكتمل بما فيه
الكفاية يسمح بدراسة امللف، وال سيما حينما تكون قد ابرمت اتفاقا
مكتبا للتسيير املباشر31 الحصرية لالصول املستهدفة واملتمثلة في
»،Allianz Maroc SA«  وكيال مستقال للتامين، تابعة لشركة25 و
 من القانون 11 وبالتالي فهي تشكل تركيزا حسب مدلول املادة
مبدئيا او وقعت رسالة نوايا او بمجرد االعالن عن عرض عمومي؛
وحيث يستفاد من عناصر امللف ان عملية التركيز هذه كانت
كما تم تغييره وتتميمه؛104.12 رقم
من جهة، موضوع اتفاق اطار موقع بين اطراف العملية بتاريخ
« Wafa Assurance، ينص على شروط تولي شركة2025 فاتح اغسطس
 مكتبا للتسيير 31  املراقبة الحصرية ملجموعة من االصول مكونة منSA»
 » ومن جهة اخرى، موضوعAllianz Maroc SA« املباشر تابعا لشركة
)، موقع بين اطراف contrat d’apport d’affaires( عقد تقديم االعمال
وحيث ان هذه العملية تخضع اللزامية التبليغ، الستيفائها شرطين
 كما 104.12  من القانون رقم12 من الشروط املنصوص عليها في املادة
تم تغييره وتتميمه، وهو من جهة، كون رقم املعامالت االجمالي العاملي
دون احتساب الرسوم، ملجموع املنشات او مجموعات االشخاص
 1.2 الذاتيين او االعتباريين االطراف في عملية التركيز يفوق مبلغ
مليار درهم، عالوة على تجاوز رقم املعامالت دون احتساب الرسوم،
املنجز باملغرب بشكل منفرد من قبل واحدة على االقل من املنشات
او من لدن مجموعة من االشخاص الذاتيين او االعتباريين االطراف
 مليون درهم، ومن جهة اخرى، كون رقم 50 في عملية التركيز، مبلغ
املعامالت االجمالي دون احتساب الرسوم، املنجز باملغرب من لدن
مجموع املنشات او مجموعات االشخاص الذاتيين او االعتباريين
 مليون درهم، عالوة على 400 االطراف في عملية التركيز يفوق مبلغ
تجاوز رقم املعامالت دون احتساب الرسوم، املنجز باملغرب بشكل
منفرد من لدن اثنتين على االقل من املنشات او مجموعة االشخاص
 مليون 50 الذاتيين او االعتباريين االطراف في عملية التركيز، مبلغ
 2.14.652 ) من املرسوم رقم8( درهم كما هو محدد في املادة الثامنة، ينص على شروط تولي شركة2025 العملية بتاريخ فاتح اغسطس
» املراقبة الحصرية ملجموعة من العقود Wafa Assurance SA«
 «Allianz Maroc  وكيال مستقال للتامين تابعا لشركة25 مكونة من
من القانون13، مما يجعلها خاضعة للتبليغ طبقا للمادةSA»
  كما تم تغييره وتتميمه. تجدر االشارة الى ان عملية التركيز104.12 رقم
هذه تندرج في اطار تنفيذ التعهدات البنيوية املقدمة من طرف مجموعتي
 2025//ق04، موضوع قرار مجلس املنافسة عددAllianz  وSanlam، والتي تهدف الى وضع حد لالنشغاالت2025  يناير9 الصادر في
من ذي16  الصادر في2023//ق115 التنافسية املثارة في قراره عدد
). في هذا االطار، وضمانا لتنفيذ هذه 2023  يونيو5( 1444 الحجة
التعهدات بشكل فعال شامل ومتكامل، فقد تم تفويت هذه االصول
والعقود دفعة واحدة ولفائدة فاعل وحيد؛
كما تم تغييره وتتميمه؛
الجريدة الرسمية((5 ي(ياني 5(( 115 ر جر15 - 7471 عدد
وحيث انه بعد االطالع على وثائق امللف واعتمادا على نتائج
: وحيث ان الجهات املعنية بهذه العملية هي
التحقيق املنجز بهذا الشان، فان االسواق املعنية بهذه العملية هي :
الجهة املقتنية :
السوق البعدية للتوزيع املباشر للتامين على غير الحياة؛-
» وهي شركة مساهمة مؤسسة بموجب Wafa Assurance SA« •، شارع عبد املؤمن1 القانون املغربي، ويقع مقرها االجتماعي في
بالدار البيضاء، وهي مسجلة في السجل التجاري باملحكة التجارية
. وتنشط في قطاع 31719 االبتدائية بالدار البيضاء تحت عدد
التامين وتقدم مجموعة من منتجات التامين على الحياة وغير
السوق القبلية للتامين على ",Commercial,"Commercial=17, Civil=3, Fiscal=2",Commercial,True,AR : texte source à réingérer (ordre des mots/paragraphes corrompu dès l'extraction PDF) — label non vérifié
429,BO_7471_Ar,2025,ar,"نوفمبر17( 1447  من جمادى االولى25
) يستوفي الشروط القانونية.2025  سبتمبر30( 1447  ربيع االخر7
كما تم تغييره وتتميمه؛20.13  من القانون رقم14",Commercial,"Commercial=1, Fiscal=0, Social=0",Commercial,False,AR : texte source à réingérer (ordre des mots/paragraphes corrompu dès l'extraction PDF) — label non vérifié
430,BO_7471_Ar,الثانية,ar,"وبعد تاكد رئيس فرع مجلس املنافسة من توفر النصاب القانوني
 من النظام الداخلي ملجلس 38 العضاء الفرع طبقا ملقتضيات املادة
يرخص مجلس املنافسة بعملية التركيز االقتصادي املتعلقة
» املراقبة الحصرية ملجموعة Wafa Assurance SA« بتولي شركة
املنافسة؛
من االصول والعقود املتعلقة بتوزيع منتجات التامين التابعة لشركة
وبناء على ملف تبليغ عملية التركيز االقتصادي املسجل لدى
 بتاريخ 2025 // ع.ت.ا159 االمانة العامة ملجلس املنافسة تحت عدد
)، املتعلق بتولي شركة 2025  اكتوبر14( 1447 من ربيع االخر21
 « اململوكة لصناديق راس املال االستثماريDomain Bidco Inc.»
 » عن طريقNamecheap Inc.« » املراقبة الحصرية لشركةCVC«
«.Allianz Maroc SA»
تم التداول بشان هذا القرار من لدن اللجنة الدائمة ملجلس
1447  من جمادى االولى25 املنافسة خالل اجتماعها املنعقد بتاريخ
20.13  من القانون رقم14 )، طبقا ملقتضيات",Commercial,"Commercial=5, Civil=1, Urbain=1",Commercial,False,AR : texte source à réingérer (ordre des mots/paragraphes corrompu dès l'extraction PDF) — label non vérifié
431,BO_7471_Ar,2025,ar,"نوفمبر17(
من اسهمها وحقوق التصويت املرتبطة بها؛%60 اقتناء ما يصل الى
املتعلق بمجلس املنافسة كما تم تغييره وتتميمه، بحضور السيد احمد
وعلى قرار املقرر العام ملجلس املنافسة السيد محمد هشام بوعياد
) 2025  اكتوبر15( 1447 من ربيع االخر22  بتاريخ181/2025 رقم
القاعضي بتعيين السيدة جنات بن حيدة مقررة في املوضوع طبقا
 املتعلق بحرية االسعار 104.12  من القانون رقم27 الحكام املادة
رحو رئيسا للجلسة، والسادة عادل بوكبير، وعبد العزيز الطالبي،
وحسن ابو عبد املجيد، اعضاء.
االمضاءات :
واملنافسة، كما تم تغييره وتتميمه؛
احمد رحو.
وبعد تبليغ السلطة الحكومية املكلفة باملنافسة بنظير من ملف
)؛2025 اكتوبر20( 1447 من ربيع االخر27 التبليغ بتاريخ
عادل بوكبير.         عبد العزيز الطالبي.         حسن ابو عبد املجيد.
الجريدة الرسمية((5 ي(ياني 5(( 115 ر جر15 - 7471 عدد
« Domain وحيث ان العملية موضوع التبليغ تتعلق بتولي شركة
» CVC«  اململوكة لصناديق راس املال االستثماريBidco Inc.»
 » عبر اقتناء ما يصل الىNamecheap Inc.« املراقبة الحصرية لشركة
 من اسهمها وحقوق التصويت املرتبطة بها، وبالتالي فهي تشكل %60
  كما تم تغييره104.12  من القانون رقم11 تركيزا حسب مدلول املادة
وبعد نشر بالغ مجلس املنافسة حول مشروع التركيز االقتصادي
باحدى الجرائد الوطنية املخول لها نشر االعالنات القانونية
 1447  من ربيع االخر30 وباملوقع االلكتروني للمجلس بتاريخ
) ايام لالغيار املعنيين 10( ) والذي منح اجل عشرة2025  اكتوبر23(
قصد ابداء مالحظاتهم حول عملية التركيز اعاله؛
وحيث ان املجلس لم يتوصل باي مالحظة حول عملية التركيز
وتتميمه؛
االقتصادي املذكورة من الفاعلين واملتدخلين في االسواق املعنية؛
وحيث ان هذه العملية تخضع اللزامية التبليغ، الستيفائها شرطا
 104.12  من القانون رقم12 من الشروط املنصوص عليها في املادة
كما تم تغييره وتتميمه، وهو كون رقم املعامالت االجمالي العاملي دون
احتساب الرسوم، ملجموع املنشات او مجموعات االشخاص الذاتيين
 مليار درهم؛ 1.2 او االعتباريين االطراف في عملية التركيز يفوق مبلغ
عالوة على تجاوز رقم املعامالت دون احتساب الرسوم، املنجز
باملغرب بشكل منفرد من قبل واحدة على االقل من املنشات او من
لدن مجموعة من االشخاص الذاتيين او االعتباريين االطراف في
 مليون درهم كما هو محدد في املادة الثامنة 50 عملية التركيز، مبلغ
1447  جمادى االولى8 وبعد استكمال جميع وثائق امللف بتاريخ
)؛2025  اكتوبر31(
وبعد تقديم املقرر العام املساعد السيد عبد االاله قشاءشي
ومقررة املوضوع للتقرير املعد بشان عملية التركيز االقتصادي
املذكورة، وكذا للخالصات والتوصيات املنبثقة عنه، خالل اجتماع
)؛2025  نوفمبر17( 1447  من جمادى االولى25 الفرع املنعقد بتاريخ
104.12  من القانون رقم13 وحيث انه حسب مقتضيات املادة
كما تم تغييره وتتميمه، فانه يمكن تبليغ عملية التركيز االقتصادي
بمجرد ما يكون الطرف او االطراف املعنية قادرة على تقديم مشروع
مكتمل بما فيه الكفاية يسمح بدراسة امللف، وال سيما حينما تكون
قد ابرمت اتفاقا مبدئيا او وقعت رسالة نوايا او بمجرد االعالن عن
كما تم تغييره وتتميمه؛2.14.652 ) من املرسوم رقم8(
: وحيث ان االطراف املعنية بهذه العملية هي
عرض عمومي؛
» هي شركة مساهمة Domain Bidco Inc.« :  الجهة املقتنية-
 مؤسسة بموجب قانون والية ديالوير، الواليات املتحدة، يقع
 Suite 302, 4001 Kennett Pike County مقرها االجتماعي في
 (الواليات املتحدة of New Castle Wilmington DE 19807، وهي اداة استثمارية10312454 االمريكية)، مسجلة تحت عدد
. وتملك صناديق CVC مؤسسة، مملوكة وممولة من قبل صناديق
 حصصا في عدد من الشركات النشطة في مختلف الصناعات CVC،حول العالم، بما في ذلك في الخدمات املالية، واملواد الكيميائية
واملرافق، والصناعة التحويلية، وتجارة التجزئة والتوزيع، وذلك
في اوروبا والواليات املتحدة االمريكية ومنطقة اسيا واملحيط
وحيث يستفاد من عناصر امللف ان عملية التركيز املزمع القيام
بها كانت موضوع عقد اقتناء من قبل اطراف العملية بتاريخ
« Domain، والذي ينص على شروط تولي شركة2025  سبتمبر8
 » املراقبةCVC«  اململوكة لصناديق راس املال االستثماريBidco Inc.»
 » عن طريق اقتناء ما يصل الىNamecheap Inc.« الحصرية لشركة
من اسهمها وحقوق التصويت املرتبطة بها؛%60
وحيث ان مراقبة عمليات التركيز االقتصادي من لدن مجلس
املنافسة تستوجب قبل الشروع في دراستها التحقق من توفر الشروط
 كما تم 104.12  من القانون رقم12 و11 املنصوص عليها في املادتين
تغييره وتتميمه؛
تعرف عمليات التركيز االقتصادي الخاضعة 11 وحيث ان املادة
للتبليغ الى مجلس املنافسة بغرض دراستها والترخيص لها، كما ان
 تحدد اسقف رقم املعامالت الوطني او العاملي والذي يجب 12 املادة
) من املرسوم 8( ان يفوق االسقف املحددة بمقتغضى املادة الثامنة
 املشار اليه اعاله كما تم تغييره وتتميمه، او عندما 2.14.652 رقم
تنجز جميع املنشات التي تكون طرفا في عملية التركيز خالل السنة
 من البيوع او الشراءات او املعامالت % 40 املدنية السابقة اكثر من
االخرى في سوق وطنية للسلع او املنتوجات او الخدمات من نفس
الهادئ؛
» هي شركة مساهمة Namecheap Inc.« :  الجهة املستهدفة-
 مؤسسة بموجب قانون والية ديالوير، الواليات املتحدة، ويقع
 4600 East Washington Street, Phoenix, مقرها االجتماعي في
 (الواليات املتحدة االمريكية)، ومسجلة تحت عدد AZ 85034
  وتزاول نشاطها اساسا في تقديم خدمات تسجيل4077265
.اسماء مجاالت االنترنت
النوع او القابلة لالستبدال او في جزء مهم من السوق املذكورة؛
الجريدة الرسمية117
 ((5 ي(ياني 5(( 115 ر جر15 - 7471 عدد
كما ان انشطة الجهة املستهدفة في خدمات تسجيل اسماء
املجاالت واستضافة املواقع موجهة بشكل مباشر للعمالء النهائيين،
 اململوكة للجهة املقتنية WebPros GmbH في حين تركز انشطة شركة
على تطوير البرمجيات وحلول ادارة الخوادم ملزودي االستضافة
والبنية التحتية التقنية، مما يضمن استقاللية االنشطة االقتصادية
لكل منهما. كما ان العملية املزمع القيام بها ال تتيح اي استراتيجيات
بيع مرتبطة، وال تخلق اي تبعية تقنية او اقتصادية بين املنتجات
والخدمات. باالضافة الى ذلك، تبقى سوق خدمات تسجيل اسماء
مجاالت االنترنت مفتوحة امام املنافسة مع وجود عدد كبير من
الفاعلين العامليين، وهو ما من شانه الحيلولة دون حدوث اي تاثيرات
وحيث يتبين من خالل ملف التبليغ وتصريحات االطراف املبلغة،
ان مشروع  عملية التركيز االقتصادي يندرج ضمن استراتيجية، وتملك هذه الصناديق حصصا CVC االستثمار املتنوعة لصناديق
في عدد من الشركات النشطة في مختلف القطاعات على الصعيد
العاملي، وال سيما في مجاالت الخدمات املالية، والصناعات الكيماوية،
واملرافق العامة، والصناعة التحويلية، والتجارة والتوزيع، وذلك في
اوروبا والواليات املتحدة االمريكية ومنطقة اسيا واملحيط الهادئ.
وتهدف العملية املزمع القيام بها الى االستثمار في مجال راس املال
االستثماري ودعم انشطة الشركة املستهدفة؛
وحيث انه في اطار التحليل التنافؠسي الذي قامت به مصالح مجلس
املنافسة املكلفة بالتحقيق والبحث واستنادا الى الوثائق التي وفرها
الطرف املبلغ، تم تحديد االسواق املعنية بشقيها، سوق الخدم",Commercial,"Commercial=15, Fiscal=2, Civil=2",Commercial,True,AR : texte source à réingérer (ordre des mots/paragraphes corrompu dès l'extraction PDF) — label non vérifié
432,BO_7471_Ar,الثانية,ar,"وحيث انه من ناحية التحديد الجغرافي ونظرا لخصائص العرض
والطلب، فان تحديد السوق املعنية يكون على املستوى العاملي، غير
انه ونظرا الى طبيعة هذه العملية ولغياب اي اثر سلبي لها على املنافسة
في السوق املرجعية املعنية فان تحديد امتدادها الجغرافي يمكن ان
يرخص مجلس املنافسة بعملية التركيز االقتصادي املتعلقة بتولي
« Namecheap » املراقبة الحصرية لشركةDomain Bidco Inc.« شركة
.Inc.»
تم التداول بشان هذا القرار من لدن فرع مجلس املنافسة، خالل
يظل مفتوحا دون الحاجة الى تحديد ادق؛
)،2025  نوفمبر17( 1447  من جمادى االولى25 اجتماعه املنعقد بتاريخ
 املتعلق بمجلس 20.13  من القانون رقم14 طبقا الحكام املادة
املنافسة كما تم تغييره وتتميمه، برئاسة السيد عبد العزيز الطالبي،
وحيث ان نتائج التحليل االقتصادي والتنافؠسي الذي انجزته
مصالح مجلس املنافسة املكلفة بالتحقيق والبحث، اسفرت عن كون
العملية املزمع القيام بها لن يكون لها اي تاثير عمودي او افقي او تكتلي
سلبي على املنافسة في السوق املعنية بالعملية، نظرا لعدم وجود اي
ترابط افقي بين انشطة اطراف عملية التركيز لكونها ال تتداخل في
سوق خدمات تسجيل اسماء مجاالت االنترنت كما ان حصة الشركة
وعضوية السيدين منير مهدي والعيد محسو؟سي.
االمضاءات :
عبد العزيز الطالبي.
املستهدفة في السوق املرجعية املعنية تظل ضعيفة؛
منير مهدي.         العيد محسو؟سي.
الجريدة الرسمية((5 ي(ياني 5(( 115 ر جر15 - 7471 عدد
من جمادى25  صادر في2025//ق180 قرار ملجلس املنافسة عدد
« Tata ) املتعلق بتولي شركة2025  نوفمبر17( 1447 االولى
وبعد نشر بالغ مجلس املنافسة حول مشروع التركيز االقتصادي
باحدى الجرائد الوطنية املخول لها نشر االعالنات القانونية وباملوقع
) 2025  اكتوبر16( 1447 من ربيع االخر23 االلكتروني للمجلس بتاريخ
) ايام لالغيار املعنيين قصد ابداء 10( والذي منح اجل عشرة
«ES-  املراقبة الحصرية لشركةTechnologies Pte. Ltd.»
.Tec GmbH»
مالحظاتهم حول عملية التركيز اعاله؛،مجلس املنافسة
 املتعلق بحرية االسعار واملنافسة 104.12 بناء على القانون رقم
 1435  رمضان2  بتاريخ1.14.116 الصادر بتنفيذه الظهير الشريف رقم
من جمادى21 وبعد استكمال جميع وثائق امللف بتاريخ
)؛ 2025  نوفمبر13( 1447 االولى
وبعد تقديم املقرر العام املساعد السيد عبد االاله قشاءشي ومقررة
املوضوع للتقرير املعد بشان عملية التركيز املذكورة، وكذا الخالصات
والتوصيات املنبثقة عنه، خالل اجتماع فرع مجلس املنافسة املنعقد
)، كما تم تغييره وتتميمه؛2014  يونيو30(
املتعلق بمجلس املنافسة الصادر20.13 وعلى القانون رقم
)؛2025  نوفمبر17( 1447  من جمادى االولى25 بتاريخ
1435  رمضان2  بتاريخ1.14.117 بتنفيذه الظهير الشريف رقم
) كما تم تغييره وتتميمه؛2014  يونيو30(
104.12  من القانون رقم13 وحيث انه حسب مقتضيات املادة
كما تم تغييره وتتميمه، فانه يمكن تبليغ عملية التركيز االقتصادي
بمجرد ما يكون الطرف او االطراف املعنية قادرة على تقديم مشروع
مكتمل بما فيه الكفاية يسمح بدراسة امللف، وال سيما حينما تكون
قد ابرمت اتفاقا مبدئيا او وقعت رسالة نوايا او بمجرد االعالن عن
1436  صفر8  الصادر في2.14.652 وعلى املرسوم رقم
 املتعلق بحرية 104.12 ) بتطبيق القانون رقم2014 (فاتح ديسمبر
االسعار واملنافسة كما تم تغييره وتتميمه؛
1436  من شعبان16  الصادر في2.15.109 وعلى املرسوم رقم
 املتعلق بمجلس املنافسة، 20.13 ) بتطبيق القانون رقم2015  يونيو4(
عرض عمومي؛
وحيث يستفاد من عناصر امللف ان عملية التركيز املزمع القيام بها
كانت موضوع اتفاقية تحويل للملكية موقع بين اطراف العملية بتاريخ
« Tata، والذي ينص على شروط تولي شركة2025  سبتمبر13 و12
كما تم تغييره وتتميمه؛
من جمادى25 وعلى اجتماع فرع مجلس املنافسة املنعقد بتاريخ
 من القانون 14 ) طبقا ملقتضيات",Commercial,"Commercial=8, Civil=4, Fiscal=1",Commercial,False,AR : texte source à réingérer (ordre des mots/paragraphes corrompu dès l'extraction PDF) — label non vérifié
433,BO_7471_Ar,2025,ar,"نوفمبر17( 1447 االولى،»ES-Tec GmbH«  املراقبة الحصرية لشركةTechnologies Pte. Ltd.»
  من راسمالها وحقوق التصويت املرتبطة به%100 من خالل اقتناء
وكذا الشركات التي تمتلك فيها حصصا مسيطرة، مما يجعلها خاضعة، كما تم تغييره 104.12  من القانون رقم13 للتبليغ طبقا للمادة
كما تم تغييره وتتميمه؛20.13 رقم
وبعد تاكد رئيس فرع مجلس املنافسة من توفر النصاب القانوني
 من النظام الداخلي ملجلس 38 العضاء الفرع طبقا ملقتضيات املادة
وتتميمه؛
املنافسة؛
وحيث ان مراقبة عمليات التركيز االقتصادي من لدن مجلس
املنافسة تستوجب قبل الشروع في دراستها التحقق من توفر الشروط، كما تم 104.12  من القانون رقم12 و11 املنصوص عليها في املادتين
وبناء على ملف تبليغ عملية التركيز االقتصادي املسجل لدى
 بتاريخ 2025//ع.ت.ا153 االمانة العامة ملجلس املنافسة تحت عدد
)، املتعلق بتولي شركة 2025  اكتوبر10( 1447 من ربيع االخر17
 «ES-Tec « املراقبة الحصرية لشركةTata Technologies Pte. Ltd.»
  من راسمالها وحقوق التصويت%100، من خالل اقتناءGmbH»
تغييره وتتميمه؛
تعرف عمليات التركيز االقتصادي الخاضعة 11 وحيث ان املادة
للتبليغ الى مجلس املنافسة بغرض دراستها والترخيص لها، كما ان
 تحدد اسقف رقم املعامالت الوطني او العاملي والذي يجب 12 املادة
) من املرسوم 8( ان يفوق السقف املحددة بمقتغضى املادة الثامنة
 املشار اليه اعاله كما تم تغييره وتتميمه، او عندما 2.14.652 رقم
تنجز جميع املنشات التي تكون طرفا في عملية التركيز خالل السنة
) من البيوع او الشراءات %40( املدنية السابقة  اكثر من اربعين باملائة
او املعامالت االخرى في سوق وطنية للسلع او املنتوجات او الخدمات
من نفس النوع او القابلة لالستبدال او في جزء مهم من السوق
املرتبطة به وكذا الشركات التي تمتلك فيها حصصا مسيطرة؛
وعلى قرار املقرر العام ملجلس املنافسة السيد محمد هشام بوعياد
) 2025  اكتوبر10( 1447 من ربيع االخر17  بتاريخ175/2025 رقم
القاعضي بتعيين السيدة جيهان بنيس مقررة في املوضوع، طبقا الحكام
 املتعلق بحرية االسعار واملنافسة، 104.12  من القانون رقم27 املادة
كما تم تغييره وتتميمه؛
وبعد تبليغ السلطة الحكومية املكلفة باملنافسة بنظير من ملف
املذكورة؛
)؛ 2025  اكتوبر16( 1447 من ربيع االخر23 التبليغ بتاريخ
الجريدة الرسمية119
 ((5 ي(ياني 5(( 115 ر جر15 - 7471 عدد
موظف. 300 الصين)، والدار البيضاء (باملغرب)، ويعمل بها اكثر من
كما تشمل انشطتها التطوير املسبق، وهندسة املتطلبات واالنظمة،
وادارة واختبار املنتجات في مجال البحث والتطوير. وتقدم الشركة
باالضافة الى الخدمات الهندسية خدمات التطوير االلكترونيات
» ES-Tec GmbH« وامليكانيكي لصناعة السيارات. وتتواجد شركة
« Engineering System and في املغرب من خالل الشركة التابعة لها
» في ES-Tec GmbH«  التي تقدم خدماتها لشركةTechnologies SARL»
« Tata وحيث ان العملية موضوع التبليغ تتعلق بتولي شركة
»،ES-Tec GmbH«  املراقبة الحصرية لشركةTechnologies Pte. Ltd.»
  من راسمالها وحقوق التصويت املرتبطة به%100 من خالل اقتناء
وكذا الشركات التي تمتلك فيها حصصا مسيطرة وفق مقتضيات
االتفاق املبرم ما بين االطراف املعنية في هذا الشان، وبالتالي فهي
 كما 104.12  من القانون رقم11 تشكل تركيزا حسب مدلول املادة
تم تغييره وتتميمه؛
املانيا فقط، وليس لها عمالء اخرون وال تحقق اي مبيعات في املغرب؛
وحيث ان هذه العملية تخضع اللزامية التبليغ، الستيفائها شرطا
 104.12  من القانون رقم12 من الشروط املنصوص عليها في املادة
كما تم تغييره وتتميمه، وهو كون رقم املعامالت االجمالي العاملي دون
احتساب الرسوم، ملجموع املنشات او مجموعات االشخاص الذاتيين
 مليار درهم، 1.2 او االعتباريين االطراف في عملية التركيز يفوق مبلغ
عالوة على تجاوز رقم املعامالت دون احتساب الرسوم، املنجز
باملغرب بشكل منفرد من قبل واحدة على االقل من املنشات او من
لدن مجموعة من االشخاص الذاتيين او االعتباريين االطراف في
 مليون درهم كما هو محدد في املادة الثامنة 50 عملية التركيز، مبلغ
وحيث يستفاد من خالل ملف التبليغ وتصريحات االطراف
املبلغة، ان مشروع عملية التركيز االقتصادي موضوع التبليغ يهدف
الى استكمال انشطة البحث والتطوير الحالية للشركة املقتنية في
مجال تقنيات السيارات املستقبلية وارساء تبادل مثمر للمعرفة
والتقنيات مع الشركة املستهدفة، باالضافة الى االستفادة من عروض
هذه االخيرة في سوق خدمات هندسة السيارات؛
وحيث انه في اطار التحليل التنافؠسي الذي قامت به مصالح مجلس
املنافسة املكلفة بالتحقيق والبحث  واستنادا الى الوثائق التي وفرتها
االطراف املبلغة، فقد تم تحديد السوق املعنية بشقيها، سوق الخدمة
واالمتداد الجغرافي للعملية، وذلك تطبيقا الحكام النقطة الثالثة من
 املتعلق بملف التبليغ املبسط بعملية التركيز، املرفق 2 امللحق رقم
 املشار اليه اعاله كما تم تغييره وتتميمه، 2.14.652 باملرسوم رقم
حيث يعرف السوق املعنية بكونها السوق املناسبة املحددة حسب
نوع املنتوجات او املوقع الجغرافي، والتي يكون للعملية املبلغة اثر
كما تم تغييره وتتميمه؛2.14.652 ) من املرسوم رقم8(
: وحيث ان الجهات املعنية بهذه العملية هي
» هي شركة Tata Technologies Pte. Ltd.« :  الجهة املقتنية-
 ذات املسؤولية املحدودة متعددة الجنسيات، والكائن مقرها
 بسنغفورة، 079120،#08-01،78 Shenton Way االجتماعي ب
. وهي 198100504W واملسجلة بالسجل التجاري تحت عدد
شركة متخصصة في هندسة املنتجات وتقدم خدمات في مجاالت
الهندسة والتصميم وتدبير مراحل صالحية املنتجات والتصنيع
وتطوير املنتجات وادارة الخدمات املعلوماتية ملصنعي املعدات
االصلية في قطاعي السيارات والطيران وكذلك لشركات االالت
» في املغرب في مجال Tata Motors« الصناعية. تنشط مجموعة
املركبات التجارية من خالل موزع متخصص في بيع هذه املركبات
عليها بصفة مباشرة او غير مباشرة؛
وحيث انه بعد االطالع على وثائق امللف، واعتمادا على نتائج
التحقيق املنجز بهذا الشان، فان السوق املرجعية املعنية بهذه العملية
هي سوق خدمات هندسة السيارات؛
وحيث انه من ناحية التحديد الجغرافي ونظرا لخصائص العرض
والطلب داخل السوق املعنية بهذه العملية، فان تحديده يكون على
وقطع الغيار، وليس للشركة اي انشطة تصنيع في املغرب؛
املستوى العاملي؛
» هي شركة ذات املسؤولية ES-Tec GmbH« :  الجهة املستهدفة-
 املحدودة خاضعة للقانون االملاني، والكائن مقرها االجتماعي ب، باملانيا، واملسجلة بالسجل 3844Brandgehaege 16، Wolfsburg
 ” تحت عددBraunschweig“ التجاري للمحكمة املحلية لبرانشويج، حيث للشركة عدة شركات تابعة لها HRB 200789 Wolfsburg
وحيث ان نتائج التحليل االقتصادي والتنافؠسي الذي قامت به
مصالح مجلس املنافسة املكلفة بالتحقيق والبحث، خلصت الى ان
العملية املبلغة لن يكون لها اي تاثير افقي او عمودي او تكتلي من شانه
ان يخل باملنافسة في السوق املرجعية السالفة الذكر، نظرا لالسباب
التالية :
(فيChangchun (باملانيا)، وIngolstadt وBerlin وWolfsburg في
الجريدة الرسمية((5 ي(ياني 5(( 115 ر جر15 - 7471 عدد
من جمادى25  صادر في2025//ق181 قرار ملجلس املنافسة عدد
) املتعلق بتولي شركة 2025  نوفمبر17( 1447 االولى
» وشركة Gateway Investment Hold",Commercial,"Commercial=25, Pénal=4, Fiscal=2",Commercial,True,AR : texte source à réingérer (ordre des mots/paragraphes corrompu dès l'extraction PDF) — label non vérifié
435,BO_7471_Ar,الثانية,ar,"يرخص مجلس املنافسة لعملية التركيز االقتصادي املتعلقة بتولي
كما تم تغييره وتتميمه؛20.13 رقم
» املراقبة الحصرية لشركةTata Technologies Pte. Ltd.« شركة
».ES-Tec GmbH«
وبعد تاكد رئيس فرع مجلس املنافسة من توفر النصاب القانوني
 من النظام الداخلي ملجلس 38 العضاء الفرع طبقا ملقتضيات املادة
املنافسة؛
تم التداول بشان هذا القرار من لدن فرع مجلس املنافسة خالل
)،2025  نوفمبر17( 1447  من جمادى االولى25 اجتماعه املنعقد بتاريخ
 املتعلق بمجلس 20.13  من القانون رقم14 طبقا الحكام املادة
املنافسة كما تم تغييره وتتميمه، برئاسة السيد عبد العزيز الطالبي،
وبناء على ملف تبليغ عملية التركيز االقتصادي املسجل لدى االمانة
 ربيع 10  بتاريخ2025//ع.ت.ا149 العامة ملجلس املنافسة تحت عدد
« Gateway ) واملتعلق بتولي شركة2025  اكتوبر3( 1447 االخر
»، عبر Fipar Holding SA«  وشركةInvestment Holdings Limited»
 «Maroc Datacenter »، املراقبة املشتركة لشركة3MDC SA« شركة
« Medafrica Systems » وشركةMunisys SA«  وشركةMDC SAS»
  من راسمالها وحقوق التصويت%100، عبر اقتناءMedasys SA»
وعضوية السیدین منير مهدي والعيد محسو؟سي.
االمضاءات :
عبد العزيز الطالبي.
املرتبطة بها، عن طريق ثالث عمليات مترابطة؛
منير مهدي.         العيد محسو؟سي.
الجريدة الرسمية121
 ((5 ي(ياني 5(( 115 ر جر15 - 7471 عدد
وحيث ان مراقبة عمليات التركيز االقتصادي من لدن مجلس
املنافسة تستوجب قبل الشروع في دراستها التحقق من توفر الشروط
 كما تم 104.12  من القانون رقم12 و11 املنصوص عليها في املادتين
وعلى قرار املقرر العام ملجلس املنافسة السيد محمد هشام بوعياد
) 2025  اكتوبر6( 1447  من ربيع االخر13  بتاريخ0171/2025 رقم
والقاعضي بتعيين السيد عصام سواري مقررا في املوضوع طبقا
 املتعلق بحرية االسعار 104.12  من القانون رقم27 الحكام املادة
تغييره وتتميمه؛
واملنافسة، كما تم تغييره وتتميمه؛
تعرف عمليات التركيز االقتصادي الخاضعة 11 وحيث ان املادة
للتبليغ الى مجلس املنافسة بغرض دراستها والترخيص لها، كما ان
 تحدد اسقف رقم املعامالت الوطني او العاملي والذي يجب ان 12 املادة
) من املرسوم التطبيقي 8( يفوق السقف املحدد بمقتغضى املادة الثامنة
 املشار اليه اعاله كما تم تغييره وتتميمه، او عندما 2.14.652 رقم
تنجز جميع املنشات التي تكون طرفا في عملية التركيز خالل السنة
) من البيوع او الشراءات %40( املدنية السابقة اكثر من اربعين باملائة
او املعامالت االخرى في سوق وطنية للسلع او املنتوجات او الخدمات
من نفس النوع او القابلة لالستبدال او في جزء مهم من السوق
وبعد تبليغ السلطة الحكومية املكلفة باملنافسة بنظير من ملف
)؛2025  اكتوبر10( 1447  من ربيع االخر17 التبليغ بتاريخ
وبعد نشر بالغ مجلس املنافسة حول عملية التركيز االقتصادي
باحدى الجرائد الوطنية املخول لها نشر االعالنات القانونية
 1447  من ربيع االخر30 وباملوقع االلكتروني للمجلس بتاريخ
) ايام لالغيار املعنيين 10( ) والذي منح اجل عشرة2025  اكتوبر23(
قصد ابداء مالحظاتهم حول مشروع عملية التركيز اعاله؛
املذكورة؛
وحيث ان املجلس لم يتوصل باي مالحظة حول عملية التركيز
« Gateway وحيث ان العملية موضوع التبليغ تتعلق بتولي شركة
االقتصادي املذكورة من الفاعلين واملتدخلين في االسواق املعنية؛
»،Fipar Holding SA«  وشركةInvestment Holdings Limited»
 »، املراقبة املشتركة لكل من شركة3MDC SA« عبر شركة
» وشركة Munisys SA« « وشركةMaroc Datacenter MDC SAS»
  من راسمالها%100 «، عبر اقتناءMedafrica Systems Medasys SA»
 وحقوق التصويت املرتبطة بها، وكذا وفقا لالتفاق املبدئي االنف
« 3MDC ذكره والذي حدد اهم بنود اتفاق املساهمين الخاص بشركة
« Gateway Investment Holdings، حيث نص على تولي شركةSA»
 » املراقبة املشتركة لشركةFipar Holding SA«  وشركةLimited»
 » من خالل ضرورة املوافقة على القرارات االستراتيجية3MDC SA«
  من11 التي تهمها، وبالتالي فهي تشكل تركيزا حسب مدلول املادة
من جمادى22 وبعد استكمال جميع وثائق امللف بتاريخ
)؛2025  نوفمبر14( 1447 االولى
وبعد تقديم املقرر العام املساعد السيد عبد االاله قشاءشي ومقرر
املوضوع للتقرير املعد بشان عملية التركيز االقتصادي املذكورة، وكذا
للخالصات والتوصيات املنبثقة عنه، خالل اجتماع فرع مجلس املنافسة
)؛2025  نوفمبر17( 1447  من جمادى االولى25 املنعقد بتاريخ
104.12  من القانون رقم13 وحيث انه حسب مقتضيات املادة
كما تم تغييره وتتميمه، فانه يمكن تبليغ عملية التركيز االقتصادي
بمجرد ما يكون الطرف او االطراف املعنية قادرة على تقديم مشروع
مكتمل بما فيه الكفاية يسمح بدراسة امللف، وال سيما حينما تكون
قد ابرمت اتفاقا مبدئيا او وقعت رسالة نوايا او بمجرد االعالن عن
كما تم تغييره وتتميمه؛104.12 القانون رقم
وحيث ان هذه العملية تخضع اللزامية التبليغ، الستيفائها شرطين
 104.12  من القانون رقم12 من الشروط املنصوص عليها في املادة
كما تم تغييره وتتميمه، وهو كون رقم املعامالت االجمالي العاملي
دون احتساب الرسوم، ملجموع املنشات او مجموعات االشخاص
 1.2 الذاتيين او االعتباريين االطراف في عملية التركيز يفوق مبلغ
مليار درهم، وان يفوق رقم املعامالت دون احتساب الرسوم، املنجز
باملغرب بشكل منفرد من قبل واحدة على االقل من املنشات او من
لدن مجموعة من االشخاص الذاتيين او االعتباريين االطراف في
 مليون درهم من جهة، وكون رقم املعامالت 50 عملية التركيز، مبلغ
االجمالي، دون احتساب الرسوم، املنجز باملغرب من لدن مجموع
املنشات او مجموعات االشخاص الذاتيين او االعتباريين االطراف في
 مليون درهم، ورقم املعامالت، دون 400 عملية التركيز يفوق مبلغ
احتساب الرسوم، املنجز باملغرب بشكل منفرد من لدن اثنتين على
االقل من املنشات او مجموعة االشخاص الذاتيين او االعتباريين
عرض عمومي؛
وحيث يستفاد من عناصر امللف ان عملية التركيز املزمع
القيام بها كانت موضوع اتفاق مبدئي مبرم بين اطراف، يحدد شروط اقتناء شركة 2025  سبتمبر18 العملية بتاريخ
« Fipar « وشركةGateway Investment Holdings Limited»
 »، املراقبة املشتركة3MDC SA«، عبر شركةHolding SA»
 » وشركةMaroc Datacenter MDC SAS« لكل من شركة
»،Medafrica Systems Medasys SA« » وشركةMunisys SA«، من راسمالها وحقوق التصويت املرتبطة بها%100 عبر اقتناء
عن طريق ثالث عمليات مترابطة، مما يجعلها خاضعة للتبليغ طبقا، كما تم تغييره وتتميمه؛104.12  من القانون رقم13 للمادة
الجريدة الرسمية((5 ي(ياني 5(( 115 ر جر15 - 7471 عدد
» وهي شركة مساهمة خاضعة للقانون املغربي، Munisys SA« •، املدينة11 يقع مقرها االجتماعي بتجزئة بوسكورة، حديقة رقم
الخضراء لبوسكورة، اقليم النواصر، الدار البيضاء، ومسجلة
بالسجل التجاري باملحكمة االبتدائية التجارية بالدار البيضاء، وتنشط اساسا في مجال دمج انظمة 63779 تحت عدد
تكنولوجيا املعلومات ومواكبة زبنائها في ارساء البنية التحتية
لالنظمة واالتصاالت، وتعزيز االمن السيبراني باالضافة الى تطبيق
الحلول السحابية وحلول املحاكاة االفتراضية باالضافة الى توزيع، مليون درهم من جهة اخرى50 االطراف في عملية التركيز يفوق مبلغ
 كما تم 2.14.652 ) من املرسوم رقم8( كما هو محدد في املادة الثام",Commercial,"Commercial=31, Fiscal=2, Civil=2",Commercial,True,AR : texte source à réingérer (ordre des mots/paragraphes corrompu dès l'extraction PDF) — label non vérifié
436,BO_7471_Ar,الثانية,ar,"اوال، لعدم وجود ترابط افقي بين انشطة اطراف العملية على -
 مستوى سوق خدمات مراكز البيانات وسوق خدمات تطوير
يرخص مجلس املنافسة بعملية التركيز االقتصادي املتعلقة بتولي
« Fipar » وشركةGateway Investment Holdings Limited« شركة
»، املراقبة املشتركة لكل من 3MDC SA«، عبر شركةHolding SA»
 »Munisys SA« » وشركةMaroc Datacenter MDC SAS« شركة
وادماج البرمجيات املحلية؛
ثانيا، بالرغم من وجود ترابط افقي بين انشطة اطراف العملية -
 على مستوى سوق توزيع املعدات املعلوماتية بالتجزئة، فان
السوق املعنية لن تعرف تغييرا مهما بعد اتمام العملية نظرا لكون
حصص السوق التراكمية التي ستمتلكها اطراف العملية تبقى جد
».Medafrica Systems Medasys SA« وشركة
تم التداول بشان هذا القرار من لدن فرع مجلس املنافسة خالل
)،2025  نوفمبر17( 1447  من جمادى االولى25 اجتماعه املنعقد بتاريخ
 املتعلق بمجلس 20.13  من القانون رقم14 طبقا الحكام املادة
املنافسة كما تم تغييره وتتميمه، برئاسة السيد عبد العزيز الطالبي،
باملائة داخلها؛5 و0 متواضعة وتتراوح ما بين
ثالثا، لعدم وجود اي ترابط عمودي بين انشطة اطراف عملية -
 التركيز من شانه ان يؤثر سلبا على املنافسة عبر احداث وضع
مهيمن او تعزيزه داخل االسواق املذكورة، او اثار مرتبطة
باحتمالية منع او تقييد ولوج منافسيهم وزبنائهم، كليا او جزئيا
وعضوية السيدين منير مهدي والعيد محسو؟سي.
االمضاءات :
عبد العزيز الطالبي.
على مستوى االسواق القبلية والبعدية؛
منير مهدي.          العيد محسو؟سي.
124 الجريدة الرسمية عدد 7471 - 15 رجب 1447 (5 يناير 2026(
اععلانات وبالاغات
اعلان
للمستوردين والمصدرين
تعديل لائحة المعشرين المقبولين في الجمرك تبعا لاجتماع
‎.1‏ الحالات التاديبية:
سو امدكة ‏ | الشخصالمؤفل
السحب المؤقت لمدة 6 اشهر لرخصة
ابيه البرهوى | التعشير ورخصة التاهيل ابتداءا من ,
‎ue x SBAI AFRICA TRANS‏ 06 تاريخ التوقيف المؤقت
وفرض غرامة مالية قدرها 100.000 درهم
عاتق الشركة.
السحب المؤقت لمدة 4 اشهر لرخصة
التعشير ورخصة التاهيل ابتداءا من
5 5 تاربخ التوقيف المؤقت
‎ONEZEMAI TRANSIT‏ حنان مساوي | وفرض غرامة ‎Fit‏ رها 100.000 درهم
على عاتق الشركة.
‎COMPTOIR‏
‎à D'A‏ ;
0 نورالدين شهي: فرض غرامة ‎Fr‏ قدرها 30.000 درهم
‎INTERNATIONAL ET DE‏ على عاتق الشركة.
‎TRANSIT‏
‏السحب المؤقت لمدة 6 اشهر لرخصة
التعشير ورخصة التاهيل وفرض غرامة مالية
‎AMSAFED TRANSIT 1793‏ احمد الطهري قدرها 50.000 درهم على عاتق الشركة.
‎TRANSIT LOGISTIQUE‏ فرض غرامة مالية قدرها 40.000 درهم
‎LAKSSIR‏ العربي لكصيد | على عاتق الشركة.
, - فرض غرامة مالية قدرها 30.000 درهم
‎GDANA TRANSIT 1077‏ بوشعيب متوكل | عل عاتق الشركة.
‎à‏ غرامة مالية قدرها 000
‎1‏ ب المؤقت لمدة ‎à‏ لرخصة .
‎ASYAMED LOGISTICS‏ سعد التعشير ورخصة التاهيل وفرض غرامة مالية
حجوبي قدرها 100.000 درهم على عاتق الشركة.
تق الشركة.
‎NAVIGATION (SCTN‏
عدد 7471 - 15 رجب 1447 (5 يناير 2026) الجريدة الرسمية 125
||. منح رخص التعشير لشركات جديدة تقترح قبول اشخاص مؤهلين لتقديم تصربحات لحسابها:
الشخص المؤهل اسم الشركة
‎LOGISTICS AND CUSTOMS COMPANY SARLAU | <<< gala] 1863 |‏
‎RT- .‏
‎AGENCE GLOBALE DE TRANSIT ET TRANSPO 1864‏
‎RMAT TRANS [gén] 1865 |‏
1866 المهدي عامر ‎CENTRAMEX‏
‏ااا. منح رخص التاهيل لاشخاص مؤهلين لتقديم تصربحات لحساب شركات تتوفر على رخصة التعشير:
الشخص المؤهل اسم الشركة
‎STE MARITIME ET DE TRANSIT DU SOUSS- Ut‏
| 1739 اايوب يعقوبي ‎R M A T TRANSPORT AU‏
‎IV‏ سحب رخص التاهيل نتيجة المنح المذكور في || ‎Hg‏ :
© سحب رخص التاهيل لاشخاص مؤهلين:
رخصة التاهيل الشخص المؤهل اسم الشركة
‎LIS TRANSIT 1637‏
‎ANAS TRANSPORTS 1617‏
‎PSPEDIMEX À gas ou] 1253 |‏
‎TRASMAR BAHIA [D hum] 1835‏
113 ايوب يعقوبي ‎WADRA TRANS‏
‎AQUA CARGO TT gi] 1503‏
‎V‏ سحب رخصة التاهيل ‎à‏ لشخص نتيجة الوفاة:
رخصة التاهيل الشخص المؤهل اسم الشركة",Commercial,"Commercial=18, Pénal=8, Social=3",Commercial,False,AR : texte source à réingérer (ordre des mots/paragraphes corrompu dès l'extraction PDF) — label non vérifié
437,BO_7496_Fr,PREMIER,fr,"Les prix des médicaments princeps objet des demandes visées ci-dessus sont fixés
à l'annexe n° 1 jointe au présent arrêté.
Sont homologués les prix des médicaments génériques et bio-similaires, objet des demandes visées
ci-dessus, figurant à l'annexe n° 2 jointe au présent arrêté.
Les prix des médicaments figurant à l'annexe de l'arrêté visé ci-dessus n° 787-14, tel qu'il a été modifié et
complété par les arrêtés subséquents, sont révisés à la baisse, tel qu'indiqué à l'annexe n° 3 au présent arrêté.",Environnement,"Environnement=1, Fiscal=0, Social=0",Commercial,False,
438,BO_7496_Fr,2,fr,"Le présent arrêté sera publié au Bulletin officiel.
Rabat, le 6 ramadan 1447 (24 février 2026).
AMINE TEHRAOUI.
*
*     *
*     *     *
740 BULLETIN OFFICIEL N° 7496 - 14 chaoual 1447 (2-4-2026)
0 Annexe 2
2 4e Prix Public de Prix Hôpital en
Nom du Médicament Vente en Dirham Dirham
‏السعر الخاص سعر البيع للعموم‎
بالمستشفى بالدرهم بالشر هم اسم الدواء
‎ACITRETINE IFC 10 MG GELULE BOITE DE 0 [sm] mal‏
‎ACITRETINE FC 10 MG GELULE BOITE DE 30 ET 57,00‏
‎ACITRETINE IFC 25 MG GELULE BOITE DE 10 um) me‏
‎ACITRETINE IFC 25 MG GELULE BOITE DE 30 om we)‏
‎AZALID 25 MG/ML (150 MG/FLACON) POUDRE POUR SUSPENSION INJECTABLE 1 FLACON 2 829,00 RE‏
‎AZALID 25 MG/ML (150 MG/FLACON) POUDRE POUR SUSPENSION INJECTABLE 10 FLACONS 19 837,00 19 456,00‏
‎BLEOSOL 15 UNITES POUDRE POUR SOLUTION POUR INJECTION FLACON DE 5 ML 279,00 185,80‏
‎CAFONATE 10 MG/ML SOLUTION POUR INJECTION OÙ POUR PERFUSION BOITE D'UN FLACON DE 5 84,80 sw‏
‎ML‏
‎EVERONAT 5 MG COMPRIME BOITE DE 28 11 328,00 11 114,00‏
‎FER ISIO 100MG/5ML SOLUTION INJECTABLE BOITE DE 10 AMPOULES DE 5 ML EURE‏
‎FER ISIO 100MG/5ML SOLUTION INJECTABLE BOITE DE 5 AMPOULES DE 5 ML 228,00 05559‏
‎HEPARINE ERGO 25000U1/5ML SOLUTION INJECTABLE PAR VOIE INTRAVEINEUSE BOITE DE 0 650.00‏
‎AMPOULES‏
‎ISPERID COOPER 1MG/ML SOLUTION BUVABLE FLACON DE 60 ML 09 100,70‏
‎LENALIDOMIDE GYNEBIOPHARMA 10 MG COMPRIME PELLICULE BOITE DE 21 16 214,00 15 904,00‏
‎LENALIDOMIDE GYNEBIOPHARMA 15 MG COMPRIME PELLICULE BOITE DE 21 17 056,00 16 730,00‏
‎LENALIDOMIDE GYNEBIOPHARMA 25 MG COMPRIME PELLICULE BOITE DE 21 18 725,00 18 365,00‏
‎NEPHLOZIN 10 MG COMPRIME PELLICULE BOITE DE 30 269,00 178,80‏
‎NEPHLOZIN 25 MG COMPRIME PELLICULE BOITE DE 30 269,00 178,80‏
‎sx)‏ اسم 00 ‎OLOHISTINE 1 MG/ML COLLYRE EN SOLUTION BOITE D'UN FLACON DE 5 ML‏
‎PROPOFOL GENERATION SANTE 10 MG/ML (200MG/20ML) EMULSION INJECTABLE EN IV BOITE DE 1500‏
‎AMPOULES DE 20 ML‏ 5
‎TAMUZ OCAS 0,4 MG COMPRIME PELLICULE À LIBERATION PROLONGEE BOITE DE 10 mn] su»)‏
‎VANKOPOL 500 MG POUDRE LYOPHILISE POUR SOLUTION POUR PERFUSION IV ET USAGE ORAL 1‏
‎FLACON 177,60‏
Arrêté de la ministre de l'économie et des finances n° 627-26
Annexe n° 1
du 7 chaoual 1447 (26 mars 2026) modifiant et
complétant l'arrêté du  ministre délégué auprès du Chef
du gouvernement, chargé des affaires générales et de la
gouvernance n° 771-13 du 18 rabii II 1434 (1er mars 2013)
relatif à l'homologation des prix de vente au public des
tabacs manufacturés.
Liste des produits de tabac manufacturé
dont la dénomination homologué est changée
DÉNOMINATION ACTUELLE
NOUVELLE DÉNOMINATION
Cigarettes blondes
MARLBORO TOUCH BLUE
MARLBORO TOUCH PLUS
LA MINISTRE DE L'ÉCONOMIE ET DES FINANCES,
*     *      *
Vu le décret n° 2-03-199 du 20 rabii I 1424 (22 mai 2003)
pris pour l'application de la loi n° 46-02 relative au régime des
tabacs bruts et des tabacs manufacturés, tel qu'il a été modifié
et complété par le décret n° 2-17-642 ;
Annexe n°2
Liste des produits de tabac manufacturé ajoutés à la liste
des prix de vente au public des produits de tabac manufacturé
Vu le décret n° 2-21-829 du 14 rabii I 1443 (21 octobre
2021) relatif aux attributions de la ministre de l'économie et
des finances ;
LIBELLE
PRIX
EN DHS
Vu l'arrêté du ministre délégué auprès du Chef
du gouvernement, chargé des affaires générales et de la
gouvernance n° 771-13 du 18 rabii II 1434 (1er mars 2013)
relatif à l'homologation des prix de vente au public des tabacs
manufacturés, tel qu'il a été modifié et complété ;
Cigarette blondes
MANCHESTER FF RED
MANCHESTER KS LIGHT
Tabac chauffé
Après avis de la commission chargée de l'homologation
des prix des produits de tabac manufacturé,
Blends Red Classics (3,3 grs) en 20 unités
Blends Amber Classics  (3,3 grs) en 20 unités
ARRÊTE :
Blends Silver Classics  (3,3 grs) en 20 unités",Commercial,"Commercial=4, Social=2, Environnement=2",Commercial,False,
439,BO_7496_Fr,PREMIER,fr,"A compter du 1er avril 2026 :
Blends Gold Classics  (3,3 grs) en 20 unités
Blends Beige Classics  (3,3 grs) en 20 unités
• les dénominations des produits de tabac manufacturé
figurant au tableau annexé à l'arrêté susvisé 771-13
du 18 rabii II 1434 (1er mars 2013) sont modifiées
conformément à l'annexe n° 1 jointe au présent arrêté ;
Blends Green Classics  (3,3 grs) en 20 unités
Blends Purple Mix  (3,3 grs) en 20 unités
Blends Summer Mix  (3,3 grs) en 20 unités
• les produits de tabac manufacturé figurant dans l'annexe
n° 2 jointe au présent arrêté sont ajoutés à la liste des
produits de tabac manufacturé dont les prix de vente
au public sont homologués, annexée à l'arrêté précité
n° 771-13 ;
Cigares par boite
Davidoff Yot Horse 2026 Ce 10's
Davidoff WsC LH Beli Ce EUN 4's
Davidoff puro Dom Cor Larg Ce 12's
• les nouveaux prix de vente au public des produits de
tabac manufacturé, figurant dans l'annexe n° 3 jointe
au présent arrêté, sont homologués conformément à
ladite annexe ;
Davidoff puro Dom sh Rob Ce 12's
Davidoff puro Dom sh Rob TC BU Ce 25's
Davidoff puro Dom Perf Ce 12's
Davidoff puro Dom Perf TC BU Ce 25's
•  les produits de tabac manufacturé figurant dans
l'annexe 4 jointe au présent arrêté sont supprimés de
la liste des produits de tabac manufacturé dont les prix
de vente au public sont homologués visée ci-dessus.
Camacho Nicaragua Toro Ce 20's
Camacho Broadleaf Robusto Ce 20's
Camacho Broadleaf Gordo Ce 20's
Camacho Broadleaf Toro Ce 20's",Commercial,"Commercial=3, Environnement=2, Fiscal=0",Commercial,False,
440,BO_7496_Fr,2,fr,"Le présent arrêté sera publié au Bulletin officiel.
Tabac à rouler par sachet
Rabat, le 7 chaoual 1447 (26 mars 2026).
Pueblo Classic (30 grs)
NADIA FETTAH.
Pueblo Blue  (30 grs)
*
*     *      *
*
*
Annexe n°3
Jose L. Piedra Cazadores
Liste des nouveaux prix de vente au public
Jose L. Piedra Conservas
des produits de tabac manufacturé
Montecristo Eagle
LIBELLE
PRIX
EN DHS
Montecristo Eagle AT
Montecristo Edmundo
Cigarettes brunes
Montecristo Edmundo AT
Casa
31,5
Montecristo Especial No. 1
Montecristo Especial No. 2
Cigarettes blondes
Montecristo Joyitas
Marquise Classic
Montecristo Master
Marvel
31,5
Montecristo Master AT
Gauloises Classic
Montecristo No 1
Gauloises Filters
Montecristo No. 2
Gauloises Lights
Montecristo No. 3
Camel Activate
Montecristo No. 4
Camel Double Activate
Montecristo No. 5
Cigares par unité
Montecristo Petit Edmundo
Montecristo Petit Edmundo AT
Cuaba Divinos
Montecristo Petit Tubos
Cuaba Exclusivos
Montecristo Regata
Cuaba Salomon
Montecristo Regata AT
Cuaba Tradicionales
Montecristo Double Edmundo
H.Upmann Half Corona
Montecristo Petit No. 2
H.Upmann Upmann No. 2
Montecristo Media corona
H.Upmann Epicures
Montecristo Leyenda
H.Upmann Magnum 46
Montecristo Supremos
H.Upmann Magnum 46 AT
Partagas 8-9-8 Varnished
H.Upmann Magnum 50
Partagas Coronas Senior AT
H.Upmann Petit Coronas
Partagas De Luxe AT
H.Upmann Sir Winston
Partagas Lusitanias
H.Upmann Magnum 54
Partagas Salomones LCDH
Hoyo de Monterrey Churchills
Partagas Serie D No. 6
Hoyo de Monterrey Coronas
Partagas Serie D No. 5
Hoyo de Monterrey Double Coronas
Partagas Serie D No. 4
Hoyo de Monterrey Epicure Especial
Partagas Serie D No. 4 AT
Hoyo de Monterrey Epicure No. 1
Partagas Serie E No. 2
Hoyo de Monterrey Epicure No. 2
Partagas Serie P No. 2
Hoyo de Monterrey Epicure No. 2 AT
Partagas Serie P No. 2 AT
Hoyo de Monterrey Petit Robusto
Partagas Super Partagas
Hoyo de Monterrey Epicure De Luxe (CDH)
Partagas Maduro No. 1
Hoyo de Monterrey Le Hoyo de San Juan
Partagas Petit Coronas Especiales
Hoyo de Monterrey Le Hoyo de Rio Seco
Partagas Presidentes
Jose L. Piedra Brevas
Partagas Milles Fleurs
Cigares par boite
Quai d'Orsay No.54
Davidoff Escurio Corona Gorda Cello 12's
Quintero Favoritos
Davidoff Escurio Gran Perfecto Cello 12's
Quintero Petit Quinteros
Davidoff Escurio Gran Toro Cello 12's
Quintero Brevas
Davidoff Escurio Petit Robusto Cello 14's
Quintero Londres Extra
Davidoff Escurio Primeros Cello 6's
Quintero Nationales
Davidoff Escurio Robusto Tubos 12's
Quintero Panetelas
Davidoff Nicaragua Diadema Ce EUN 4'S
Quintero Puritos
Davidoff Robusto Collection Ce 5'S
Quintero favoritos AT
Davidoff Royal Release Robusto Ce 10'S
15000
Romeo y Julieta Churchills
Davidoff WSC Churchill Cello 20'S (20 cigares)
Romeo y Julieta Churchills AT
Davidoff WSC Churchill Cello 4'S (4 cigares)
Romeo y Julieta Coronas
Davidoff WSC Late Hour Churchill Ce 20'S
Romeo y Julieta Coronitas en cedro
Davidoff WSC Late Hour Churchill Ce EUN 4'S
Romeo y Julieta Exhibicion No. 3
Davidoff WSC Late Hour Robusto Ce 20'S
Romeo y Julieta Exhibicion No. 4
Davidoff WSC Late Hour Robusto Ce EUN 4'S
Romeo y Julieta Romeo No. 1 AT
Davidoff WSC Late Hour Toro Ce EUN 20'S
Romeo y Julieta Romeo No. 2 AT
Davidoff WSC Late Hour Toro Ce EUN 4'S
Romeo y Julieta Romeo No. 3 AT
Davidoff WSC Petit Corona Cello 20'S (20 cigares)
Romeo y Julieta Short Churchill
Davidoff WSC Petit Corona Cello 5'S (5 cigares)
Romeo y Julieta Short Churchill AT
Davidoff WSC Robusto Cello 20'S (20 cigares)
Romeo y Julieta Wide Chuchills AT
Davidoff WSC Robusto Cello 4'S (4 cigares)
Romeo y Julieta Wide Churchills
Davidoff WSC Toro Cello 20'S (20 cigares)
Romeo Y Julieta Petit Churchills
Davidoff WSC Toro Cello 4'S (4 cigares)
Trinidad Robusto T
Davidoff Yamasa Pet Churchill EUN Ce 14'S
Trinidad Robusto T AT
Davidoff Yamasa Pet Churchill EUN Ce 4'S
Vega Fina Nicaragua Robusto
Davidoff Yamasa Piramides EUN Ce 12'S
Vega Fina Classic Robusto
Davidoff Yamasa Piramides EUN Ce 4'S
Vega Robaina Clasicos
Davidoff Yamasa Robusto EUN Ce 12'S
Vega Robaina Don Alejandro
Davidoff Yamasa Robusto EUN Ce 4'S
Vega Robaina Famosos
Davidoff Yamasa Toro EUN Ce 12'S
Vega Robaina Unicos
Davidoff Yamasa Toro EUN Ce 4'S
Olivia Serie V DBL ROBUSTO 5X54
Cigarillos par paquet
Olivia Serie O ROBUSTO 5X50
Davidoff Club Cigarillos Tin EUN (5x) 10'S
Flor De Olivia TORPEDO 6 1/2x52
Davidoff Escurio Mini Cigarillos  20's
Davidoff Short Perfecto Cello 4's
Cafe Crème
Davidoff  Aniversario N° 3 Tubos 3's
Cafe Crème Blue 10
Davidoff Nicaragua Robusto Tubos 4's
Cafe Crème Arome 10
Davidoff Nicaragua Short Corona Cello 5's
Cafe Crème Vanilla Filter 10
Davidoff Nicaragua Toro Cello 4's
Café Crème Finos Filter Swirl Vanilla 10 SS
Davidoff Exquisitos Export 10's
Panter Mignon 10
Primeros by Dadidoff Nicaragua Cello 6's
Décision du directeur de l'Institut marocain de normalisation
Mehari's Java'10
n° 304-26 du 17 chaabane 1447 (6 février 2026) portant
homologation de normes marocaines.
Mehari's Ecuador 10
Mehari's Red Orient 10
Mehari's Filter Red Orient 10
LE DIRECTEUR DE L'INSTITUT MAROCAIN DE
Panter Cigarillos 10
NORMALISATION,
Panter Desert Filter 20 SS MA
Vu la loi n°  12-06 relative à la normalisation, à la
certification et à l'accréditation, promulguée par le dahir
n° 1-10-15 du 26 safar 1431 (11 février 2010), notamment ses
articles 11, 15 et 32 ;
Panter Red Filter 20 SS MA
*     *      *
Annexe n°4
Vu la résolution du Conseil d'administration de
l'Institut marocain de normalisation (IMANOR) n° 10, tenu
le 19 safar 1435 (23 décembre 2013), qui a délégué au directeur
de l'IMANOR le pouvoir de prononcer l'homologation des
normes marocaines et la certification de la conformité auxdites
normes,
Liste des produits de tabac manufacturé supprimés
de la liste des prix de vente au public
des produits de tabac manufacturé
LIBELLE
PRIX
EN DHS
DÉCIDE :",Commercial,"Commercial=2, Administratif=1, Environnement=1",Commercial,False,
441,BO_7496_Fr,PREMIER,fr,"Est homologuée comme norme
marocaine, la norme suivante : NM EN 16325 : 2026 : Garanties
d'origine liées à l'énergie - Garanties d'origine de l'électricité,
des hydrocarbures gazeux, de l'hydrogène, du chauffage et du
refroidissement. (IC 14.5.216).
Cigarettes par paquet
Marquise Box FF
Marquise Gold Medium
Marquise Lights",Environnement,"Environnement=1, Fiscal=0, Social=0",Environnement,False,
442,BO_7496_Fr,2,fr,"La norme visée à l'article premier ci-dessus,
est tenue à la disposition des intéressés à l'Institut marocain
de normalisation (IMANOR).
Tabac chauffé
Heets Russet Selection (6,1 grs) en 20 unités
Heets Amber Selection (6,1 grs) en 20 unités
Heets Turquoise selection (6,1 grs) en 20 unités
Heets Purple wave (6,1 grs) en 20 unités
TEREA KONA (6,1 grs) en 20 unités",Indéterminé,"Fiscal=0, Social=0, Administratif=0",Environnement,False,
443,BO_7496_Fr,3,fr,"La présente décision sera publiée au Bulletin
officiel.
Rabat, le 17 chaabane 1447 (6 février 2026).
ABDERRAHIM TAIBI.
Le texte en langue arabe a été publié dans l'édition générale du
Le texte en langue arabe a été publié dans l'édition générale du
« Bulletin officiel » n° 7495 du 11 chaoual 1447 (30 mars 2026).
« Bulletin officiel » n° 7495 du 11 chaoual 1447 (30 mars 2026).
TEXTES PARTICULIERS
Décret n° 2-26-143 du 16 ramadan 1447 (6 mars 2026) approuvant
Décret n° 2-26-139 du 5 chaoual 1447 (24 mars 2026) portant
la concession de l'aménagement et de la gestion de la zone
d'accélération industrielle Skhirate à la société « Rabat
Région Emergence ».
renouvellement de la licence attribuée à la société
« Cimecom S.A » pour l'établissement et l'exploitation
d'un réseau public de télécommunications par satellites
de type VSAT.
LE CHEF  DU GOUVERNEMENT,
Vu la loi n° 19-94 relative aux zones d'accélération
industrielle, promulguée par le dahir n° 1-95-1 du 24 chaabane
1415 (26 janvier 1995), telle que modifiée, notamment son
article 7 ;
LE CHEF DU GOUVERNEMENT,
Vu la loi n°  24-96 relative à la poste et aux
télécommunications, promulguée par le dahir n° 1-97-162
du 2 rabii II 1418 (7 août 1997), telle qu'elle a été modifiée et
Vu le décret n° 2-95-562 du 19 rejeb 1416 (12 décembre 1995)
pris pour l'application de la loi n° 19-94 relative aux zones
d'accélération industrielle, notamment son article 5 ;
complétée ;
Vu le décret n° 2-97-813 du 27 chaoual 1418 (25 février 1998)
portant application des dispositions de la loi n° 24-96 relative
Vu le décret n° 2-25-800 du 6 joumada I 1447 (29 octobre
2025) portant création de la Zone d'accélération industrielle
Skhirate ;
à la poste et aux télécommunications, en ce qui concerne
l'Agence nationale de réglementation des télécommunications ;
Sur proposition de la commission nationale des zones
d'accélération industrielle,
Vu le décret n° 2-00-810 du 6 kaada 1421 (31 janvier 2001)
portant attribution de la licence d'établissement et
d'exploitation d'un réseau public de télécommunications par
DÉCRÈTE :
satellites de type VSAT à la société « Argos S.A », tel qu'il a",Commercial,"Commercial=3, Environnement=2, Urbain=1",Indéterminé,False,
444,BO_7496_Fr,PREMIER,fr,"Est approuvée la concession de
l'aménagement et de la gestion de la zone d'accélération
industrielle Skhirate à la société « Rabat Région Emergence »
conformément aux clauses du cahier des charges annexé à
l'original du présent décret.
été modifié et complété ;
Vu le décret n°  2-01-2076 du 13 chaabane 1422
(30 octobre 2001) portant cession de la licence d'établissement
et d'exploitation d'un réseau public de télécommunications par
satellites de type VSAT attribuée à la société « ARGOS S.A »,",Commercial,"Commercial=2, Environnement=1, Urbain=1",Commercial,False,
445,BO_7496_Fr,2,fr,"La ministre de l'économie et des finances et le
ministre de l'industrie et du commerce sont chargés, chacun
en ce qui le concerne, de l'exécution du présent décret qui sera
publié au Bulletin officiel.
en faveur de la société « Cimecom S.A » ;
Vu le décret n° 2-24-995 du 24 rabii II 1446 (28 octobre
2024) portant délégation d'attributions et de pouvoirs à la
Fait à Rabat, le 16 ramadan 1447 (6 mars 2026).
ministre déléguée auprès du Chef du gouvernement, chargée
AZIZ AKHANNOUCH.
de la transition numérique et de la réforme de l'administration  ;
Pour contreseing :
Vu l'avis de l'Agence nationale de réglementation des
La ministre de l'économie
télécommunications ;
et des finances,
Après examen par le Conseil du gouvernement, réuni le
NADIA FETTAH.
15 ramadan 1447 (5 mars 2026),
Le ministre de l'industrie
DÉCRÈTE :
et du commerce,",Commercial,"Commercial=3, Administratif=1, Fiscal=0",Commercial,False,
446,BO_7496_Fr,PREMIER,fr,"La licence attribuée à la société
RYAD MEZZOUR.
« Cimecom S.A », en vertu du décret n° 2-00-810 du 6 kaada
1421 (31 janvier 2001) susvisé, est renouvelée pour une période
Le texte en langue arabe a été publié dans l'édition générale du
supplémentaire de cinq (5) ans à compter du 15 février 2026.
« Bulletin officiel » n° 7489 du 19 ramadan 1447 (9 mars 2026).",Commercial,"Commercial=1, Environnement=1, Fiscal=0",Télécommunications,False,
447,BO_7496_Fr,2,fr,"La ministre de l'économie et des finances, la
ministre déléguée auprès du Chef du gouvernement, chargée
de la transition numérique et de la réforme de l'administration
et le Directeur de l'Agence nationale de réglementation
des télécommunications sont chargés, chacun en ce qui le
concerne, de l'exécution du présent décret qui sera publié au
Bulletin officiel.",Administratif,"Administratif=1, Fiscal=0, Social=0",Télécommunications,False,
448,BO_7496_Fr,2,fr,"La ministre de l'économie et des finances et
la ministre de la transition énergétique et du développement
durable sont chargées, chacune en ce qui la concerne, de
l'exécution du présent décret qui sera publié au Bulletin officiel.
Fait à Rabat, le 5 chaoual 1447 (24 mars 2026).
AZIZ AKHANNOUCH.
Pour contreseing :
Fait à Rabat, le 5 chaoual 1447 (24 mars 2026).
La ministre de l'économie
AZIZ AKHANNOUCH.
et des finances,
Pour contreseing :
NADIA FETTAH.
La ministre de l'économie
La ministre
de la transition énergétique
et du développement durable,
et des finances,
NADIA FETTAH.
La ministre déléguée auprès
du Chef du gouvernement, chargée
LEILA BENALI.
de la transition numérique
et de la réforme de l'administration,
Arrêté du ministre de l'enseignement supérieur, de la recherche
scientifique et de l'innovation n° 351-26 du 23 chaabane 1447
(12 février 2026) complétant l'arrêté n°  2797-95 du
20 joumada II 1416 (14 novembre 1995) fixant la liste des
diplômes reconnus équivalents au diplôme d'architecte de
l'Ecole nationale d'architecture.
AMAL EL FALLAH.
Décret n° 2-26-183 du 5 chaoual 1447 (24 mars 2026)
reconduisant l'octroi de la garantie de l'Etat au Centre
national de l'énergie, des sciences et des techniques
nucléaires (CNESTEN).
LE MINISTRE DE L'ENSEIGNEMENT SUPÉRIEUR, DE LA
RECHERCHE SCIENTIFIQUE ET DE L'INNOVATION,
LE CHEF DU GOUVERNEMENT,
Vu l'arrêté du ministre de l'enseignement supérieur,
de la formation des cadres et de la recherche scientifique
n° 2797-95 du 20 joumada II 1416 (14 novembre 1995) fixant la
liste des diplômes reconnus équivalents au diplôme d'architecte
de l'Ecole nationale d'architecture, tel qu'il a été complété ;
Vu la loi n° 12-02 relative à la responsabilité civile en
matière de dommages nucléaires, promulguée par le dahir
n° 1-04-278 du 25 kaada 1425 (7 janvier 2005), notamment ses
articles 22 et 24 ;
Vu le décret n° 2-24-991 du 24 rabii II 1446 (28 octobre 2024)
relatif aux attributions du ministre de l'enseignement supérieur,
de la recherche scientifique et de l'innovation ;
Vu le décret n° 2-05-1560 du 22 rabii I 1427 (21 avril 2006)
pris pour l'application de la loi n° 12-02 relative à la
responsabilité civile en matière de dommages nucléaires,
notamment son article 4 ;
Sur proposition de la ministre de l'aménagement
du territoire national, de l'urbanisme, de l'habitat et de la
politique de la ville ;
Vu le décret n° 2-25-341 du 1er kaada 1446 (29 avril
2025) reconduisant l'octroi de la garantie de l'Etat au Centre
national de l'énergie, des sciences et des techniques nucléaires
(CNESTEN), pour l'année 2025 ;
Après avis du conseil national de l'Ordre national des
architectes ;
Après avis de la commission sectorielle des sciences,
techniques, ingénierie et architecture du 20 novembre 2025,
Sur proposition de la ministre de la transition énergétique
et du développement durable et de la ministre de l'économie
et des finances,
ARRÊTE :",Environnement,"Environnement=8, Urbain=6, Administratif=1",Environnement,False,
449,BO_7496_Fr,PREMIER,fr,"L'article premier de l'arrêté susvisé
n° 2797-95 du 20 joumada II 1416 (14 novembre 1995), est
complété comme suit :
DÉCRÈTE :",Indéterminé,"Fiscal=0, Social=0, Administratif=0",Environnement,False,
450,BO_7496_Fr,PREMIER,fr,"L'Etat reconduit l'octroi de la
garantie consentie en vertu du décret susvisé n° 2-05-1560 du
22 rabii I 1427 (21 avril 2006) au Centre national de l'énergie,
des sciences et des techniques nucléaires pour la couverture
de sa responsabilité civile à concurrence du montant de cinq
millions de DTS, prévu à l'article 22 de la loi précitée n° 12-02.
«",Environnement,"Environnement=2, Fiscal=0, Social=0",Fiscal,False,
451,BO_7496_Fr,premier,fr,"La liste des diplômes reconnus
« équivalents au diplôme d'architecte de l'Ecole nationale
« d'architecture visé à l'article 4 de la loi n° 016-89, assortis du
« baccalauréat, série scientifique ou technique ou d'un diplôme
« reconnu équivalent, est fixée ainsi qu'il suit :
La reconduction de la garantie accordée par l'Etat prend
effet à partir du 1er janvier 2026 et expire le 31 décembre 2026.
« – Titulo oficial de master universitario en arquitectura,
« – Diplôme national d'architecte, délivré en date du
« 19 juin 2023 par l'Université de Carthage - Tunisie,
« assorti d'une attestation de validation du complément
«  de formation, délivrée par l'Ecole nationale
« d'architecture de Rabat. »
« délivré en date du 24 juillet 2024 par la Universidad
«  Rey Juan Carlos - Espagne, assorti du titulo
« universitario oficial de graduada en fundamentos de
« la arquitectura, délivré en date du 6 décembre 2021 par
« la même université et d'une attestation de validation
« du complément de formation, délivrée par l'Ecole
« nationale d'architecture de Rabat. »",Urbain,"Urbain=2, Fiscal=0, Social=0",Urbain,False,
452,BO_7496_Fr,2,fr,"Le présent arrêté sera publié au Bulletin officiel.
Rabat, le 8 ramadan 1447 (26 février 2026).
AZZEDDINE EL MIDAOUI.",Indéterminé,"Fiscal=0, Social=0, Administratif=0",Urbain,False,
453,BO_7496_Fr,2,fr,"Le présent arrêté sera publié au Bulletin officiel.
Rabat, le 23 chaabane 1447 (12 février 2026).
Arrêté du ministre de l'enseignement supérieur, de la recherche
scientifique et de l'innovation n° 3063-25 du 8 ramadan 1447
(26 février 2026) complétant l'arrêté n°  2797-95 du
20 joumada II 1416 (14 novembre 1995) fixant la liste des
diplômes reconnus équivalents au diplôme d'architecte de
l'Ecole nationale d'architecture.
AZZEDDINE EL MIDAOUI.
Le texte en langue arabe a été publié dans l'édition générale du
« Bulletin officiel » n° 7494 du 7 chaoual 1447 (26 mars 2026).
Arrêté du ministre de l'enseignement supérieur, de la recherche
LE MINISTRE DE L'ENSEIGNEMENT SUPÉRIEUR, DE LA
scientifique et de l'innovation n° 462-26 du 8 ramadan 1447
(26 février 2026) complétant l'arrêté n°  2797-95 du
20 joumada II 1416 (14 novembre 1995) fixant la liste des
diplômes reconnus équivalents au diplôme d'architecte de
l'Ecole nationale d'architecture.
RECHERCHE SCIENTIFIQUE ET DE L'INNOVATION,
Vu l'arrêté du ministre de l'enseignement supérieur,
de la formation des cadres et de la recherche scientifique
n° 2797-95 du 20 joumada II 1416 (14 novembre 1995) fixant la
liste des diplômes reconnus équivalents au diplôme d'architecte
de l'Ecole nationale d'architecture, tel qu'il a été complété ;
Vu le décret n° 2-24-991 du 24 rabii II 1446 (28 octobre 2024)
relatif aux attributions du ministre de l'enseignement supérieur,
de la recherche scientifique et de l'innovation ;
LE MINISTRE DE L'ENSEIGNEMENT SUPÉRIEUR, DE LA
RECHERCHE SCIENTIFIQUE ET DE L'INNOVATION,
Vu l'arrêté du ministre de l'enseignement supérieur,
de la formation des cadres et de la recherche scientifique
n° 2797-95 du 20 joumada II 1416 (14 novembre 1995) fixant la
liste des diplômes reconnus équivalents au diplôme d'architecte
de l'Ecole nationale d'architecture, tel qu'il a été complété ;
Sur proposition de la ministre de l'aménagement
du territoire national, de l'urbanisme, de l'habitat et de la
politique de la ville ;
Après avis du conseil national de l'Ordre national des
architectes ;
Vu le décret n° 2-24-991 du 24 rabii II 1446 (28 octobre 2024)
relatif aux attributions du ministre de l'enseignement supérieur,
de la recherche scientifique et de l'innovation ;
Après avis de la commission sectorielle des sciences,
techniques, ingénierie et architecture du 12 juin 2025,
ARRÊTE :
Sur proposition de la ministre de l'aménagement
du territoire national, de l'urbanisme, de l'habitat et de la
politique de la ville ;",Urbain,"Urbain=11, Fiscal=0, Social=0",Urbain,False,
454,BO_7496_Fr,PREMIER,fr,"L'article premier de l'arrêté susvisé
n° 2797-95 du 20 joumada II 1416 (14 novembre 1995), est
complété comme suit :
Après avis du conseil national de l'Ordre national des
architectes ;
«",Urbain,"Urbain=1, Fiscal=0, Social=0",Urbain,False,
455,BO_7496_Fr,premier,fr,"La liste des diplômes reconnus
« équivalents au diplôme d'architecte de l'Ecole nationale
« d'architecture visé à l'article 4 de la loi n° 016-89, assortis du
« baccalauréat, série scientifique ou technique ou d'un diplôme
« reconnu équivalent, est fixée ainsi qu'il suit :
Après avis de la commission sectorielle des sciences,
techniques, ingénierie et architecture du 12 juin 2025,
ARRÊTE :",Urbain,"Urbain=1, Fiscal=0, Social=0",Urbain,False,
456,BO_7496_Fr,PREMIER,fr,"L'article premier de l'arrêté susvisé
n° 2797-95 du 20 joumada II 1416 (14 novembre 1995), est
complété comme suit :
« – Master of architecture, délivré en date du 26 juin 2023
« par the Manchester metropolitan University and
« the University of Manchester - Royaume-Uni.»
«",Indéterminé,"Fiscal=0, Social=0, Administratif=0",Urbain,False,
457,BO_7496_Fr,premier,fr,"La liste des diplômes reconnus
« équivalents au diplôme d'architecte de l'Ecole nationale
« d'architecture visé à l'article 4 de la loi n° 016-89, assortis du
« baccalauréat, série scientifique ou technique ou d'un diplôme
« reconnu équivalent, est fixée ainsi qu'il suit :",Urbain,"Urbain=1, Fiscal=0, Social=0",Urbain,False,
458,BO_7496_Fr,2,fr,"Le présent arrêté sera publié au Bulletin officiel.
Rabat, le 8 ramadan 1447 (26 février 2026).
AZZEDDINE EL MIDAOUI.
Le texte en langue arabe a été publié dans l'édition générale du
« Bulletin officiel » n° 7495 du 11 chaoual 1447 (30 mars 2026).
Décision du Wali de Bank Al-Maghrib n° 160 du 15 chaabane 1447
Décision du Wali de Bank Al-Maghrib n° 161 du 27 chaabane 1447
(16 février 2026) portant agrément de la société « MAZMA
Technologies » en qualité d'établissement de paiement.
(4 février 2026) portant prorogation de la durée du mandat
du liquidateur de la société « Fast Payment SA».
LE WALI DE BANK AL-MAGHRIB,
LE WALI DE BANK AL-MAGHRIB,
Vu la loi n° 103-12 relative aux établissements de crédit et
organismes assimilés, promulguée par le dahir n° 1-14-193 du
1er rabii I 1436 (24 décembre 2014), notamment ses articles 16,
26 et 34 ;
Vu la loi n° 103-12 relative aux établissements de crédit et
organismes assimilés, promulguée par le dahir n° 1-14-193 du
1er rabii I 1436 (24 décembre 2014), notamment ses articles 145
et 146 ;
Vu la demande d'agrément formulée par la société
« MAZMA Technologies » en date du 28 novembre 2022 ;
Vu la décision du Wali de Bank Al-Maghrib n°134 du
2 joumada I 1445 (16 novembre 2023) portant nomination d'un
liquidateur pour la société « Fast Payment SA » ;
Vu les informations complémentaires communiquées
en date du 4 avril 2024 ;
Vu que le délai de liquidation de la société « Fast
Payment SA» expirera le 5 février 2026, sans que les opérations
de liquidation ne soient clôturées ;
Après avis du comité des établissements de crédit du
13 juin 2024 ;
Vu les informations complémentaires communiquées en
date du 28 janvier 2026 pour la levée des réserves formulées
par le comité des établissements de crédit,
Vu la demande de prorogation du délai, formulée par le
liquidateur le 2 février 2026,
DÉCIDE :
DÉCIDE :",Commercial,"Commercial=5, Environnement=2, Fiscal=0",Urbain,False,
459,BO_7496_Fr,PREMIER,fr,"Est octroyé un agrément à la société
« MAZMA Technologies », sise 19, rue du Lierre, Casablanca,",Commercial,"Commercial=1, Fiscal=0, Social=0",Commercial,False,
460,BO_7496_Fr,PREMIER,fr,"La durée du mandat de Monsieur
Abdellah HAMZA, liquidateur de la société « Fast Payment
en qualité d'établissements de paiement pour exercer
l'ensemble des services de paiement prévus par l'article 16
de la loi susvisée n° 103-12.
SA », est prorogée pour une durée d'une année à compter du
5 février 2026.",Commercial,"Commercial=1, Fiscal=0, Social=0",Commercial,False,
461,BO_7496_Fr,2,fr,"La présente décision est publiée au Bulletin
officiel.",Indéterminé,"Fiscal=0, Social=0, Administratif=0",Commercial,False,
462,BO_7496_Fr,2,fr,"La présente décision est publiée au Bulletin
officiel.
Rabat, le 15 chaabane 1447 (4 février 2026).
Rabat, le 27 chaabane 1447 (16 février 2026).
ABDELLATIF JOUAHRI.
ABDELLATIF JOUAHRI.
Le texte en langue arabe a été publié dans l'édition générale du
Le texte en langue arabe a été publié dans l'édition générale du
« Bulletin officiel » n° 7494 du 7 chaoual 1447 (26 mars 2026).
« Bulletin officiel » n° 7495 du 11 chaoual 1447 (30 mars 2026).
AVIS ET COMMUNICATIONS
Avis du Conseil Économique, Social et Environnemental
« Pertes et gaspillage alimentaires au Maroc : comprendre
l'ampleur et les enjeux pour agir efficacement »
Conformément aux dispositions de l'article 6 de la loi organique n°128-12, le Conseil économique,
social et environnemental (CESE) s'est autosaisi aux fins de préparer un avis au sujet des pertes et
gaspillage alimentaires au Maroc.
Le Bureau du Conseil a confié l'élaboration dudit avis à la Commission chargée de l'environnement et
du développement durable1.
Lors de sa 163ème session ordinaire tenue le 24 avril 2025, l'Assemblée Générale du CESE a adopté à
l'unanimité l'avis intitulé : « pertes et gaspillage alimentaires au Maroc : comprendre l'ampleur et les
enjeux pour agir efficacement ».
Élaboré sur la base d'une approche participative, l'avis est le résultat d'un large débat entre les
différentes catégories qui composent le Conseil ainsi que des auditions organisées avec les
principales parties prenantes concernées2. Il s'est également appuyé sur les enseignements et les
résultats d'une consultation lancée sur le sujet au niveau de la plateforme digitale de participation
citoyenne « ouchariko.ma »3.
1 Annexe 1 : Liste des membres de la Commission chargée de l'environnement et du développement durable
2 Annexe 2 : Liste des acteurs auditionnés
3 Annexe 3 : Résultats de la consultation lancée sur la plateforme Ouchariko
Introduction
Les pertes et le gaspillage alimentaires (PGA) constituent un enjeu mondial majeur dont les impacts
touchent simultanément l'économie, la sécurité alimentaire, la société et l'environnement. Au plan
économique, ils entraînent des pertes considérables tout au long de la chaîne de valeur, du
producteur au consommateur. En réduisant la disponibilité des denrées et en contribuant à la hausse
des prix, les PGA fragilisent la sécurité alimentaire en limitant l'accès des ménages les plus
vulnérables à une alimentation suffisante et nutritive. Ils occasionnent également une déperdition
importante de ressources essentielles (eau, terres, énergie) qui affaiblit l'efficacité et la durabilité des
systèmes alimentaires et accroît les inégalités sociales en exposant certaines populations à des
risques sanitaires accrus. Sur le plan environnemental, ils accentuent la pression sur les ressources
naturelles et génèrent une pollution significative, en particulier liée à la décomposition des déchets
alimentaires et aux émissions de gaz à effet de serre.
À l'échelle mondiale, environ 13,2% des denrées alimentaires sont perdues entre la récolte et la
vente au détail, tandis que près de 19% de la production totale est gaspillée au niveau des ménages,
de la restauration et du commerce1. Ce phénomène révèle les inefficiences structurelles qui
affectent des systèmes alimentaires en profonde mutation, sous l'effet de l'évolution des modes de
production, de distribution et de consommation. Dans un contexte où des millions de personnes
demeurent exposées à l'insécurité alimentaire, notamment dans les pays confrontés à des tensions
socio-économiques et environnementales, une part importante des ressources alimentaires continue
pourtant d'être perdue ou gaspillée. Ce paradoxe — entre des surplus jetés et une insécurité
alimentaire persistante — révèle un dysfonctionnement structurel des systèmes alimentaires,
caractérisé par une répartition inégale et une gestion inefficiente des ressources.
Sur le plan national, d'après l'édition 2024 de l'Indice de gaspillage alimentaire2, les ménages marocains
auraient jeté quelque 4,2 millions de tonnes de nourriture, soit en moyenne 113 kg par habitant et par an
— une progression marquée par rapport aux 91 kg enregistrés en 2021. Cette hausse significative
survient dans un contexte de sécheresses récurrentes et d'une forte pression sur les ressources
naturelles disponibles, accentuée par la dépendance aux importations de produits alimentaires (céréales,
produits laitiers, viandes rouges, huiles, etc.) et la croissance des besoins alimentaires.
Face à cet enjeu, plusieurs initiatives ont vu le jour au Maroc, portées aussi bien par des acteurs
publics que privés. Toutefois, ces efforts restent dispersés, de portée limitée, et souvent entravés par
des contraintes structurelles. L'absence d'un cadre d'orientation global, d'un dispositif juridique
adapté et de mécanismes de coordination intersectorielle constitue, entre autres facteurs, un frein
majeur à la cohérence, à la pérennité et à l'efficacité des actions entreprises.
En outre, la mobilisation des acteurs du secteur privé, de la société civile, ainsi que du monde de la
recherche et de l'innovation reste en deçà des enjeux. Pourtant, leur implication renforcée pourrait
constituer un levier essentiel pour réduire les PGA, mieux valoriser les ressources disponibles et
favoriser l'émergence de solutions durables et adaptées aux réalités locales.
1 Nations Unies, Journée internationale de sensibilisation aux pertes et gaspillages de nourriture, 29 septembre,
https://www.un.org/fr/observances/end-food-waste-day
2 United Nations Environment Programme (2024). Food Waste Index Report 2024. Think Eat Save: Tracking Progress to Halve Global Food Waste.
https://wedocs.unep.org/20.500.11822/45230.
C'est dans ce contexte que le Conseil économique, social et environnemental (CESE) a décidé de
s'autosaisir de cette problématique, dans le prolongement des travaux qu'il mène sur les enjeux de
durabilité, de souveraineté alimentaire et de gestion intégrée des ressources naturelles1.
À travers le p",Environnement,"Environnement=37, Commercial=5, Fiscal=0",Commercial,True,
463,BO_7496_Fr,10,fr,"B-2° du Code
général des impôts, qui permet la déduction des coûts des dons, y compris en nature, au profit
des associations reconnues d'utilité publique. Une meilleure diffusion de ce dispositif fiscal et la
simplification des procédures associées favoriseraient son utilisation par les entreprises, avec des
retombées économiques positives, en plus de ses bénéfices sociaux et environnementaux.
•
Favoriser l'engagement communautaire à travers des programmes de compostage collectif, de
glanage1 et d'échanges alimentaires de quartier, afin de renforcer la lutte contre les PGA au
niveau local.
Axe 6 : Sensibiliser les citoyens, diffuser les bonnes pratiques et intégrer la lutte contre le
gaspillage dans l'éducation
•
Déployer des campagnes de sensibilisation multicanales (médias, réseaux sociaux, affichage,
mosquées) ciblant les différents maillons de la chaîne alimentaire – producteurs, distributeurs,
restaurateurs, consommateurs – pour ancrer une culture de réduction des PGA.
• Intégrer l'éducation à la consommation responsable et au compostage dès l'école primaire.
• Organiser des ateliers pratiques pour les ménages et les professionnels sur la gestion et la
réutilisation des aliments.
•
Former les cadres municipaux, en particulier dans les marchés de gros, en partenariat avec les
chambres d'agriculture et les associations locales, pour structurer les actions de lutte contre le
gaspillage à l'échelle territoriale.
•
Renforcer les capacités des fédérations professionnelles et des associations, notamment celles
actives dans la protection des consommateurs et de l'environnement, pour qu'elles deviennent
des relais efficaces de la lutte contre les PGA dans leurs filières.
•
Mettre en place des programmes de formation continue, accompagnés de guides pratiques et
d'outils sectoriels, à destination des acteurs de la chaîne alimentaire afin de généraliser
l'adoption de pratiques durables et anti-gaspillage.
•
Renforcer les échanges internationaux pour partager les bonnes pratiques et mobiliser un soutien
technique et financier.
•
Encourager la mobilisation des collectivités territoriales et des organisations de la société civile
pour sensibiliser et animer des projets communautaires durables de réduction du gaspillage
alimentaire.
1 Récupération, après récolte, des produits végétaux au sol ou sur pied et non ramassés par le producteur.
*
*  *
Annexes :
Annexe 1 - Liste des membres de la Commission chargée de l'environnement et du développement
durable
Aabane Ahmed Baba
Ksiri Abderrahim
Alaoui Nouzha
Laabaid Abderrahim (Rapporteur de la
commission)
Benkaddour Mohammed (Président de la
commission)
Mokssit Abdalah
Bencherki Abdelkrim
Mouttaqi Abdellah
Bensami Khalil
Riad M'Hammed
Boukhalfa Bouchta
Rouchati Mina (Rapporteur de la
thématique)
Boujida Mohamed
Sijilmassi Tariq
Bouzaachane Ali
Ziani Moncef
Chahbouni Nour-eddine
Zidouh Brahim (Vice-président de la
Commission)
Albert Sasson
Faher Kamalddine
Gaouzi Sidi Mohamed
Driss Elyazami
Ilali Idriss
Mohamed Benalilou
Lamrani Amina
Amina Bouayach
Les experts ayant accompagné la Commission
Experts permanents au Conseil
Mohamed Behnassi – Noura Bouidina  -
Yasmina Doukkali
Experte chargée de la traduction
Nabila Darif
* * *
Annexe 2 - Liste des ateliers et auditions
− Ministère de l'Industrie et du Commerce
Départements
− Ministère de l'Agriculture, de la Pêche Maritime, du
ministériels
Développement Rural et des Eaux et Forêts
− Ministère de la Transition Énergétique et de Développement
Durable (MTEDD)
− Institut National de Recherche Agronomique (INRA)
Institutions publiques
− Institut Agronomique et Vétérinaire (IAV)
− Fédérations nationales (hôtellerie, restaurateurs, traiteurs)
− Fédération nationale de l'agroalimentaire (FENAGRI)
Organisation
− Fédération du Commerce et des Services (CGEM)
professionnelles
− Fédération du Commerce en Réseau (CGEM)
− Fédération Nationale de la Boulangerie et Pâtisserie du Maroc
− Fédération nationale des associations des consommateurs
(FNAC)
− Banque alimentaire
Associations
− Groupe label vie
− Coopérative agricole de Taroudant (COPAG)
− Start up Rikoul
− Start up Foodeals
− FoodAct (France)
− Start up suédoise (Frigo solidaire)
Organisations
Entreprises et
coopératives
− Bureau de l'Organisation des Nations Unies pour l'Alimentation
internationales
et l'Agriculture (FAO) au Maroc
* Classement effectué selon la date d'audition
* * *
Annexe 3 – Résultats du sondage lancé sur la plateforme « Ouchariko » sur le gaspillage alimentaire
Dans le cadre de l'élaboration de son avis intitulé « Pertes et gaspillage alimentaires au Maroc :
comprendre l'ampleur et les enjeux pour agir efficacement », le CESE a recueilli, du 7 au 28 mars
2025, les contributions des citoyennes et citoyens via sa plateforme participative « Ouchariko ».
Au total, 1 591 personnes ont pris part au sondage consacré à cette thématique sur la plateforme.
1. Caractéristiques du groupe de répondants à la consultation citoyenne
Les participantes et participants à cette consultation citoyenne sont majoritairement issus d'un milieu
urbain (59%). Les hommes représentent 56% de l'ensemble des répondants.
La répartition par âge fait apparaître trois tranches principales : 35-44 ans (40%), 45-59 ans (25%) et
25-34 ans (18%). Les autres répondants se situent dans les tranches 15-24 ans (10%) et 60 ans et plus
(7%).
En termes de statut professionnel, les salariés du secteur privé constituent la part la plus importante
des répondants (30%), suivis des fonctionnaires du secteur public (22%), des étudiants (10%) et des
professions libérales (8%).
Par ailleurs, plus près de la moitié des participants proviennent des régions de Casablanca-Settat
(17%), Rabat-Salé-Kénitra (16%) et Marrakech-Safi (14%), ce qui confirme la forte représentativité des
zones urbaines dans l'échantillon de cette consultation.
774 BULLETIN OFFICIEL N° 7496 — 14 chaoual 1447 (2-4-2026)
Occupation
14% 1196 137
12% (24, / ‏مال‎
‎ONE DEN EN EN EN ONE ""6%
HE ESS EN EN EN EN CE DUR DE TE
2%
VEN EEE ",Environnement,"Environnement=24, Commercial=6, Fiscal=4",Fiscal,True,
464,BO_7500_Fr,19,ar,"من
القانون رقم
 9.94
 المشار اليه اعاله المتعلق بحماية
المستنبطات
النباتية-
 .يشار الى تاريخ انتهاء صالحية الحماية في الشهادة
(2) la durée de protection est comptée conformément à l’article 19 de la loi susvisée n° 9-94 sur la protection des obtentions végétales- La date d’expiration de la protection est indiquée
(
)
 حداثة الصنف : الصنف الذي يستجيب لمقتضيات",Environnement,"Environnement=2, Fiscal=0, Social=0",Environnement,False,AR : texte source à réingérer (ordre des mots/paragraphes corrompu dès l'extraction PDF) — label non vérifié
465,BO_7500_Fr,6,ar,"من القانون رقم9.94
20 ans (2)
 سنة
20 ans (2)
 سنة
Variété nouvelle
Variété nouvelle
صنف جديد
صنف جديد
Saillant, BP 83 26802 Portes-
Domaine de Sablas, rue Jean
Sakata Vegetables Europe
Moulin, 30620, Uchaud,
Km 6, route d’El Gara,
Florimond Desprez
lès-Valence, France
Maghreb
Berrechid
France
SAS
Florimond Desprez Veuve & Fils
2-7-1 Nakamachidai Tsuzuki-Ku
Yokohama 224-0041, Japan
3 rue Florimond Desprez 59242
Cappelle en Pevele, France
83 26802 Portes-lès-Valence,
France
Sakata Seed Corporation
(1)  variété nouvelle : variété qui répond aux dispositions de l’article 6 de la loi n° 9-94.
1318/24
27/06/2024
KILIMANJARO
Triticum aestivum L.
1294/24
23/04/2024
OSIRIS
sur le certificat.
Brassica oleracea L. var.
italica Plenck
Blé tendre
Broccoli
ARRÊTENT :
ARTICLE PREMIER. – La norme marocaine - NM
ISO 13006 : Carreaux et dalles céramiques : Définitions,
classifications, caractéristiques et marquages - est rendue
obligatoire, à partir de la date de la publication du présent
arrêté au « Bulletin officiel ».
ART. 2. – Est abrogé l’arrêté conjoint du ministre de
l’industrie, du commerce et des télécommunications et du
ministre délégué auprès du Premier ministre, chargé de
l’habitat et de l’urbanisme n° 426-04 du 25 safar 1425 (16 avril
2004) rendant d’application obligatoire une norme marocaine.
ART. 3. – La norme marocaine NM ISO 13006 visée
ci-dessus est tenue à la disposition des intéressés à l’Institut
Marocain de Normalisation.
ART. 4. – Le présent arrêté sera publié au Bulletin officiel.
Rabat, le 17 chaabane 1447 (6 février 2026).
La ministre de l’aménagement
du territoire national,
de l’urbanisme, de l’habitat
Le ministre de l’industrie
et de la politique de la ville,
FATIM EZZAHRA
et du commerce,
RYAD MEZZOUR.
EL MANSOURI.
Décision du directeur de l’Institut marocain de normalisation n° 557-26
Vu la loi n° 12-06 relative à la normalisation, à la certification et à l’accréditation, promulguée
Vu la résolution du Conseil d’Administration de l’Institut marocain de normalisation (IMANOR) N°10
tenue, le 19 safar 1435 (23 décembre 2013), qui a délégué au Directeur de l’IMANOR le pouvoir de prononcer
DÉCIDE :
ARTICLE PREMIER. – Sont homologuées comme normes marocaines, les normes dont les références
ART. 2. – Les normes visées à l’article premier ci-dessus, sont tenues à la disposition des intéressés à
Rabat, le 21 ramadan 1447 (11 mars 2026).
ABDERRAHIM TAIBI.
Arrêté conjoint du ministre délégué auprès de la ministre de l’économie et des finances, chargé du budget et de la
secrétaire d’Etat auprès du ministre de l’agriculture, de la pêche maritime, du développement rural et des eaux
et forêts, chargée de la pêche maritime n° 492-26 du 6 chaabane 1447 (26 janvier 2026) portant publication de
l’extrait de l’avenant n° 1 à la convention n°2019/GON/02 de création et d’exploitation d’une ferme aquacole
LE MINISTRE DÉLÉGUÉ AUPRÈS DE LA MINISTRE DE L’ÉCONOMIE ET DES FINANCES, CHARGÉ DU BUDGET,
LA SECRÉTAIRE D’ETAT AUPRÈS DU MINISTRE DE L’AGRICULTURE, DE LA PÊCHE MARITIME, DU
Vu l’arrêté conjoint du ministre de l’agriculture, de la pêche maritime, du développement rural et des eaux
et forêts et du ministre de l’économie, des finances et de la réforme de l’administration n° 689-20 du 23 joumada II
1441 (18 février 2020) autorisant la société « POWER FISH Sarl » pour la création et l’exploitation d’une ferme
aquacole dénommée « Power Fish Pisciculture » et portant publication de l’extrait de la convention y afférente ;
Considérant l’avenant n° 1 à la convention n° 2019/GON/02 de création et d’exploitation d’une ferme
aquacole signé le 30 kaada 1446 (28 mai 2025) entre la société « POWER FISH Sarl » et la secrétaire d’Etat
auprès du ministre de l’agriculture, de la pêche maritime, du développement rural et des eaux et forêts, chargée
de la pêche maritime et approuvé par le ministre délégué auprès de la ministre de l’économie et des finances
ARRÊTENT :
ARTICLE  PREMIER. – L’extrait de l’avenant n° 1 à la convention n°2019/GON/02, visé ci-dessus, est annexé
Rabat, le 6 chaabane 1447 (26 janvier 2026).
La secrétaire d’Etat auprès du ministre de
l’agriculture, de la pêche maritime,
du développement rural et des eaux
et forêts, chargée de la pêche maritime,
ZAKIA DRIOUICH.
*
*      *
Annexe à l’arrêté conjoint du ministre délégué auprès de la ministre de l’économie et des finances, chargé du budget
et de la secrétaire d’Etat auprès du ministre de l’agriculture, de la pêche maritime, du développement rural et des eaux et forêts,
dénommée «Power Fish Pisciculture», signé le 30 kaada 1446 (28 mai 2025)
Deux cent cinquante (250) hectares
Bornes
Latitude
Longitude
B1
29° 26'2.898'' N
10°13'11.294'' W
B2
29° 26'14.896'' N
10°12'58.786'' W
B3
29° 26'3.951'' N
10°12'45.084'' W
B4
29° 25'51.953'' N
10°12'57.593'' W
B1
29° 26'24.787'' N
10°13'38.698'' W
B2
29° 26'36.786'' N
10°13'26.190'' W
B3
29° 26'25.841'' N
10°13'12.488'' W
B4
29° 26'13.842'' N
10°13'24.996'' W
Parcelle 3
B1
29° 26'46.674'' N
10°14'6.106'' W
B2
29° 26'58.673'' N
10°13'53.598'' W
B3
29° 26'47.730'' N
10°13'39.894'' W
B4
29° 26'35.730'' N
10°13'52.402'' W
B1
29° 26'4.971'' N
10°12'18.836'' W
B2
29° 26'16.968'' N
10°12'6.326'' W
B3
29° 26'6.021'' N
10°11'52.626'' W
B4
29° 25'54.024'' N
10°12'5.136'' W
B1
29° 26'26.863'' N
10°12'46.238'' W
B2
29° 26'38.861'' N
10°12'33.728'' W
B3
29° 26'27.914'' N
10°12'20.027'' W
B4
29° 26'15.917'' N
10°12'32.536'' W
B1
29° 26'48.753'' N
10°13'13.643'' W
B2
29° 27'0.751'' N
10°13'1.133'' W
B3
29° 26'49.806'' N
10°12'47.430'' W
B4
29° 26'37.808'' N
10°12'59.940'' W
B1
29° 27'10.642'' N
10°13'41.051'' W
B2
29° 27'22.641'' N
10°13'28.541'' W
B3
29° 27'11.696'' N
10°13'14.837'' W
B4
29° 26'59.698'' N
10°13'27.346'' W
B1
29° 27'24.736'' N
10°12'36.125'' W
B2
29° 27'36.733'' N
10°12'23.613'' W
B3
29° 27'25.787'' N
10°12'9.910'' W
B4
29° 27'13.790'' N
10°12'22.422'' W
B1
29° 26'40.948'' N
10°11'41.317'' W
B2
29° 26'52.944'' N
10°11'28.805'' W
B3
29° 26'41.996'' N
10°11'15.105'' W
B4
29° 26'30.001'' N
10°11'27.617'' W
B1
",Indéterminé,"Fiscal=0, Social=0, Administratif=0",Indéterminé,True,AR : texte source à réingérer (ordre des mots/paragraphes corrompu dès l'extraction PDF) — label non vérifié
466,BO_7506_Ar,الثانية,ar,")2013  ماي2( 1434  من جمادى االخرة21
تتمم، على النحو التالي، احكام الظهير الشريف املشار اليه اعاله
  املكررة ثالث8 املكررة مرتين و8 املكررة و8  باملواد1.13.50 رقم، تتكون اجهزة ................... ولجنة علمية ومجلس علمي- .4 «املادة
».«باالضافة ............. ادارية
: مرات
. يدير املعهد ................... مرة واحدة- .5 «املادة
«املجلس العلمي
.«ويساعد املدير في مهامه مدير مساعد وكاتب عام
يتالف املجلس العلمي للمعهد، اضافة الى مدير- . املكررة8 «املادة
: «املعهد رئيسا، من
«يختار املدير املساعد من بين اساتذة التعليم العالي او االساتذة
 «املحاضرين املؤهلين، ويختار الكاتب العام ........... متصرف من الدرجة
ثالثة علماء مغاربة متخصصين في القراءات او الدراسات- «
 «القرانية، يعينون بمقرر لوزير االوقاف والشؤون االسالمية بناء
.«الثانية او في احدى الدرجات ................ خمس سنوات
«يعين املدير املساعد والكاتب العام بمقرر .............، وتحدد
 «مهامهما بموجب النظام الداخلي، ويستفيدان من نفس ...... املمنوحة
«على اقتراح من مدير املعهد؛
ممثل للمجلس العلمي االعلى يعينه االمين العام لهذا املجلس؛- «
».«لنظرائهما بالجامعات
املدير املساعد باملعهد؛- «
:  ينظم التكوين باملعهد في ثالثة اسالك- .10 «املادة
ثالثة اساتذة للتعليم العالي او اساتذة محاضرين مؤهلين- «
 «متخصصين في القراءات او الدراسات القرانية، يعينون بمقرر
 «لوزير االوقاف والشؤون االسالمية، بناء على اقتراح من مدير
سلك االجازة؛- «
سلك املاستر؛- «
.«املعهد، من بين االساتذة الباحثين القارين العاملين باملعهد
. سلك الدكتوراه- «
الجريدة الرسمية2613
 ((7    يام(( 19 19  1دعقلا وذ  919 - 7506 عدد
ابداء الراي في مشاريع البحث العلمي ومواضيع اطروحات سلك- «
.«يتولى الكاتب العام للمعهد مهمة كتابة املجلس
».«الدكتوراه
«يمكن لرئيس املجلس ان يدعو اي شخص لحضور اجتماعات
يجتمع املجلس العلمي في دورة-. املكررة ثالث مرات8 «املادة
 «عادية، مرة في السنة على االقل، بدعوة من رئيسه، ويمكن ان يجتمع
 «في دورات استثنائية كلما اقتضت الضرورة ذلك، بمبادرة من رئيسه
».«املجلس بصفة استشارية، يكلف املجلس العلمي، على الخصوص- . املكررة مرتين8 «املادة
: «باملهام التالية
.«او بطلب من اغلبية اعضائه
اقتراح املبادئ والتوجهات العامة لنظام الدراسة والتكوين- «
«تحدد شروط انعقاد املجلس وكيفية تسييره بموجب النظام
«باملعهد؛
».«الداخلي للمعهد
املادة الثالثة
اقتراح التدابير الكفيلة بتحسين جودة التكوين والبحث وضمان- «
«مالءمته مع االهداف العامة للمعهد؛
.ينشر ظهيرنا الشريف هذا بالجريدة الرسمية
.)2026  ماي5( 1447  من ذي القعدة17 وحرر بالرباط في
املصادقة على الخبرات التي ينجزها املعهد؛- «
الجريدة الرسمية((7    يام(( 19 19  1دعقلا وذ  919 - 7506 عدد 2614
نصوص عامة
)2026  ابريل16( 1447  من شوال28  صادر في2.25.885 مرسوم رقم
  املتعلق بتنظيم مهنة46.21 بتطبيق احكام القانون رقم
2 املادة
.تشتمل املباراة على اختبار كتابي واختبار شفوي
.املفوضين القضائيين
يشتمل االختبار الكتابي على سؤال او عدة اسئلة حول مواضيع
.2 ذات صلة بمهام املفوض القضائي مدته ساعتان، بمعامل،رئيس الحكومة
: يشتمل االختبار الشفوي على
املتعلق بتنظيم مهنة املفوضين46.21 بناء على القانون رقم؛1  اسئلة تتعلق بقانون املسطرة املدنية، بمعامل-
بتاريخ1.25.49 القضائيين، الصادر بتنفيذه الظهير الشريف رقم
20 و19 و17 و7 و4 ) وال سيما املواد2025  يونيو6( 1446  ذي الحجة9
 115 و113 و106 و105 و104 و68 و58 و55 و39 و37 و33 و21و
.1  اسئلة تتعلق بالقانون املنظم ملهنة املفوضين القضائيين، بمعامل-
3 املادة
منه؛162 و151 و135 و129و
.يرتب املترشحون الناجحون في املباراة حسب االستحقاق
وبعد استطالع راي الهيئة الوطنية للمفوضين القضائيين؛
اذا تساوى املترشحون في النقط املحصل عليها، يتم اللجوء الى
1447  من شوال14 وبعد املداولة في مجلس الحكومة املنعقد بتاريخ
.القرعة،)2026  ابريل2(
4 املادة
: رسم ما يلي،يعلن عن الئحة املترشحين الناجحين بصفة نهائية في املباراة
 وكذا عن اسماء املترشحين املسجلين في الئحة االنتظار على املوقع
الباب االول
.االلكتروني لوزارة العدل
ولوج مهنة املفوضين القضائيينةامبار
وامتحان نهاية التمرين والتكوين املستمر
الفرع الثاني
التمرين وكيفيات اجراء امتحان نهايته
الفرع االول
5 املادة
ةانظام وكيفيات اجراء مبار
ولوج مهنة املفوضين القضائيين، السالف الذكر46.21  من القانون رقم7 تطبيقا ملقتضيات املادة
 يقغضي املفوض القضائي املتمرن فترة تمرين تشمل تكوينا اساسيا
املادة االولى
باملعهد الوطني لكتابة الضبط واملهن القانونية والقضائية مدته
 ) اشهر، وتدريبا بمكتب مفوض قضائي تحت اشراف املعهد6( ستة
يحدد بقرار للسلطة الحكومية املكلفة بالعدل تاريخ ومكان اجتياز
 مباراة ولوج مهنة املفوضين القضائيين وعدد املكاتب املتبارى عليها
.) اشهر6( املذكور مدته ستة
يتلقى املفوض القضائي املتمرن خالل مدة التكوين االسا؟سي
 باملعهد املذكور دروسا نظرية وتطبيقية ترمي الى تاهيله ملزاولة
 مهام املفوض القضائي تهم على الخصوص تنظيم مهنة املفوضين
 القضائيين والقواعد املسطرية املتعلقة بالتبليغ وباجراءات تنفيذ
 املقررات القضائية والعقود والسندات التي لها قوة تنفيذية، وكذا
.بدائرة كل محكمة ابتدائية
: تتولى االشراف على املباراة املذكورة لجنة تتالف من
مدير الشؤون املدنية واملهن القانونية والقضائية، بصفته رئيسا؛-
ممثل عن املجلس االعلى للسلطة القضائية؛-
.مختلف االجراءات القضائية االخرى
ممثل عن رئاسة النيابة العامة؛-
خالل تدريبه، يجب على املفوض القضائي املتمرن ان ينجز تقريرا
 كل شهر عما قام به، يبعث به الى املعهد بعد التاشير عليه من قبل
مدير املعهد الوطني لكتابة الضبط واملهن القانونية والقضائية؛-
.املفوض القضائي املشرف على التدريب
. رئيس الهيئة الوطنية للمفوضين القضائيين او من يمثله-
الجريدة الرسمية2615
 ((7    يام(( 19 19  1دعقلا وذ  919 - 7506 عدد
12",Fiscal,"Fiscal=5, Urbain=3, Civil=1",Fiscal,False,AR : texte source à réingérer (ordre des mots/paragraphes corrompu dès l'extraction PDF) — label non vérifié
467,BO_7506_Ar,6,ar,"املادة
يحدد بقرار للسلطة الحكومية املكلفة بالعدل تاريخ ومكان اجتياز
يعد املعهد الوطني لكتابة الضبط واملهن القانونية والقضائية في
 متم شهر ديسمبر من كل سنة برنامجا سنويا للتكوين املستمر لفائدة
 املفوضين القضائيين بتنسيق مع مديرية الشؤون املدنية واملهن
 القانونية والقضائية بوزارة العدل، والهيئة الوطنية للمفوضين
.امتحان نهاية التمرين
تتولى اللجنة املنصوص عليها في املادة االولى اعاله االشراف على
.امتحان نهاية التمرين
.القضائيين
7 املادة،يعلن املعهد املذكور عن البرنامج السنوي للتكوين املستمر
 ويوجه نسخة منه الى رئيس الهيئة الوطنية للمفوضين القضائيين
.يشتمل امتحان نهاية التمرين على اختبار كتابي واختبار شفوي
: يشتمل االختبار الكتابي على
.قصد تعميمه على املفوضين القضائيين؛2  موضوع في قانون املسطرة املدنية مدته ساعتان، بمعامل-
: يتضمن البرنامج السنوي للتكوين املستمر، على الخصوص، ما يلي
انجاز ثالثة مشاريع محررات تتعلق باالجراءات امام املحاكم-
مشتمالت دورات التكوين؛-
.2 وبممارسة وسيلة من وسائل التنفيذ مدته ساعتان، بمعامل
عدد املفوضين القضائيين املعنيين بالتكوين؛-
: يشتمل االختبار الشفوي على
جهوي)؛-  عن بعد / مركزي-  طبيعة التكوين (حضوري-؛1  اسئلة تتعلق بمهام املفوض القضائي واجراءاته، بمعامل-
.1  اسئلة تتعلق بمدونة تحصيل الديون العمومية، بمعامل-
. تاريخ ومكان اجراء التكوين-
8",Commercial,"Commercial=1, Fiscal=0, Social=0",Commercial,False,AR : texte source à réingérer (ordre des mots/paragraphes corrompu dès l'extraction PDF) — label non vérifié
468,BO_7506_Ar,13,ar,"املادة
. نقطة20 و0 يتم تقييم كل مادة بدرجات تتراوح بين
يتولى املعهد الوطني لكتابة الضبط واملهن القانونية والقضائية حصر
 قائمة باسماء املفوضين القضائيين املعنيين بالتكوين املستمر، ويوجه
60 ال يعتبر ناجحا في امتحان نهاية التمرين من حصل على اقل من
.نقطة
)15( لهم استدعاءات للحضور، بكل الوسائل املتاحة، خمسة عشر
.يوما على االقل قبل التاريخ املحدد للتكوين املستمر
9 املادة
الباب الثاني
يرتب املترشحون الناجحون في امتحان نهاية التمرين حسب
 االستحقاق، ويعلن عن قائمة باسمائهم بمقر املعهد الوطني لكتابة
االتعاب والتعويضات
.الضبط واملهن القانونية والقضائية
14 املادة
الفرع الثالث
تحدد بقرار للسلطة الحكومية املكلفة بالعدل، تعريفة االتعاب
 عن االعمال التي يقوم بها املفوضون القضائيون في امليادين املدنية
كيفيات تنظيم التكوين املستمر
10 املادة
.والتجارية واالدارية، السالف الذكر46.21  من القانون رقم33 تطبيقا ملقتضيات املادة
 يخضع املفوض القضائي لتكوين مستمر في اطار دورات تشتمل على
يحدد بقرار مشترك للسلطة الحكومية املكلفة بالعدل والسلطة
 الحكومية املكلفة باملالية مقدار التعويض الذي يتقاضاه املفوضون
الخصوص على ندوات ولقاءات وحلقات وورشات للتكوين، حضوريا
 او عن بعد، كما يمكن ان تشمل زيارات ميدانية مرتبطة بموضوع
.القضائيون عن مزاولة مهامهم في امليدان الجنائي
.التكوين
15",Indéterminé,"Fiscal=0, Social=0, Administratif=0",Indéterminé,False,AR : texte source à réingérer (ordre des mots/paragraphes corrompu dès l'extraction PDF) — label non vérifié
469,BO_7506_Ar,11,ar,"املادة
يحدد نموذج وصل اداء اتعاب املفوض القضائي من كناش ذي
 ارومات وكذا كيفيات االداء االلكتروني بقرار للسلطة الحكومية
يخضع املفوض القضائي كل سنة، لدورة على االقل من دورات
.املكلفة بالعدل
.التكوين املستمر
الجريدة الرسمية((7    يام(( 19 19  1دعقلا وذ  919 - 7506 عدد 2616
الباب الرابع
الباب الثالث
نماذج السجالت
معايير انتقال املفوض القضائي
وتحديد واجب االنخراط واالشتراك
واالنتقال والتامين عن املسؤولية املدنية
20 املادة
تحدد بقرار للسلطة الحكومية املكلفة بالعدل، نماذج السجالت
: التالية
16 املادة
السجل الخاص بالبيانات املتعلقة باملفوضين القضائيين-
 وبالكتاب املحلفين املمسوك من قبل رئيس كتابة الضبط
تحدد معايير انتقال املفوض القضائي الذي يمارس مهامه بصفة
فعلية من دائرة محكمة ابتدائية الى دائرة محكمة ابتدائية اخرى
باملحكمة االبتدائية؛
: فيما يلي
السجل الخاص باالجراءات اليومية والسجل الخاص بالعمليات-
الحسابية املمسوكان من قبل املفوض القضائي؛
) سنوات على االقل من العمل3(  التوفر على اقدمية ثالث-
سجل عقود املشاركة بين املفوضين القضائيين املمسوك من قبل-
املتواصل في دائرة املحكمة االبتدائية املراد االنتقال منها؛
.رئيس كتابة الضبط باملحكمة االبتدائية
عدم وجود خصاص بدائرة املحكمة االبتدائية املراد االنتقال منها؛-
الباب الخامس
. وجود مكتب شاغر بدائرة املحكمة االبتدائية املراد االنتقال اليها-
املشاركة بين املفوضين القضائيين
17",Pénal,"Pénal=2, Fiscal=1, Social=0",Pénal,False,AR : texte source à réingérer (ordre des mots/paragraphes corrompu dès l'extraction PDF) — label non vérifié
470,BO_7506_Ar,21,ar,"املادة
يبرم عقد املشاركة بين املفوضين القضائيين وفق نموذج يحدد
 بقرار للسلطة الحكومية املكلفة بالعدل بعد استطالع راي الهيئة
اذا فاقت طلبات االنتقال عدد املكاتب الشاغرة املطلوبة، يراعى في
: الترجيح بينها ما يلي
.الوطنية للمفوضين القضائيين
الباب السادس
االقدمية في ممارسة املهنة (نقطة عن كل سنة)؛-
االقدمية في ممارسة املهنة بدائرة املحكمة االبتدائية املراد-
البذلة والبطاقة املهنية واللوحة التعريفية
االنتقال منها (نقطتان عن كل سنة)؛
22 املادة
.) تاريخ ايداع طلب االنتقال (ربع نقطة عن كل شهر-
يحدد بقرار للسلطة الحكومية املكلفة بالعدل، شكل ومواصفات
 البذلة املهنية املخصصة للمفوض القضائي، بعد استطالع راي الهيئة
18 املادة
.الوطنية للمفوضين القضائيين
تحدد بقرار للسلطة الحكومية املكلفة بالعدل، بناء على اقتراح
تستعمل البذلة املهنية من قبل املفوض القضائي حصرا في
الهيئة الوطنية للمفوضين القضائيين، مبالغ واجبات االنخراط
: الحاالت التالية
واالشتراك السنوي واالنتقال من دائرة مجلس جهوي الى دائرة مجلس
جلسة اداء اليمين امام املحكمة؛-
.جهوي اخر
خالل دورات التكوين االسا؟سي والتكوين املستمر؛-
19 املادة
عند مباشرة عمليات البيع باملزاد العلني؛-
عند املثول امام الجهة القضائية املختصة بالبت في املتابعة-
السالف46.21  من القانون رقم39 تطبيقا ملقتضيات املادة
التاديبية املثارة ضد املفوض القضائي؛
الذكر، يحدد الحد االدنى للتامين عن املسؤولية املدنية للمفوض
عند حضور الجموع العامة بناء على امر قضائي؛-
القضائي عن االضرار الناتجة عن االخطاء املهنية املنسوبة اليه
. خالل عملية االقتراع املتعلقة باالنتخابات املهنية-
.) درهم1.000.000.00( والجرائه في مليون
الجريدة الرسمية2617
 ((7    يام(( 19 19  1دعقلا وذ  919 - 7506 عدد
شهادة مسلمة من رئيس كتابة ضبط املحكمة االبتدائية تثبت-
23 املادة،عدم صدور عقوبة تاديبية في حقه باستثناء عقوبة االنذار
يحدد بقرار للسلطة الحكومية املكلفة بالعدل نموذج البطاقة
وما يثبت رد االعتبار اليه عند االقتضاء؛
املهنية املخصصة للمفوض القضائي وللكاتب املحلف، بعد استطالع
. من السجل العدلي3  البطاقة رقم-
.راي الهيئة الوطنية للمفوضين القضائيين
الفرع الثاني
24 املادة
كيفيات التصويت وفرز االصوات
ونموذج محاضر انتخاب رئيس الهيئة الوطنية
يحدد بقرار للسلطة الحكومية املكلفة بالعدل، شكل اللوحة التي
يتعين على املفوض القضائي ان يعلقها خارج البناية التي يوجد بها
للمفوضين القضائيين
مكتبه او داخلها وكذا البيانات التي تتضمنها، بعد استطالع راي الهيئة
26 املادة
.الوطنية للمفوضين القضائيين
يضع املكتب التنفيذي للهيئة الوطنية للمفوضين القضائيين رهن
الباب السابع
: اشارة اللجنة املشرفة على سير العملية االنتخابية ما يلي
نموذج التصريح بالترشيح ملنصب رئيس
الئحة باسماء الناخبين؛-
الهيئة الوطنية للمفوضين القضائيين
الئحة باسماء املترشحين واملترشحات ملنصب رئيس الهيئة الوطنية؛-
وكيفيات التصويت وفرز االصوات
ونموذج محاضر انتخاب رئيس الهيئة الوطنية
اوراق التصويت تحمل خاتم الهيئة الوطنية للمفوضين القضائيين-
وتتضمن اسماء املترشحين ملنصب رئيس الهيئة الوطنية؛
الفرع االول
. صناديق اقتراع شفافة-
نموذج التصريح بالترشيح ملنصب رئيس الهيئة الوطنية
27 املادة
للمفوضين القضائيين والوثائق التي يتعين ارفاقها به
تقوم اللجنة املشرفة على سير العملية االنتخابية بافتتاح االقتراع
25 املادة
.في الساعة املحددة في املقرر الصادر عن املكتب التنفيذي للهيئة
 واذا تعذر ذلك لسبب قاهر وجب االشارة الى ذلك في محضر العمليات
السالف46.21  من القانون رقم129 تطبيقا ملقتضيات املادة
.االنتخابية
الذكر، يودع املفوض القضائي املترشح ملنصب رئيس الهيئة الوطنية
للمفوضين القضائيين تصريحه بالترشيح  وفق نموذج يحدد بقرار
يفتح رئيس اللجنة املشرفة على سير العملية االنتخابية صندوق
 االقتراع في الساعة املحددة للشروع في االقتراع، ثم يقوم باغالقه
 بقفلين او مغالقين متباينين، يحتفظ بمفتاح احدهما ويسلم االخر
.للسلطة الحكومية املكلفة بالعدل
: يرفق املترشح تصريحه بالترشيح بالوثائق التالية
.الى املقرر
شهادة مسلمة من رئيس املجلس الجهوي الذي ينتمي اليه تثبت-
28 املادة
توفره على صفة ناخب، وكونه رئيسا ملجلس جهوي سابق او قائم
: تتم عملية التصويت كما يلي
او عضوا في مكتبه، وفي حالة ترشح رئيس املجلس الجهوي املذكور
يقدم الناخب عند دخوله قاعة التصويت ما يثبت هويته؛-
فتسلم له الشهادة من قبل الكاتب العام للمجلس؛
تتحقق اللجنة املشرفة على سير العملية االنتخابية من وجود-
شهادة مسلمة من السلطة الحكومية املكلفة بالعدل تثبت-
اسمه في الئحة الناخبين؛
)15( ممارسته املهنة بصفة فعلية ملدة ال تقل عن خمس عشرة
ياخذ كل ناخب ورقة تصويت واحدة؛-
سنة؛
الجريدة الرسمية((7    يام(( 19 19  1دعقلا وذ  919 - 7506 عدد 2618
يدخل الناخب الى املعزل، ويصوت بوضع عالمة امام اسم املترشح-
الباب الثامن
الذي يختاره؛
ينموذج التصريح بالترشيح ملنصب رئيس املجلس الجهو
 للمفوضين القضائيين وعضوية مكتبه وكيفيات التصويت، يقوم الناخب بطي ورقة التصويت قبل الخروج من املعزل-
 ويودعها بنفسه في صندوق االقتراع ثم يوقع مقابل اسمه في الئحة
وفرز االصوات ونموذج محاضر االنتخاب
الفرع االول
.الناخبين
ينموذج التصريح بالترشيح ملنصب رئيس املجلس الجهو
29 املادة
للمفوضين القضائيين وعضوية مكتبه
والوثائق التي يتعين ارفاقها به
تنتهي عملية التصويت في الوقت املحدد في املقرر الصادر عن
 املكتب التنفيذي للهيئة، ويعلن عن ذلك في مكان االقتراع، وال يقبل
34 املادة
.بعد ذلك اي تصويت
السالف46.21  من القانون رقم151 تطبيقا ملقتضيات املادة
 الذكر، يودع املفوض القضائي املترشح ملنصب رئيس املجلس الجهوي
 للمفوضين القضائيين او لعضوية مكتبه تصريحه بالترشيح وفق
30 املادة،تغلق ابواب مكتب التصويت مباشرة بعد انتهاء عملية التصويت
 وال يمكن دخول او خروج اي شخص اال بعد االنتهاء من عملية الفرز
.نموذج يحدد بقرار للسلطة الحكومية املكلفة بالعدل
: يرفق املترشح تصريحه بالترشيح بالوثائق التالية
.وتحرير محاضر بذلك
شهادة مسلمة من رئيس املجلس الجهوي الذي ينتمي اليه تثبت-
توفره على صفة ناخب؛
31 املادة
شهادة مسلمة من السلطة الحكومية املكلفة بالعدل تثبت-
 ) سنوات10( ممارسته املهنة بصفة فعلية ملدة ال تقل عن عشر
 بالنسبة للمترشح ملنصب رئيس املجلس الجهوي، وملدة ال تقل
 ) سنوات بالنسبة للمترشح لعضوية مكتب املجلس5( عن خمس
يقوم رئيس اللجنة املشرفة على العملية االنتخابية، فور انتهاء
 عملية التصويت، بفتح صندوق االقتراع امام انظار ممثلي املترشحين
 الحاضرين، واحصاء اوراق التصويت املوجودة بالصندوق للتاكد
 من مطابقتها لعدد املصوتين، ثم تقوم اللجنة بفرزها حسب التصنيف
الجهوي؛
: التالي
شهادة مسلمة من رئيس كتابة ضبط املحكمة االبتدائية تثبت-
عدم صدور عقوبة تاديبية في حقه باستثناء عقوبة االنذار
االوراق املعتبرة صحيحة؛-
او التوبيخ، وما يثبت رد االعتبار  اليه عند االقتضاء؛
االوراق امللغاة؛-
. من السجل العدلي3  البطاقة رقم-
. االوراق املتنازع بشانها-
الفرع الثاني
32 املادة
كيفيات التصويت وفرز االصوات ونموذج محاضر انتخاب
رئيس واعضاء مكتب املجل",Pénal,"Pénal=4, Administratif=3, Fiscal=2",Pénal,True,AR : texte source à réingérer (ordre des mots/paragraphes corrompu dès l'extraction PDF) — label non vérifié
471,BO_7506_Ar,40,ar,"املادة
تقوم اللجنة املشرفة على سير العملية االنتخابية بافتتاح االقتراع
يقوم رئيس اللجنة املشرفة على سير العملية االنتخابية، فور انتهاء
.في الساعة املحددة في املقرر الصادر عن مكتب املجلس الجهوي
 واذا تعذر ذلك لسبب قاهر وجب االشارة الى ذلك في محضر العمليات
عملية التصويت، اوال بفتح صندوق االقتراع الخاص بانتخاب اعضاء،مكتب املجلس الجهوي امام انظار ممثلي املترشحين الحاضرين
.االنتخابية
واحصاء اوراق التصويت املوجودة بالصندوق للتاكد من مطابقتها
يفتح رئيس اللجنة املشرفة على سير العملية االنتخابية صندوق
 االقتراع الخاص بانتخاب رئيس املجلس الجهوي والصندوق الخاص
: لعدد املصوتين، ثم تقوم اللجنة بفرزها حسب التصنيف التالي
االوراق املعتبرة صحيحة؛-
بانتخاب اعضاء مكتبه، ثم يقوم باغالق كل واحد منهما بقفلين
 او مغالقين متباينين، يحتفظ بمفتاح كل واحد منهما ويسلم االخر الى
االوراق امللغاة؛-
.املقرر
. االوراق املتنازع بشانها-
37 املادة
كما تقوم اللجنة باحصاء عدد االصوات التي حصل عليها كل
.مترشح لعضوية مكتب املجلس الجهوي
: تتم عملية التصويت كما يلي
يقدم الناخب عند دخوله قاعة التصويت ما يثبت هويته؛-
41 املادة
تتحقق اللجنة املشرفة على سير العملية االنتخابية من وجود-
يتم فتح صندوق االقتراع الخاص بانتخاب رئيس املجلس الجهوي
اسمه في الئحة الناخبين؛
واحصاء وفرز اوراق التصويت وكذا عدد االصوات التي حصل عليها
. اعاله40 كل مترشح وفق مقتضيات املادة
ياخذ كل ناخب ورقة تصويت خاصة بانتخاب رئيس املجلس-
الجهوي، واخرى خاصة بانتخاب اعضاء مكتب املجلس الجهوي؛
42 املادة
يدخل الناخب الى املعزل، ويصوت بوضع عالمة امام اسم املترشح-
 الذي يختاره ملنصب رئيس املجلس الجهوي وعالمة امام اسم، السالف الذكر46.21  من القانون رقم163 طبقا الحكام املادة
تحرر اللجنة املشرفة على سير العملية االنتخابية املحاضر املتعلقة
املترشح الذي يختاره لعضوية مكتب املجلس الجهوي؛
بانتخاب كل من رئيس املجلس الجهوي واعضاء مكتبه في ثالثة نظائر
يقوم الناخب بطي ورقتي االقتراع قبل الخروج من املعزل ويودع-
 بنفسه كل واحدة في صندوق االقتراع الخاص بها ثم يوقع مقابل
.وفق نموذج يحدد بقرار للسلطة الحكومية املكلفة بالعدل
الباب التاسع
.اسمه في الئحة الناخبين
مقتضيات ختامية
38",Administratif,"Administratif=7, Fiscal=0, Social=0",Administratif,False,AR : texte source à réingérer (ordre des mots/paragraphes corrompu dès l'extraction PDF) — label non vérifié
472,BO_7506_Ar,43,ar,"املادة
تنتهي عملية التصويت في الوقت املحدد في مقرر مكتب املجلس
 الجهوي، ويعلن عن ذلك في مكان االقتراع، وال يقبل بعد ذلك اي
46.21  من القانون رقم113 يقصد ب «االدارة» في مدلول املادة
.السالف الذكر، السلطة الحكومية املكلفة بالعدل
.تصويت
الجريدة الرسمية((7    يام(( 19 19  1دعقلا وذ  919 - 7506 عدد 2620
: رسم ما يلي
44 املادة
ينسخ ابتداء من تاريخ نشر هذا املرسوم بالجريدة الرسمية
 1429  من شوال28  الصادر في2.08.372 املرسوم رقم
  بتنظيم مهنة81.03 ) بتطبيق احكام القانون رقم2008  اكتوبر28(
املادة االولى
7 و6 و5 و4 و3 تغير وتتمم، على النحو التالي، مقتضيات املواد
.املفوضين القضائيين
من املرسوم املشار اليه اعاله15 (الفقرة االولى) و12 و11 و9 و8و
: )2014  اغسطس25( 1435  من شوال28  الصادر في2.14.377 رقم
45 املادة
يسند تنفيذ هذا املرسوم، الذي ينشر في الجريدة الرسمية، الى
 وزير العدل والوزير املنتدب لدى وزيرة االقتصاد واملالية املكلف
. ينظم التكوين ................................................. ووحدات- .3 «املادة
: «وتحدد اسالك التكوين باملعهد في االسالك التالية
.بامليزانية، كل واحد منهما فيما يخصه
االجازة؛- «
. )2026  ابريل16( 1447  من شوال28 وحرر بالرباط في
املاستر؛- «
.االمضاء : عزيز اخنوش
:وقعه بالعطف
املهندس؛- «،وزير العدل
. الدكتوراه- «
.االمضاء : عبد اللطيف وهبي
«يتم ترصيد الوحدات املكتسبة في هذه التكوينات وفق االرصدة
الوزير املنتدب لدى وزيرة االقتصاد واملالية
.«القياسية املخصصة لها،املكلف بامليزانية
.االمضاء : فوزي لقجع
«يعد الرصيد القيا؟سي قيمة عددية متناسبة مع حجم العمل،«املطلوب من الطالب، من الوقت الالزم للدراسة والعمل الشخظصي
)2026  ابريل22( 1447 ةدعقلا يذ
4  صادر في2.26.23 مرسوم رقم
 من28  الصادر في2.14.377 بتغيير وتتميم املرسوم رقم
  تنظيم املعهد العالية) باعاد2014  اغسطس25( 1435 شوال
«وكذا التقييم بهدف اكتساب املعارف والكفايات املتوخاة من وحدات
.«الفصول الدراسية
.يللصيد البحر
رصيدا قياسيا. ويحدد عدد30 «يخصص لكل فصل درا؟سي
«االرصدة القياسية املخصصة لكل وحدة وكيفيات توزيعها على،رئيس الحكومة
«الفصول الدراسية بسلك التكوين املعني في دفاتر الضوابط
من28  الصادر في2.14.377 بعد االطالع على املرسوم رقم
 ) باعادة تنظيم املعهد العالي للصيد2014  اغسطس25( 1435 شوال
  (الفقرة12 و11 و9 و8 و7 و6 و5 و4 و3 البحري وال سيما املواد
«البيداغوجية الوطنية ودفتر الضوابط العلمية والبيداغوجية
. ادناه9 و7 «الوطنية املنصوص عليها في املادتين
منه؛15االولى) و
«تلقن التكوينات باملعهد حضوريا، ويمكن اللجوء الى التكوين عن
«بعد او بالتناوب، وذلك طبقا للنصوص التشريعية والتنظيمية
وباقتراح من وزير الفالحة والصيد البحري والتنمية القروية
واملياه والغابات؛
.«الجاري بها العمل
وراي2025  ابريل11 وبعد استطالع راي مجلس التنسيق بتاريخ
:  يتولى املعهد .......................................... الوطنية التالية- .4 «املادة؛2025  ابريل25 اللجنة الوطنية لتنسيق التعليم العالي بتاريخ
االجازة؛- «
1447  من شوال14 وبعد املداولة في مجلس الحكومة املنعقد بتاريخ،)2026  ابريل2(
املاستر؛- «
الجريدة الرسمية2621
 ((7    يام(( 19 19  1دعقلا وذ  919 - 7506 عدد
يصادق على دفاتر الضوابط البيداغوجية الوطنية- .11 «املادة
 «ودفتر الضوابط العلمية والبيداغوجية الوطنية بقرارات مشتركة
 «للسلطة الحكومية املكلفة بالصيد البحري والسلطة الحكومية املكلفة
مهندس الدولة؛- «
. الدكتوراه- «
.»«ترفق كل شهادة وطنية بملحق لها يسمى «ملحق الشهادة
 «ويتضمن، على الخصوص، معلومات مفصلة حول مسار التكوين
 «االكاديمي للطالب، بما في ذلك االنشطة البيداغوجية والعلمية
................................................................................ «بالتعليم العالي بناء
.«...................... لتنسيق التعليم العالي
.«والثقافية والفنية والرياضية وباقي االنشطة املوازية
تحدد الئحة املسالك املعتمدة باملعهد- .) (الفقرة االولى12 «املادة
 «بقرار مشترك للسلطة الحكومية املكلفة بالصيد البحري والسلطة
«وتحدد نماذج الشهادات الوطنية سالفة الذكر ومالحقها بقرار
 «للسلطة الحكومية املكلفة بالصيد البحري. وتوقع على الشهادات
 «املذكورة اعاله كل من السلطة الحكومية املكلفة بالصيد البحري
............................... «الحكومية املكلفة بالتعليم العالي بعد استطالع
».«التعليم العالي
.«ومدير املعهد
يعين املديران املساعدان ................................... من بين- .15 «املادة
.....................................................  يستغرق سلك االجازة- .5 «املادة
: «اساتذة التعليم العالي او االساتذة املحاضرين املؤهلين
: «................................................ على مرحلتين
.................................................«
.................................................................  تستغرق املرحلة االولى- «
«بدبلوم الدراسات الجامعية العامة؛
).(الباقي ال تغيير فيه
تستغرق املرحلة الثانية ....................................................... بعد- «
 «دبلوم الدراسات الجامعية العامة او شهادة وطنية من نفس",Fiscal,"Fiscal=5, Civil=1, Urbain=1",Fiscal,False,AR : texte source à réingérer (ordre des mots/paragraphes corrompu dès l'extraction PDF) — label non vérifié
473,BO_7506_Ar,الثانية,ar,"تتمم، على النحو التالي، مقتضيات املرسوم املشار اليه اعاله
.«املستوى او شهادة معترف بمعادلتها لها، وتتوج بشهادة االجازة
:  املكررة6  ب",Indéterminé,"Fiscal=0, Social=0, Administratif=0",Indéterminé,False,AR : texte source à réingérer (ordre des mots/paragraphes corrompu dès l'extraction PDF) — label non vérifié
474,BO_7506_Ar,2,ar,"14.377 رقم
يستغرق سلك املاستر اربعة فصول بعد شهادة االجازة- .6 «املادة
«او شهادة االجازة في الدراسات االساسية او شهادة االجازة املهنية
 «او شهادة وطنية ................................................................، ويتوج هذا
يستغرق سلك املهندس ستة فصول بعد االقسام- . املكررة6 «املادة
 «التحضيرية العلمية والتكنولوجية واجتياز بنجاح املباراة الوطنية
 «لاللتحاق ببعض مؤسسات تكوين املهندسين، ويفتح هذا السلك
.«السلك بشهادة املاستر،«ايضا، في وجه الحاصلين على دبلوم الدراسات الجامعية العامة
 «او دبلوم الدراسات الجامعية املهنية، او شهادة وطنية من نفس
 «املستوى او شهادة معترف بمعادلتها لها، وذلك في ميادين التكوين
 «باملعهد، او الحاصلين على شهادة االجازة او شهادة االجازة في
 «الدراسات االساسية او شهادة االجازة املهنية او شهادة االجازة
 «في العلوم والتقنيات او شهادة وطنية من نفس املستوى او شهادة
تحدد دفاتر .............................................. سلك االجازة- .7 «املادة
: «وسلك املاستر وسلك املهندس ما يلي
.................................................«
).(الباقي ال تغيير فيه
يستغرق سلك الدكتوراه ثالث سنوات، بعد شهادة- .8 «املادة
«املاستر او شهادة املاستر املتخصص او دبلوم مهندس الدولة، او احدى
 «الشهادات الوطنية املحددة الئحتها بقرار مشترك للسلطة الحكومية
.«معترف بمعادلتها لها، وذلك في ميادين التكوين باملعهد
».«ويتوج هذا السلك بدبلوم مهندس الدولة
..... «املكلفة بالصيد البحري والسلطة الحكومية املكلفة بالتعليم العالي
.«.................................. بشهادة الدكتوراه
املادة الثالثة
«يمكن، بصفة استثنائية، تمديد هذه املدة لسنة او سنتين او ثالث
 «سنوات على االكثر وفق الشروط الواردة في دفتر الضوابط العلمية
تدخل مقتضيات هذا املرسوم حيز التنفيذ ابتداء من السنة
.2025-2024 الدراسية
. بعده9 «والبيداغوجية الوطنية املنصوص عليه في",Indéterminé,"Fiscal=0, Social=0, Administratif=0",Indéterminé,False,AR : texte source à réingérer (ordre des mots/paragraphes corrompu dès l'extraction PDF) — label non vérifié
475,BO_7506_Ar,2025,ar,"2024 غير ان الطلبة املسجلين بانتظام قبل السنة الدراسية
 لتحضير شهادة االجازة في الدراسات االساسية او شهادة االجازة
 املهنية او شهادة املاستر او شهادة املاستر املتخصص او شهادة
 2.14.377 الدكتوراه، يظلون خاضعين ملقتضيات املرسوم رقم
يحدد دفتر الضوابط العلمية والبيداغوجية الوطنية- .9 «املادة
: «لسلك الدكتوراه
.................................................«
.الجاري به العمل قبل دخول هذا املرسوم حيز التنفيذ
).(الباقي ال تغيير فيه
الجريدة الرسمية((7    يام(( 19 19  1دعقلا وذ  919 - 7506 عدد 2622
واستطالع راي املجلس الوطني للصيد وتربية االحياء املائية في
املادة الرابعة؛2025  يناير29 املياه البرية، املنعقد بتاريخ
يسند تنفيذ هذا املرسوم، الذي ينشر بالجريدة الرسمية، الى
 وزير الفالحة والصيد البحري والتنمية القروية واملياه والغابات
 ووزير التعليم العالي والبحث العلمي واالبتكار والوزير املنتدب لدى
 وزيرة االقتصاد واملالية املكلف بامليزانية والوزيرة املنتدبة لدى رئيس
 الحكومة املكلفة باالنتقال الرقمي واصالح االدارة، كل واحد منهم
من22 وبعد املداولة في مجلس الحكومة املنعقد بتاريخ،)2026  مارس12( 1447 رمضان
: رسم ما يلي
الباب االول
مقتضيات عامة
.فيما يخصه
.)2026  ابريل22( 1447  ذي القعدة4 وحرر بالرباط في
املادة االولى
.االمضاء : عزيز اخنوش
يراد باالدارة املكلفة باملياه والغابات املشار اليها في القسم االول
  من الظهير الشريف املشار اليه اعاله الصادر34 والثاني وفي الفصل
 )، الوكالة الوطنية للمياه1922  ابريل11( 1340  من شعبان12 في
: وقعه بالعطف
وزير الفالحة والصيد البحري والتنمية
.»والغابات، ويشار اليها في ما يلي باسم «الوكالة،القروية واملياه والغابات
2 املادة
.االمضاء : احمد البواري
: يراد في مدلول هذا املرسوم باملصطلحات االتية ما يلي،وزير التعليم العالي والبحث العلمي واالبتكار
العقد الذي تمنح بموجبه:  استئجار حق الصيد في املياه البرية- 1
 الوكالة، لفائدة شخص ذاتي او اعتباري، حق ممارسة الصيد في املياه
.االمضاء : عز الدين املداوي،البرية الغراض تجارية او ترفيهية بشكل مؤقت ومقابل اداء اتاوة
الوزير املنتدب لدى وزيرة االقتصاد
في وسط مائي معين او من اجل صيد اصناف مائية خاصة؛،واملالية املكلف بامليزانية
تظاهرة تنظم في وقت:  في الصيد الرياعضيةا منافسة او مبار- 2
 محدد تهدف الى تنظيم سباق في الصيد في املياه البرية، وفق برنامج
.االمضاء : فوزي لقجع
معد سلفا وعدد محدد من املشاركين؛
الوزيرة املنتدبة لدى رئيس الحكومة
عملية صيد تقتغضي اعادة االسماك، مهما:  الصيد غير القاتل- 3
 كان حجمها، حية وطليقة مباشرة بعد صيدها، الى نفس الوسط املائي،املكلفة باالنتقال الرقمي واصالح االدارة
.االمضاء : امل الفالح
.الذي تم صيدها فيه
الباب الثاني
رخص الصيد في املياه البرية
1447 ةدعقلا يذ
5  صادر في2.23.968 مرسوم رقم
) يتعلق بممارسة الصيد في املياه البرية2026  ابريل23(
3 املادة،رئيس الحكومة
1340  من شعبان12 بناء على الظهير الشريف الصادر في،) بشان الصيد وتربية االحياء املائية في املياه البرية1922  ابريل11(
 10-2 و9-2 و5-2 و2 كما تم تغييره وتتميمه، ال سيما احكام الفصول
تسلم رخصة الصيد في املياه البرية املنصوص عليها في الفصل الثاني
 1340  من شعبان12 من الظهير الشريف السالف الذكر الصادر في
)، من قبل الوكالة او من قبل مستاجر حق الصيد1922  ابريل11(
.او من قبل منظم الصيد السياحي تحت مراقبة الوكالة
منه؛34 و1-8 و5 و4 و3 و15-2 و14-2 و13-2 و12-2 و11-2و
4 املادة
املتعلق باحداث الوكالة الوطنية للمياه52.20  وعلى القانون رقم
  ذي3  بتاريخ1.21.71 والغابات، الصادر بتنفيذه الظهير الشريف رقم
 3 )، كما تم تغييره، وال سيما املادتين2021  يوليو14( 1442 الحجة
: تحدد فئات رخص الصيد في املياه البرية على النحو االتي
: ي بالنسبة لرخص الصيد التجار- 1
الرخصة ا : تخول الحق في ممارسة الصيد الصغير املنصوص عليه-
 في الفصل الثالث من الظهير الشريف السالف الذكر الصادر في
منه؛5و
)، الغراض تجارية؛1922  ابريل11( 1340  من شعبان12
وبعد استطالع راي الوكالة الوطنية للمياه والغابات؛
الجريدة الرسمية2623
 ((7    يام(( 19 19  1دعقلا وذ  919 - 7506 عدد
:  بالنسبة لرخص الصيد الترفيهي- 2
7 املادة
تسلم رخصة الصيد التربوي (الرخصة ج) الى املستفيدين من
  من الظهير الشريف2-11 التكوين في الصيد املنصوص عليه في الفصل
 ) من1922  ابريل11( 1340  من شعبان12 السالف الذكر الصادر في
 قبل الوكالة او من قبل مستاجر حق الصيد املعني عندما يتوفر هذا
 االخير على مدرسة معتمدة للصيد، وذلك وفق الكيفيات املحددة في
: تخول الحق في ممارسة الصيد في املياه التي تحتوي1- الرخصة ب-
على السلمونيات؛
: تخول الحق في ممارسة الصيد في االوساط املائية2-الرخصة ب -
املفتوحة للصيد، باستثناء املياه التي تحتوي على السلمونيات؛
: تخول الحق في ممارسة الصيد في املسطحات3-الرخصة ب -
. ادناه27 دفتر التحمالت املشار اليه في املادة
املائية املخصصة لالستزراع؛
الباب الثالث
: ي بالنسبة لرخص الصيد التربو- 3
داستئجار حق الصي
الرخصة ج : تخول حق ممارسة الصيد لالشخاص املستفيدين -
الفرع االول،) سنة18( من تكوين في الصيد البالغين اقل من ثمانية عشرة
منح استئجار حق الصيد في اطار طلب املنافسة
.في تاريخ ايداع طلب الحصول على الرخصة
8",Fiscal,"Fiscal=4, Civil=3, Social=2",Fiscal,False,AR : texte source à réingérer (ordre des mots/paragraphes corrompu dès l'extraction PDF) — label non vérifié
476,BO_7506_Ar,5,ar,"املادة
ملنح استئجار حق الصيد في اطار طلب املنافسة، ومن اجل تطبيق
اعاله4 ) من",Indéterminé,"Fiscal=0, Social=0, Administratif=0",Indéterminé,False,AR : texte source à réingérer (ordre des mots/paragraphes corrompu dès l'extraction PDF) — label non vérifié
477,BO_7506_Ar,1,ar,"املنصوص عليها في البند-ا- تسلم الرخصة
 ملوسم صيد واحد. وتكون صالحة، فقط، من اجل ممارسة الصيد
من الظهير الشريف السالف الذكر الصادر في2-5 احكام الفصل
: )، يؤخذ بعين االعتبار ما يلي1922  ابريل11( 1340  من شعبان12
.الهداف تجارية في الوسط املائي املبين فيها
طبيعة املشروع املقدم ومحتواه ومدى امكانية انجازه، وكذا مدى-،في حالة ممارسة هذا الصيد بواسطة قارب، وجبت االشارة
اندماجه ضمن سلسلة الصيد في املياه البرية؛
.في رخصة الصيد، الى مراجع تسجيل القارب املستعمل
البرنامج املرتقب للتهيئة السمكية من اجل تدبير مستدام للموارد-
 السمكية داخل الوسط املستاجر فيه حق الصيد، بما في ذلك
 عدد اليرقات املخصصة الستزراع الوسط املذكور، وكذا التنوع
تسلم رخصة الصيد الترفيهي ورخصة الصيد التربوي املنصوص
  اعاله، ملوسم صيد واحد او لفترة4 ) من",Commercial,"Commercial=2, Urbain=1, Fiscal=0",Commercial,False,AR : texte source à réingérer (ordre des mots/paragraphes corrompu dès l'extraction PDF) — label non vérifié
478,BO_7506_Ar,3,ar,") و2 عليهما في البندين
البيولوجي املائي الذي يزخر به هذا الوسط؛
.او فترات صيد محددة خالل موسم الصيد املذكور
الوسائل البشرية، ال سيما اشراك الساكنة املحلية، وكذا-
 الوسائل املادية والتنظيمية املزمع تعبئتها لضمان استغالل
 مستدام للوسط املستاجر فيه حق الصيد، بما في ذلك بنيات
6 املادة
)، حسب نوع3- و ب2- و ب1-تسلم رخصة الصيد الترفيهي (ب
: الصيد املمارس، لفئات الصيادين التالية
تثمين املصطادات؛
) سنة فما فوق في18(  الصيادون الكبار البالغون ثمانية عشرة-
االستثمارات املرتقبة قصد االسهام في تنمية السياحة-
 االيكولوجية، خاصة ما يتعلق منها بااليواء والتنشيط عندما
تاريخ ايداع طلب الحصول على الرخصة؛
)18(  والصيادون الشباب الذين تقل اعمارهم عن ثمانية عشرة-
يتعلق االمر باستئجار حق الصيد الترفيهي؛
سنة في تاريخ ايداع طلب الحصول على الرخصة؛
اقتصادية، بما في ذلك خلق فرص- انعكاسات املشروع السوسيو-
الشغل على املستوى املحلي؛
. الصيادون االجانب غير املقيمين-
تجربة صاحب الطلب في مجال الصيد في املياه البرية؛-،تسلم رخصة الصيد الترفيهي التي تشمل موسم صيد واحد
.مباشرة، من قبل الوكالة الى املستفيدين
االنشطة املبرمجة للتحسيس والتربية البيئية، بما في ذلك املساهمة-
 في تكوين الصيادين الشباب، عندما يتعلق االمر باستئجار حق
تسلم رخصة الصيد الترفيهي التي تشمل فترة صيد واحدة او اكثر
 خالل موسم صيد واحد، مباشرة من قبل الوكالة، او من قبل مستاجر
الصيد الترفيهي؛
. مبلغ االتاوة السنوية املقترحة-
.حق الصيد الترفيهي او من قبل منظم الصيد السياحي املعتمد
الجريدة الرسمية((7    يام(( 19 19  1دعقلا وذ  919 - 7506 عدد 2624
الفرع الثاني
9 املادة
منح استئجار حق الصيد بالتراعضي،) يوما، على االقل21( ينشر اعالن طلب املنافسة واحد وعشرون
 قبل التاريخ املحدد لدراسة ملفات املترشحين. وينشر هذا االعالن
 في جريدة واحدة او اكثر من الجرائد واسعة االنتشار على الصعيد
 الوطني. ويمكن، عند االقتضاء، نشره على املوقع االلكتروني للوكالة
13 املادة
يقتصر منح استئجار حق الصيد بالتراعضي على تعاونيات الصيادين
  من الظهير الشريف2-5 او جمعيات الصيد، املنصوص عليه في الفصل
.او بكل وسيلة اخرى يراها املدير العام للوكالة مناسبة،)1922  ابريل11( 1340  من شعبان12 السالف الذكر الصادر في
: على االوساط املائية املخصصة لالغراض التالية
10 املادة
تنفيذ مشروع مندمج للتدبير املستدام للموارد السمكية؛-
تضع املصلحة املختصة التابعة للوكالة التي يوجد الوسط املراد
 استئجار حق الصيد فيه ضمن نفوذها ملف استشارة رهن اشارة
انجاز برنامج هيكلي يهدف الى تنظيم الصيادين على املستوى-
املحلي؛
: املترشحين. ويتضمن هذا امللف
اقتصادية الترابية ترتكز على- او تنفيذ مبادرة للتنمية السوسيو-
مطبوع الطلب يعد وفق النموذج الذي توفره املصلحة املختصة-
.تثمين املوارد السمكية
املذكورة او املتوفر على املوقع االلكتروني للوكالة؛
من اجل منح استئجار حق الصيد املذكور، يتعين على ممثل
 التعاونية او الجمعية، حسب الحالة، تقديم مشروع يهدف الى
 املساهمة في التنمية املستدامة املحلية، ويبرز القدرات التقنية واملالية
املبلغ االدنى لالتاوة السنوية املحددة بالنسبة للوسط املراد-
استئجار حق الصيد فيه؛
كل وثيقة تمكن من تحديد هوية املترشح؛-
.والتنظيمية للتعاونية او الجمعية من اجل ضمان تنفيذه الفعلي
يجب ان يتضمن ملف الطلب الذي يتم ايداعه لدى املصلحة
مبلغ الضمانة املالية املؤقتة املطلوب؛-
: املختصة التابعة للوكالة، الوثائق التالية
مشروع دفتر التحمالت املتعلق باستئجار حق الصيد واملنصوص-
  من الظهير الشريف السالف الذكر الصادر5-2 عليه في الفصل
 ) يعد وفق النموذج1922  ابريل11( 1340  من شعبان12 في
مذكرة تقديم للمشروع تبرز اهدافه، وكيفيات تنفيذه وانعكاساته-
املتوقعة؛
بطاقة وصفية للوسط املائي املعني؛-
.املحدد بقرار للسلطة الحكومية املكلفة باملياه والغابات
مخطط عمل مفصل ومتعدد السنوات؛-
11 املادة
مشروع دفتر التحمالت يتعلق باستئجار حق الصيد املطلوب-
 يعد وفق النموذج املحدد بقرار للسلطة الحكومية املكلفة باملياه
تودع ملفات الترشح لدى املصلحة املختصة املشار اليها في املادة
  اعاله، في حامل ورقي او بطريقة الكترونية. ويتكون كل ملف على10
والغابات، وتتم تعبئته والتوقيع عليه من قبل ممثل التعاونية
.حدة من جزء اداري وجزء تقني، وعرض مالي
او الجمعية، حسب الحالة؛
12 املادة
. العرض املالي املتعلق باالتاوة السنوية املقترحة-
تتولى لجنة تقنية يعينها املدير العام للوكالة دراسة وتقييم ملفات
الفرع الثالث
.الترشح املودعة
دعقد استئجار حق الصي
تعد اللجنة، عقب انتهاء اشغالها، تقريرا معلال يتضمن ترتيب
14 املادة
.املترشحين ومقترحات منح استئجار حق الصيد
2-5 يعد عقد استئجار حق الصيد املنصوص عليه في الفصل
 1340  من شعبان12 من الظهير الشريف السالف الذكر الصادر في
 ) املزمع ابرامه بين املدير العام للوكالة ومستاجر حق1922  ابريل11(
ويتم منح استئجار حق الصيد داخل وسط مائي معين بموجب،عقد استئجار يتم ابرامه بين الوكالة، ممثلة في شخص مديرها العام
.الصيد، في نسختين اصليتين
.واملترشح املقبول
الجريدة الرسمية2625
 ((7    يام(( 19 19  1دعقلا وذ  919 - 7506 عدد
يرفق طلب التجديد بالوثائق التي تثبت ان مستاجر حق الصيد
عقب اختيار مستاجر حق الصيد، يوجه املدير العام للوكالة
: قد،النسختان االصليتان من عقد استئجار حق الصيد الى املستاجر
.بكل وسيلة تثبت التوصل
ادى، بصفة منتظمة، مبلغ االتاوة املستحق؛-
) يوما من ايام العمل30( يتوفر املستاجر املذكور على اجل ثالثين
 يحتسب ابتداء من تاريخ التوصل بالنسختين االصليتين قصد التوقيع
 عليهما وايداعهما لدى املصلحة املختصة بالوكالة التابع لنفوذها
 الوسط املائي املعني باستئجار حق الصيد او ارسالهما اليها بكل وسيلة
. احترم جميع االلتزامات املنصوص عليها في دفتر التحمالت-
تعد املصلحة املختصة، بناء على الوثائق التي تم االدالء بها، تقريرا
.يتضمن تقييما يوجه الى املدير العام للوكالة
يمكن للمصلحة املختصة، من اجل انجاز التقييم املذكور، ان
 تقوم بزيارة ميدانية او اكثر للتحقق من مدى مطابقة املنجزات لبنود
.تثبت التوصل
اذا لم تتوصل املصلحة املختصة املشار اليها اعاله، بعد انصرام
 االجل املذكور، بالنسختين االصليتين موقع عليهما من قبل مستاجر
 حق الصيد، يصبح عقد استئجار حق الصيد الغيا، ما لم يكن املانع
.دفتر التحمالت
18 املادة
يكون تجديد عقد استئجار حق الصيد موضوع ملحق بعقد
 استئجار حق الصيد املذكور يوقعه املدير العام للوكالة ومستاجر
.من احترام املستاجر لالجل املذكور قوة قاهرة مثبتة
يشعر املدير العام للوكالة، بمقرر معلل، املعني باالمر بالغاء عقد
.حق الصيد
.استئجار حق الصيد
في حالة عدم تجديد عقد استئجار حق الصيد، يمكن ان يكون
 الوسط املعني موضوع استئجار حق الصيد من جديد طبقا ملقتضيات
10 ويتم تحويل مبلغ الضمانة املالية املؤقتة املشار اليه في املادة
.اعاله، لفائدة الخزينة العامة للمملكة
.هذا املرسوم
يمكن ان يشكل الوسط املائي املعني موضوع طلب منافسة جديد
19 املادة
.الستئجار حق الصيد
من الظهير الشريف2-5 بالنسبة للحاالت املنصوص عليها في الفصل،)1922  ابريل11( 1340  من شعبان12 السالف الذك",Commercial,"Commercial=10, Civil=9, Social=6",Commercial,True,AR : texte source à réingérer (ordre des mots/paragraphes corrompu dès l'extraction PDF) — label non vérifié
479,BO_7506_Ar,30,ar,"املادة
يتعين على االشخاص املكلفين بالتكوين في الصيد ضمن مدرسة
 الصيد واملشار اليهم باسم «مدربو الصيد»، ان يتوفروا على رخص
 الصيد املطابقة لنوع الصيد الذي يتم تعليمه، وان يثبتوا توفرهم
 على الكفاءات الالزمة في مجال الصيد في املياه البرية وممارسته
 االيكولوجية، من خالل تكوين في الصيد تنظمه الوكالة او يتم تنظيمه
يعد طلب الحصول على رخصة الصيد التنظيمي وفق النموذج
.املتاح على املوقع االلكتروني للوكالة او املتوفر لدى مصالحها املختصة
34 املادة
يوجه املستفيد من رخصة الصيد التنظيمي، عقب نهاية عملية
: الصيد، تقريرا مفصال حول العملية الى الوكالة. ويبين هذا التقرير
.تحت اشرافها
تسلم الوكالة، عند نهاية التكوين، لكل مدرب صيد وثيقة تثبت
االصناف املعنية بالصيد التنظيمي، وكمية العينات املصطادة-
.تقنيات او اصناف الصيد التي يخول له تعليمها
وحجمها وعددها، وكذا وجهتها؛
الفرع الرابع
ظروف سير عملية الصيد التنظيمي؛-
الصيد التنظيمي في املياه البرية
االختالالت او حاالت النفوق التي تتم معاينتها؛-
31 املادة
. كل معلومات اخرى مفيدة-
من الظهير2-12 يكون الصيد التنظيمي املنصوص عليه في الفصل
الفرع الخامس
)1922  ابريل11( 1340  من شعبان12 الشريف السالف الذكر الصادر في
 موضوع مقرر للمدير العام للوكالة، بناء على تقرير تعده املصالح
 املختصة التابعة للوكالة املذكورة يبرز ضرورة الحد من انتشار نوع
الصيد الترفيهي في املياه البرية
35 املادة
.غاز او ضرورة اعادة التوازن االيكولوجي لوسط مائي
2-13 يمكن ممارسة الصيد الترفيهي املنصوص عليه في الفصل
اذا لم تمارس املصالح التابعة للوكالة عملية الصيد التنظيمي
 مباشرة، يمكن للمدير العام للوكالة املذكورة منح رخصة الصيد
1340  من شعبان12 من الظهير الشريف السالف الذكر الصادر في
) بشكل فردي او جماعي، انطالقا من الضفاف1922  ابريل11(
.التنظيمي تمتد للفترة الالزمة لالنجاز عمليات الصيد املذكورة
او على متن قوارب الصيد، باستعمال الصنارة او باليد او معدات
تمنح الرخصة في اطار احترام مبدا املنافسة، بناء على طلب من
 جمعيات او جامعات الصيد، او كل شخص ذاتي او اعتباري يتوفر
.الصيد املرخص باستعمالها
يجب على كل مستفيد من رخصة الصيد الترفيهي ان يمارس
.على الكفاءات املطلوبة
نشاطه، شريطة اال يسبب اي ضرر للنظام البيئي املائي، وان يتقيد
تبين الرخصة هوية الشخص الذي يعهد اليه بمهمة انجاز عمليات،الصيد التنظيمي املذكورة، والوسط او االوساط املائية املعنية
 والصنف او االصناف املستهدفة، وكذا مراحل نمو العينات املراد
 اصطيادها، ومعدات وطرق الصيد املرخص باستعمالها، وكذا وجهة
باالجراءات الرامية الى املحافظة على التنوع البيولوجي املتخذة
من قبل الوكالة، وكذا النصوص التشريعية والتنظيمية املتعلقة
.بممارسة الصيد في املياه البرية
36 املادة
.املصطادات
32 املادة
يتعين على منظمي الصيد السياحي، ومنظمي مباريات او منافسات
الصيد، وكذا مستاجري حق الصيد الترفيهي، ان يعملوا على تشجيع
يتم القيام بعمليات الصيد التنظيمي من قبل صيادين يتوفرون
 على الكفاءات الضرورية وفي احترام للشروط الصحية والسالمة،وتطبيق ممارسات صيد تتالءم مع املحافظة على االصناف املائية
.)No-Kill( ال سيما من خالل ممارسة الصيد غير القاتل
.الصحية املطلوبة طبقا للتشريع والتنظيم الجاري بهما العمل
الجريدة الرسمية2629
 ((7    يام(( 19 19  1دعقلا وذ  919 - 7506 عدد
40",Social,"Social=2, Urbain=2, Fiscal=1",Social,False,AR : texte source à réingérer (ordre des mots/paragraphes corrompu dès l'extraction PDF) — label non vérifié
480,BO_7506_Ar,37,ar,"املادة،يمكن للمدير العام للوكالة سحب اعتماد منظم الصيد السياحي
  من الظهير الشريف2-14 وفق الشروط املنصوص عليها في الفصل
 )، بناء1922  ابريل11( 1340  من شعبان12 السالف الذكر الصادر في
يعد طلب الحصول على اعتماد منظم الصيد السياحي املنصوص
  من الظهير الشريف السالف الذكر الصادر في2-14 عليه في الفصل
 ) من قبل صاحب الطلب وفق1922  ابريل11( 1340  من شعبان12
.على تقرير تعده املصلحة املختصة التابعة للوكالة
.النموذج املحدد بقرار للسلطة الحكومية املكلفة باملياه والغابات
يبلغ قرار سحب االعتماد معلال الى منظم الصيد السياحي بكل
يرفق الطلب بمذكرة تبين صفة صاحب الطلب، سواء كان شخصا
 ذاتيا او اعتباريا، والوسائل املالية والبشرية والتقنية والتنظيمية التي
.وسيلة تثبت التوصل
.يتوفر عليها من اجل انجاز مشروعه املتعلق بتنظيم الصيد السياحي
41 املادة،كما تبين هذه املذكرة، عند االقتضاء، االنشطة الرئيسية املرتقبة
 وكذا خبرة صاحب الطلب في مجال تنظيم انشطة الصيد او املدارات
يعد طلب الترخيص بتنظيم منافسة او مباراة في الصيد املنصوص
  من الظهير الشريف السالف الذكر الصادر في2-15 عليه في الفصل
 )، من قبل صاحب الطلب وفق1922  ابريل11( 1340  من شعبان12
.السياحية
.النموذج املحدد بقرار للسلطة الحكومية املكلفة باملياه والغابات
38 املادة
يرفق الطلب بملف يتضمن املعلومات املنصوص عليها في
من اجل منح اعتماد منظم الصيد السياحي، يتم االخذ بعين
 االعتبار كفاءات صاحب الطلب في مجال تنظيم انشطة الصيد
 الترفيهي، ومعرفته بممارسات الصيد التي تحترم البيئة، وكذا املامه
:  املذكور، واملعلومات املتعلقة بما يلي15-2 الفصل
هوية صاحب الطلب؛- 1
.بالتشريع والتنظيم الجاري بهما العمل في مجال الصيد في املياه البرية
موقع االوساط املائية املرتقب اقامة املنافسة او املباراة فيها؛- 2
39 املادة
تاريخ تنظيم املنافسة او املباراة، والبرنامج املرتقب، وكيفيات- 3
من الظهير الشريف السالف الذكر الصادر في2-14 طبقا للفصل
 )، يمنح اعتماد منظم الصيد1922  ابريل11( 1340  من شعبان12
 ) سنوات قابلة3( السياحي من قبل املدير العام للوكالة ملدة ثالث
سير املنافسة او املباراة املذكورة؛
عدد املشاركين املتوقع حضورهم؛- 4
. االشخاص املكلفين بتنظيم املنافسة او املسابقة- 5
.للتجديد
42 املادة
يمكن تجديد االعتماد لفترات مماثلة، شريطة ان يبرز تقييم
 نشاط منظم الصيد السياحي املعني ان هذا االخير قد ساهم فعليا في،النهوض بالصيد في املياه البرية. ويتم، خالل عملية التقييم املذكورة
يمنح املدير العام للوكالة ترخيص تنظيم منافسة او مباراة في
: الصيد، اذا تبين، بعد دراسة الطلب وامللف املرفق به، ان
: االخذ بعين االعتبار، على الخصوص، العناصر التالية
املنافسة او املباراة في الصيد املزمع تنظيمها لها فائدة اقتصادية-
احترام املقتضيات التنظيمية الجاري بها العمل؛-
او تربوية؛
االسهام في تنمية الصيد املستدام؛-
البرنامج املقترح وعدد املشاركين املتوقع يستجيبان ملتطلبات-
السالمة وحسن سير التظاهرة؛
. تنفيذ انشطة تعزز املحافظة على املوارد السمكية وتثمينها-
تنظيم منافسة او مباراة في الصيد لن يؤثر على ممارسة انشطة-
يتم ايداع طلب تجديد االعتماد لدى املصلحة املختصة التي تولت
 ) اشهر، على6( دراسة الطلب االول للحصول على االعتماد ستة
 االقل، قبل تاريخ انتهاء مدة صالحية االعتماد، تحت طائلة رفض
الصيد االخرى او بانشطة تربية االحياء املائية في املياه البرية في
.املكان او االماكن املخصصة لتنظيم املنافسة او املباراة
.يتم نشر التراخيص املمنوحة على املوقع االلكتروني للوكالة
.الطلب
الجريدة الرسمية((7    يام(( 19 19  1دعقلا وذ  919 - 7506 عدد 2630
املعدات املستعملة في عملية ادخال عينات من االصناف املائية- 5
43 املادة
الدخيلة؛
يتعين على املستفيد من ترخيص تنظيم منافسة او مباراة في
 الصيد ان يودع لدى املصلحة املختصة التابعة للوكالة قائمة تضم،) ساعة، على االقل48( اسماء الصيادين املشاركين، ثمانية واربعين، االسم العلمي واالسم املحلي لالصناف املائية املراد ادخالها- 6
ومرحلة نمو العينات املراد ادخالها من االصناف املائية وكميتها؛
التدابير الصحية املتخذة قصد التاكد من ان العينات املراد- 7
.قبل التاريخ املحدد لتنظيم املنافسة او املباراة
ادخالها ال تحمل اي طفيليات او اي كائنات مسببة لالمراض املعدية؛
وحدهم الصيادون الواردة اسماؤهم في القائمة املذكورة، يمكنهم
مصدر العينات املراد ادخالها، وكيفيات نقلها، بما في ذلك- 8
 وصف االليات املستخدمة في نقلها، وكذا كيفيات تجديد املياه
.املشاركة في املنافسة او املباراة في االوساط املائية املعنية
44 املادة
واالجراءات الصحية املتخذة خالل عملية النقل؛
يتعين على املستفيد من ترخيص تنظيم منافسة او مباراة في
 الصيد ان يثب�ت، في االوساط املائية املعنية، عالمات تشوير مناسبة
 في شكل لوحات تشير بوضوح الى االماكن املخصصة للتظاهرة وتاريخ
الوسائل اللوجستيكية والتنظيمية املوضوعة رهن اشارة- 9
 اعوان املصلحة املختصة التابعة للوكالة املكلفين بحضور عملية
.ادخال عينات من االصناف املائية املعنية وضمان مراقبتها
.تنظيمها
اعاله اذا كان من شان45 ال يمكن منح الرخصة املشار اليها في املادة
 عملية ادخال عينات من االصناف املائية الدخيلة ان يشكل خطرا على،يوجه منظم منافسة او مباراة في الصيد، عقب املنافسة او املباراة
 تقريرا مفصال حول سير التظاهرة املذكورة الى املصلحة املختصة،التابعة للوكالة. ويبين التقرير، على الخصوص، عدد املشاركين
 وعدد العينات املصطادة، وكذا االنشطة التي تم تنظيمها على هامش
االصناف املوجودة في الوسط املائي املعني او ان يلحق ضررا بموطنها
.او توالدها
47 املادة
.املنافسة او املباراة
الباب الخامس
تتضمن الرخصة املسبقة الدخال االصناف الدخيلة من االحياء
 املائية في املياه البرية البيانات املنصوص عليها في الفقرة الثالثة
  من الظهير الشريف السالف الذكر الصادر في1-8 من الفصل
 )، وتبين الوسائل البشرية1922  ابريل11( 1340  من شعبان12
 واملادية والتنظيمية الالزمة لضمان حسن سير عملية االدخال
ادخال االصناف املائية الدخيلة الى املياه البرية
45 املادة
.املرخص بها
تمنح الرخصة املسبقة الدخال االصناف الدخيلة من االحياء
  من الظهير الشريف السالف8-1 املائية املنصوص عليها في الفصل
 )، الى املياه1922  ابريل11( 1340  من شعبان12 الذكر الصادر في
يتعين على املستفيد من الرخصة ان يخبر، بكل وسيلة تثبت
 التوصل، املصلحة املختصة التابعة للوكالة، على االقل، ثمانية
 ) ساعة قبل بدء عملية ادخال االصناف املذكورة. ويبين48( واربعين
.البرية من قبل املدير العام للوكالة، بناء على طلب من املعني باالمر
.هذا االخبار بالضبط ساعة بدء عملية االدخال املذكورة
46 املادة
ال يمكن اجراء اية عملية ادخال عينات من االصناف الدخيلة
 من االحياء املائية في املياه البرية دون حضور ممثل الوكالة فعليا الى
 املكان املعني. يتاكد هذا االخير من مطابقة العملية للشروط املقررة في
اعاله، وفق45 يعد طلب الرخصة املسبقة املشار اليها في املادة
 النموذج املتوفر على املوقع االلكتروني للوكالة او املسلم لهذا الغرض
.الرخصة املعنية
الباب السادس
مقتضيات تتعلق ببطاقة الحارس املتطوع
.من قبل مصالحها املختصة
يودع",Social,"Social=5, Urbain=2, Fiscal=1",Social,True,AR : texte source à réingérer (ordre des mots/paragraphes corrompu dès l'extraction PDF) — label non vérifié
481,BO_7506_Ar,54,ar,"املادة
: تحدد بقرار للسلطة الحكومية املكلفة باملياه والغابات
يمكن تجديد بطاقة الحارس املتطوع، وفق نفس الشروط التي
)6( سلمت على اساسها، بناء على طلب من الجمعية املعنية، تعده ستة
الئحة املياه التي يمارس فيها الصيد الكبير؛-
.اشهر على االقل قبل تاريخ انتهاء صالحية البطاقة املذكورة
تصنيف املياه حيث يمارس الصيد الصغير، بما في ذلك الصيد-
 »، وكذا الشروط التقنية وكيفيات الصيدNo Kill« غير القاتل
يمكن سحب بطاقة الحارس املتطوع بمقرر للمدير العام للوكالة
املطبقة؛
: في الحاالت التالية
الجريدة الرسمية((7    يام(( 19 19  1دعقلا وذ  919 - 7506 عدد 2632
املتعلق بعقود الشراكة بين القطاعين86.12 وعلى القانون رقم
 1.14.192 العام والخاص، الصادر بتنفيذه الظهير الشريف رقم
 )، كما وقع تغييره2014  ديسمبر24( 1436 بتاريخ فاتح ربيع االول
  الصادر بتنفيذه الظهير الشريف46.18 وتتميمه بالقانون رقم
املتطلبات املتعلقة باالدوات والوسائل املسموح بها ملمارسة الصيد-
في املياه البرية؛
فترات الصيد املسموح بها؛-
حصص الصيد في املياه البرية؛-
)؛2020  مارس6( 1441  من رجب11  بتاريخ1.20.04 رقم
الئحة املياه التي يتم فيها استئجار حق الصيد؛-
1436  من رجب24  الصادر في2.15.45 وعلى املرسوم رقم
  املتعلق بعقود الشراكة86.12 ) بتطبيق القانون رقم2015  ماي13(
االصناف املمنوع صيدها، تطبيقا الحكام الفصل الخامس من-
1340  من شعبان12 الظهير الشريف السالف الذكر الصادر في
)؛1922  ابريل11(
بين القطاعين العام والخاص؛
1443  من ربيع االول14  الصادر في2.21.834 وعلى املرسوم رقم
 ) املتعلق باختصاصات وزير الفالحة والصيد2021  اكتوبر21(
الئحة بعض املسطحات املائية املخصصة لالستزراع؛-
نموذج القانون االسا؟سي لجمعيات الصيد في املياه البرية؛-
البحري والتنمية القروية واملياه والغابات؛
محميات الصيد في املياه البرية؛-
1441  من جمادى االخرة23  الصادر في2.20.02 وعلى املرسوم رقم
 ) باملصادقة على عقد الشراكة بين القطاعين العام2020  فبراير18(
 والخاص للتمويل املشترك وتصميم وبناء واستغالل نظام الري في
. الحجم االدنى للمصطادات-
55 املادة
تدخل مقتضيات هذا املرسوم حيز التنفيذ ابتداء من تاريخ سريان
منطقة الداخلة؛
.مفعول القرارات املنصوص عليها اعاله والالزمة لتطبيقها
وبعد االطالع على عقد الشراكة بين القطاعين العام والخاص
 للتمويل املشترك وتصميم وبناء واستغالل نظام الري في منطقة
  بين الدولة2019  نوفمبر7 الداخلة الذي تم التوقيع عليه بتاريخ
 املغربية ممثلة في وزير الفالحة والصيد البحري والتنمية القروية
  (الشريكTIRISMA واملياه والغابات (الشخص العام) وشركة
56 املادة
يسند تنفيذ هذا املرسوم، الذي ينشر في الجريدة الرسمية، الى
.وزير الفالحة والصيد البحري والتنمية القروية واملياه والغابات
.)2026  ابريل23( 1447  ذي القعدة5 وحرر بالرباط في
الخاص)؛
.االمضاء : عزيز اخنوش
2019  نوفمبر7 وعلى اتفاقية تمويل املساهمة العامة املوقعة بتاريخ
 بين الحكومة املغربية ممثلة في وزير االقتصاد واملالية واصالح االدارة
 ووزير الفالحة والصيد البحري والتنمية القروية واملياه والغابات من
: وقعه بالعطف
وزير الفالحة والصيد البحري والتنمية القروية،واملياه والغابات
من جهة اخرى؛TIRISMA جهة وشركة
.االمضاء : احمد البواري
التفاقية تمويل املساهمة العامة1 وعلى العقد امللحق رقم
 ملشروع الشراكة بين القطاعين العام والخاص للتمويل املشترك
 وتصميم وبناء واستغالل نظام الري في منطقة الداخلة املوقعة بتاريخ
)2026  ابريل23( 1447 ةدعقلا يذ
5  صادر في2.26.297 مرسوم رقم
  التفاقية تمويل املساهمة2 باملصادقة على العقد امللحق رقم
 العامة ملشروع الشراكة بين القطاعين العام والخاص للتمويل
 املشترك وتصميم وبناء واستغالل نظام الري في منطقة؛2024  ابريل8
التفاقية تمويل املساهمة العامة2 وعلى العقد امللحق رقم
 ملشروع الشراكة بين القطاعين العام والخاص للتمويل املشترك
 وتصميم وبناء واستغالل نظام الري في منطقة الداخلة املوقعة بتاريخ
.الداخلة،رئيس الحكومة؛2025  ديسمبر31، منه90 بناء على الدستور وال سيما الفصل
وباقتراح من وزير الفالحة والصيد البحري والتنمية القروية
 واملياه والغابات والوزير املنتدب لدى وزيرة االقتصاد واملالية املكلف
املتعلق باملاء، الصادر بتنفيذه الظهير الشريف36.15 وعلى القانون
)2016 اغسطس10( 1437  ذي القعدة6  بتاريخ1.16.113 رقم،بامليزانية
منه؛77  الى72 وال سيما املواد من
الجريدة الرسمية2633
 ((7    يام(( 19 19  1دعقلا وذ  919 - 7506 عدد
: قرر ما يلي
: رسم ما يلي
املادة االولى
املادة االولى
التفاقية تمويل املساهمة2 يصادق على العقد امللحق رقم
 العامة ملشروع الشراكة بين القطاعين العام والخاص للتمويل
 املشترك وتصميم وبناء واستغالل نظام الري في منطقة الداخلة، بين وزارة الفالحة والصيد البحري2025  ديسمبر31 املوقع بتاريخ
 والتنمية القروية واملياه والغابات ووزارة االقتصاد واملالية وشركة
بهذا القرار، املواصفات واملتطلبات1 تحدد، وفق امللحق رقم
من املرسوم املشار اليه اعاله3 التقنية املشار اليها في املادة
  واملطبقة على ارتفاقات التصوية من اجل وضع نظام2.23.919 رقم
.لتمييز العوائق او من اجل تعديل نظام قائم",Urbain,"Urbain=8, Civil=6, Commercial=5",Urbain,False,AR : texte source à réingérer (ordre des mots/paragraphes corrompu dès l'extraction PDF) — label non vérifié
482,BO_7506_Ar,الثانية,ar,"» واملرفق باصل هذا املرسومTIRISMA«
بهذا القرار، نموذج «االستمارة املتعلقة3 يحدد، وفق امللحق رقم",Indéterminé,"Fiscal=0, Social=0, Administratif=0",Indéterminé,False,AR : texte source à réingérer (ordre des mots/paragraphes corrompu dès l'extraction PDF) — label non vérifié
483,BO_7506_Ar,الثانية,ar,"من املرسوم السالف ذكره7 بالعائق» املنصوص عليها في املادة،يسند تنفيذ هذا املرسوم، الذي ينشر في الجريدة الرسمية
 الى وزير الفالحة والصيد البحري والتنمية القروية واملياه والغابات
 والوزير املنتدب لدى وزيرة االقتصاد واملالية املكلف بامليزانية، كل
.2.23.919 رقم
املادة الثالثة
.فيما يخصه
من8 تجرى الدراسة املتعلقة بالطيران املنصوص عليها في املادة
  وفق الكيفيات املحددة في2.23.919 املرسوم السالف ذكره رقم
.)2026  ابريل23( 1447  ذي القعدة5 وحرر بالرباط في
. بهذا القرار2 امللحق رقم
.االمضاء : عزيز اخنوش
املادة الرابعة
: وقعه بالعطف
بهذا القرار من قبل املديرية3 و2 و1 يتم نشر وتحيين املالحق رقم
وزير الفالحة والصيد البحري والتنمية
.العامة للطيران املدني على موقعها االلكتروني،القروية واملياه والغابات
املادة الخامسة
.االمضاء : احمد البواري
: ينسخ
الوزير املنتدب لدى وزيرة االقتصاد
الصادر في1428.99  قرار وزير النقل واملالحة التجارية رقم-
 ) لتطبيق الفصول من2000  (فاتح يونيو1421  من صفر28،واملالية املكلف بامليزانية
.االمضاء : فوزي لقجع
1382  صفر7  الصادر في2.61.161  من املرسوم رقم51  الى47
 ) بتنظيم املالحة الجوية املدنية واملتعلقة1962  يوليو10(
من جمادى22  صادر في1687.24 قرار لوزير النقل واللوجيستيك رقم
 ) يتعلق بتمييز عوائق املالحة2024  ديسمبر24( 1446 ةاالخر
باالرتفاقات الجوية؛
من28  الصادر في1429.99  قرار وزير النقل واملالحة التجارية رقم-
 ) باحداث وتنظيم عالمات التمييز2000  (فاتح يونيو1421 صفر
.الجوية
.الخاصة باالسالك الكهربائية لفائدة املالحة الجوية،وزير النقل واللوجيستيك
املادة السادسة
1445  من ربيع االخر25  الصادر في2.23.919 بناء على املرسوم رقم
 ) املتعلق بارتفاقات التصوية املحدثة بجوار2023  نوفمبر10(
.ينشر هذا القرار بالجريدة الرسمية
منه؛8 و7 و3 املطارات وعلى طول الطرق الجوية، والسيما املواد
.)2024  ديسمبر24( 1446  من جمادى االخرة22 وحرر بالرباط في
واعتبارا لالتفاق الخاص بالطيران املدني الدولي املمغضى عليه
.االمضاء :  عبد الصمد قيوح
والصادر بنشره الظهير الشريف1944  دجنبر7 بشيكاغو بتاريخ
 )، وال سيما1957  يونيو8( 1376  ذي القعدة10  بتاريخ1.57.172 رقم
1447  ذي القعدة19  بتاريخ7506 ) تراجع املالحق في نشرة الترجمة الرسمية للجريدة الرسمية عدد1(،14 ملحقه رقم
.)2026  ماي7(
الجريدة الرسمية((7    يام(( 19 19  1دعقلا وذ  919 - 7506 عدد 2634
)2026  ابريل7( 1447  من شوال19  صادر في744.26 قرار لوزير الفالحة والصيد البحري والتنمية القروية واملياه والغابات رقم
1439  من رمضان26  الصادر في1806.18 بتغيير قرار وزير الفالحة والصيد البحري والتنمية القروية واملياه والغابات رقم
) بتحديد قائمة اجناس وانواع االصناف القابلة للحماية والعناصر التي يشملها حق املستنبط عن كل2018  يونيو11(
. حماية كل نوعةدجنس ونوع وم،وزير الفالحة والصيد البحري والتنمية القروية واملياه والغابات
الصادر في1806.18 بعد االطالع على قرار وزير الفالحة والصيد البحري والتنمية القروية واملياه والغابات رقم
) بتحديد قائمة اجناس وانواع االصناف القابلة للحماية والعناصر التي يشملها حق2018  يونيو11( 1439  من رمضان26،املستنبط عن كل جنس ونوع ومدة حماية كل نوع، كما تم تغييره وتتميمه
: قرر ما يلي
املادة االولى
1806.18 يغير على النحو التالي الجدول امللحق بقرار وزير الفالحة والصيد البحري والتنمية القروية واملياه والغابات رقم
: ) املشار اليه اعاله، كما تم تغييره وتتميمه2018  يونيو11( 1439  من رمضان26 الصادر في
الجريدة الرسمية((7    يام(( 19 19  1دعقلا وذ  919 - 7506 عدد 2636، يتم تمديد مدة حماية املستنبطات النباتية بالنسبة الجناس وانواع االصناف القابلة للحماية من املاندرين- .",Fiscal,"Fiscal=6, Environnement=6, Commercial=1",Fiscal,False,AR : texte source à réingérer (ordre des mots/paragraphes corrompu dès l'extraction PDF) — label non vérifié
484,BO_7506_Ar,الثانية,ar,"التي ما تزال شهادات االستنباط النباتي املمنوحة في شانها قبل نشر هذا القرار بالجريدة الرسمية سارية املفعول، ملدة خمس
.سنوات تحتسب ابتداء من تاريخ انتهاء الصالحية املبين في الشهادات املذكورة
. ينشر هذا القرار بالجريدة الرسمية- .املادة الثالثة
. )2026  ابريل7( 1447  من شوال19 وحرر بالرباط في
.االمضاء : احمد البواري
)2026  ابريل10( 1447  من شوال22  صادر في754.26 قرار لوزير الفالحة والصيد البحري والتنمية القروية واملياه والغابات رقم
  من القمح الصلب والقمح اللين والشعير والشمندر السكري والحمص والجلبانةديرخص بموجبه تقييد اصناف جدي
 الخضري والفول الصغير والخرطال والسلجم والبطاطس املوسمية والبطاطس التحويلية والبطيخ والخص في السجل
.الرسمي النواع واصناف النباتات القابلة للزراعة في املغرب،وزير الفالحة والصيد البحري والتنمية القروية واملياه والغابات
) بتنظيم انتاج وتسويق البذور1969  يوليو25( 1389  جمادى االولى10  الصادر في1.69.169 بناء على الظهير الشريف رقم
منه؛4 واالغراس، كما وقع تغييره، والسيما الفصل
القاعضي باحداث املكتب الوطني للسالمة الصحية للمنتجات الغذائية الصادر بتنفيذه الظهير25.08 وعلى القانون رقم
منه؛2 )، والسيما",Fiscal,"Fiscal=3, Urbain=1, Social=0",Fiscal,False,AR : texte source à réingérer (ordre des mots/paragraphes corrompu dès l'extraction PDF) — label non vérifié
485,BO_7506_Ar,2009,ar,"فبراير18( 1430  من صفر22  بتاريخ1.09.20 الشريف رقم
) بتحديد شروط1977  سبتمبر22( 1397  شوال8  الصادر في863.75 وعلى قرار وزير الفالحة واالصالح الزراعي رقم
 امساك السجل الرسمي النواع واصناف النباتات القابلة للزراعة في املغرب وكذا طرق التجربة السابقة لتسجيل االصناف
الجديدة في السجل املذكور؛
) بشان تاليف1977  سبتمبر22( 1397  شوال8  الصادر في864.75 وعلى قرار وزير الفالحة واالصالح الزراعي رقم
واختصاصات اللجنة الوطنية النتقاء البذور واالغراس، كما وقع تغييره وتتميمه؛،وبعد اقتراح اللجنة الوطنية النتقاء البذور واالغراس
: قرر ما يلي
املادة االولى
تقيد في السجل الرسمي النواع واصناف النباتات القابلة للزراعة في املغرب، اصناف القمح الصلب والقمح اللين والشعير
 والشمندر السكري والحمص والجلبان الخضري والفول الصغير والخرطال والسلجم والبطاطس املوسمية والبطاطس
 التحويلية والبطيخ والخص في السجل الرسمي النواع واصناف النباتات القابلة للزراعة في املغرب، املعينة في الجدول امللحق
.بهذا القرار",Fiscal,"Fiscal=3, Social=0, Administratif=0",Fiscal,False,AR : texte source à réingérer (ordre des mots/paragraphes corrompu dès l'extraction PDF) — label non vérifié
486,BO_7506_Ar,الثانية,ar,")5( يعتبر هذا التقييد مقبوال ملدة عشر سنوات ابتداء من تاريخ نشر هذا القرار بالجريدة الرسمية ويمكن تجديده ملدة خمس
 سنوات شريطة ان يقدم الطلب بذلك للمكتب الوطني للسالمة الصحية للمنتجات الغذائية قبل عامين على ابعد تقدير من انتهاء
.مدة التقييد االولى او من اخر تجديد للتقييد
الجريدة الرسمية2639
((7    يام(( 19 19  1دعقلا وذ  919 - 7506 عدد
Liste des variétés inscrites au Catalogue Officiel (suite 3)
الئحة االصناف المسجلة في السجل الرسمي
 (
تتمة 3 )
ESPECE
VARIETE
OBTENTEUR
المستنبط
Melon
النوع
الصنف
PORTUS
BAYER HOLLAND BV
CASTELLO
HORT SEED MEDITERRANI, SL
CAMACHO
ENZA ZADEN
DAKHLA
CAPITAL GENETIC MAROC
AL RIDA
HEFEI PANG'S AGRO-PRODUCTS CO., LTD
MORONA
SEMILLAS FITO
MINERVA
HORT SEED MEDITERRANI, SL
NASR
APOLLO SEEDS USA Inc,
CURELLA
BAYER HOLLAND BV
CARDONA
YUKSEL TOHUM
ELSA
YUKSEL TOHUM
KIALBA
NUNHEMS B.V
KIBIC
NUNHEMS B.V
HALWATE
RIJK ZWAAN
EVERGAL
RIJK ZWAAN
SYGMA
ENZA ZADEN
JABIR
APOLLO SEEDS USA Inc,
MARADONA
HM CLAUSE SAS
البطيخ
SALIM
PRIMUS SEEDS INTERNATIONAL
COMPANY SPA
MADACK
BOSTON SEEDS
MIMOUN
BOSTON SEEDS
Laitue
COLAI
RIJK ZWAAN
VOLTRON
RIJK ZWAAN
SUNGARI
RIJK ZWAAN
PELAYO
ENZA ZADEN
الخص
: قرر ما يلي
املادة االولى
من22  صادر في756.26  رقمةقرار لوزير الصناعة والتجار
 ة) بتتميم قرار وزير التجار2026  ابريل10( 1447 شوال
 الخارجية واالستثمارات الخارجية والصناعة التقليدية
 )1994  ابريل19( 1414 ةدعقلا يذ
7  الصادر في1308.94 رقم
 بتحديد قائمة السلع التي تتخذ في شانها تدابير تهدف الى وضع، الخاصة بالسلع الخاضعة للترخيص بالتصديرII تتمم القائمة
 امللحقة بقرار وزير التجارة الخارجية واالستثمارات الخارجية
  الصادر في1308.94 والصناعة التقليدية املشار اليه اعاله رقم
 ) بسبائك النحاس االصفر1994  ابريل19( 1414  ذي القعدة7
.اقيود كمية على استيرادها وتصديره
.EX7403210000 املدرجة في البند الجمركي رقم،وزير الصناعة والتجارة",Fiscal,"Fiscal=3, Commercial=2, Social=0",Fiscal,False,AR : texte source à réingérer (ordre des mots/paragraphes corrompu dès l'extraction PDF) — label non vérifié
487,BO_7506_Ar,الثانية,ar,"بعد االطالع على قرار وزير التجارة الخارجية واالستثمارات
  الصادر في1308.94 الخارجية والصناعة التقليدية رقم
 ) بتحديد قائمة السلع التي تتخذ1994  ابريل19( 1414  ذي القعدة7،في شانها تدابير تهدف الى وضع قيود كمية على استيرادها وتصديرها
شهرا ابتداء من تاريخ نشره بالجريدة24 يعمل بهذا القرار ملدة
.الرسمية
.)2026  ابريل10( 1447  من شوال22 وحرر بالرباط في،كما تم تغييره وتتميمه
.االمضاء : رياض مزور
((7    يام(( 19 19  1دعقلا وذ  919 - 7506 عدد 2640الجريدة الرسمية
نصوص خاصة
) باعالن ان املنفعة العامة تقغضي باحداث منتزه عمومي2026  ابريل22( 1447 ةدعقلا يذ
4  صادر في2.26.277 مرسوم رقم
ة تمار-  بعمالة الصخيراتةومدار طرقي وموقف للسيارات وساحة عمومية والطرق املؤدية اليه بجماعة عين العود
.وبنزع ملكية القطعة االرضية الالزمة لهذا الغرض،رئيس الحكومة
بتاريخ1.15.85  املتعلق بالجماعات، الصادر بتنفيذه الظهير الشريف رقم113.14 بناء على القانون التنظيمي رقم
)؛2015  يوليو7( 1436  من رمضان20
املتعلق بنزع امللكية الجل املنفعة العامة وباالحتالل املؤقت، الصادر بتنفيذه الظهير الشريف7.81 وعلى القانون رقم
)؛1982  ماي6( 1402  من رجب11  بتاريخ1.81.254 رقم
املشار اليه اعاله؛7.81 ) بتطبيق القانون رقم1983  ابريل16( 1403  رجب2  الصادر في2.82.382 وعلى املرسوم رقم
والعادية2015  ديسمبر21 وبعد االطالع على محضري مجلس جماعة عين العودة خالل دورتيه االستثنائية املنعقدة بتاريخ؛2025  اكتوبر7 املنعقدة بتاريخ؛2019  يوليو9  ماي الى8 وعلى نتائج البحث االداري املباشر من،وباقتراح من وزير الداخلية
: رسم ما يلي
املادة االولى
يعلن ان املنفعة العامة تقغضي باحداث منتزه عمومي ومدار طرقي وموقف للسيارات وساحة عمومية والطرق املؤدية اليه
. تمارة- بجماعة عين العودة بعمالة الصخيرات",Administratif,"Administratif=5, Fiscal=3, Civil=3",Administratif,False,AR : texte source à réingérer (ordre des mots/paragraphes corrompu dès l'extraction PDF) — label non vérifié
488,BO_7506_Ar,الثانية,ar,"تنزع بناء على ذلك ملكية القطعة االرضية الالزمة لهذا الغرض، املرسومة حدودها بحاشية ملونة في التصميم امللحق باصل
: هذا املرسوم وعينت في الجدول التالي
عدد 7506 - 19 ذو القعدة 1447 )7 ماي 2026( الجريدة الرسمية 2641
رقم القطعة الارضية في نوعيتها مساحتها بالمتر : .
اسماء وعناوين الملاك المفترضين
التصميم واسمها ‎1‏ الم
‎Lea pe‏ العقاري ع
1- فتيحة اللحيان بنت الحسين 2- كريمة الحمياني بنت احمد 3- رحمة بذت علي لمخربش
4- ميلودة بنت علي لمخربش 5- فاطنة بنت علي لمخردش 6- بوعمرو بن علي عزيز
| 7- طوطو بنت علي بن بوعمرو
بصفتهم طالبي التحفيظ على الشياع حسب النسب التالية:236 سهما للاولى 472 سهما
للثانية 177 ‎Loge‏ لكل واحدة من الثالثة والرايعة والخامسة 294 مسهما لليسادس 147
سهما للسابعة الكل على القاسم المشترك:1680
‎II‏ انه لم يترتب ولغاية يومه على تحفيظ الملك المذكور اي تعرض او طلب تقييد ما
عدا:
1- التعرض المقيد بتاريخ 2003/01/17(كناش8عدد23) الصادر عن السيد الادريسي
2- رسالة مصححة الامضاء ‎sl‏ 2004/03/01 مشفوعة بنظير رسم ‎Que‏ مؤرخ في
الملك المسعى للب عدد 8 وانظير عقد اراثة عدلي مؤرخ في )2003/12/10( ونظير وكالة عدلية مؤرخة
194213 في 2003/12/11 الكل مقيد بتاريخ 2004/03/15 (كناش8عدد504) مضمنه ان ورئة
2 مولاي احمد ‎(xl‏ العيدوني العلمي وهم: السيدة ايرين بيتراك المسماة ""ليلى"" اصالة عن
‎Lou‏ ونيابة عن ابنائها الاربعة الاشقاء: لالة مينة مغاليء مولاي ادريس سيرجء لالة
يسمينه كطلينة. مولاي كريم وربييتها للامليكة اوديل ماري لكونها تطالب بكافة الملك
المذكور.
3- التعرض الكلي المقيد بتاريخ2004/08/23 (كناش8عدد666) الصادر عن المدير
| | الجبوي للاملاك المخزنية نيابة عن الدولة المغربية (الملك الخاص).
ش 4- التعرض الكلي المقيد بتاريخ2004/12/14(كناش8عدد791) الصادر عن السادة:
1 الصديني محمدء الصديني رضوانء بوشعيب بن العربي بن لحسن.
5- التعرض الكلي المتبادل المقيد بتاريخ 2005/03/22 (كناش8 عدد 906( الناتج عن
| تداخل هذا المطلب مع المطلب رقم 38/1602.
6- التعرض المنعكس المضمن بتاريخ 2006/09/01 ‎LUS)‏ 5469 498( الصادر عن السيد
7- التعرض المنعكس المضمن بتاريخ2006/09/20 (كناش9 عدد499) الصادر عن
المخربش رحمة ومن ‎Lens‏
2642 الجريدة الرسمية عدد 7506 - 19 ذو القعدة 1447 )7 ماي 2026(
‎ah -8‏ ض المضمن بتاريخ 2011/06/25 (كناش عدد1 1بتاربخ 163( الصادر عن السادة
1 ورئة بوعمرو الزعري الكثيري اليوعمراوي وهم: حليمة بنت عباس. الحفيان عائشة.
1 0 الحفيان خديجة. الحفيان ‎ll‏ الحفيان عبد الله الحفيان محجوبة: الحفيان
الزوهرةء الحفيان سمحمد, الحفيان سعاد ‎ous‏ 2011/11/15 (كناش11عدد238)
تم تاكيد التعرض من طرف ورثة علي بن بوعمر الزعري البوعمراوي وتم تحويله من
تعرض على حقوق مشاعة الى تعرض على كافة الملك.
*الايداعات المضمنة طبقا للفصل 84 من الظهير الاساسي للتحفيظ:
1- عقد صدقة ‎Que‏ مؤرخ في 2002/05/17 مضمن ‎gs‏ 2003/06/07
(كناش7عدد785) مضمنه ان السيدة رحمة لمخربش تصدقت على شقيقتها السيدة
| فاطنة لمخربش ‎ci‏ علي بجميع واجهها المشاع في الملك.
2- عقد بيع ‎Que‏ مؤرخ في 2003/08/02 مضمن بتاريخ 2003/10/02 ‎US)‏ 2 3205468(
مضمنه ان السيدة فتيحة اللحيان باعت للسيدة كريمة الحمياني جزء مشاع من واجها
يقدر ب 1680/80 في الملك المذكور.
3- عقد شراء ‎Que‏ مؤرخ في2003/05/30 مضمن ‎fu‏ 2003/10/02
(كناش8عدد321) مضمنه ان السيد بوعمرو بن علي عزيز باع للسيدة الحمياني كريمة
كل واحد منهما فيما يخصه.
وحرر ‎LL IL‏ في 4 ذي القعدة 1447 (22 ابريل 2026).
وزير الداخلية.
الامضاء : عبد الوافي لفتيت.
الجريدة الرسمية2643
((7    يام(( 19 19  1دعقلا وذ  919 - 7506 عدد
باعالن ان املنفعة العامة تقغضي باحداث املدرسة)2026  ابريل23( 1447 ةدعقلا يذ
5  صادر في2.26.312 مرسوم رقم
االبتدائية ايت القاعضي بجماعة امرابطن باقليم الحسيمة وبنزع ملكية القطعتين االرضيتين الالزمتين لهذا الغرض،رئيس الحكومة
املتعلق بنزع امللكية الجل املنفعة العامة وباالحتالل املؤقت الصادر بتنفيذه الظهير الشريف7.81 بناء على القانون رقم
)؛1982  ماي6( 1402  من رجب11  بتاريخ1.81.254 رقم
املشار اليه اعاله؛7.81 ) بتطبيق القانون رقم1983  ابريل16( 1403  رجب2  الصادر في2.82.382 وعلى املرسوم رقم؛2024  ديسمبر11  اكتوبر الى9 وبعد االطالع على ملف البحث االداري املباشر من،وباقتراح من وزيرة االقتصاد واملالية وبعد استشارة وزير الداخلية
: رسم ما يلي
املادة االولى
.يعلن ان املنفعة العامة تقغضي باحداث املدرسة االبتدائية ايت القاعضي بجماعة امرابطن باقليم الحسيمة",Civil,"Civil=6, Fiscal=5, Administratif=3",Civil,False,AR : texte source à réingérer (ordre des mots/paragraphes corrompu dès l'extraction PDF) — label non vérifié
489,BO_7506_Ar,الثانية,ar,"،تنزع، بناء على ما ذكر، ملكية القطعتين االرضيتين الكائنتين بجماعة امرابطن باقليم الحسيمة، املبينتين في الجدول اسفله
: واملرسومة حدودهما بلون احمر  في التصميم امللحق باصل هذا املرسوم
رقم القطعة بالتصميميتعيين امللك ومرجعه العقار
اسماء وعناوين املالك املفترضين
املساحة التقريبية
باملتر املربع
1قطعة ارضية غير محفظة.ورثة احيدار عبد الكريم، الساكنون بجماعة امرابطن باقليم الحسيمة1126
2قطعة ارضية غير محفظة.ورثة بوبوح عبد السالم، الساكنون بجماعة امرابطن باقليم الحسيمة157
. يفوض حق نزع امللكية الى مدير امالك الدولة- .املادة الثالثة
. يسند تنفيذ هذا املرسوم، الذي ينشر بالجريدة الرسمية، الى وزيرة االقتصاد واملالية- .املادة الرابعة
.)2026  ابريل23( 1447  ذي القعدة5 وحرر بالرباط في
.االمضاء : عزيز اخنوش
: وقعه بالعطف،وزيرة االقتصاد واملالية
.االمضاء : نادية فتاح
الجريدة الرسمية((7    يام(( 19 19  1دعقلا وذ  919 - 7506 عدد 2644
فنيةة) باعالن ان املنفعة العامة تقغضي ببناء منشا2026  ابريل23( 1447 ةدعقلا يذ
5  صادر في2.26.318 مرسوم رقم
من الخط السككي الرابط بين سطات ومراكش وبنزع ملكية القطع االرضية الالزمة225+755 عند النقطة الكيلومترية
. اسفي- لهذا الغرض بجماعة حربيل بعمالة مراكش بوالية جهة مراكش،رئيس الحكومة
املتعلق بنزع امللكية الجل املنفعة العامة وباالحتالل املؤقت الصادر بتنفيذه الظهير الشريف7.81 بناء على القانون رقم
)؛1982  ماي6( 1402  من رجب11  بتاريخ1.81.254 رقم
املتعلق بتنظيم الشبكة السككية الوطنية وتدبيرها واستغاللها الصادر بتنفيذه الظهير الشريف52.03 وعلى القانون رقم
)؛2005  يناير7( 1425  من ذي القعدة25  بتاريخ1.04.256 رقم
املشار اليه اعاله؛7.81 ) بتطبيق القانون رقم1983  ابريل16( 1403  رجب2  الصادر في2.82.382 وعلى املرسوم رقم
بمكاتب جماعة حربيل بعمالة مراكش؛2025  مارس22  يناير الى22 وبعد االطالع على ملف البحث االداري املباشر من،وباقتراح من وزير النقل واللوجيستيك وبعد استشارة وزير الداخلية
: رسم ما يلي
املادة االولى
من الخط السككي الرابط بين سطات225+755 يعلن ان املنفعة العامة تقغضي ببناء منشاة فنية عند النقطة الكيلومترية
.ومراكش بجماعة حربيل بعمالة مراكش",Administratif,"Administratif=9, Urbain=4, Fiscal=3",Administratif,False,AR : texte source à réingérer (ordre des mots/paragraphes corrompu dès l'extraction PDF) — label non vérifié
490,BO_7506_Ar,الثانية,ar,"1/1000 تنزع بناء على ما ذكر ملكية القطع االرضية املبينة في الجدول اسفله واملعلم عليها في التصميم التجزيئي ذي املقياس
: امللحق باصل هذا املرسوم
عدد 7506 - 19 ذو القعدة 1447 )7 ماي 2026( الجريدة الرسمية 2645
‎e 5 |: e‏
رم القطعة المساحة
الارضية المرجع العقارني ‎0‏ اسم المالك او المفروض انه المالكء وعنوانه ملاحظات
‎FFF -‏
‎Li this L (all |‏ $ 3 0000 3
لرسم ‎Gall‏ الدولة المغربية - الملك الخاص - بنسبة 2/1؛ ارض فلاحية؛
1 عدد: - ‎LE‏ السلالية ‎uk‏ حربيل بنسبة 2/1. | 63| 11
43/64535 العنوان: عالة تازةء جاعة تازة. ‎0‏
‎es ji‏ العقاري 1 - الدولة المغربية - الملك الخاص - بنسبة 2/1؛ ارض فلاحية؛
2 عدد: - الماعة السلالية يش حربيل بنسبة 2/1. | 43 | 17
43/64535 العنوان: ‎Ale‏ تازةء جاعة تازة.
الرسم ‎St‏ | - ااروة المغربية - الملك الخاص - بنسبة 2/1؛ ارض فلاحية؛
3 عدد: - الماعة السلالية لش حربيل بنسبة 2/1. }21112
‎à‏ ليش حربيل بلس عقار مثقل بتقييدات.
| 43/64535 العنوان: عمالة تازةء جاعة تازة.
المادة الثالثة. - يفوض حق نزع الملكية الى المدير العام للمكتب الوطني للسكك الحديدية.
المادة الرابعة. - يسند تنفيذ هذا ‎ce ge QUI‏ الذي ينشر بالجريدة الرسمية: الى وزير النقل واللوجيستيك والمدير العام للمكتب
الوطني للسكك الحديدية: كل واحد منهما فيما يخصه.
وحرر بالرباط في 5 ذي القعدة 1447 (23 ابريل 2026).
وزير النقل واللوجيستيك,
الامضاء : عبد الصمد قيوح.
الجريدة الرسمية((7    يام(( 19 19  1دعقلا وذ  919 - 7506 عدد 2646
)2026  ابريل23( 1447 ةدعقلا يذ
5  صادر في2.26.298 مرسوم رقم",Fiscal,"Fiscal=5, Administratif=4, Civil=2",Fiscal,False,AR : texte source à réingérer (ordre des mots/paragraphes corrompu dès l'extraction PDF) — label non vérifié
491,BO_7506_Ar,الثانية,ar,"بتجديد اعالن املنفعة العامة التي تقغضي ببناء الطريق السريع
يسند تنفيذ هذا املرسوم، الذي ينشر بالجريدة الرسمية، الى
بالطريق601+938 الرابط بين تيزنيت والعيون بين ن.ك رقم
.وزير التجهيز واملاء
ا شرقا وحدود اقليم تيزنيت وسيدي افني جنوب1 الوطنية رقم
.)2026  ابريل23( 1447  ذي القعدة5 وحرر بالرباط في
. ماسة- باقليم تيزنيت بوالية جهة سوس
.االمضاء : عزيز اخنوش،رئيس الحكومة
: وقعه بالعطف
املتعلق بنزع امللكية الجل املنفعة العامة7.81 بناء على القانون رقم،وزير التجهيز واملاء
1.81.254 وباالحتالل املؤقت الصادر بتنفيذه الظهير الشريف رقم
.االمضاء : نزار بركة
)؛1982  ماي6( 1402  من رجب11 بتاريخ
1403  رجب2  الصادر في2.82.382 وعلى املرسوم رقم
)2026  ابريل23( 1447 ةدعقلا يذ
5  صادر في2.26.299 مرسوم رقم
املشار اليه اعاله؛7.81 ) بتطبيق القانون رقم1983  ابريل16(
بتجديد اعالن املنفعة العامة القاضية ببناء سد زندولة
1438  محرم4  الصادر في2.16.813 وبعد االطالع على املرسوم رقم
.باقليم وزان
) باعالن ان املنفعة العامة تقغضي ببناء الطريق السريع2016  اكتوبر6(
1  بالطريق الوطنية رقم601+938 الرابط بين تيزنيت والعيون بين ن.ك،رئيس الحكومة
شرقا وحدود اقليم تيزنيت وسيدي افني جنوبا باقليم تيزنيت بوالية
املتعلق بنزع امللكية الجل املنفعة العامة7.81 بناء على القانون رقم
ماسة؛- جهة سوس
1.81.254 وباالحتالل املؤقت الصادر بتنفيذه الظهير الشريف رقم
1442  جمادى االخرة8  الصادر في2.21.03 وعلى املرسوم رقم
)؛1982  ماي6( 1402  من رجب11 بتاريخ
) بتجديد اعالن املنفعة العامة التي تقغضي ببناء2021  يناير22(
1403  رجب2  الصادر في2.82.382 وعلى املرسوم رقم
601+938 الطريق السريع الرابط بين تيزنيت والعيون بين ن.ك
املشار اليه اعاله؛7.81 ) بتطبيق القانون رقم1983  ابريل16(
شرقا وحدود اقليم تيزنيت وسيدي افني1 بالطريق الوطنية رقم
من28  الصادر في2.23.727 وبعد االطالع على املرسوم رقم
ماسة؛- جنوبا باقليم تيزنيت بوالية جهة سوس
) باعالن ان املنفعة العامة تقغضي ببناء2023  سبتمبر14( 1445 صفر،وباقتراح من وزير التجهيز واملاء
سد زندولة باقليم وزان؛
: رسم ما يلي،وباقتراح من وزير التجهيز واملاء
املادة االولى
: رسم ما يلي
املشار اليه7.81  من القانون رقم7 يجدد وفقا ملقتضيات الفصل
املادة االولى
اعاله، اعالن املنفعة العامة التي تقغضي ببناء الطريق السريع الرابط
املشار اليه7.81  من القانون رقم7  يجدد طبقا ملقتضيات الفصل
1   بالطريق الوطنية رقم601+938 بين تيزنيت والعيون بين ن.ك رقم،اعاله، اعالن املنفعة العامة التي تقغضي ببناء سد زندولة باقليم وزان
شرقا وحدود اقليم تيزنيت وسيدي افني جنوبا باقليم تيزنيت بوالية
امللحق باصل1/50.000 وذلك حسب التصميم املوقعي ذي املقياس
ماسة، وذلك حسب املخطط املبين في التصميم املوقعي- جهة سوس
.هذا املرسوم
. امللحق باصل هذا املرسوم1/50.000 ذي املقياس
الجريدة الرسمية2647
 ((7    يام(( 19 19  1دعقلا وذ  919 - 7506 عدد
من13  صادر في736.26 قرار لوزير الشباب والثقافة والتواصل رقم
 ) بتعيين رئيس واعضاء لجنة2026  (فاتح ابريل1447 شوال
 دراسة طلبات عروض املشاريع املرشحة للدعم في قطاع",Urbain,"Urbain=9, Fiscal=4, Social=0",Urbain,False,AR : texte source à réingérer (ordre des mots/paragraphes corrompu dès l'extraction PDF) — label non vérifié
492,BO_7506_Ar,الثانية,ar,"،يسند تنفيذ هذا املرسوم، الذي ينشر بالجريدة الرسمية
.الى وزير التجهيز واملاء
.الكتاب
.)2026  ابريل23( 1447  ذي القعدة5 وحرر بالرباط في،وزير الشباب والثقافة والتواصل
.االمضاء : عزيز اخنوش
بناء على القرار املشترك لوزير الثقافة ووزير االقتصاد واملالية
 )2014  مارس12( 1435  جمادى االولى10  الصادر في1274.14 رقم
 9 بتحديد كيفية دعم الكتاب كما تم تغييره وتتميمه، وال سيما املادة
: وقعه بالعطف،وزير التجهيز واملاء
.االمضاء : نزار بركة،منه
: قرر ما يلي
من29  صادر في638.26 قرار لوزير الشباب والثقافة والتواصل رقم
 ) بتغيير قرار وزير الشباب2026  مارس19( 1447 رمضان
املادة االولى
تشكل لجنة دراسة طلبات عروض املشاريع املرشحة للدعم في
1446  رجب6  الصادر في93.25 والثقافة والتواصل رقم
 ا) بتعيين اعضاء لجنة البطاقة الفنية ومقرره2025  يناير7(
:  من  االعضاء التاليين2026 قطاع الكتاب برسم موسم
عبد الوهاب الرامي، رئيسا؛-
.اوكاتبه
محمد املغراوي، عضوا؛-،وزير الشباب والثقافة والتواصل
عزيز ملتاوي، عضوا؛-
93.25 بعد االطالع على قرار وزير الشباب والثقافة والتواصل رقم
 ) بتعيين اعضاء لجنة البطاقة2025  يناير7( 1446  رجب6 الصادر في
حميد سويفي، عضوا؛-
مخلص الصغير، عضوا؛-،الفنية ومقررها وكاتبها، كما تم تغييره
: قرر ما يلي
عمار حمداش، عضوا؛-
املادة االولى
عبد العزيز الزجاري، عضوا؛-
تغير، على النحو التالي، مقتضيات",Fiscal,"Fiscal=2, Urbain=1, Social=0",Fiscal,False,AR : texte source à réingérer (ordre des mots/paragraphes corrompu dès l'extraction PDF) — label non vérifié
493,BO_7506_Ar,الثانية,ar,"من قرار وزير
حميدة بن يعقوب، عضوا؛-
1446  رجب6  الصادر في93.25 الشباب والثقافة والتواصل رقم
: ) املشار اليه اعاله2025  يناير7(
محمد الطويل، عضوا؛-
خديجة بوصفيحة، عضوا؛-
يعين كل من السيد عبد الحميد كريمة والسيدة- .«",Indéterminé,"Fiscal=0, Social=0, Administratif=0",Indéterminé,False,AR : texte source à réingérer (ordre des mots/paragraphes corrompu dès l'extraction PDF) — label non vérifié
494,BO_7506_Ar,الثانية,ar,"«ياسمينة جابر،.................. االول مقررا والثانية كاتبة للجنة البطاقة
احمد السرغيني، عضوا؛-
».«الفنية
. ايمن الطلبي، عضوا-",Indéterminé,"Fiscal=0, Social=0, Administratif=0",Indéterminé,False,AR : texte source à réingérer (ordre des mots/paragraphes corrompu dès l'extraction PDF) — label non vérifié
496,BO_7506_Ar,الثانية,ar,"ينشر هذا القرار في الجريدة الرسمية
.ينشر هذا القرار في الجريدة الرسمية
.)2026  مارس19( 1447  من  رمضان29 وحرر بالرباط في
.)2026  (فاتح ابريل1447  من شوال13 وحرر بالرباط في
.االمضاء : محمد املهدي بنسعيد
.االمضاء : محمد املهدي بنسعيد
الجريدة الرسمية((7    يام(( 19 19  1دعقلا وذ  919 - 7506 عدد 2648
1447  من شوال15  صادر في711.26 قرار لوزير التجهيز واملاء رقم
 ) بافتتاح بحث عمومي يتعلق بتحديد امللك2026  ابريل3(
 العمومي البحري من الضفة اليمنى ملصب وادي درعة الى
 حدود اقليم طانطان بجماعة راس امليل باقليم كلميم بجهة
املادة الرابعة
.ينشر هذا القرار بالجريدة الرسمية
.)2026  ابريل3( 1447  من شوال15 وحرر بالرباط في
. واد نون- كلميم
.االمضاء : نزار بركة،وزير التجهيز واملاء
717.26 قرار لوزير التعليم العالي والبحث العلمي واالبتكار رقم
 ) بتحديد بعض2026  ابريل3( 1447  من شوال15 صادر في
)1914  (فاتح يوليو1332  شعبان7 بناء على الظهير الشريف الصادر في
 في شان االمالك العمومية، كما وقع تغييره وتتميمه، وال سيما الفصل
.املعادالت بين الشهادات
السابع منه؛
)2022  ماي6( 1443  شوال5  الصادر في2.22.150 وعلى املرسوم رقم،وزير التعليم العالي والبحث العلمي واالبتكار، منه3 املتعلق بتحديد امللك العمومي للدولة، وال سيما",Fiscal,"Fiscal=4, Administratif=1, Urbain=1",Fiscal,False,AR : texte source à réingérer (ordre des mots/paragraphes corrompu dès l'extraction PDF) — label non vérifié
497,BO_7506_Ar,1422,ar,"من ربيع االول28  الصادر في2.01.333 بناء على املرسوم رقم
 ) املتعلق بتحديد الشروط واملسطرة الخاصة بمنح2001  يونيو21(
: قرر ما يلي
املادة االولى
معادلة شهادات التعليم العالي؛
2026  سبتمبر23  يونيو الى23 يجرى بحث عمومي ملدة شهرين، من
 بجماعة راس امليل باقليم كلميم، وذلك بشان تحديد امللك العمومي
1425  من ربيع االخر18  الصادر في2.04.89 وعلى املرسوم رقم
 ) بتحديد اختصاص املؤسسات الجامعية واسالك2004  يونيو7(
 الدراسات العليا وكذا الشهادات الوطنية املطابقة، كما وقع تغييره
.البحري من الضفة اليمنى ملصب وادي درعة الى حدود اقليم طانطان",Commercial,"Commercial=2, Social=1, Administratif=1",Commercial,False,AR : texte source à réingérer (ordre des mots/paragraphes corrompu dès l'extraction PDF) — label non vérifié
498,BO_7506_Ar,الثانية,ar,"وتتميمه؛
: تتالف اللجنة الخاصة بالبحث العمومي من
1446  من ربيع االخر24  الصادر في2.24.991 وعلى املرسوم رقم
 ) املتعلق باختصاصات وزير التعليم العالي والبحث2024  اكتوبر28(
ممثل السلطة املحلية قائد قيادة البيار، رئيسا؛-، ممثل عن املديرية االقليمية للتجهيز والنقل واللوجيستيك بكلميم-
العلمي واالبتكار؛
مكلفا بسكرتارية اللجنة؛
وبعد استشارة اللجنة القطاعية لعلوم الرياضيات والفيزياء
ممثل رئيس مجلس جماعة راس امليل؛-،2026  فبراير5 والكيمياء والحياة واالرض والكون املنعقدة بتاريخ
ممثل عن مصلحة املسح العقاري بكلميم؛-
: قرر ما يلي
. ممثل عن مصلحة املحافظة العقارية بكلميم-
املادة االولى
املادة الثالثة
Physique, énergie تقبل ملعادلة الدكتوراه، الشهادة التالية في
: solaire, matériaux et systèmes
يودع، لهذا الغرض، ملف البحث العمومي والسجل املعد لتلقي
 التعرضات او املالحظات املتعلقة بمشروع التحديد بمقر جماعة
– Doctorat, mention : physique, spécialité : énergie solaire,
.راس امليل التابعة القليم كلميم خالل فترة البحث املشار اليها اعاله
matériaux et systèmes, délivré par l’Université Cheikh -
Anta - Diop de Dakar - Sénégal.
من املرسوم6 يتعين على جماعة راس امليل، وفقا ملقتضيات املادة
 ) املشار اليه2022  ماي6( 1443  شوال5  الصادر في2.22.150 رقم
 اعاله، وضع نسخة من هذا القرار وامللف املرفق به، املتضمن على
 الخصوص التصميم واحداثيات الحدود املقترحة للملك العمومي
 البحري من الضفة اليمنى ملصب وادي درعة الى غاية حدود اقليم
 طانطان بمكاتبها، رهن اشارة العموم لالطالع عليها واالدالء، عند",Administratif,"Administratif=3, Civil=1, Commercial=1",Administratif,False,AR : texte source à réingérer (ordre des mots/paragraphes corrompu dès l'extraction PDF) — label non vérifié
499,BO_7506_Ar,الثانية,ar,"ينشر هذا القرار بالجريدة الرسمية
.)2026  ابريل3( 1447  من شوال15 وحرر بالرباط في
.االقتضاء، بتعرضاتهم او مالحظاتهم
.االمضاء : عز الدين املداوي
الجريدة الرسمية2649
 ((7    يام(( 19 19  1دعقلا وذ  919 - 7506 عدد
718.26 قرار لوزير التعليم العالي والبحث العلمي واالبتكار رقم
 ) بتحديد بعض2026  ابريل3( 1447  من شوال15 صادر في
1425  من ربيع االخر18  الصادر في2.04.89 وعلى املرسوم رقم
 ) بتحديد اختصاص املؤسسات الجامعية واسالك2004  يونيو7(
 الدراسات العليا وكذا الشهادات الوطنية املطابقة، كما وقع تغييره
.املعادالت بين الشهادات
وتتميمه؛،وزير التعليم العالي والبحث العلمي واالبتكار
 1422  من ربيع االول28  الصادر في2.01.333 بناء على املرسوم رقم
 ) املتعلق بتحديد الشروط واملسطرة الخاصة بمنح2001  يونيو21(
1446  من ربيع االخر24  الصادر في2.24.991 وعلى املرسوم رقم
 ) املتعلق باختصاصات وزير التعليم العالي والبحث2024  اكتوبر28(
العلمي واالبتكار؛
معادلة شهادات التعليم العالي؛
وبعد استشارة اللجنة القطاعية لعلوم الرياضيات والفيزياء،2026  فبراير5 والكيمياء والحياة واالرض والكون املنعقدة بتاريخ
1425  من ربيع االخر18  الصادر في2.04.89 وعلى املرسوم رقم
 ) بتحديد اختصاص املؤسسات الجامعية واسالك2004  يونيو7(
 الدراسات العليا وكذا الشهادات الوطنية املطابقة، كما وقع تغييره
: قرر ما يلي
املادة االولى
وتتميمه؛
Electricité et génie تقبل ملعادلة االجازة، الشهادة التالية في
1446  من ربيع االخر24  الصادر في2.24.991 وعلى املرسوم رقم
 ) املتعلق باختصاصات وزير التعليم العالي والبحث2024  اكتوبر28(
: électrique
– Qualification de bachelor dans la spécialité de
العلمي واالبتكار؛
«électricité et génie électrique», délivrée par l’Université
d’Etat nationale de recherche N.P. Ogarev de Mordovie -
Fédération de Russie.
وبعد استشارة اللجنة القطاعية لعلوم الرياضيات والفيزياء،2026  فبراير5 والكيمياء والحياة واالرض والكون املنعقدة بتاريخ
: قرر ما يلي
املادة االولى",Commercial,"Commercial=5, Fiscal=2, Civil=2",Commercial,False,AR : texte source à réingérer (ordre des mots/paragraphes corrompu dès l'extraction PDF) — label non vérifié
500,BO_7506_Ar,الثانية,ar,"ينشر هذا القرار بالجريدة الرسمية
Mésozoïque source- تقبل ملعادلة الدكتوراه،  الشهادة التالية في
.)2026  ابريل3( 1447  من شوال15 وحرر بالرباط في
: to-sink systems in NW Africa
.االمضاء : عز الدين املداوي
– Degree of doctor (PH.D), délivré par Vrije Universiteit
Amsterdam - Pays-Bas.
720.26 قرار لوزير التعليم العالي والبحث العلمي واالبتكار رقم
 ) بتحديد بعض2026  ابريل3( 1447  من شوال15 صادر في",Fiscal,"Fiscal=1, Social=0, Administratif=0",Fiscal,False,AR : texte source à réingérer (ordre des mots/paragraphes corrompu dès l'extraction PDF) — label non vérifié
501,BO_7506_Ar,الثانية,ar,"املعادالت بين الشهادات
.ينشر هذا القرار بالجريدة الرسمية
.)2026  ابريل3( 1447  من شوال15 وحرر بالرباط في،وزير التعليم العالي والبحث العلمي واالبتكار
 1422  من ربيع االول28  الصادر في2.01.333 بناء على املرسوم رقم
 ) املتعلق بتحديد الشروط واملسطرة الخاصة بمنح2001  يونيو21(
.االمضاء : عز الدين املداوي
معادلة شهادات التعليم العالي؛
719.26 قرار لوزير التعليم العالي والبحث العلمي واالبتكار رقم
 ) بتحديد بعض2026  ابريل3( 1447  من شوال15 صادر في
1425  من ربيع االخر18  الصادر في2.04.89 وعلى املرسوم رقم
 ) بتحديد اختصاص املؤسسات الجامعية واسالك2004  يونيو7(
 الدراسات العليا وكذا الشهادات الوطنية املطابقة، كما وقع تغييره
.املعادالت بين الشهادات
وتتميمه؛،وزير التعليم العالي والبحث العلمي واالبتكار
 1422  من ربيع االول28  الصادر في2.01.333 بناء على املرسوم رقم
 ) املتعلق بتحديد الشروط واملسطرة الخاصة بمنح2001  يونيو21(
1446  من ربيع االخر24  الصادر في2.24.991 وعلى املرسوم رقم
 ) املتعلق باختصاصات وزير التعليم العالي والبحث2024  اكتوبر28(
العلمي واالبتكار؛
معادلة شهادات التعليم العالي؛
الجريدة الرسمية((7    يام(( 19 19  1دعقلا وذ  919 - 7506 عدد 2650
– Degree of bachelor of engineering in electronic and
وبعد استشارة اللجنة القطاعية لعلوم الرياضيات والفيزياء
information engineering, délivré par Hangzhou Dianzi
University - Chine.،2026  فبراير5 والكيمياء والحياة واالرض والكون املنعقدة بتاريخ
: قرر ما يلي
املادة االولى",Commercial,"Commercial=4, Fiscal=2, Social=2",Commercial,False,AR : texte source à réingérer (ordre des mots/paragraphes corrompu dès l'extraction PDF) — label non vérifié
502,BO_7506_Ar,الثانية,ar,"ينشر هذا القرار بالجريدة الرسمية
Ressources تقبل ملعادلة االجازة، الشهادة التالية في
: bioaquatiques et aquaculture
.)2026  ابريل3( 1447  من شوال15 وحرر بالرباط في
– Qualification de bachelor dans la spécialité de
.االمضاء : عز الدين املداوي
«ressources bioaquatiques et aquaculture», délivrée par
l’Université technique d’Etat d’Astrakhan - Fédération de
Russie.
722.26 قرار لوزير التعليم العالي والبحث العلمي واالبتكار رقم
 ) بتحديد بعض2026  ابريل3( 1447  من شوال15 صادر في
.املعادالت بين الشهادات",Fiscal,"Fiscal=1, Social=0, Administratif=0",Fiscal,False,AR : texte source à réingérer (ordre des mots/paragraphes corrompu dès l'extraction PDF) — label non vérifié
503,BO_7506_Ar,الثانية,ar,"ينشر هذا القرار بالجريدة الرسمية،وزير التعليم العالي والبحث العلمي واالبتكار
 1422  من ربيع االول28  الصادر في2.01.333 بناء على املرسوم رقم
 ) املتعلق بتحديد الشروط واملسطرة الخاصة بمنح2001  يونيو21(
.)2026  ابريل3( 1447  من شوال15 وحرر بالرباط في
.االمضاء : عز الدين املداوي
معادلة شهادات التعليم العالي؛
721.26 قرار لوزير التعليم العالي والبحث العلمي واالبتكار رقم
 ) بتحديد بعض2026  ابريل3( 1447  من شوال15 صادر في
1425  من ربيع االخر18  الصادر في2.04.89 وعلى املرسوم رقم
 ) بتحديد اختصاص املؤسسات الجامعية واسالك2004  يونيو7(
 الدراسات العليا وكذا الشهادات الوطنية املطابقة، كما وقع تغييره
.املعادالت بين الشهادات
وتتميمه؛،وزير التعليم العالي والبحث العلمي واالبتكار
 1422  من ربيع االول28  الصادر في2.01.333 بناء على املرسوم رقم
 ) املتعلق بتحديد الشروط واملسطرة الخاصة بمنح2001  يونيو21(
1446  من ربيع االخر24  الصادر في2.24.991 وعلى املرسوم رقم
 ) املتعلق باختصاصات وزير التعليم العالي والبحث2024  اكتوبر28(
العلمي واالبتكار؛
معادلة شهادات التعليم العالي؛
وبعد استشارة اللجنة القطاعية لعلوم الرياضيات والفيزياء
1425  من ربيع االخر18  الصادر في2.04.89 وعلى املرسوم رقم
 ) بتحديد اختصاص املؤسسات الجامعية واسالك2004  يونيو7(
 الدراسات العليا وكذا الشهادات الوطنية املطابقة، كما وقع تغييره،2026  فبراير5 والكيمياء والحياة واالرض والكون املنعقدة بتاريخ
: قرر ما يلي
املادة االولى
وتتميمه؛
Service automobile - تقبل ملعادلة االجازة، الشهادة التالية في
1446  من ربيع االخر24  الصادر في2.24.991 وعلى املرسوم رقم
 ) املتعلق باختصاصات وزير التعليم العالي والبحث2024  اكتوبر28(
: Transport automobile
– Qualification bachelor degree, transport services,
العلمي واالبتكار؛
motor vehicle transport, délivrée par Kharkiv national
automobile and highway University - Ukraine.
وبعد استشارة اللجنة القطاعية لعلوم الرياضيات والفيزياء،2026  فبراير5 والكيمياء والحياة واالرض والكون املنعقدة بتاريخ",Commercial,"Commercial=6, Social=2, Civil=2",Commercial,False,AR : texte source à réingérer (ordre des mots/paragraphes corrompu dès l'extraction PDF) — label non vérifié
504,BO_7506_Ar,الثانية,ar,"قرر ما يلي
املادة االولى
.ينشر هذا القرار بالجريدة الرسمية
.)2026  ابريل3( 1447  من شوال15 وحرر بالرباط في
Génie électronique et تقبل ملعادلة االجازة، الشهادة التالية في
: génie de l’information
.االمضاء : عز الدين املداوي
الجريدة الرسمية2651
 ((7    يام(( 19 19  1دعقلا وذ  919 - 7506 عدد
723.26 قرار لوزير التعليم العالي والبحث العلمي واالبتكار رقم
 ) بتحديد بعض2026  ابريل3( 1447  من شوال15 صادر في
1425  من ربيع االخر18  الصادر في2.04.89 وعلى املرسوم رقم
 ) بتحديد اختصاص املؤسسات الجامعية واسالك2004  يونيو7(
 الدراسات العليا وكذا الشهادات الوطنية املطابقة، كما وقع تغييره
.املعادالت بين الشهادات
وتتميمه؛،وزير التعليم العالي والبحث العلمي واالبتكار
 1422  من ربيع االول28  الصادر في2.01.333 بناء على املرسوم رقم
 ) املتعلق بتحديد الشروط واملسطرة الخاصة بمنح2001  يونيو21(
1446  من ربيع االخر24  الصادر في2.24.991 وعلى املرسوم رقم
 ) املتعلق باختصاصات وزير التعليم العالي والبحث2024  اكتوبر28(
العلمي واالبتكار؛
معادلة شهادات التعليم العالي؛
وبعد استشارة اللجنة القطاعية لعلوم الرياضيات والفيزياء
1425  من ربيع االخر18  الصادر في2.04.89 وعلى املرسوم رقم
 ) بتحديد اختصاص املؤسسات الجامعية واسالك2004  يونيو7(
 الدراسات العليا وكذا الشهادات الوطنية املطابقة، كما وقع تغييره،2026  فبراير5 والكيمياء والحياة واالرض والكون املنعقدة بتاريخ
: قرر ما يلي
املادة االولى
وتتميمه؛
Technologie de تقبل ملعادلة املاستر، الشهادة التالية في
1446  من ربيع االخر24  الصادر في2.24.991 وعلى املرسوم رقم
 ) املتعلق باختصاصات وزير التعليم العالي والبحث2024  اكتوبر28(
: l’information
– Degree of master of science information technology,
العلمي واالبتكار؛
délivré par University of Massachusetts Lowell - Etats-Unis
d’Amérique.
وبعد استشارة اللجنة القطاعية لعلوم الرياضيات والفيزياء،2026  فبراير5 والكيمياء والحياة واالرض والكون املنعقدة بتاريخ",Commercial,"Commercial=5, Fiscal=2, Civil=2",Commercial,False,AR : texte source à réingérer (ordre des mots/paragraphes corrompu dès l'extraction PDF) — label non vérifié
505,BO_7506_Ar,الثانية,ar,"قرر ما يلي
املادة االولى
.ينشر هذا القرار بالجريدة الرسمية
.)2026  ابريل3( 1447  من شوال15 وحرر بالرباط في
: Physique تقبل ملعادلة الدكتوراه، الشهادة التالية في
– Titolo di dottore di ricerca (PH.D.) in fisica degli
.االمضاء : عز الدين املداوي
acceleratori, délivré par Sapienza Université de Rome -
Italie.
725.26 قرار لوزير التعليم العالي والبحث العلمي واالبتكار رقم
 ) بتحديد بعض2026  ابريل3( 1447  من شوال15 صادر في",Fiscal,"Fiscal=1, Social=0, Administratif=0",Fiscal,False,AR : texte source à réingérer (ordre des mots/paragraphes corrompu dès l'extraction PDF) — label non vérifié
506,BO_7506_Ar,الثانية,ar,"املعادالت بين الشهادات
.ينشر هذا القرار بالجريدة الرسمية،وزير التعليم العالي والبحث العلمي واالبتكار
 1422  من ربيع االول28  الصادر في2.01.333 بناء على املرسوم رقم
 ) املتعلق بتحديد الشروط واملسطرة الخاصة بمنح2001  يونيو21(
.)2026  ابريل3( 1447  من شوال15 وحرر بالرباط في
.االمضاء : عز الدين املداوي
معادلة شهادات التعليم العالي؛
724.26 قرار لوزير التعليم العالي والبحث العلمي واالبتكار رقم
 ) بتحديد بعض2026  ابريل3( 1447  من شوال15 صادر في
1425  من ربيع االخر18  الصادر في2.04.89 وعلى املرسوم رقم
 ) بتحديد اختصاص املؤسسات الجامعية واسالك2004  يونيو7(
 الدراسات العليا وكذا الشهادات الوطنية املطابقة، كما وقع تغييره
.املعادالت بين الشهادات
وتتميمه؛،وزير التعليم العالي والبحث العلمي واالبتكار
 1422  من ربيع االول28  الصادر في2.01.333 بناء على املرسوم رقم
 ) املتعلق بتحديد الشروط واملسطرة الخاصة بمنح2001  يونيو21(
1446  من ربيع االخر24  الصادر في2.24.991 وعلى املرسوم رقم
 ) املتعلق باختصاصات وزير التعليم العالي والبحث2024  اكتوبر28(
العلمي واالبتكار؛
معادلة شهادات التعليم العالي؛
الجريدة الرسمية((7    يام(( 19 19  1دعقلا وذ  919 - 7506 عدد 2652",Commercial,"Commercial=4, Fiscal=2, Social=2",Commercial,False,AR : texte source à réingérer (ordre des mots/paragraphes corrompu dès l'extraction PDF) — label non vérifié
507,BO_7506_Ar,الثانية,ar,"وبعد استشارة اللجنة القطاعية لعلوم الرياضيات والفيزياء،2026  فبراير5 والكيمياء والحياة واالرض والكون املنعقدة بتاريخ
.ينشر هذا القرار بالجريدة الرسمية
: قرر ما يلي
.)2026  ابريل3( 1447  من شوال15 وحرر بالرباط في
املادة االولى
.االمضاء : عز الدين املداوي
: Génie logiciel تقبل ملعادلة االجازة، الشهادة التالية في
– Degree of bachelor of engineering, software engineering,
727.26 قرار لوزير التعليم العالي والبحث العلمي واالبتكار رقم
 ) بتحديد بعض2026  ابريل3( 1447  من شوال15 صادر في
délivré par Southwest Petroleum University - Chine.",Fiscal,"Fiscal=1, Civil=1, Social=0",Fiscal,False,AR : texte source à réingérer (ordre des mots/paragraphes corrompu dès l'extraction PDF) — label non vérifié
508,BO_7506_Ar,الثانية,ar,"املعادالت بين الشهادات
.ينشر هذا القرار بالجريدة الرسمية
.)2026  ابريل3( 1447  من شوال15 وحرر بالرباط في،وزير التعليم العالي والبحث العلمي واالبتكار
1422  من ربيع االول28  الصادر في2.01.333 بناء على املرسوم رقم
 ) املتعلق بتحديد الشروط واملسطرة الخاصة بمنح2001  يونيو21(
.االمضاء : عز الدين املداوي
726.26 قرار لوزير التعليم العالي والبحث العلمي واالبتكار رقم
 ) بتحديد بعض2026  ابريل3( 1447  من شوال15 صادر في
معادلة شهادات التعليم العالي؛
1425  من ربيع االخر18  الصادر في2.04.89 وعلى املرسوم رقم
 ) بتحديد اختصاص املؤسسات الجامعية واسالك2004  يونيو7(
 الدراسات العليا وكذا الشهادات الوطنية املطابقة، كما وقع تغييره
.املعادالت بين الشهادات،وزير التعليم العالي والبحث العلمي واالبتكار
وتتميمه؛
1422  من ربيع االول28  الصادر في2.01.333 بناء على املرسوم رقم
 ) املتعلق بتحديد الشروط واملسطرة الخاصة بمنح2001  يونيو21(
1446  من ربيع االخر24  الصادر في2.24.991 وعلى املرسوم رقم
 ) املتعلق باختصاصات وزير التعليم العالي والبحث2024  اكتوبر28(
معادلة شهادات التعليم العالي؛
العلمي واالبتكار؛
1425  من ربيع االخر18  الصادر في2.04.89 وعلى املرسوم رقم
 ) بتحديد اختصاص املؤسسات الجامعية واسالك2004  يونيو7(
 الدراسات العليا وكذا الشهادات الوطنية املطابقة، كما وقع تغييره
وبعد استشارة اللجنة القطاعية لعلوم الرياضيات والفيزياء،2026  فبراير5 والكيمياء والحياة واالرض والكون املنعقدة بتاريخ
وتتميمه؛
: قرر ما يلي
1446  من ربيع االخر24  الصادر في2.24.991 وعلى املرسوم رقم
 ) املتعلق باختصاصات وزير التعليم العالي والبحث2024  اكتوبر28(
املادة االولى
: Sciences naturelles تقبل ملعادلة الدكتوراه، الشهادة التالية في
العلمي واالبتكار؛
وبعد استشارة اللجنة القطاعية لعلوم الرياضيات والفيزياء
– Doctorate degree in the area of natural sciences, délivré،2026  فبراير5 والكيمياء والحياة واالرض والكون املنعقدة بتاريخ
par Lietuvos sporto Universitetas - Lituanie.
: قرر ما يلي",Commercial,"Commercial=6, Social=2, Civil=2",Commercial,False,AR : texte source à réingérer (ordre des mots/paragraphes corrompu dès l'extraction PDF) — label non vérifié
509,BO_7506_Ar,الثانية,ar,"املادة االولى
.ينشر هذا القرار بالجريدة الرسمية
: Génie logiciel تقبل ملعادلة االجازة، الشهادة التالية في
.)2026  ابريل3( 1447  من شوال15 وحرر بالرباط في
– Degree of bachelor of engineering in software
engineering, délivré par Sichuan University - Chine.
.االمضاء : عز الدين املداوي
الجريدة الرسمية2653
 ((7    يام(( 19 19  1دعقلا وذ  919 - 7506 عدد
728.26 قرار لوزير التعليم العالي والبحث العلمي واالبتكار رقم
 ) بتحديد بعض2026  ابريل3( 1447  من شوال15 صادر في
1425  من ربيع االخر18  الصادر في2.04.89 وعلى املرسوم رقم
 ) بتحديد اختصاص املؤسسات الجامعية واسالك2004  يونيو7(
 الدراسات العليا وكذا الشهادات الوطنية املطابقة، كما وقع تغييره
.املعادالت بين الشهادات
وتتميمه؛،وزير التعليم العالي والبحث العلمي واالبتكار
1446  من ربيع االخر24  الصادر في2.24.991 وعلى املرسوم رقم
 ) املتعلق باختصاصات وزير التعليم العالي والبحث2024  اكتوبر28(
1422  من ربيع االول28  الصادر في2.01.333 بناء على املرسوم رقم
 ) املتعلق بتحديد الشروط واملسطرة الخاصة بمنح2001  يونيو21(
العلمي واالبتكار؛
معادلة شهادات التعليم العالي؛
وبعد استشارة اللجنة القطاعية لعلوم الرياضيات والفيزياء
1425  من ربيع االخر18  الصادر في2.04.89 وعلى املرسوم رقم
 ) بتحديد اختصاص املؤسسات الجامعية واسالك2004  يونيو7(
 الدراسات العليا وكذا الشهادات الوطنية املطابقة، كما وقع تغييره،2026  فبراير5 والكيمياء والحياة واالرض والكون املنعقدة بتاريخ
: قرر ما يلي
املادة االولى
وتتميمه؛
: Biologie تقبل ملعادلة الدكتوراه، الشهادة التالية في
1446  من ربيع االخر24  الصادر في2.24.991 وعلى املرسوم رقم
 ) املتعلق باختصاصات وزير التعليم العالي والبحث2024  اكتوبر28(
– Titre de docteur en biologie, délivré par l’Université du
العلمي واالبتكار؛
Luxembourg - Luxembourg.
وبعد استشارة اللجنة القطاعية لعلوم الرياضيات والفيزياء",Commercial,"Commercial=5, Fiscal=2, Social=1",Commercial,False,AR : texte source à réingérer (ordre des mots/paragraphes corrompu dès l'extraction PDF) — label non vérifié
510,BO_7506_Ar,الثانية,ar,"،2026  فبراير5 والكيمياء والحياة واالرض والكون املنعقدة بتاريخ
.ينشر هذا القرار بالجريدة الرسمية
: قرر ما يلي
.)2026  ابريل3( 1447  من شوال15 وحرر بالرباط في
املادة االولى
.االمضاء : عز الدين املداوي
: Sciences de l’eau تقبل ملعادلة املاستر، الشهادة التالية في
– Grade de maître ès sciences (M.SC.), sciences de l’eau,
730.26 قرار لوزير التعليم العالي والبحث العلمي واالبتكار رقم
 ) بتحديد بعض2026  ابريل3( 1447  من شوال15 صادر في
délivré par l’Université du Québec - Canada.",Fiscal,"Fiscal=1, Civil=1, Social=0",Fiscal,False,AR : texte source à réingérer (ordre des mots/paragraphes corrompu dès l'extraction PDF) — label non vérifié
511,BO_7506_Ar,الثانية,ar,"املعادالت بين الشهادات
.ينشر هذا القرار بالجريدة الرسمية،وزير التعليم العالي والبحث العلمي واالبتكار
.)2026  ابريل3( 1447  من شوال15 وحرر بالرباط في
1422  من ربيع االول28  الصادر في2.01.333 بناء على املرسوم رقم
 ) املتعلق بتحديد الشروط واملسطرة الخاصة بمنح2001  يونيو21(
.االمضاء : عز الدين املداوي
معادلة شهادات التعليم العالي؛
729.26 قرار لوزير التعليم العالي والبحث العلمي واالبتكار رقم
 ) بتحديد بعض2026  ابريل3( 1447  من شوال15 صادر في
1425  من ربيع االخر18  الصادر في2.04.89 وعلى املرسوم رقم
 ) بتحديد اختصاص املؤسسات الجامعية واسالك2004  يونيو7(
 الدراسات العليا وكذا الشهادات الوطنية املطابقة، كما وقع تغييره
.املعادالت بين الشهادات
وتتميمه؛،وزير التعليم العالي والبحث العلمي واالبتكار
1446  من ربيع االخر24  الصادر في2.24.991 وعلى املرسوم رقم
 ) املتعلق باختصاصات وزير التعليم العالي والبحث2024  اكتوبر28(
1422  من ربيع االول28  الصادر في2.01.333 بناء على املرسوم رقم
 ) املتعلق بتحديد الشروط واملسطرة الخاصة بمنح2001  يونيو21(
العلمي واالبتكار؛
معادلة شهادات التعليم العالي؛
الجريدة الرسمية((7    يام(( 19 19  1دعقلا وذ  919 - 7506 عدد 2654",Commercial,"Commercial=4, Fiscal=2, Social=2",Commercial,False,AR : texte source à réingérer (ordre des mots/paragraphes corrompu dès l'extraction PDF) — label non vérifié
512,BO_7506_Ar,الثانية,ar,"وبعد استشارة اللجنة القطاعية لعلوم الرياضيات والفيزياء،2026  فبراير5 والكيمياء والحياة واالرض والكون املنعقدة بتاريخ
.ينشر هذا القرار بالجريدة الرسمية
: قرر ما يلي
املادة االولى
.)2026  ابريل3( 1447  من شوال15 وحرر بالرباط في
Biologie cellulaire تقبل ملعادلة املاستر، الشهادة التالية في
.االمضاء : عز الدين املداوي
: moléculaire
732.26 قرار لوزير التعليم العالي والبحث العلمي واالبتكار رقم
 ) بتحديد بعض2026  ابريل3( 1447  من شوال15 صادر في
– Laurea magistrale in biologia cellular e molecolare,
délivrée par l’Universita degli studi di Cagliari - Italie.
.املعادالت بين الشهادات",Fiscal,"Fiscal=1, Civil=1, Social=0",Fiscal,False,AR : texte source à réingérer (ordre des mots/paragraphes corrompu dès l'extraction PDF) — label non vérifié
513,BO_7506_Ar,الثانية,ar,"ينشر هذا القرار بالجريدة الرسمية،وزير التعليم العالي والبحث العلمي واالبتكار
.)2026  ابريل3( 1447  من شوال15 وحرر بالرباط في
1422  من ربيع االول28  الصادر في2.01.333 بناء على املرسوم رقم
 ) املتعلق بتحديد الشروط واملسطرة الخاصة بمنح2001  يونيو21(
.االمضاء : عز الدين املداوي
معادلة شهادات التعليم العالي؛
731.26 قرار لوزير التعليم العالي والبحث العلمي واالبتكار رقم
 ) بتحديد بعض2026  ابريل3( 1447  من شوال15 صادر في
1425  من ربيع االخر18  الصادر في2.04.89 وعلى املرسوم رقم
 ) بتحديد اختصاص املؤسسات الجامعية واسالك2004  يونيو7(
 الدراسات العليا وكذا الشهادات الوطنية املطابقة، كما وقع تغييره
.املعادالت بين الشهادات،وزير التعليم العالي والبحث العلمي واالبتكار
 1422  من ربيع االول28  الصادر في2.01.333 بناء على املرسوم رقم
 ) املتعلق بتحديد الشروط واملسطرة الخاصة بمنح2001  يونيو21(
وتتميمه؛
1446  من ربيع االخر24  الصادر في2.24.991 وعلى املرسوم رقم
 ) املتعلق باختصاصات وزير التعليم العالي والبحث2024  اكتوبر28(
معادلة شهادات التعليم العالي؛
العلمي واالبتكار؛
1425  من ربيع االخر18  الصادر في2.04.89 وعلى املرسوم رقم
 ) بتحديد اختصاص املؤسسات الجامعية واسالك2004  يونيو7(
 الدراسات العليا وكذا الشهادات الوطنية املطابقة، كما وقع تغييره
وبعد استشارة اللجنة القطاعية لعلوم الرياضيات والفيزياء،2026  فبراير5 والكيمياء والحياة واالرض والكون املنعقدة بتاريخ
وتتميمه؛
: قرر ما يلي
1446  من ربيع االخر24  الصادر في2.24.991 وعلى املرسوم رقم
 ) املتعلق باختصاصات وزير التعليم العالي والبحث2024  اكتوبر28(
املادة االولى
: Informatique تقبل ملعادلة املاستر، الشهادة التالية في
العلمي واالبتكار؛
– Master of science (MSC) in data science and business
وبعد استشارة اللجنة القطاعية لعلوم الرياضيات والفيزياء
analytics, délivré par Asia Pacific University of technology
and innovation - Malaisie.،2026  فبراير5 والكيمياء والحياة واالرض والكون املنعقدة بتاريخ
: قرر ما يلي
املادة االولى",Commercial,"Commercial=6, Social=2, Civil=2",Commercial,False,AR : texte source à réingérer (ordre des mots/paragraphes corrompu dès l'extraction PDF) — label non vérifié
514,BO_7506_Ar,الثانية,ar,"Informatique تقبل ملعادلة االجازة، الشهادة التالية في
.ينشر هذا القرار بالجريدة الرسمية
– Degree of bachelor of engineering, computer science and
.)2026  ابريل3( 1447  من شوال15 وحرر بالرباط في
technology, délivré par Nanjing University of information
science and technology - Chine.
.االمضاء : عز الدين املداوي
الجريدة الرسمية2655
((7    يام(( 19 19  1دعقلا وذ  919 - 7506 عدد
) باالذن بالتخلي عن ملكية القطعة2026  مارس17( 1447  من رمضان27  صادر في622.26  االقتصاد واملالية رقمةمقرر لوزير
االرضية الالزمة الحداث دار الشباب بعمالة مقاطعة عين الشق بجماعة الدار البيضاء بعمالة الدار البيضاء،وزيرة االقتصاد واملالية
املتعلق بنزع امللكية الجل املنفعة العامة وباالحتالل املؤقت، الصادر بتنفيذه الظهير الشريف7.81 بناء على القانون رقم
)؛1982  ماي6( 1402  من رجب11  بتاريخ1.81.254 رقم
املشار اليه اعاله؛7.81 ) بتطبيق القانون رقم1983  ابريل16( 1403  رجب2  الصادر في2.82.382 وعلى املرسوم رقم
1412  من ذي الحجة15  بتاريخ1.92.31  املتعلق بالتعمير، الصادر بتنفيذه الظهير الشريف رقم12.90 وعلى القانون رقم
منه؛28 ) وال سيما الفصل1992  يونيو17(
) باملوافقة على التصميم والنظام2025  ابريل2( 1446  شوال3  الصادر في2.25.303 وبعد االطالع على املرسوم رقم
املتعلق به املوضوعين لتهيئة مقاطعة عين الشق بجماعة الدار البيضاء بعمالة الدار البيضاء وباالعالن ان في ذلك منفعة عامة؛؛2025  يوليو27  ماي الى28 وعلى ملف البحث االداري املباشر من،وبعد استشارة وزير الداخلية
: قررت ما يلي
املادة االولى
يؤذن بالتخلي عن ملكية القطعة االرضية الالزمة الحداث دار الشباب، الكائنة بعمالة مقاطعة عين الشق بجماعة
الدار البيضاء بعمالة الدار البيضاء، املبينة في الجدول اسفله واملرسومة حدودها بخط احمر في التصميم امللحق باصل هذا
: املقرر
2656 الجريدة الرسمية عدد 7506 - 19 ذو القعدة 1447 )7 ماي 2026(
رقم القطعة اسماء وعناوين الملاك المساحة ملاحظات
الارضية ‎Gallas‏ بالمتر المربع
‎au‏ | ومرم ري
1 |الملك المسمى | - عبد االطيف اليازلئي 817 التفييد الاحتياطي بمقتضى مقال لفائدة عباس
'دنيديبة الديل ‎gi‏ مصطفى بلفرندي ضد ورثة اليازلي الهاشمي ‎1‏
‎ul‏ موضوع | - مخلوف فحيما ابن مردوش - التفييد الاحتياطي بمقتضى مقال لفائدة
الرسم العقاري | - نجاة اليازلي بنت مصطفى السعدية الحاجي ضد ورثة اليزاري الهاشمي
‎Lu 10727‏ .—
عدد 10727/س | - بوشعيب اليازلي بن -الرهن الرسمي المقيد على كافة الحقوق
(جزء) ‎A‏ |
لهاشمي العائدة للمدين مخلوف فحيما ابن مردوش لفائدة
- عبد اللطيف رطل ‎lu‏
‏- شادية اليزلي
-التقييد الاحتياطي لدعوى القسمة المقهيد
- زهراء كورتي لفائدة مخلى ‎1‏
‏فائدة مخلوف فحيما ابن مردوش ومن معه
- نبيل اليازلي
| - سميرة اليازلي
| -التقييد الاحتياطي لدعوى القسمة المقهيد
— محمد اليازلي ,
لفائدة بوشعيب اليازلي بن الهاشمي ضد
- السعدية اليازلي
| مخلوف فحيما ابن مردوش ومن معه
الساكنون بالدائرة الحضرية
سيدي معروف مقاطعة عين
الشق جماعة الدار البيضاء
- الشركة المدنية العقارية
اوليفيي
— الشركة المدنية ‎Aiyläull‏ 7 |
لورور
- الشركة المدنية العقارية لي
سيني
بناني عنوانه بالدائرة الحضرية ' :
الشق جماعة الدار البيضاء |
الجريدة الرسمية2657
((7    يام(( 19 19  1دعقلا وذ  919 - 7506 عدد
. يفوض حق نزع امللكية الى مدير امالك الدولة- .",Administratif,"Administratif=10, Fiscal=6, Civil=5",Administratif,False,AR : texte source à réingérer (ordre des mots/paragraphes corrompu dès l'extraction PDF) — label non vérifié
515,BO_7506_Ar,الثانية,ar,"ينشر هذا املقرر بالجريدة الرسمية- .املادة الثالثة
.)2026  مارس17( 1447  من رمضان27 وحرر بالرباط في
.االمضاء : نادية فتاح
) باالذن بالتخلي عن ملكية القطع االرضية2026  مارس18( 1447  من رمضان28  صادر في605.26 مقرر لوزير التجهيز واملاء رقم
بجماعتي ايت نعمان واقدار باقليم الحاجب19+000  الى1+400  من ن.ك707 الالزمة لتثنية الطريق الجهوية رقم،وزير التجهيز واملاء
املتعلق بنزع امللكية الجل املنفعة العامة وباالحتالل املؤقت، الصادر بتنفيذه الظهير الشريف7.81 بناء على القانون رقم
)؛1982  ماي6( 1402  من رجب11  بتاريخ1.81.254 رقم
املشار اليه اعاله؛7.81 ) بتطبيق القانون رقم1983  ابريل16( 1403  رجب2  الصادر في2.82.382 وعلى املرسوم رقم
) باعالن ان املنفعة العامة تقغضي بتثنية2023  اكتوبر9( 1445  من ربيع االول23  الصادر في2.23.849 وعلى املرسوم رقم
بجماعتي ايت نعمان واقدار باقليم الحاجب وبجماعة24+800  الى ن.ك رقم1+400  من ن.ك رقم707 الطريق الجهوية رقم
تزكيت باقليم افران؛
) بتجديد اعالن املنفعة العامة التي تقغضي بتثنية2026  يناير8( 1447  من رجب18  الصادر في2.25.1055 وعلى املرسوم رقم
بجماعتي ايت نعمان واقدار باقليم الحاجب وبجماعة تزكيت24+800  الى ن.ك1+400  من ن.ك707 الطريق الجهوية رقم
باقليم افران؛
بمكاتب جماعتي ايت نعمان واقدار2025  يناير7  الى2024  نوفمبر6 وبعد االطالع على ملف البحث االداري املباشر من
باقليم الحاجب؛،وبعد استشارة وزير الداخلية
: قرر ما يلي
املادة االولى
بجماعتي ايت19+000  الى1+400  من ن.ك707 يؤذن بالتخلي عن ملكية القطع االرضية الالزمة لتثنية الطريق الجهوية رقم
ذوات املقياس12/12  الى1/12 نعمان واقدار باقليم الحاجب، املبينة في الجدول اسفله واملعلم عليها في التصاميم التجزيئية من
:  امللحقة باصل هذا املقرر1/1000
2658 الجريدة الرسمية عدد 7506 - 19 ذو القعدة 1447 )7 ماي 2026(
تثنية الطريق الجهوبة رقم 707 من ن ك رقم 1+400 الى ن ك رقم 194000 بجماعتي ‎Cul‏ نعمان و اقدارباقليم الحاجب
2 المساحة
رقم القطعة ‎1‏ الع اسم المالك او المفروض انه المالك 1 الاحظات
‎y‏ | المرجع العقاري وعنوانه بالمتر
المربع
دوار ايت سعيد جماعة اقدار | الحاجب ‎à ai‏ تحفن
غير محفظة دوار ايت ابن ‎À‏ ن قيادة بن مطير جماعة اقدار | ‎ja 48 all REVERS > æl‏
‎T12269/67 ES‏ خديجة خوتي بنت ادريس ‎1‏ 0
/ دوار ايت سعيد جماعة اقدار اقليم الحاجب 11 ‎ll‏ فلاحية
‎T12269/67 ES‏ خديجة خوتي بنت ادريس فلاحية
/ دوار ابت سعيد جماعة اقدار اقليم الحاجب 0 فلاحية
محفظة 3
شه
محفظة
”
‎CE‏ و
محفظة 2
# ارايت ابن احسين قيادة بن مطير جماعة اقدا الحا | 0 ‎us]‏
‎CE NS EE‏ كمي اس
ورئة تبابا فاضمة
لاوو ‎PE CT EEE‏
مه
جدار بالاسمنت و الحديد. علوه 1,20م وطوله 124 م
‎T4183/67‏ شركة سوشطراب بناية مكونة من طابق ‎dès‏ بالاسمنت والحديد مسقفة بالاسمنت والحديد مساحتها 20
دوار ايت سعيد جماعة اقدار اقليم الحاجب ‎ja‏ مربع
/ # دوار ايت سعيد اقدار جماعة ‎pull‏ اقليم الحاجب | 260 ‎um]‏
‏دوار ايت بن احسين قيادة بنى مطير جماعة ‎sil‏ اقليم الحاجب تخترقه قناة+ مثقل بحق مرو
‎les‏ ايت بن احسين قيادة ‎jé‏ مطير جماعة اقدارء اقليم الحاجب تخترقه قناة+ مثقل بحو
‎T4298/‏ دوارايت ‎Grues‏ جماعة اقدار ‎mt‏ الحاجب 6 اجدار بالاسمنت و الحديد علوه 1,20م وطوله 105 م
/ # دوار ايت بنحسين جماعة اقدار اقليم الحاجب 5 | فلاحية
دوار ايت نهعمان جماعة 1451 اقليم الحاجب 22 ن
دوار ايت سعيد الجماعة اقدار ‎1‏ الحا ‎Jai‏ بتعرضات+ ابدا ‎A]‏
‏/ لله دوار ايت سمعيد_الجماعة اقدار اقليم الحاجب | 09 |“ فلاحية
دوار ايت سعيد_الجماعة اقدار اقليم الحاجب ‎Jai‏ بتعرضات+ ‎ul‏ شراء
دوار ايت ‎uns‏ _الجماعة اقدار اقليم الحاجب 1 دقل بتعرضيات+ ‎laut‏ شراء
الحاجب جماعة اقدا ثقل بتعرضات+ ‎plu‏ رسم شراء
‎T873/ /‏ جماعة الدى ‎Lt‏ العا 114 اارض فلاحية
قيادة بنى مطير جماعة اقدار اقليم الحا ثقل بتعرضات+ ايدا شراء
دوار ايت سعيد الجماعة اقدار !| الحاجب ثفل بتعرضات+ ايبدا شراء .
/ # دوارايت سهيد الجماعة اقدار اقليم الحاجب 7 |ارض فلاحية
/ لله دوار ايت سعيد الجماعة اقدار اقليم الحاجب 416 ‎ll‏ فلاحية
‎T16852/67‏ المصطفى عطابة فلاحية
/ جماعة اقدار اقليم الحاجب | 23 |“ فلاحية
/ لذ قيادة بني مطير جماعة اقدار اقليم الحاجب 148 ‎oui]‏ فلاحية !
2650 all (026 ‏ذوالقعدة 1447 )7 ماي‎ 19 - 7506 0e
‏القطعة المساحة‎ ai
11 ‏عدف‎ 2 Pr
‏وعنوانه‎ aus ‏الا‎
‏رضية المريع‎
‏جماعة اقدار اقليم الحاجب 22 ن‎
‏غير محفظة جماعة اقدار اقليم الحاجب 4 اارض فلاحية‎ /
‏جماعة اقدار اقئيم الحا‎
‏دوارايت بد ن جماعة اقدار اقليم الحاجب‎
‏دوار ايت بن حسين جماعة اقدار اقليم الحاجب 31 |ارض فلاحية‎ # 60/1
ja 18 ‏طوله‎ sw) 6 | ‏بن حسين جماعة اقدار اقليم الحعاجب‎ Cul ‏غير محفظة دوار‎ 60/2
0 ‏د‎ faut + 0 à: ‏جماعة اقدار اقليم الحا‎
‏الصادق عطابة بن احميشة‎
‏جماعة اقدار اقليم الحاجب رض فلاحية‎ # 62/1
‏لي‎ en | #7
‏اقليم الحاحب قنادة ب فط جماعة اقدا 8 ثقل بتعرض + ايداع عقود شراء‎ R1759/59
EC ‏سساح يس‎
‏اقليم الحا حاجز ث طوله 14 مت‎ Just ‏جماعة‎ T16855/67
ms | 65/1
| . 0
‏رض فلاحية‎ | os | ‏جماعة اقدار اقليم الحاجب‎ # 65/1
in ‏م‎
‏ارض فل‎ 0
un] ‏الال ا‎ 66/1
‏حا لولس‎ EE ‏الا اا‎
72 ‏بن احمد‎
‏مثقل برهون‎ ous ‏اقليم الحاجب جماعة قروبة اقدار دوار ايت‎ T13563/67
‏نز ن جماعة اقدار اقليم الحاجب رض فلاحية‎ col ‏غير دواد‎ 68/1
_ ‏دوارايت_ بن ن جماعة اقدار ! الحاجب.‎
+ ‏اقليم الحاجب 28 ارض‎ just ‏غير محفظة دواد انت ب 6 جماعة‎ 69/1
© »| 63 ‏غير دوار ايت بن حسين جماعة اقدار اقليم الحاجب‎ 69/2
‏جماعة اقدار اقليم الحاح رض فلاحية‎ mn ‏دوار ابت‎ T16856/67 70
es 2 ‏الحاجب‎ 1 ‏غير دوار ابت بنحسين جماعة اقدار‎ 70/1
he 2 ‏دوار ايت بنحسين جماعة اقدار اقليم الحا‎ # 70/2
RE EE EE
Les ‏العاجب‎ 1 ‏دوار ابت ب جماعة اقدار‎ T11613/67 72
7? ‏الحاجب‎ 1 ‏دوار ابت عة اقدار‎ 227 74
:
Les ‏غير محفظة دوار ايت سعيد جماعة اقدار اقليم الحاجب‎ 74/1
‏دوار ايت هند ا!وحساين جماعة اقدار ا الحا‎
nue | ‏مسح‎
‏ارض فلا‎ 9 1
‏احية‎ ES ‏اقدار اقليم الحاجب‎ cle» ‏هند اوحساين‎ cul ‏غير دوار‎ 75/1
‏جمال نسفيتي ين احميدو‎
‏كريم السعيدي بن شعيب 115 ارض فلاحية‎ 2127 77
‏دوار ايت بد زجماعة اقدار | الحاحب‎
T7 ‏غير دوار ايت بن حريز جماعة اقدار اقليم الحا‎ 77/1
‏كريم السعيدي بن شعيب 11 ارض فلاحية‎ Té121/67 79
‏دوار ايت بن حريز جماعة اقدار اقليم الحاجب‎
‏جماعة اقدار | الحاجب‎ ; rs ‏دوار ايت‎ 9
' ‏قيادة بن مطير جماعة اقدار اقليم الحاجب‎
2660 الجريدة الرسمية عدد 7506 - 19 ذو القعدة 1447 )7 ماي 2026(
‎sun‏ المساحة
رقم القطعة ‎eu‏ اسم المالك او المفروض انه المالك
| المرجع العقاري ‎ss‏ د اروص بالمتر ملاحظات
الارضية وعنوانه
المريع
/ 7 اقليم_الحاجب_قيادة بن مطير جماعة اقدا | 08 |“ فلاحية
_
| #
‎Des |‏ 38/67 الحسين زرايدي بن حدو ‎ue.‏
‎T3538/‏ دوار ‎Cul‏ سعيد قيادة بن مطير جماعة اقدار اقليم الحاجب 109 اازيتون متوسط 15
/ # دوارايت سعيد قيادة بن مطير جماعة اق",Administratif,"Administratif=56, Commercial=8, Fiscal=4",Administratif,True,AR : texte source à réingérer (ordre des mots/paragraphes corrompu dès l'extraction PDF) — label non vérifié
516,BO_7506_Ar,الثانية,ar,")2026  مارس18( 1447  من رمضان28 وحرر بالرباط في
.االمضاء : نزار بركة
) باالذن بالتخلي عن ملكية القطع االرضية2026  ابريل3( 1447  من شوال15  صادر في739.26 مقرر لوزير النقل واللوجيستيك رقم
 348+616  الى ن.ك336+324  ومراكش، من ن.كةالالزمة لبناء خط سككي للقطارات ذات السرعة العالية بين القنيطر
بجماعة النواصر باقليم النواصر بوالية جهة05+780  الى ن.ك02+252  ومن ن.ك05+732  الى ن.ك01+401 ومن ن.ك
. سطات- الدار البيضاء،وزير النقل واللوجيستيك
 ) املتعلق باحداث املكتب الوطني للسكك1963  اغسطس5( 1383  من ربيع االول14  الصادر في1.63.225 بناء على الظهير الشريف رقم
الحديدية، كما وقع تغييره وتتميمه؛
1.81.254  املتعلق بنزع امللكية الجل املنفعة العامة وباالحتالل املؤقت الصادر بتنفيذه الظهير الشريف رقم7.81 وعلى القانون رقم
)؛1982  ماي6( 1402  من رجب11 بتاريخ
1.04.256  املتعلق بتنظيم الشبكة السككية الوطنية وتدبيرها واستغاللها الصادر بتنفيذه الظهير الشريف رقم52.03 وعلى القانون رقم
)؛2005  يناير7( 1425  من ذي القعدة25 بتاريخ
املشار اليه اعاله؛7.81 ) بتطبيق القانون رقم1983  ابريل16( 1403  رجب2  الصادر في2.82.382 وعلى املرسوم رقم
) باعالن ان املنفعة العامة تقغضي ببناء2023  نوفمبر22( 1445  جمادى االولى8  الصادر في2.23.1019 وبعد االطالع على املرسوم رقم
  سطات-  القنيطرة ووالية جهة الدار البيضاء-  سال- خط حديدي للقطارات ذات السرعة العالية بين القنيطرة ومراكش بوالية جهة الرباط
اسفي كما وقع تغييره؛- ووالية جهة مراكش
) بتجديد اعالن املنفعة العامة التي تقغضي ببناء خط حديدي2025  ديسمبر23( 1447  رجب2  الصادر في2.25.955 وعلى املرسوم رقم
  سطات ووالية جهة-  القنيطرة ووالية جهة الدار البيضاء-  سال- للقطارات ذات السرعة العالية بين القنيطرة ومراكش بوالية جهة الرباط
اسفي؛- مراكش
بجماعة النواصر باقليم النواصر؛2025  ماي26  مارس الى26 وعلى ملف البحث االداري املباشر من،وبعد استشارة وزير الداخلية
: قرر ما يلي
املادة االولى
يؤذن بالتخلي عن ملكية القطع االرضية الالزمة لبناء خط سككي للقطارات ذات السرعة العالية بين القنيطرة ومراكش، من ن.ك
  بجماعة النواصر باقليم النواصر05+780  الى ن.ك02+252  ومن ن.ك05+732  الى ن.ك01+401  ومن ن.ك348+616  الى ن.ك336+324
  امللحق1/1000  سطات، الواردة في الجدول اسفله واملعلم عليها باللون االحمر في التصميم التجزيئي ذي املقياس- بوالية جهة الدار البيضاء
: باصل هذا املقرر
عدد 7506 - 19 ذو القعدة 1447 77 ماي 2026( الجريدة الرسمية 2665
الارضية المرجع العقاري | اسم المالك او المفترض انه ‎cells‏ وعنوانه ملاحظات
بالتصميم
مطلب عدد الحاج محمد بن عبد الله الدكالي ومن معه ‎ni‏ اوبح اه
2 03س جماعة النواصر اقليم النواصر 79 | 15 0 ارض فلاحية
رسم عدد مروان طرفة ‎LAN D)‏
15 لي م الس ا
رسم عدد ادريس موس 1 000""
1 ? ا
5 غير محفظة جماعة النواصر اقليم النواصر 24 | 03 .00 ) 2 فلاحية
‎RICE"" ""SE SEE‏
رسم عدد عبد الرحيم القصير بن بوجمعة ا
7 3/224654 ربيعة بوجيبار بنت محمد 65 ارض فلاحية
6 جماعة النواصر اقليم النواصر
63/119482 جماعة النواصر اقليم النواصر عقار به حجز
غير محفظة زيطة الحاج ‎is‏ 49 | 50 يدعي السيد سمير الحساني ان العقار في
جماعة النواصر اقليم النواصر اسمه واسم يونس مسلك
عدد امحمد الرا « 5
رسم 0 .+ عفار به د
ورثة زيطة عبد القادر
‎she‏ ورثة زيطة عبد الهادي ‎ei‏ ولاك
13 غير محفظة زيطة الحاج خليفة 8 | 55 ارض فلاحية
جماعة النواصر اقليم النواصر
‎Ass | 2 1 7‏
15 63/226699 جماعة النواصر اقليم النواصر 03 ‎ee‏ | 0 0
- احمد القبا : 1
6 ارض فلاحية
16 0 - عبدالرفيع بناني 85 ‎Re‏
‏63/4560 5 9 ر به تقييد
17 رسم عدد الوكالة الحضرية للدار البيضاء 01 | وه ارض فلاحية
53/9352 جماعة النواصر اقليم النواصر عقار به تقييد
‎RCI + ME JE‏
الزيطة الحاج خليفة - الزيطة رجاء ارض فلاحية
19 غير محفظة الزيطة فاطمة الزهراء - الزيطة فطومة 36 20 01 يدعي السيد احمد الصريدي تملكه في
جماعة النواصر اقليم النواصر العقار
20 رسم عدد الوكالة الحضرية للدار البيضاء 4ع | 58 01 ارض فلاحية
53/9352 جماعة النواصر اقليم النواصر عقار به تقييد
‎Le .‏ عبد الرحمان بن بوعزة ارض فلاحية
21 حر جماعة النواصر اقليم النواصر 70 | 12 0 تعرض عن القطعة
عبد المجيد الزوين ومن ‎Axa‏ : مع ام
. لله ل جد لزوين ومن ‎Di‏ فلا
رسم بو ‎Te‏ وي بل محمد 4 ارض فلاحية
27 63/7416 جماعة النواصر اقليم النواصر 017"" 0 3
23 رسم عدد بوشعيب مكاوي بن محمد 26 | 64 ارض فلاحية
63/7497 جماعة النواصر اقليم النواصر عقار به تقييد
رسم عدد بوشعيب مكاوى بن محمد ‎1‏ 7 . 7
7 5 | فلا
رسم عدد ميلودة بنت محمد ومن معها 8 . : 8
‎D/1054‏ جماعة النواصر اقليم النواصر يملك فى العقار
‎À 2666‏ 2
‎1‏ لجريدة الرسمية عدد 7506 - 19 ذو القعدة 1447 )7 ماى 2026(
الارضيهة المرجع العقاري | اسم المالك او المفترض انه كذلك؛: وعنوانه 1 ملاحظات
26 غير محفظة الحاج محمد بن صالح 97 يدعي السيد محمد قادري ان العقار في
جماعة النواصر اقليم النوا 36 7 , 0
2 صر سمهةو ‎ei‏ قادري المختار ‎es JS‏
بوشعيب و قادري عزيز
اولاد البيضة ارض فلاحية
27 غير محفظة ‎ge | 75 Rae‏ يدعي السيد بوشعيب قادري ان العقار في
قادري المختار - قادري عزيز
اولاد البيضة ارض فلاحية
28 غير محفظة اولاد ‎Lea‏ يدعي السيد بوشعيب قادري ان العقار في
0 قادر المختار 5 قادر عزيز
‎pu)‏ عدد نشة ‎à Li - jh‏ =
‎pas‏ عدد نو ‎Su‏ مر تاج د 3 -— ‎TT‏
‏63/26271 جماعة النواصر اقليم النواصر 43 | 49 ‎oo.‏ عقار به تقييد
رسحم عدد ته شه تا . د ‎TT‏ . =
32 | 69/26271 | جماعة لفراضر ابورا رض فلاح
63/26271 جماعة النواصر اقليم النواصر ‎EX‏ 48 0 عقار به تقييد
63/26271 جماعة النواصر اقليم النواصر | 6 04 0 عقار به تقييد
د جماعة النواصر اقليم النواصر 14 | 04 0 ارض فلاحيا
رسم عدد - الدولة المغربية -الملك الخاص
43 47/5875 - الوكالة الحضرية للدار البيضاء 14 52 ارض عارية
6 غير محفظة توفيق مرتاج ‎Ni‏ :
4 غير جماعة النواصر ‎pal SN‏ 4 | 02 | 01 ارض فلاحية
48 47/5875 - الوكالة الحضرية للدار البيضاء 25 | 07 02 ارض عارية
رسم عدد -الدولة المغربية الملك الخاص
رسم عدد صالحة بنت صالح ومن معها ارض فلاحية
‎C/6297‏ جماعة النواصر اقليم النواصر 42 ‎EI‏ 01 عقار مثقل برهن وتقييد
رسم عدد محمد بن العربى بن العيا* ‎0‏ معه ارض فلاحية عقار به تقييد
‎pe‏ سل بي بن العياسي ومن 1 0
‎C/53386 52‏ جماعة النواصر اقليم النواصر 30 | 57 يدعي المكتب الوطني للماء والكهرباء انه
يملك العقار بموجب تنازل
‎C/62976‏ جماعة النواصر اقليم النواصر 84 ارض فلاحية عقار به تقييد
55 ير محفظة 8 ‎ects‏ 14 ”""
عير جماعة النواصر اقليم النواصر 73 20 تدعي فاطنة نواس ان العقار في اسم ورثة
محمد بن صا
عدد 7506 - 19 ذو القعدة 1447 77 ماي 2026( الجريدة الرسمية 2667
3-3
| الارضية المرجع العقاري اسم المالك او المفترض انه ‎«las‏ وعنوانه ‎aile‏ ملاحظات
بالتصميم ‎ua‏ ار
5 مكر ‎00e‏ بوشعيب مكاوي 42 ارض فلاحية
1 47/909 جماعة النواصر اقليم النواصر رض 26
محمد بن
‎SCIE ""EST‏
رسم عدد بوشعيب بكير ومن مع",Administratif,"Administratif=31, Fiscal=18, Urbain=5",Administratif,True,AR : texte source à réingérer (ordre des mots/paragraphes corrompu dès l'extraction PDF) — label non vérifié
517,BO_7506_Ar,الثانية,ar,"ينشر هذا املقرر بالجريدة الرسمية- .املادة الثالثة
.)2026  ابريل3( 1447  من شوال15 وحرر بالرباط في
.االمضاء : عبد الصمد قيوح
من26  صادر في789.26 مقرر لوزير النقل واللوجيستيك رقم
املتعلق بتنظيم الشبكة السككية الوطنية52.03 وعلى القانون رقم
) باالذن بالتخلي عن ملكية القطع2026  ابريل14( 1447 شوال
1.04.256 وتدبيرها واستغاللها الصادر بتنفيذه الظهير الشريف رقم
االرضية الالزمة لبناء خط سككي للقطارات ذات السرعة
)؛2005  يناير7( 1425  من ذي القعدة25 بتاريخ
الى ن.ك239+958  ومراكش من ن.كةالعالية بين القنيطر
الرياض بجماعة الرباط بعمالة-  بمقاطعة اكدال244+568
1403  رجب2  الصادر في2.82.382 وعلى املرسوم رقم
.ة القنيطر-  سال- الرباط بوالية جهة الرباط
املشار اليه اعاله؛7.81 ) بتطبيق القانون رقم1983  ابريل16(،وزير النقل واللوجيستيك
جمادى8  الصادر في2.23.1019 وبعد االطالع على املرسوم رقم
من ربيع14  الصادر في1.63.225 بناء على الظهير الشريف رقم
) باعالن ان املنفعة العامة تقغضي ببناء2023  نوفمبر22( 1445 االولى
) املتعلق باحداث املكتب الوطني1963  اغسطس5( 1383 االول
للسكك الحديدية كما وقع تغييره وتتميمه؛
خط حديدي للقطارات ذات السرعة العالية بين القنيطرة ومراكش
املتعلق بنزع امللكية الجل املنفعة العامة7.81 وعلى القانون رقم
-  القنيطرة ووالية جهة الدار البيضاء-  سال- بوالية جهة الرباط
1.81.254 وباالحتالل املؤقت الصادر بتنفيذه الظهير الشريف رقم
اسفي؛- سطات ووالية جهة مراكش
)؛1982  ماي6( 1402  من رجب11 بتاريخ
الجريدة الرسمية((7    يام(( 19 19  1دعقلا وذ  919 - 7506 عدد 2674
1447  رجب2  الصادر في2.25.955 وعلى املرسوم رقم
رقم
 القطعة
 االرضية
بالتصاميم
املساحة
ياملرجع العقار اسم املالك او املفترض انه
كذلك وعنوانه
مالحظات
) بتجديد اعالن املنفعة العامة التي تقغضي ببناء2025  ديسمبر23(
ار
س
خط حديدي للقطارات ذات السرعة العالية بين القنيطرة ومراكش
 رسم عقاري
R/12427 عدد
 فطومة ملين بنت الحاج لعربي
الرياض، جماعة الرباط
ارض فالحية
 عقار مثقل برهن
- ومن  معها، مقاطعة اكدال
وتقييد
-  القنيطرة ووالية جهة الدار البيضاء-  سال- بوالية جهة الرباط
 رسم عقاري
R/31957 عدد
 مكتب االستغالل الصناعي
الرياض، جماعة الرباط
06ارض عارية
- للحماية، مقاطعة اكدال
اسفي؛- سطات ووالية جهة مراكش
 رسم عقاري
R/26064 عدد
 وكالة االستغالالت الصناعية
2024  ديسمبر16  اكتوبر الى16 وعلى ملف البحث االداري املباشر من
الرياض، جماعة الرباط
49ارض عارية
- للحماية، مقاطعة اكدال
الرياض بجماعة الرباط بعمالة الرباط؛- بمقاطعة اكدال
 رسم عقاري
R/12642 عدد
 شركة اوطو نجمة، مقاطعة
 الرياض، جماعة الرباط- اكدال08
40موقف للسيارات
 رسم عقاري
R/22747 عدد
 جماعة كيش االوداية، مقاطعة
 الرياض، جماعة الرباط- اكدال02
36ارض عارية
عقار مثقل بتقييدات،وبعد استشارة وزير الداخلية
 رسم عقاري
R/22747 عدد
 جماعة كيش االوداية، مقاطعة
 الرياض، جماعة الرباط- اكدال01
57ارض عارية
عقار مثقل بتقييدات
: قرر ما يلي
 رسم عقاري
R/22747 عدد
 جماعة كيش االوداية، مقاطعة
 الرياض، جماعة الرباط- اكدال68
58ارض عارية
عقار مثقل بتقييدات
املادة االولى",Administratif,"Administratif=14, Fiscal=9, Urbain=4",Administratif,False,AR : texte source à réingérer (ordre des mots/paragraphes corrompu dès l'extraction PDF) — label non vérifié
518,BO_7506_Ar,الثانية,ar,"يؤذن بالتخلي عن ملكية القطع االرضية الالزمة لبناء خط سككي
يفوض حق نزع امللكية الى املدير العام للمكتب الوطني للسكك
للقطارات ذات السرعة العالية بين القنيطرة ومراكش من ن.ك
.الحديدية
الرياض بجماعة-  بمقاطعة اكدال244+568  الى ن.ك239+958
املادة الثالثة
القنيطرة الواردة في-  سال- الرباط بعمالة الرباط بوالية جهة الرباط
.ينشر هذا املقرر بالجريدة الرسمية
.)2026  ابريل14( 1447  من شوال26 وحرر بالرباط في
الجدول اسفله واملعلم عليها باللون االحمر في التصميم التجزيئي ذي
:  امللحق باصل هذا املقرر1/1000 املقياس
.االمضاء : عبد الصمد قيوح
) بتخطيط حدود الطرق2025  سبتمبر10( 1447  من ربيع االول17  صادر في2359.25 قرار لرئيس مجلس جماعة سيدي يوسف بن احمد رقم
املنصوص عليها في تصميم التهيئة ملركز صنهاجة ومحطة تصفية املياهV63   «لحبالت»  الرابطة بينةاالعامة الحداث الطريق املسم
العادمة بدوار صنهاجة بجماعة سيدي يوسف بن احمد باقليم صفرو وبتعيين القطع االرضية املراد نزع ملكيتها ملا تستوجبه هذه
.العملية،رئيس مجلس جماعة سيدي يوسف بن احمد
1436  من رمضان20  بتاريخ1.15.85  املتعلق بالجماعات، الصادر بتنفيذه الظهير الشريف رقم113.14 بناء على القانون التنظيمي رقم
)؛2015  يوليو7(
بتاريخ1.81.254  املتعلق بنزع امللكية الجل املنفعة العامة وباالحتالل املؤقت، الصادر بتنفيذه الظهير الشريف رقم7.81 وعلى القانون رقم
)؛1982  ماي6( 1402  من رجب11
الجريدة الرسمية2675
((7    يام(( 19 19  1دعقلا وذ  919 - 7506 عدد
1412  من ذي الحجة15  بتاريخ1.92.31  املتعلق بالتعمير، الصادر بتنفيذه الظهير الشريف رقم12.90  وعلى القانون رقم
) كما وقع تغييره وتتميمه؛1992  يونيو17(
1.21.74  املتعلق بنظام االمالك العقارية للجماعات الترابية، الصادر بتنفيذه الظهير الشريف رقم57.19 وعلى القانون رقم
)؛2021  يوليو14( 1442  ذي الحجة3 بتاريخ
املشار اليه اعاله؛7.81 ) بتطبيق القانون رقم1983  ابريل16( 1403  رجب2  الصادر في2.82.382 وعلى املرسوم رقم
املشار اليه12.90 ) بتطبيق القانون رقم1993  اكتوبر14( 1414  من ربيع االخر27  الصادر في2.92.832 وعلى املرسوم رقم
اعاله؛
2024  يونيو7 وبعد االطالع على محضر اجتماع مجلس جماعة سيدي يوسف بن احمد خالل دورته االستثنائية املنعقدة بتاريخ؛2024  يونيو12 في الجلسة الثانية بتاريخ؛2024  اكتوبر7  اغسطس الى7 وعلى ملف البحث االداري املباشر من،وبعد موافقة وزيرة اعداد التراب الوطني والتعمير واالسكان وسياسة املدينة ووزير االوقاف والشؤون االسالمية
: قرر ما يلي
املادة االولى
املنصوص عليها في تصميم التهيئة ملركزV63 تخطط حدود الطرق العامة الحداث الطريق املسماة «لحبالت» الرابطة بين
مترا، بدوار صنهاجة بجماعة سيدي يوسف بن احمد1869  مترا، وطولها12 صنهاجة ومحطة تصفية املياه العادمة، عرضها
.باقليم صفرو",Administratif,"Administratif=8, Urbain=6, Fiscal=2",Administratif,False,AR : texte source à réingérer (ordre des mots/paragraphes corrompu dès l'extraction PDF) — label non vérifié
519,BO_7506_Ar,الثانية,ar,"تعين بناء على ما ذكر القطع االرضية املراد نزع ملكيتها ملا تستوجبه هذه العملية، كما رسمت حدودها بحاشية ملونة في التصميم
: امللحق باصل هذا القرار وعينت في الجدول التالي
2676 الجريدة الرسمية عدد 7506 - 19 ذو القعدة 1447 )7 ماي 2026(
| ارقام القطع اجعبا | اسماءالملاكين | المساحةالمرا
‎à 0. 4 8 > | 1‏ +
الارضية 3 1 0 ملاحظات
العقارية المفترضين ملكيتها بالمترالمريع
= 4 غير ‎Ali‏ | ورثة التوزاني احمد توجد بها 4 اشجار زيتون من الحجم المتوسط
|———— =
: 29
| 14 غير محفظة ‎dis‏ عبد ‎Call‏ 56 توجد بها 3 اشجار زيتون من الحجم المتوسط
1 توجد بها 6 اشجار زيتون من الحجم المتوسط
‎cuil |‏ مسطرة تحفيظ المطلب عدد
| 16 احباس صفرو 1151 ‎34997/41(P4)‏
‎34997/41(P4)‏ الارتفاقات العقارية المقيد بتاريخ 2016/12/29 (سجل
‎suc 9 0‏ 3021( عبارة عن ممرات عمومية وخطوط
ش كهربائية وساقية عمومية تخترق الملك المذكور.
| انيت مسطرة تحفيظ المطلب عدد
‎(P5) | |‏ 16077/41 واسس له رسم عقاري عدد
 رسم عقاري عدد | ‎34997/41(P5)‏
‏17 احبا 451 . .
| (34997/41)05 س 2 هذا الملك مثقل بنفس التقييدات المبينة بالقطعة
‎34997/41(P4) LL ——‏
[ 23 غير محفظة ورثة الزياني بناصر توجد بها 4 اشجار زيتون من الحجم المتوسط
| رسم عقاري عدد مثقل بالرهن الرسمي المقيد بتاريخ 2011/3/30
24 1 امسيتي فوزية 119 (سجل: 36 عدد: 620( من الرتبة الاولى على كافة
ا 41/9516 : المك المذكور لفائدة الدولة م تت
25 غير محفظة 68 توجد بها 9 اشجار زيتون من الحجم المتوسط
——
ا 29 غير محفظة لكناوي مصطفى توجد ‎Le‏ 4 اشجار زيتون من الحجم المتوسط
ل
عدد 7506 - 19 ذو القعدة 1447 )7 ماي 2026( الجريدة الرسمية 2677
عبد القادر
‎us | 38 |‏ | الو محمد | |توجدعاة اشجارزيتون من ‎Ce‏
‏وورثة السرغيني
‎ner | ms |‏ | 120 | توجدما3اشجازيتونمنالحجمالفوسط |
‎1‏ ر المتومسط
مسج حي وح سر ‎Ces‏
‏المادة الثالثة.- ينشر هذا القرار بالجريدة الرسمية.
وحرر بسيدي يوسف بن احمد في 17 من ‎us‏ الاول 1447 )10 سبتمبر 2025).
الامضاء : عبد العزيز فقودي.
الجريدة الرسمية((7    يام(( 19 19  1دعقلا وذ  919 - 7506 عدد 2678
) بتخطيط حدود2025  نوفمبر17( 1447  من جمادى االولى25  صادر في161.26 قرار لرئيس مجلس جماعة البحراويين رقم
 ببني واسين بجماعة   متر20  متر وعرض565  على طول4 الطرق العامة الحداث جزء من الطريق العمومية رقم
. وبتعيين القطع االرضية املراد نزع ملكيتها ملا تستوجبه هذه العمليةة انجر- البحراويين باقليم الفحص،رئيس مجلس جماعة البحراويين
  بتاريخ1.15.85  املتعلق بالجماعات، الصادر بتنفيذه الظهير الشريف رقم113.14 بناء على القانون التنظيمي رقم
)؛2015  يوليو7( 1436  من رمضان20
املتعلق بنزع امللكية الجل املنفعة العامة وباالحتالل املؤقت، الصادر بتنفيذه الظهير الشريف7.81 وعلى القانون رقم
)؛1982  ماي6( 1402  من رجب11  بتاريخ1.81.254 رقم
1412  من ذي الحجة15  بتاريخ1.92.31  املتعلق بالتعمير، الصادر بتنفيذه الظهير الشريف رقم12.90 وعلى القانون رقم
) كما وقع تغييره وتتميمه؛1992  يونيو17(
1.21.74  املتعلق بنظام االمالك العقارية للجماعات الترابية الصادر بتنفيذه الظهير الشريف رقم57.19 وعلى القانون رقم
)؛2021  يوليو14( 1442  ذي الحجة3 بتاريخ
املشار اليه اعاله؛7.81 ) بتطبيق القانون رقم1983  ابريل16( 1403  رجب2  الصادر في2.82.382 وعلى املرسوم رقم
املشار12.90 ) بتطبيق القانون رقم1993  اكتوبر14( 1414  من ربيع االخر27  الصادر في2.92.832 وعلى املرسوم رقم
اليه اعاله؛
) باملوافقة على التصميم والنظام2020  سبتمبر8( 1442  من محرم19  الصادر في2.20.596 وبعد االطالع على المرسوم رقم
انجرة وباالعالن ان في ذلك منفعة عامة؛- املتعلق به املوضوعين لتهيئة املنطقة الجنوبية لجماعة البحراويين باقليم فحص؛2025  فبراير5 وعلى محضر اجتماع مجلس جماعة البحراويين خالل دورته العادية املنعقدة بتاريخ؛2025  اغسطس19  يونيو الى18 وعلى ملف البحث االداري املباشر من،وبعد موافقة وزيرة اعداد التراب الوطني والتعمير واالسكان وسياسة املدينة ووزير االوقاف والشؤون االسالمية
: قرر ما يلي
املادة االولى
متر ببني واسين20  متر وعرض565  على طول4 تخطط حدود الطرق العامة الحداث جزء من الطريق العمومية رقم
. انجرة- بجماعة البحراويين باقليم الفحص",Fiscal,"Fiscal=9, Administratif=7, Urbain=5",Fiscal,False,AR : texte source à réingérer (ordre des mots/paragraphes corrompu dès l'extraction PDF) — label non vérifié
520,BO_7506_Ar,الثانية,ar,"تعين بناء على ما ذكر، القطع االرضية املراد نزع ملكيتها ملا تستوجبه هذه العملية، املبينة في الجدول اسفله واملرسومة
: حدودها بحاشية ملونة في التصميم امللحق باصل هذا القرار
رقم القطعة
املساحة
باملتر مربع
االرضية
بالتصميم
عدد 7506 - 19 ذو القعدة 1447 )7 ماي 2026( الجريدة الرسمية 2679
- الشروط على المالك: وفق الشروط والالتزامات المنصوص عليها
5 الرمم العقاري عدد الدولة الملك الخاص في العقد -
| 2 00 ل 2772 ‎wiiz mul‏
61/96066 جاعة طنجة ‎ile‏ طنجة -اصيلة |« ر مثقل بحقوق ارتفاق
‎es ji‏ العقاربي عدد عبد اميد بنعبد الله ارض عارية بها سور
3 م الا ل عض 2 | -عتار مثقل ‎Gé‏ ارتفاق
616 جاعة طنجة عالة طنجة -اصيلة - موضوع مشروع نزح الملكية لفائدة جماعة البحراويين
' شركة غوا صولاي ش. م. م - عقار مثقل بحقوق ارتفاق ورهن رمي
1 - موضوء مشروء نزع الملكية لفائدة ‎de‏ البحراويين .
‎ps‏ العقاري عدد | ‎CL Er (SOCIETE ROI SOLEIL‏ عة البحراويون
4 879
‎SARL) G/9117‏
- عقار مثقل بحق ارتفاق
1 الرسم العقاري عدد الصافية بوشيبة ومن معها 1408 ‎er.‏ مشروع نزع الملكية لفائدة المكتب الوطني للسكك
€ \ يدية
‎G/9654‏ جاعة ‎le cb‏ طنجة- اصيلة - موضوع مشروع نزع لمكي لائدة ‎le‏ البحراوين
‎CU ee le‏
الرمم العقارى عدد امينة بوغابة
‎per 7‏ - + 14 موضوع مشروع نزع الملكية لفائدة جاعة البحراوبين
6 61 جاعة طنجة؛, ‎4le‏ طنجة -اصيلة
المادة الثالثة. - ينشر هذا القرار بالجريدة الرسمية.
وحرر بالبحراويين في 25 من جمادى الاولى 1447 )17 نوفمبر 2025).",Civil,"Civil=5, Fiscal=3, Administratif=1",Civil,False,AR : texte source à réingérer (ordre des mots/paragraphes corrompu dès l'extraction PDF) — label non vérifié
521,BO_7511_Ar,2025,ar,"ديسمبر10( 1447 االخرة
رئيس الحكومة،
 من جمادى13  الصادر في2.05.916 بناء على املرسوم رقم
) بتحديد ايام ومواقيت العمل بادارات 2005  يوليو20( 1426 االخرة
الدولة والجماعات الترابية، كما وقع تغييره وتتميمه، وال سيما
1447  ذي الحجة4 وبعد املداولة في مجلس الحكومة املنعقد في
)،2026  ماي21(
الفقرة االخيرة باملادة الثالثة منه،
: رسم ما يلي
قرر ما يلي :
املادة االولى
املادة االولى، 2026  يوليو31 يتم خالل الفترة املمتدة من فاتح يونيو الى غاية
عمال بمقتضيات الفقرة االخيرة باملادة الثالثة من املرسوم املشار
 1426  من جمادى االخرة13  الصادر في2.05.916 اليه اعاله رقم
)، وبمناسبة عيد االضحى املبارك، تعطل ادارات 2005  يوليو20(
 الدولة والجماعات الترابية، بصفة استثنائية، عن العمل يوم الجمعة
اعادة استيفاء رسم استيراد القمح اللين ومشتقاته املصنفين بالبندين
.1001.99.00.90  و1001.99.00.19 التعريفيين",Fiscal,"Fiscal=2, Administratif=2, Civil=1",Fiscal,False,AR : texte source à réingérer (ordre des mots/paragraphes corrompu dès l'extraction PDF) — label non vérifié
523,BO_7511_Ar,الثانية,ar,"من قانون املالية رقم 4  من املادةI استثناء من احكام البند
ينشر هذا القرار بالجريدة الرسمية.
2000  ديسمبر31  عن الفترة املمتدة من فاتح يوليو الى25.00
).2026  ماي22( 1447  ذي الحجة5 وحرر بالرباط في
املشار اليها اعاله، يتم وقف استيفاء رسم االستيراد املفروض على
.2026 القمح اللين ومشتقاته املذكور ابتداء من فاتح اغسطس
االمضاء : عزيز اخنوش.
الجريدة الرسمية2869
((25 (2ام  5(2( 8  8  ذ8ةجحلا وذ  8 - 7511 عدد
2) بنشر مستخرجات عن وصوالت026  (فاتح ابريل144 من شوال 713  صادر في704.26 قرار لوزير التجهيز واملاء رقم
2024 ةالتصاريح التي سلمت ملستغلي املقالع وكذا الئحة املقالع التي تم اغالقها برسم سن
وزير التجهيز واملاء،
1436  من شعبان21  بتاريخ1.15.66  املتعلق باملقالع، الصادر بتنفيذه الظهير الشريف رقم27.13 بناء على القانون رقم
منه؛64 )، وال سيما",Fiscal,"Fiscal=4, Urbain=1, Social=0",Fiscal,False,AR : texte source à réingérer (ordre des mots/paragraphes corrompu dès l'extraction PDF) — label non vérifié
524,BO_7511_Ar,2015,ar,"يونيو9(
) بتطبيق بعض مقتضيات القانون رقم2017  نوفمبر30( 1439  من ربيع االول11  الصادر في2.17.369 وعلى املرسوم رقم
منه؛40  املشار اليه اعاله، وال سيما",Commercial,"Commercial=1, Fiscal=0, Social=0",Commercial,False,AR : texte source à réingérer (ordre des mots/paragraphes corrompu dès l'extraction PDF) — label non vérifié
525,BO_7511_Ar,27,ar,"13
)2018  مارس8( 1439  من جمادى االخرة19  الصادر في128.18 وعلى قرار وزير التجهيز والنقل واللوجيستيك واملاء رقم
بتحديد مضمون املستخرجات عن وصوالت التصاريح التي تسلم ملستغلي املقالع،
قرر ما يلي :
املادة االولى
املشار اليه اعاله، ينشر بالجريدة الرسمية الجدوالن امللحقان بهذا 2.17.369  من املرسوم رقم40 تطبيقا ملقتضيات املادة
القرار واملتضمنان على التوالي :؛2024  مستخرجات عن وصوالت التصاريح املسلمة ملستغلي املقالع برسم سنة-
.2024  الئحة املقالع التي تم اغالقها برسم سنة-",Fiscal,"Fiscal=3, Social=0, Administratif=0",Fiscal,False,AR : texte source à réingérer (ordre des mots/paragraphes corrompu dès l'extraction PDF) — label non vérifié
526,BO_7511_Ar,الثانية,ar,"ينشر هذا القرار بالجريدة الرسمية.
).2026  (فاتح ابريل1447  من شوال13 وحرر بالرباط في
االمضاء : نزار بركة.
*
*                  *
الجريدة الرسمية((25 (2ام  5(2( 8  8  ذ8ةجحلا وذ  8 - 7511 عدد
2 870
االتربة والرمال
ملكية خاصة20.000مكشوف58.305
3سنوات02/12/2024
24/5270/304/3303
ZAYOUF فتح واستغالل مقلع
شتوكة
الجديدة
الدار البيضاء سطات
االتربة والرمال
ملكية خاصة10.000مكشوف11.437سنتين21/02/2024
24/422/304/3303
H2Z BATIMENTفتح واستغالل مقلع
سيدي علي بن
حمدوش
الجديدة
الدار البيضاء سطات
االتربة والرمال
ملكية خاصة11.576مكشوف9.474سنة22/11/2024
24/3048/304/3303
CHTOUKA SABLEفتح واستغالل مقلع
سيدي علي بن
حمدوش
الجديدة
الدار البيضاء سطات
رملة االحجار
المستعملة
ملكية خاصة7.000مكشوف15.000
 سنوات09/05/2024
MALKITRAفتح واستغالل مقلع
اوالد صالح
الدار البيضاء
الدار البيضاء سطات
صخور كلسية
ملكية خاصة20.000مكشوف108.206
15سنة08/04/2024سطات-
-
OMYA  SAفتح واستغالل مقلع
عين الضربان  -
لحالف
سطات
الدار البيضاء سطات
نوعية
المواد
المستخرجة
احجار كلسية
ملكية خاصة5.000مكشوف5.800
20سنة02/04/2024سطات-
-
SFPCAفتح واستغالل مقلع
سيدي الذهبي
سطات
الدار البيضاء سطات
مواد الردم
ملكية خاصة4.500مكشوف6.000
73يوما12/08/2024سطات/
2024/05
STE MEDTRAفتح واستغالل مقلع
مريزيك
سطات
الدار البيضاء سطات
مواد الردم
ملكية خاصة7.000مكشوف1.892
142يوما25/07/2024سطات/
2024/04
UNIVERS TRAVAUX ROUTIERSفتح واستغالل مقلع
ريما
سطات
الدار البيضاء سطات
مواد الردم
ملكية خاصة20.000مكشوف37.044
455يوما24/07/2024سطات/
2024/02
 **مكررGROUPE MOJAZINEفتح واستغالل مقلع
بوكركوح
سطات
الدار البيضاء سطات
مواد الردم
ملكية خاصة49.735مكشوف6.338
164يوما31/05/2024سطات/
2024/03
UNIVERS TRAVAUX ROUTIERSفتح واستغالل مقلع
امزورة
سطات
الدار البيضاء سطات
مواد الردم
ملكية خاصة4.856مكشوف1.993
 يوما23/05/2024سطات/
2024/2
TAAMIR SAHARA GROUPفتح واستغالل مقلع
مشرع بن عبو
سطات
الدار البيضاء سطات
مواد الردم
ملكية خاصة37.000مكشوف13.277
 يوما30/01/2024سطات/
2024/1
 STE ATLASفتح واستغالل مقلع
اوالد امحمد
سطات
الدار البيضاء سطات
الحجارة
ملك خاص للدولة5.000مكشوف800.000
3 سنوات13/03/2024
03/2024
 OUCHARI- SUDفتح واستغالل مقلع
بئر كندوز
اوسرد
الداخلة وادي الذهب
الحجارة
ملك خاص للدولة40.000مكشوف8.000.000
5 سنوات15/07/2024
05/22024
Sté SOMAGEC SUDفتح واستغالل مقلع
العركوب
الداخلة
الداخلة وادي الذهب
الحجارة
ملك خاص للدولة40.000مكشوف8.130.000
5 سنوات15/07/2024
04/2024
Sté SOMAGEC SUDفتح واستغالل مقلع
العركوب
الداخلة
الداخلة وادي الذهب
الحجارة
ملك خاص للدولة3.000مكشوف600.000
3 سنوات29/09/2024
06/2024
SMC- SOCIETE MAROCAINE DE
CONCASSAGEفتح واستغالل مقلع
العركوب
الداخلة
الداخلة وادي الذهب
الحجارة
ملك خاص للدولة5.000مكشوف1.600.000
3 سنوات06/06/2024
02/2024
Sté KOY BTPفتح واستغالل مقلع
العركوب
الداخلة
الداخلة وادي الذهب
الحجارة
ملك خاص للدولة3.000مكشوف690.000
3 سنوات31/01/2024
01/2024
Sté GALDAKفتح واستغالل مقلع
العركوب
الداخلة
الداخلة وادي الذهب
الرمال
ملك خاص للدولة32.000مكشوف220.222سنتين21/10/2024
24/3048/304/3303
OUMRBIA FRUITS فتح واستغالل مقلع
سيدي علي بن
حمدوش
الجديدة
الدار البيضاء سطات
احجار
ملكية خاصة200.000مكشوف195.071
20سنة13/11/2024سطات-
-
3B EQUIPEMENTفتح واستغالل مقلع
مكارطو
سطات
الدار البيضاء سطات
الكلس
ملكية خاصة150.000مكشوف65.168
20سنة13/02/2024سطات-
-
LAFARGE CALCINOR MAROCفتح واستغالل مقلع
لخزازرة وعين
الضربان لحالف
سطات
الدار البيضاء سطات
الطبيعة
القانونية
للعقار
الكمية
السنوية
المصرح
باستخراجها
 (م3)
نوعية
المقلع
)**(
المساحة
م(   2)
مدة االستغالل
التاريخ
الرقم (*) اسم المستغل
الئحة المقالع التي تم
فتحها  برسم سنة2024
موضوع
التصريح
الجماعة
العمالة
او
االقليم
الجهة
الجريدة الرسمية2871
((25 (2ام  5(2( 8  8  ذ8ةجحلا وذ  8 - 7511 عدد
االحجار واالتربة
ملكية خاصة100.000مكشوف38.200
5 سنوات26/02/2024
203-131-2024شركة
3Fفتح واستغالل مقلع
تامدة
سيدي بنور
الدار البيضاء سطات
الرمال الغرانيتية
ملكية خاصة2.110مكشوف73.600
 سنوات16/04/2024
66/30/20/3306
Sté KAINOURفتح واستغالل مقلع
اوالد فتاتة
الحصى والرمل
واالحجار
ملك غابوي420.000مكشوف439.129
6 سنوات و6 اشهر05/07/2024
259اسمنت المغرب
فتح واستغالل مقلع
عين تيزغة
بنسليمان
الدار البيضاء سطات
الحصى والرمل
ملك خاص للدولة160.000مكشوف153.920
9 سنوات11/07/2024
270كاديكس
فتح واستغالل مقلع
عين تيزغة
بنسليمان
الدار البيضاء سطات
نوعية
المواد
المستخرجة
مواد الردم
ملكية خاصة20.000مكشوف17.193شهر و28
 يوما07/11/2024برشيد/
2024/09
STE GROUBE MOJAZINEفتح واستغالل مقلع
لمباركيين 2برشيد
الدار البيضاء سطات
مواد الردم
ملكية خاصة20.000مكشوف10.449
3 اشهر و27
 يوما16/10/2024برشيد/
2024/08
STE ATLAS TRAVAUX PUBLICSفتح واستغالل مقلع
الفقرا اوالد عمرو
برشيد
الدار البيضاء سطات
مواد الردم
ملكية خاصة20.000مكشوف14.279
3 اشهر و28
 يوما02/09/2024برشيد/
2024/07
STE GROUBE MOJAZINEفتح واستغالل مقلع
لمباركيين 1برشيد
الدار البيضاء سطات
مواد الردم
ملكية خاصة40.000مكشوف35.000
6 اشهر16/08/2024برشيد/
2024/06
STE ENTREPRISE EL HALLAOUIفتح واستغالل مقلع
الدروة
برشيد
الدار البيضاء سطات
مواد الردم
ملكية خاصة30.000مكشوف13.957
 اشهر31/07/2024برشيد/
2024/05
STE GROUBE MOJAZINEفتح واستغالل مقلع
قصبة بن مشيش
برشيد
مواد الردم
ملكية خاصة20.000مكشوف11.683
 اشهر31/07/2024برشيد/
2024/04
STE GROUBE MOJAZINEفتح واستغالل مقلع
قصبة بن مشيش
برشيد
مواد الردم
ملكية خاصة50.000مكشوف40.000
4 اشهر11/06/2024برشيد/
2024/03
STE ENTREPRISE EL HALLAOUIفتح واستغالل مقلع الدروة
برشيد
الدار البيضاء سطات
مواد الردم
ملكية خاصة30.000مكشوف14.230سنة و4 اشهر و18
 يوما03/06/2024برشيد/
2024/02
STE GROUBE MOJAZINEفتح واستغالل مقلع
قصبة بن مشيش
برشيد
الدار البيضاء سطات
مواد الردم
ملكية خاصة22.400مكشوف52.198
8 اشهر20/02/2024برشيد/
2024/01
STE ENTREPRISE EL HALLAOUIفتح واستغالل مقلع
اوالد زيان
برشيد
الدار البيضاء سطات
االحجار
ملكية خاصة20.000مكشوف4.666
5 سنوات14/03/2024
23/30/20/3306كمال بوشليف
فتح واستغالل مقلع
اوالد فتاتة
االحجار
ملكية خاصة150.000مكشوف90.675
20سنة20/02/2024برشيد/
2024/03
CIMENT DU MAROCفتح واستغالل مقلع
بن معاشو
برشيد
الدار البيضاء سطات
االحجار
ملكية خاصة40.000مكشوف172.110
 سنة و 4 اشهر20/02/2024برشيد/
2024/01
ETABLISSEMENT NASRI MARBRE
ET MATERIAUX DE
CONSTRUCTION
الرخام
ملكية خاصة500مكشوف5.140
3 سنوات24/05/2024
95/30/20/3306
Sté STONE MARKETفتح واستغالل مقلع
قصبة الطرش
خريبكة
بني مالل خنيفرة
الرخام
ملكية خاصة1.009مكشوف10.841
5 سنوت06/03/2024
17/30/20/3306حفيظ السليماني ورشيد بوكطاية
فتح واستغالل مقلع
قصبة الطرش
الطين
ملكية خاصة5.550مكشوف10.606
20سنة20/02/2024برشيد/
2024/02
LA MAISON DU CERAMEفتح واستغالل",Civil,"Civil=31, Fiscal=4, Administratif=3",Civil,True,AR : texte source à réingérer (ordre des mots/paragraphes corrompu dès l'extraction PDF) — label non vérifié
527,BO_7511_Ar,الثانية,ar,"ووزيرة االقتصاد واملالية، كل واحد منهما فيما يخصه.
).2026  ماي14( 1447  من ذي القعدة26 وحرر بالرباط في
االمضاء : عزيز اخنوش.
وقعه بالعطف :
وزير النقل واللوجيستيك،
االمضاء : عبد الصمد قيوح.
وزيرة االقتصاد واملالية،
االمضاء : نادية فتاح.
الجريدة الرسمية((25 (2ام  5(2( 8  8  ذ8ةجحلا وذ  8 - 7511 عدد
144 القعدة 7ي صادر في 62 من ذ2.26.351 مرسوم رقم
2) باملوافقة على التصميم والنظام املتعلق به 026 يام 14(
 املوضوعين لتهيئة جماعة تنغير باقليم تنغير وباالعالن ان في",Fiscal,"Fiscal=1, Administratif=1, Urbain=1",Fiscal,False,AR : texte source à réingérer (ordre des mots/paragraphes corrompu dès l'extraction PDF) — label non vérifié
528,BO_7511_Ar,الثانية,ar,"يسند تنفيذ هذا املرسوم، الذي ينشر بالجريدة الرسمية، الى
وزيرة اعداد التراب الوطني والتعمير واالسكان وسياسة املدينة
ذلك منفعة عامة.
ورئيس مجلس جماعة تنغير، كل واحد منهما فيما يخصه.
).2026  ماي14( 1447  من ذي القعدة26 وحرر بالرباط في
رئيس الحكومة،
االمضاء : عزيز اخنوش.
املتعلق بالجماعات الصادر 113.14 بناء على القانون التنظيمي رقم
وقعه بالعطف :
1436  من رمضان20  بتاريخ1.15.85 بتنفيذه الظهير الشريف رقم
وزيرة اعداد التراب الوطني والتعمير
)؛2015  يوليو7(
واالسكان وسياسة املدينة،
املتعلق بالتعمير الصادر بتنفيذه الظهير12.90 وعلى القانون رقم
االمضاء : فاطمة الزهراء املنصوري.
)،1992  يونيو17( 1412  من ذي الحجة15  بتاريخ1.92.31 الشريف رقم
كما وقع تغييره وتتميمه؛
144 القعدة 7ي صادر في 62 من ذ2.26.352 مرسوم رقم
2) باملوافقة على التصميم والنظام املتعلق به 026 يام 14(
 املوضوعين لتهيئة مركز جماعة واكليم باقليم تنغير وباالعالن
1414  من ربيع االخر27  الصادر في2.92.832 وعلى املرسوم رقم
 املشار اليه اعاله؛12.90 ) بتطبيق القانون رقم1993  اكتوبر14(
ان في ذلك منفعة عامة.
1443  من ربيع االول14  الصادر في2.21.833 وعلى املرسوم رقم
) املتعلق باختصاصات وزيرة اعداد التراب الوطني 2021  اكتوبر21(
رئيس الحكومة،
 املتعلق بالجماعات الصادر 113.14 بناء على القانون التنظيمي رقم
والتعمير واالسكان وسياسة املدينة؛
وبعد االطالع على محضر اللجنة التقنية املحلية خالل اجتماعها
1436  من رمضان20  بتاريخ1.15.85 بتنفيذه الظهير الشريف رقم؛2025  فبراير27 املنعقد بتاريخ
)؛2015  يوليو7(
ماي الى5 وعلى ملف البحث العلني املباشر بجماعة تنغير من
املتعلق بالتعمير الصادر بتنفيذه الظهير12.90 وعلى القانون رقم؛2025  يونيو4
)،1992  يونيو17( 1412  من ذي الحجة15  بتاريخ1.92.31 الشريف رقم
كما وقع تغييره وتتميمه؛
وعلى محضر اجتماع مجلس جماعة تنغير خالل دورته االستثنائية
1414  من ربيع االخر27  الصادر في2.92.832 وعلى املرسوم رقم
 املشار اليه اعاله؛12.90 ) بتطبيق القانون رقم1993  اكتوبر14(؛2025 يونيو24 املنعقدة بتاريخ
وعلى محضر اجتماع اللجنة املكلفة بدراسة تعرضات العموم
1443  من ربيع االول14  الصادر في2.21.833 وعلى املرسوم رقم
) املتعلق باختصاصات وزيرة اعداد التراب الوطني 2021  اكتوبر21(؛2026  يناير27 واقتراحات املجلس املنعقدة بتاريخ
وباقتراح من وزيرة اعداد التراب الوطني والتعمير واالسكان
والتعمير واالسكان وسياسة املدينة؛
وسياسة املدينة،
وبعد االطالع على محضر اللجنة التقنية املحلية خالل اجتماعها
رسم ما يلي :؛2024  يونيو6 املنعقد بتاريخ
املادة االولى
ماي الى9 وعلى ملف البحث العلني املباشر بجماعة واكليم من؛2025  يونيو10
والنظام املتعلق 01/AUOZT/2025 يوافق على التصميم رقم
به املوضوعين لتهيئة جماعة تنغير باقليم تنغير وباالعالن ان في ذلك
وعلى محضر اجتماع مجلس جماعة واكليم خالل دورته االستثنائية؛2025 يوليو8 املنعقدة بتاريخ
منفعة عامة.
الجريدة الرسمية2907
 ((25 (2ام  5(2( 8  8  ذ8ةجحلا وذ  8 - 7511 عدد",Urbain,"Urbain=11, Administratif=7, Civil=5",Urbain,False,AR : texte source à réingérer (ordre des mots/paragraphes corrompu dès l'extraction PDF) — label non vérifié
529,BO_7511_Ar,الثانية,ar,"وعلى محضر اجتماع اللجنة املكلفة بدراسة تعرضات العموم؛2026  يناير28 واقتراحات املجلس املنعقدة بتاريخ
يسند تنفيذ هذا املرسوم، الذي ينشر بالجريدة الرسمية، الى
وزيرة اعداد التراب الوطني والتعمير واالسكان وسياسة املدينة
وباقتراح من وزيرة اعداد التراب الوطني والتعمير واالسكان
ورئيس مجلس جماعة واكليم، كل واحد منهما فيما يخصه.
وسياسة املدينة،
).2026  ماي14( 1447  من ذي القعدة26 وحرر بالرباط في
رسم ما يلي :
املادة االولى
االمضاء : عزيز اخنوش.
وقعه بالعطف :
والنظام املتعلق به 02/AUOZT/2025 يوافق على التصميم رقم
املوضوعين لتهيئة مركز جماعة واكليم باقليم تنغير وباالعالن ان في
وزيرة اعداد التراب الوطني والتعمير
واالسكان وسياسة املدينة،
ذلك منفعة عامة.
االمضاء : فاطمة الزهراء املنصوري.
2) بتتميم القرار026  ابريل8( 1442 من شوال 70  صادر في962.26 قرار لوزير الصحة والحماية االجتماعية رقم
2) بتعيين امرين مساعدين بالصرف ونواب عنهم026  مارس3( 144 من رمضان 713  الصادر في624.26 رقم
وزير الصحة والحماية االجتماعية،
) بتعيين امرين مساعدين بالصرف2026  مارس3( 1447  من رمضان13  الصادر في624.26 بعد االطالع على القرار رقم
ونواب عنهم؛
) املتعلق بتفويض السلطة واالمضاء؛2023  مارس30( 1444  رمضان8  الصادر في2.22.81 وعلى املرسوم رقم
) املتعلق باختصاصات وزير الصحة 2024  اكتوبر28( 1446  من ربيع االخر24  الصادر في2.24.989 وعلى املرسوم رقم
والحماية االجتماعية؛
وبعد موافقة وزيرة االقتصاد واملالية،
قرر ما يلي :
املادة االولى
) :2026  مارس3( 1447  من رمضان13  بتاريخ624.26 تتمم على النحو التالي املادة االولى من القرار املشار اليه اعاله رقم
 يعين االشخاص املشار الى مهامهم في الجدول التالي االولون امرين مساعدين واالخرون نوابا عنهم لصرف - .«املادة االولى
«االعتمادات املفوضة اليهم من لدن وزير الصحة والحماية االجتماعية من امليزانية العامة لوزارة الصحة والحماية االجتماعية
«والحساب الخصوطصي للخزينة الحامل عنوان «الحساب الخاص بالصيدلية املركزية» وكذا :
«• اصدار بيانات الدفع واالوامر بالتحصيل املتعلقة بالصفقات املبرمة في اطار هذه االعتمادات املفوضة وذلك فيما يخص :
الغرامات املترتبة عن التاخير في تنفيذ الصفقات؛- «
. حجز الضمان املؤقت او النهائي او االقتطاع الضامن- «
: «• اصدار بيانات الدفع واالوامر بالتحصيل املتعلقة باملدفوعات الزائدة واملتعلقة بالنفقات املنفذة في اطار االعتمادات املفوضة
االختصاص الترابي
االمرون املساعدون بالصرف
النواب
املحاسب املكلف
مجموع تراب اململكة
........................................................................................................
........................................................................................................
 الصحة- الخازن الوزاري
كذلك
........................................................................................................
........................................................................................................
كذلك
كذلك
مدير املوارد البشرية
........................................................................................................
كذلك
. رئيس مصلحة الصفقات بنفس املديرية-
كذلك
كذلك
مدير التجهيزات والصيانة
 رئيسة قسم املمتلكات والبرمجة بنفس املديرية؛-
كذلك
رئيسة القسم املالي بمديرية التخطيط واملوارد املالية
........................................................................................................
كذلك
كذلك
........................................................................................................
........................................................................................................
كذلك
(الباقي ال تغيير فيه.)
الجريدة الرسمية((25 (2ام  5(2( 8  8  ذ8ةجحلا وذ  8 - 7511 عدد
. ينشر هذا القرار بالجريدة الرسمية ويسري مفعوله ابتداء من تاريخ نشره بالجريدة الرسمية- .",Fiscal,"Fiscal=5, Environnement=5, Urbain=4",Fiscal,False,AR : texte source à réingérer (ordre des mots/paragraphes corrompu dès l'extraction PDF) — label non vérifié
530,BO_7511_Ar,الثانية,ar,").2026  ابريل8( 1447  من شوال20 وحرر بالرباط في
االمضاء : امين التهراوي.
144 القعدة 7ي ذ10  صادر في941.26 قرار لوزيرة السياحة والصناعة التقليدية واالقتصاد االجتماعي والتضامني رقم
2) بتعيين امرين مساعدين بالصرف ونواب عنهم026 2 ابريل8(،وزيرة السياحة والصناعة التقليدية واالقتصاد االجتماعي والتضامني
) بسن نظام عام للمحاسبة العامة كما وقع 1967  ابريل21( 1387  محرم10  الصادر في330.66 بناء على املرسوم امللكي رقم
منه؛64 و5 تغييره وتتميمه وال سيما الفصلين
) املتعلق بتفويض السلطة واالمضاء؛2023  مارس30( 1444  رمضان8  الصادر في2.22.81 وعلى املرسوم رقم
) املتعلق باختصاصات وزيرة السياحة 2021  اكتوبر21( 1443  من ربيع االول14  الصادر في2.21.837 وعلى املرسوم رقم
والصناعة التقليدية واالقتصاد االجتماعي والتضامني؛
وبعد موافقة وزيرة االقتصاد واملالية،
قررت ما يلي :
املادة االولى
يعين االشخاص املشار الى مهامهم في الجدول التالي االولون امرين مساعدين بالصرف واالخرون نوابا عنهم لصرف
االعتمادات املفوضة اليهم من لدن وزيرة السياحة والصناعة التقليدية واالقتصاد االجتماعي والتضامني من امليزانية العامة
لوزارة السياحة والصناعة التقليدية واالقتصاد االجتماعي والتضامني :
ةاسم املؤسس
االمرون املساعدون بالصرف
النواب
املحاسبون
املكلفون
املعهد العالي الدولي للسياحة بطنجة.
مدير املعهد العالي الدولي للسياحة بطنجة
الكاتب العام للمعهد العالي الدولي للسياحة بطنجة.
خازن عمالة طنجة
الفندقية والسياحية بطنجة
مدير الدراسات للمعهد املتخصص للتكنولوجيا
الفندقية والسياحية بطنجة.
مدير املعهد املتخصص للتكنولوجيا التطبيقية
املعهد املتخصص للتكنولوجيا التطبيقية
التطبيقية الفندقية والسياحية بطنجة
خازن عمالة طنجة
الفندقية والسياحية بتواركة
مدير الدراسات للمعهد املتخصص للتكنولوجيا
الفندقية والسياحية بتواركة.
مدير املعهد املتخصص للتكنولوجيا التطبيقية
املعهد املتخصص للتكنولوجيا التطبيقية
التطبيقية الفندقية والسياحية بتواركة
خازن عمالة الرباط
الفندقية والسياحية بورزازات
مدير الدراسات للمعهد املتخصص للتكنولوجيا
الفندقية والسياحية بورزازات
مدير املعهد املتخصص للتكنولوجيا التطبيقية
املعهد املتخصص للتكنولوجيا التطبيقية
التطبيقية الفندقية والسياحية بورزازات
الخازن االقليمي
بورزازات
تحدد في تفويض االعتمادات املسند الى االمرين املساعدين بالصرف املشار اليهم اعاله بنود امليزانية التي - .",Administratif,"Administratif=3, Commercial=1, Urbain=1",Administratif,False,AR : texte source à réingérer (ordre des mots/paragraphes corrompu dès l'extraction PDF) — label non vérifié
531,BO_7511_Ar,الثانية,ar,"يقومون بصرف النفقات منها.
706.26  ينشر هذا القرار بالجريدة الرسمية ويسري مفعوله ابتداء من تاريخ نشره وينسخ القرار رقم- .املادة الثالثة
) بتعيين امرين مساعدين بالصرف.2026  مارس18( 1447  من رمضان28 الصادر في
).2026  ابريل28( 1447  ذي القعدة10 وحرر بالرباط في
االمضاء : فاطمة الزهراء عمور.
الجريدة الرسمية2909
((25 (2ام  5(2( 8  8  ذ8ةجحلا وذ  8 - 7511 عدد
144 القعدة 7ي ذ10  صادر في942.26 قرار لوزيرة السياحة والصناعة التقليدية واالقتصاد االجتماعي والتضامني رقم
2) بتعيين امرين مساعدين بالصرف ونواب عنهم026 2 ابريل8(،وزيرة السياحة والصناعة التقليدية واالقتصاد االجتماعي والتضامني
) بسن نظام عام للمحاسبة العامة كما وقع 1967  ابريل21( 1387  محرم10  الصادر في330.66 بناء على املرسوم امللكي رقم
منه؛66 و65 و64 و5 تغييره وتتميمه وال سيما الفصول
) املتعلق بتفويض السلطة واالمضاء؛2023  مارس30( 1444  رمضان8  الصادر في2.22.81 وعلى املرسوم رقم
) املتعلق باختصاصات وزيرة السياحة 2021  اكتوبر21( 1443  من ربيع االول14  الصادر في2.21.837 وعلى املرسوم رقم
والصناعة التقليدية واالقتصاد االجتماعي والتضامني؛
وبعد موافقة وزيرة االقتصاد واملالية،
قررت ما يلي :
املادة االولى
يعين االشخاص املشار الى مهامهم في الجدول التالي االولون امرين مساعدين بالصرف واالخرون نوابا عنهم لتنفيذ العمليات
املتعلقة بموارد ونفقات ميزانية مرافق الدولة املسيرة بصورة مستقلة املسماة «املعهد العالي الدولي للسياحة بطنجة» و «املعهد
املتخصص للتكنولوجيا التطبيقية الفندقية والسياحية بطنجة» و «املعهد املتخصص للتكنولوجيا التطبيقية الفندقية
والسياحية بورزازات» و «املعهد املتخصص للتكنولوجيا التطبيقية الفندقية والسياحية بتواركة» التابعة لوزارة السياحة
والصناعة التقليدية واالقتصاد االجتماعي والتضامني كل حسب اختصاصه :
بيان املرفق
االمرون املساعدون بالصرف
النواب
املحاسبون
املكلفون
املعهد العالي الدولي للسياحة بطنجة
مدير املعهد العالي الدولي للسياحة بطنجة
الكاتب العام للمعهد العالي الدولي للسياحة بطنجة
خازن عمالة طنجة
الفندقية والسياحية بطنجة
مدير الدراسات للمعهد املتخصص للتكنولوجيا
الفندقية والسياحية بطنجة
مدير املعهد املتخصص للتكنولوجيا التطبيقية
املعهد املتخصص للتكنولوجيا التطبيقية
التطبيقية الفندقية والسياحية بطنجة
خازن عمالة طنجة
الفندقية والسياحية بتواركة
مدير الدراسات للمعهد املتخصص للتكنولوجيا
الفندقية والسياحية بتواركة
مدير املعهد املتخصص للتكنولوجيا التطبيقية
املعهد املتخصص للتكنولوجيا التطبيقية
التطبيقية الفندقية والسياحية بتواركة
خازن عمالة الرباط
الفندقية والسياحية بورزازات
مدير الدراسات للمعهد املتخصص للتكنولوجيا
الفندقية والسياحية بورزازات
مدير املعهد املتخصص للتكنولوجيا التطبيقية
املعهد املتخصص للتكنولوجيا التطبيقية
التطبيقية الفندقية والسياحية بورزازات
الخازن االقليمي
بورزازات
تحدد الئحة االمرين املساعدين بالصرف املعنيين بالوحدات االدارية التي تم تغيير تسمياتها :- .",Administratif,"Administratif=3, Fiscal=2, Commercial=1",Administratif,False,AR : texte source à réingérer (ordre des mots/paragraphes corrompu dès l'extraction PDF) — label non vérifié
532,BO_7511_Ar,الثانية,ar,"ةالتسمية القديم
التسمية الجديدة
مركز التاهيل الفندقي والسياحي بتواركة
املعهد املتخصص للتكنولوجيا التطبيقية الفندقية والسياحية بتواركة
1699.01  ينشر هذا القرار بالجريدة الرسمية ويسري مفعوله ابتداء من تاريخ نشره وينسخ القرار رقم- .املادة الثالثة
) بتعيين امرين بالصرف مساعدين.2001  سبتمبر7( 1422  من جمادى االخرة18 الصادر في
).2026  ابريل28( 1447  ذي القعدة10 وحرر بالرباط في
االمضاء : فاطمة الزهراء عمور.
الجريدة الرسمية((25 (2ام  5(2( 8  8  ذ8ةجحلا وذ  8 - 7511 عدد
813.26 قرار لوزير التربية الوطنية والتعليم االولي والرياضة رقم
2) بتحديد بعض 026  ابريل14( 144صادر في 62 من شوال 7
812.26 قرار لوزير التربية الوطنية والتعليم االولي والرياضة رقم
2) بتحديد بعض 026  ابريل14( 144صادر في 62 من شوال 7
املعادالت بين الشهادات.
املعادالت بين الشهادات.
وزير التربية الوطنية والتعليم االولي والرياضة،
وزير التربية الوطنية والتعليم االولي والرياضة،
من15  الصادر في1.59.072 بناء على الظهير الشريف رقم
) بتحديد اختصاصات وزير التربية 1959  يوليو21( 1379 محرم
الوطنية في ميدان املماثلة في الرتب الجامعية والشهادات واالجازات
من15  الصادر في1.59.072 بناء على الظهير الشريف رقم
) بتحديد اختصاصات وزير التربية 1959  يوليو21( 1379 محرم
الوطنية في ميدان املماثلة في الرتب الجامعية والشهادات واالجازات
وشهادات متابعة الدروس؛
وشهادات متابعة الدروس؛
1379  من صفر17  الصادر في2.59.364 وعلى املرسوم رقم
) بتحديد الشروط واملسطرة الخاصة بمنح 1959  اغسطس22(
1379  من صفر17  الصادر في2.59.364 وعلى املرسوم رقم
) بتحديد الشروط واملسطرة الخاصة بمنح 1959  اغسطس22(
معادالت الشهادات؛
معادالت الشهادات؛
1446  من ربيع االخر24  الصادر في2.24.988 وعلى املرسوم رقم
) املتعلق باختصاصات وزير التربية الوطنية 2024  اكتوبر28(
1446  من ربيع االخر24  الصادر في2.24.988 وعلى املرسوم رقم
) املتعلق باختصاصات وزير التربية الوطنية 2024  اكتوبر28(
والتعليم االولي والرياضة؛
والتعليم االولي والرياضة؛
الصادر في2071.01 وعلى قرار وزير التربية الوطنية رقم
) بشان النظام املدر؟سي في التعليم 2001  نوفمبر23( 1422  رمضان7
الصادر في2071.01 وعلى قرار وزير التربية الوطنية رقم
) بشان النظام املدر؟سي في التعليم 2001  نوفمبر23( 1422  رمضان7
االولي واالبتدائي والثانوي؛
االولي واالبتدائي والثانوي؛
وعلى قرار وزير التربية الوطنية والتعليم العالي وتكوين االطر
وعلى قرار وزير التربية الوطنية والتعليم العالي وتكوين االطر
1427  من رمضان23  الصادر في2385.06 والبحث العلمي رقم
) بشان تنظيم امتحانات نيل شهادة البكالوريا، 2006  اكتوبر16(
1427  من رمضان23  الصادر في2385.06 والبحث العلمي رقم
) بشان تنظيم امتحانات نيل شهادة البكالوريا، 2006  اكتوبر16(
كما وقع تغييره وتتميمه؛
كما وقع تغييره وتتميمه؛
وعلى محضر اجتماع اللجنة املركزية ملعالجة طلبات املعادالت
وعلى محضر اجتماع اللجنة املركزية ملعالجة طلبات املعادالت،2026  فبراير25 بين الشهادات املنعقد بتاريخ،2026  فبراير25 بين الشهادات املنعقد بتاريخ
قرر ما يلي :
املادة االولى
قرر ما يلي :
املادة االولى
- تقبل ملعادلة شهادة البكالوريا املغربية «شعبة العلوم التجريبية
- تقبل ملعادلة شهادة البكالوريا املغربية «شعبة العلوم التجريبية
مسلك علوم الحياة واالرض»، الشهادة التالية :
مسلك العلوم الفيزيائية»، الشهادة التالية :
–Diplôme du baccalauréat général «spécialités :
–Diplôme du baccalauréat général «spécialités : arts
mathématiques, sciences de la vie et de la terre,
baccalauréat français international - Arabe parcours
bilingue», délivré par le ministère de l’éducation nationale
et de la jeunesse - République française.
(cinéma-audiovisuel), mathématiques», délivré par le
ministère de l’éducation nationale, de l’enseignement
supérieur et de la recherche - République française.",Fiscal,"Fiscal=2, Social=2, Civil=2",Fiscal,False,AR : texte source à réingérer (ordre des mots/paragraphes corrompu dès l'extraction PDF) — label non vérifié
534,BO_7511_Ar,الثانية,ar,"ينشر هذا القرار بالجريدة الرسمية.
ينشر هذا القرار بالجريدة الرسمية.
).2026  ابريل14( 1447  من شوال26 وحرر بالرباط في
).2026  ابريل14( 1447  من شوال26 وحرر بالرباط في
االمضاء : محمد سعد برادة.
االمضاء : محمد سعد برادة.
الجريدة الرسمية2911
 ((25 (2ام  5(2( 8  8  ذ8ةجحلا وذ  8 - 7511 عدد
815.26 قرار لوزير التربية الوطنية والتعليم االولي والرياضة رقم
2) بتحديد بعض 026  ابريل14( 144صادر في 62 من شوال 7
814.26 قرار لوزير التربية الوطنية والتعليم االولي والرياضة رقم
2) بتحديد بعض 026  ابريل14( 144صادر في 62 من شوال 7
املعادالت بين الشهادات.
املعادالت بين الشهادات.
وزير التربية الوطنية والتعليم االولي والرياضة،
وزير التربية الوطنية والتعليم االولي والرياضة،
من15  الصادر في1.59.072 بناء على الظهير الشريف رقم
) بتحديد اختصاصات وزير التربية 1959  يوليو21( 1379 محرم
الوطنية في ميدان املماثلة في الرتب الجامعية والشهادات واالجازات
من15  الصادر في1.59.072 بناء على الظهير الشريف رقم
) بتحديد اختصاصات وزير التربية 1959  يوليو21( 1379 محرم
الوطنية في ميدان املماثلة في الرتب الجامعية والشهادات واالجازات
وشهادات متابعة الدروس؛
وشهادات متابعة الدروس؛
1379  من صفر17  الصادر في2.59.364 وعلى املرسوم رقم
) بتحديد الشروط واملسطرة الخاصة بمنح 1959  اغسطس22(
1379  من صفر17  الصادر في2.59.364 وعلى املرسوم رقم
) بتحديد الشروط واملسطرة الخاصة بمنح 1959  اغسطس22(
معادالت الشهادات؛
معادالت الشهادات؛
1446  من ربيع االخر24  الصادر في2.24.988 وعلى املرسوم رقم
) املتعلق باختصاصات وزير التربية الوطنية 2024  اكتوبر28(
1446  من ربيع االخر24  الصادر في2.24.988 وعلى املرسوم رقم
) املتعلق باختصاصات وزير التربية الوطنية 2024  اكتوبر28(
والتعليم االولي والرياضة؛
الصادر في2071.01 وعلى قرار وزير التربية الوطنية رقم
) بشان النظام املدر؟سي في التعليم 2001  نوفمبر23( 1422  رمضان7
والتعليم االولي والرياضة؛
الصادر في2071.01 وعلى قرار وزير التربية الوطنية رقم
) بشان النظام املدر؟سي في التعليم 2001  نوفمبر23( 1422  رمضان7
االولي واالبتدائي والثانوي؛
وعلى قرار وزير التربية الوطنية والتعليم العالي وتكوين االطر
االولي واالبتدائي والثانوي؛
1427  من رمضان23  الصادر في2385.06 والبحث العلمي رقم
) بشان تنظيم امتحانات نيل شهادة البكالوريا، 2006  اكتوبر16(
وعلى قرار وزير التربية الوطنية والتعليم العالي وتكوين االطر
كما وقع تغييره وتتميمه؛
1427  من رمضان23  الصادر في2384.06 والبحث العلمي رقم
) بشان تنظيم امتحانات نيل شهادة السلك 2006  اكتوبر16(
وعلى محضر اجتماع اللجنة املركزية ملعالجة طلبات املعادالت،2026  فبراير25 بين الشهادات املنعقد بتاريخ
االعدادي، كما وقع تغييره وتتميمه؛
قرر ما يلي :
املادة االولى
وعلى محضر اجتماع اللجنة املركزية ملعالجة طلبات املعادالت،2026  فبراير25 بين الشهادات املنعقد بتاريخ
- تقبل ملعادلة شهادة البكالوريا املغربية «شعبة العلوم التجريبية
قرر ما يلي :
املادة االولى
مسلك علوم الحياة واالرض»، الشهادة التالية :
–Certificat
d’enseignement
secondaire
supérieur,
enseignement secondaire général, section de transition,
orientation d’études : langue moderne I Néerlandais (4),
langue moderne II Anglais (4), sciences économiques (4),
mathématique (4), sciences (3), délivré par la Communauté
française de Belgique.
تقبل ملعادلة شهادة السلك االعدادي، الشهادة التالية :
–Attestation finale en classe : 3 GD, délivrée par le Centre
scolaire Ma Compagne - Fédération Wallonie - Bruxelles -
Royaume de Belgique.",Fiscal,"Fiscal=3, Social=2, Civil=2",Fiscal,False,AR : texte source à réingérer (ordre des mots/paragraphes corrompu dès l'extraction PDF) — label non vérifié
536,BO_7511_Ar,الثانية,ar,"ينشر هذا القرار بالجريدة الرسمية.
ينشر هذا القرار بالجريدة الرسمية.
).2026  ابريل14( 1447  من شوال26 وحرر بالرباط في
).2026  ابريل14( 1447  من شوال26 وحرر بالرباط في
االمضاء : محمد سعد برادة.
االمضاء : محمد سعد برادة.
الجريدة الرسمية((25 (2ام  5(2( 8  8  ذ8ةجحلا وذ  8 - 7511 عدد
868.26 قرار لوزير التعليم العالي والبحث العلمي واالبتكار رقم
816.26 قرار لوزير التربية الوطنية والتعليم االولي والرياضة رقم
2) بتحديد بعض 026  ابريل14( 144صادر في 62 من شوال 7
2) بتحديد 026  ابريل29( 144 القعدة 7ي من ذ11 صادر في
املعادالت بين الشهادات.
بعض املعادالت بين الشهادات.
وزير التربية الوطنية والتعليم االولي والرياضة،
وزير التعليم العالي والبحث العلمي واالبتكار،
من15  الصادر في1.59.072 بناء على الظهير الشريف رقم
) بتحديد اختصاصات وزير التربية 1959  يوليو21( 1379 محرم
الوطنية في ميدان املماثلة في الرتب الجامعية والشهادات واالجازات
1422  من ربيع االول28  الصادر في2.01.333 بناء على املرسوم رقم
) املتعلق بتحديد الشروط واملسطرة الخاصة بمنح 2001  يونيو21(
وشهادات متابعة الدروس؛
معادلة شهادات التعليم العالي؛
1379  من صفر17  الصادر في2.59.364 وعلى املرسوم رقم
) بتحديد الشروط واملسطرة الخاصة بمنح 1959  اغسطس22(
1425  من ربيع االخر18  الصادر في2.04.89 وعلى املرسوم رقم
معادالت الشهادات؛
) بتحديد اختصاص املؤسسات الجامعية واسالك 2004  يونيو7(
1446  من ربيع االخر24  الصادر في2.24.988 وعلى املرسوم رقم
) املتعلق باختصاصات وزير التربية الوطنية 2024  اكتوبر28(
الدراسات العليا وكذا الشهادات الوطنية املطابقة، كما وقع تغييره
والتعليم االولي والرياضة؛
وتتميمه؛
الصادر في2071.01 وعلى قرار وزير التربية الوطنية رقم
) بشان النظام املدر؟سي في التعليم 2001  نوفمبر23( 1422  رمضان7
1446  من ربيع االخر24  الصادر في2.24.991 وعلى املرسوم رقم
االولي واالبتدائي والثانوي؛
) املتعلق باختصاصات وزير التعليم العالي والبحث 2024  اكتوبر28(
وعلى قرار وزير التربية الوطنية والتعليم العالي وتكوين االطر
العلمي واالبتكار؛
1427  من رمضان23  الصادر في2385.06 والبحث العلمي رقم
) بشان تنظيم امتحانات نيل شهادة البكالوريا، 2006  اكتوبر16(
وبعد استشارة اللجنة القطاعية للعلوم القانونية واالقتصادية
كما وقع تغييره وتتميمه؛،2026  مارس4 واالجتماعية والتدبير املنعقدة بتاريخ
وعلى محضر اجتماع اللجنة املركزية ملعالجة طلبات املعادالت
قرر ما يلي :،2026  فبراير25 بين الشهادات املنعقد بتاريخ
املادة االولى
قرر ما يلي :
املادة االولى
:Sciences politiques  تقبل ملعادلة املاستر، الشهادة التالية في
تقبل ملعادلة شهادة البكالوريا املغربية «شعبة العلوم االقتصادية
–Degree of master of arts in political science, délivré par
مسلك العلوم االقتصادية»، الشهادة التالية :- والتدبير
Hankuk University of foreign studies -  Corée du sud.
–Diplôme du baccalauréat international, délivré par
«Enko Bamako international school» - République du Mali.",Commercial,"Commercial=4, Fiscal=3, Social=2",Commercial,False,AR : texte source à réingérer (ordre des mots/paragraphes corrompu dès l'extraction PDF) — label non vérifié
538,BO_7511_Ar,الثانية,ar,"ينشر هذا القرار بالجريدة الرسمية.
ينشر هذا القرار بالجريدة الرسمية.
).2026  ابريل29( 1447  من ذي القعدة11 وحرر بالرباط في
).2026  ابريل14( 1447  من شوال26 وحرر بالرباط في
االمضاء : عز الدين املداوي.
االمضاء : محمد سعد برادة.
الجريدة الرسمية2913
 ((25 (2ام  5(2( 8  8  ذ8ةجحلا وذ  8 - 7511 عدد
870.26 قرار لوزير التعليم العالي والبحث العلمي واالبتكار رقم
869.26 قرار لوزير التعليم العالي والبحث العلمي واالبتكار رقم
2) بتحديد 026  ابريل29( 144 القعدة 7ي من ذ11 صادر في
2) بتحديد 026  ابريل29( 144 القعدة 7ي من ذ11 صادر في
بعض املعادالت بين الشهادات.
بعض املعادالت بين الشهادات.
وزير التعليم العالي والبحث العلمي واالبتكار،
وزير التعليم العالي والبحث العلمي واالبتكار،
1422  من ربيع االول28  الصادر في2.01.333 بناء على املرسوم رقم
1422  من ربيع االول28  الصادر في2.01.333 بناء على املرسوم رقم
) املتعلق بتحديد الشروط واملسطرة الخاصة بمنح 2001  يونيو21(
) املتعلق بتحديد الشروط واملسطرة الخاصة بمنح 2001  يونيو21(
معادلة شهادات التعليم العالي؛
معادلة شهادات التعليم العالي؛
1425  من ربيع االخر18  الصادر في2.04.89 وعلى املرسوم رقم
1425  من ربيع االخر18  الصادر في2.04.89 وعلى املرسوم رقم
) بتحديد اختصاص املؤسسات الجامعية واسالك 2004  يونيو7(
) بتحديد اختصاص املؤسسات الجامعية واسالك 2004  يونيو7(
الدراسات العليا وكذا الشهادات الوطنية املطابقة، كما وقع تغييره
الدراسات العليا وكذا الشهادات الوطنية املطابقة، كما وقع تغييره
وتتميمه؛
وتتميمه؛
1446  من ربيع االخر24  الصادر في2.24.991 وعلى املرسوم رقم
1446  من ربيع االخر24  الصادر في2.24.991 وعلى املرسوم رقم
) املتعلق باختصاصات وزير التعليم العالي والبحث 2024  اكتوبر28(
) املتعلق باختصاصات وزير التعليم العالي والبحث 2024  اكتوبر28(
العلمي واالبتكار؛
العلمي واالبتكار؛
وبعد استشارة اللجنة القطاعية للعلوم القانونية واالقتصادية
وبعد استشارة اللجنة القطاعية للعلوم القانونية واالقتصادية،2026  مارس4 واالجتماعية والتدبير املنعقدة بتاريخ،2026  مارس4 واالجتماعية والتدبير املنعقدة بتاريخ
قرر ما يلي :
قرر ما يلي :
املادة االولى
املادة االولى
:Administration publique  تقبل ملعادلة املاستر، الشهادة التالية في
:Economie appliquée  تقبل ملعادلة املاستر، الشهادة التالية في
–Grade de maître en administration publique (M.A.P.),
–Degree of master of applied economics, délivré par
délivré par l’Université du Québec - Canada.
Wuhan University of technology -  Chine.",Commercial,"Commercial=6, Fiscal=3, Social=2",Commercial,False,AR : texte source à réingérer (ordre des mots/paragraphes corrompu dès l'extraction PDF) — label non vérifié
540,BO_7511_Ar,الثانية,ar,"ينشر هذا القرار بالجريدة الرسمية.
ينشر هذا القرار بالجريدة الرسمية.
).2026  ابريل29( 1447  من ذي القعدة11 وحرر بالرباط في
).2026  ابريل29( 1447  من ذي القعدة11 وحرر بالرباط في
االمضاء : عز الدين املداوي.
االمضاء : عز الدين املداوي.
الجريدة الرسمية((25 (2ام  5(2( 8  8  ذ8ةجحلا وذ  8 - 7511 عدد
872.26 قرار لوزير التعليم العالي والبحث العلمي واالبتكار رقم
871.26 قرار لوزير التعليم العالي والبحث العلمي واالبتكار رقم
2) بتحديد 026  ابريل29( 144 القعدة 7ي من ذ11 صادر في
2) بتحديد 026  ابريل29( 144 القعدة 7ي من ذ11 صادر في
بعض املعادالت بين الشهادات.
بعض املعادالت بين الشهادات.
وزير التعليم العالي والبحث العلمي واالبتكار،
وزير التعليم العالي والبحث العلمي واالبتكار،
1422  من ربيع االول28  الصادر في2.01.333 بناء على املرسوم رقم
1422  من ربيع االول28  الصادر في2.01.333 بناء على املرسوم رقم
) املتعلق بتحديد الشروط واملسطرة الخاصة بمنح 2001  يونيو21(
) املتعلق بتحديد الشروط واملسطرة الخاصة بمنح 2001  يونيو21(
معادلة شهادات التعليم العالي؛
معادلة شهادات التعليم العالي؛
1425  من ربيع االخر18  الصادر في2.04.89 وعلى املرسوم رقم
1425  من ربيع االخر18  الصادر في2.04.89 وعلى املرسوم رقم
) بتحديد اختصاص املؤسسات الجامعية واسالك 2004  يونيو7(
) بتحديد اختصاص املؤسسات الجامعية واسالك 2004  يونيو7(
الدراسات العليا وكذا الشهادات الوطنية املطابقة، كما وقع تغييره
الدراسات العليا وكذا الشهادات الوطنية املطابقة، كما وقع تغييره
وتتميمه؛
وتتميمه؛
1446  من ربيع االخر24  الصادر في2.24.991 وعلى املرسوم رقم
1446  من ربيع االخر24  الصادر في2.24.991 وعلى املرسوم رقم
) املتعلق باختصاصات وزير التعليم العالي والبحث 2024  اكتوبر28(
العلمي واالبتكار؛
) املتعلق باختصاصات وزير التعليم العالي والبحث 2024  اكتوبر28(
العلمي واالبتكار؛
وبعد استشارة اللجنة القطاعية للعلوم القانونية واالقتصادية،2026  مارس4 واالجتماعية والتدبير املنعقدة بتاريخ
وبعد استشارة اللجنة القطاعية للعلوم القانونية واالقتصادية
قرر ما يلي :،2026  مارس4 واالجتماعية والتدبير املنعقدة بتاريخ
املادة االولى
قرر ما يلي :
Administration des  تقبل ملعادلة املاستر، الشهادة التالية في
املادة االولى
:affaires
:Sciences de gestion  تقبل ملعادلة االجازة، الشهادة التالية في
– Degree of master of business administration, délivré
–Grade de bachelier en administration des affaires (B.A.A.),
par California state University, Los Angeles - Etats-Unis
délivré par l’Université du Québec à Montréal - Canada.
d’Amérique.",Commercial,"Commercial=6, Fiscal=3, Social=2",Commercial,False,AR : texte source à réingérer (ordre des mots/paragraphes corrompu dès l'extraction PDF) — label non vérifié
542,BO_7511_Ar,الثانية,ar,"ينشر هذا القرار بالجريدة الرسمية.
ينشر هذا القرار بالجريدة الرسمية.
).2026  ابريل29( 1447  من ذي القعدة11 وحرر بالرباط في
).2026  ابريل29( 1447  من ذي القعدة11 وحرر بالرباط في
االمضاء : عز الدين املداوي.
االمضاء : عز الدين املداوي.
الجريدة الرسمية2915
 ((25 (2ام  5(2( 8  8  ذ8ةجحلا وذ  8 - 7511 عدد
874.26 قرار لوزير التعليم العالي والبحث العلمي واالبتكار رقم
873.26 قرار لوزير التعليم العالي والبحث العلمي واالبتكار رقم
2) بتحديد 026  ابريل29( 144 القعدة 7ي من ذ11 صادر في
2) بتحديد 026  ابريل29( 144 القعدة 7ي من ذ11 صادر في
بعض املعادالت بين الشهادات.
بعض املعادالت بين الشهادات.
وزير التعليم العالي والبحث العلمي واالبتكار،
وزير التعليم العالي والبحث العلمي واالبتكار،
1422  من ربيع االول28  الصادر في2.01.333 بناء على املرسوم رقم
1422  من ربيع االول28  الصادر في2.01.333 بناء على املرسوم رقم
) املتعلق بتحديد الشروط واملسطرة الخاصة بمنح 2001  يونيو21(
) املتعلق بتحديد الشروط واملسطرة الخاصة بمنح 2001  يونيو21(
معادلة شهادات التعليم العالي؛
معادلة شهادات التعليم العالي؛
1425  من ربيع االخر18  الصادر في2.04.89 وعلى املرسوم رقم
1425  من ربيع االخر18  الصادر في2.04.89 وعلى املرسوم رقم
) بتحديد اختصاص املؤسسات الجامعية واسالك 2004  يونيو7(
) بتحديد اختصاص املؤسسات الجامعية واسالك 2004  يونيو7(
الدراسات العليا وكذا الشهادات الوطنية املطابقة، كما وقع تغييره
الدراسات العليا وكذا الشهادات الوطنية املطابقة، كما وقع تغييره
وتتميمه؛
وتتميمه؛
1446  من ربيع االخر24  الصادر في2.24.991 وعلى املرسوم رقم
1446  من ربيع االخر24  الصادر في2.24.991 وعلى املرسوم رقم
) املتعلق باختصاصات وزير التعليم العالي والبحث 2024  اكتوبر28(
العلمي واالبتكار؛
) املتعلق باختصاصات وزير التعليم العالي والبحث 2024  اكتوبر28(
العلمي واالبتكار؛
وبعد استشارة اللجنة القطاعية للعلوم القانونية واالقتصادية،2026  مارس4 واالجتماعية والتدبير املنعقدة بتاريخ
وبعد استشارة اللجنة القطاعية للعلوم القانونية واالقتصادية
قرر ما يلي :،2026  مارس4 واالجتماعية والتدبير املنعقدة بتاريخ
املادة االولى
قرر ما يلي :
L’apprentissage et  تقبل ملعادلة املاستر، الشهادة التالية في
املادة االولى
:développement dans les organisations
:Marketing  تقبل ملعادلة املاستر، الشهادة التالية في
– Degree of master of science in learning and development
–Degree of master of arts, marketing, délivré par
in organisations, délivré par Maastricht University -
Bahçesehir University - Turquie.
Pays-Bas.",Commercial,"Commercial=6, Fiscal=3, Social=2",Commercial,False,AR : texte source à réingérer (ordre des mots/paragraphes corrompu dès l'extraction PDF) — label non vérifié
544,BO_7511_Ar,الثانية,ar,"ينشر هذا القرار بالجريدة الرسمية.
ينشر هذا القرار بالجريدة الرسمية.
).2026  ابريل29( 1447  من ذي القعدة11 وحرر بالرباط في
).2026  ابريل29( 1447  من ذي القعدة11 وحرر بالرباط في
االمضاء : عز الدين املداوي.
االمضاء : عز الدين املداوي.
الجريدة الرسمية((25 (2ام  5(2( 8  8  ذ8ةجحلا وذ  8 - 7511 عدد
876.26 قرار لوزير التعليم العالي والبحث العلمي واالبتكار رقم
875.26 قرار لوزير التعليم العالي والبحث العلمي واالبتكار رقم
2) بتحديد 026  ابريل29( 144 القعدة 7ي من ذ11 صادر في
2) بتحديد 026  ابريل29( 144 القعدة 7ي من ذ11 صادر في
بعض املعادالت بين الشهادات.
بعض املعادالت بين الشهادات.
وزير التعليم العالي والبحث العلمي واالبتكار،
وزير التعليم العالي والبحث العلمي واالبتكار،
1422  من ربيع االول28  الصادر في2.01.333 بناء على املرسوم رقم
1422  من ربيع االول28  الصادر في2.01.333 بناء على املرسوم رقم
) املتعلق بتحديد الشروط واملسطرة الخاصة بمنح 2001  يونيو21(
) املتعلق بتحديد الشروط واملسطرة الخاصة بمنح 2001  يونيو21(
معادلة شهادات التعليم العالي؛
معادلة شهادات التعليم العالي؛
1425  من ربيع االخر18  الصادر في2.04.89 وعلى املرسوم رقم
1425  من ربيع االخر18  الصادر في2.04.89 وعلى املرسوم رقم
) بتحديد اختصاص املؤسسات الجامعية واسالك 2004  يونيو7(
) بتحديد اختصاص املؤسسات الجامعية واسالك 2004  يونيو7(
الدراسات العليا وكذا الشهادات الوطنية املطابقة، كما وقع تغييره
الدراسات العليا وكذا الشهادات الوطنية املطابقة، كما وقع تغييره
وتتميمه؛
وتتميمه؛
1446  من ربيع االخر24  الصادر في2.24.991 وعلى املرسوم رقم
1446  من ربيع االخر24  الصادر في2.24.991 وعلى املرسوم رقم
) املتعلق باختصاصات وزير التعليم العالي والبحث 2024  اكتوبر28(
) املتعلق باختصاصات وزير التعليم العالي والبحث 2024  اكتوبر28(
العلمي واالبتكار؛
العلمي واالبتكار؛
وبعد استشارة اللجنة القطاعية للعلوم القانونية واالقتصادية
وبعد استشارة اللجنة القطاعية للعلوم القانونية واالقتصادية،2026  مارس4 واالجتماعية والتدبير املنعقدة بتاريخ،2026  مارس4 واالجتماعية والتدبير املنعقدة بتاريخ
قرر ما يلي :
قرر ما يلي :
املادة االولى
املادة االولى
:Management  تقبل ملعادلة املاستر، الشهادة التالية في
:Sciences de gestion  تقبل ملعادلة االجازة، الشهادة التالية في
–Degree of master of science in management of
–Degree of bachelor of science, international trade and
technology and innovation, délivré par Korea University
finance, délivré par Istanbul Gelisim University - Turquie.
of technology and education - Corée du sud.",Commercial,"Commercial=6, Fiscal=3, Social=2",Commercial,False,AR : texte source à réingérer (ordre des mots/paragraphes corrompu dès l'extraction PDF) — label non vérifié
546,BO_7511_Ar,الثانية,ar,"ينشر هذا القرار بالجريدة الرسمية.
ينشر هذا القرار بالجريدة الرسمية.
).2026  ابريل29( 1447  من ذي القعدة11 وحرر بالرباط في
).2026  ابريل29( 1447  من ذي القعدة11 وحرر بالرباط في
االمضاء : عز الدين املداوي.
االمضاء : عز الدين املداوي.
الجريدة الرسمية2917
 ((25 (2ام  5(2( 8  8  ذ8ةجحلا وذ  8 - 7511 عدد
878.26 قرار لوزير التعليم العالي والبحث العلمي واالبتكار رقم
877.26 قرار لوزير التعليم العالي والبحث العلمي واالبتكار رقم
2) بتحديد 026  ابريل29( 144 القعدة 7ي من ذ11 صادر في
2) بتحديد 026  ابريل29( 144 القعدة 7ي من ذ11 صادر في
بعض املعادالت بين الشهادات.
بعض املعادالت بين الشهادات.
وزير التعليم العالي والبحث العلمي واالبتكار،
وزير التعليم العالي والبحث العلمي واالبتكار،
1422  من ربيع االول28  الصادر في2.01.333 بناء على املرسوم رقم
1422  من ربيع االول28  الصادر في2.01.333 بناء على املرسوم رقم
) املتعلق بتحديد الشروط واملسطرة الخاصة بمنح 2001  يونيو21(
) املتعلق بتحديد الشروط واملسطرة الخاصة بمنح 2001  يونيو21(
معادلة شهادات التعليم العالي؛
معادلة شهادات التعليم العالي؛
1425  من ربيع االخر18  الصادر في2.04.89 وعلى املرسوم رقم
1425  من ربيع االخر18  الصادر في2.04.89 وعلى املرسوم رقم
) بتحديد اختصاص املؤسسات الجامعية واسالك 2004  يونيو7(
) بتحديد اختصاص املؤسسات الجامعية واسالك 2004  يونيو7(
الدراسات العليا وكذا الشهادات الوطنية املطابقة، كما وقع تغييره
الدراسات العليا وكذا الشهادات الوطنية املطابقة، كما وقع تغييره
وتتميمه؛
وتتميمه؛
1446  من ربيع االخر24  الصادر في2.24.991 وعلى املرسوم رقم
1446  من ربيع االخر24  الصادر في2.24.991 وعلى املرسوم رقم
) املتعلق باختصاصات وزير التعليم العالي والبحث 2024  اكتوبر28(
) املتعلق باختصاصات وزير التعليم العالي والبحث 2024  اكتوبر28(
العلمي واالبتكار؛
العلمي واالبتكار؛
وبعد استشارة اللجنة القطاعية للعلوم القانونية واالقتصادية
وبعد استشارة اللجنة القطاعية للعلوم القانونية واالقتصادية،2026  مارس4 واالجتماعية والتدبير املنعقدة بتاريخ،2026  مارس4 واالجتماعية والتدبير املنعقدة بتاريخ
قرر ما يلي :
قرر ما يلي :
املادة االولى
املادة االولى
Administration des  تقبل ملعادلة املاستر، الشهادة التالية في
:Sciences de gestion  تقبل ملعادلة املاستر، الشهادة التالية في
:affaires
–Grade de maître en gestion de projet (M.G.P.), délivré par
– Master’s degree, business administration (marketing),
l’Université du Québec à Trois-Rivières - Canada.
délivré par Kutahya Dumlupinar University - Turquie.",Commercial,"Commercial=6, Fiscal=3, Social=2",Commercial,False,AR : texte source à réingérer (ordre des mots/paragraphes corrompu dès l'extraction PDF) — label non vérifié
548,BO_7511_Ar,الثانية,ar,"ينشر هذا القرار بالجريدة الرسمية.
ينشر هذا القرار بالجريدة الرسمية.
).2026  ابريل29( 1447  من ذي القعدة11 وحرر بالرباط في
).2026  ابريل29( 1447  من ذي القعدة11 وحرر بالرباط في
االمضاء : عز الدين املداوي.
االمضاء : عز الدين املداوي.
الجريدة الرسمية((25 (2ام  5(2( 8  8  ذ8ةجحلا وذ  8 - 7511 عدد
880.26 قرار لوزير التعليم العالي والبحث العلمي واالبتكار رقم
879.26 قرار لوزير التعليم العالي والبحث العلمي واالبتكار رقم
2) بتحديد 026  ابريل29( 144 القعدة 7ي من ذ11 صادر في
2) بتحديد 026  ابريل29( 144 القعدة 7ي من ذ11 صادر في
بعض املعادالت بين الشهادات.
بعض املعادالت بين الشهادات.
وزير التعليم العالي والبحث العلمي واالبتكار،
وزير التعليم العالي والبحث العلمي واالبتكار،
1422  من ربيع االول28  الصادر في2.01.333 بناء على املرسوم رقم
1422  من ربيع االول28  الصادر في2.01.333 بناء على املرسوم رقم
) املتعلق بتحديد الشروط واملسطرة الخاصة بمنح 2001  يونيو21(
) املتعلق بتحديد الشروط واملسطرة الخاصة بمنح 2001  يونيو21(
معادلة شهادات التعليم العالي؛
معادلة شهادات التعليم العالي؛
1425  من ربيع االخر18  الصادر في2.04.89 وعلى املرسوم رقم
1425  من ربيع االخر18  الصادر في2.04.89 وعلى املرسوم رقم
) بتحديد اختصاص املؤسسات الجامعية واسالك 2004  يونيو7(
) بتحديد اختصاص املؤسسات الجامعية واسالك 2004  يونيو7(
الدراسات العليا وكذا الشهادات الوطنية املطابقة، كما وقع تغييره
الدراسات العليا وكذا الشهادات الوطنية املطابقة، كما وقع تغييره
وتتميمه؛
وتتميمه؛
1446  من ربيع االخر24  الصادر في2.24.991 وعلى املرسوم رقم
1446  من ربيع االخر24  الصادر في2.24.991 وعلى املرسوم رقم
) املتعلق باختصاصات وزير التعليم العالي والبحث 2024  اكتوبر28(
) املتعلق باختصاصات وزير التعليم العالي والبحث 2024  اكتوبر28(
العلمي واالبتكار؛
العلمي واالبتكار؛
وبعد استشارة اللجنة القطاعية للعلوم القانونية واالقتصادية
وبعد استشارة اللجنة القطاعية للعلوم القانونية واالقتصادية،2026  مارس4 واالجتماعية والتدبير املنعقدة بتاريخ،2026  مارس4 واالجتماعية والتدبير املنعقدة بتاريخ
قرر ما يلي :
قرر ما يلي :
املادة االولى
املادة االولى
Relations  تقبل ملعادلة املاستر، الشهادة التالية في
:Sciences de gestion  تقبل ملعادلة االجازة، الشهادة التالية في
:internationales
–Degree of bachelor of science, business administration,
– Gradum magistri, international relations - international
délivré par State University of New York - Etats-Unis
relations and international organization, délivré par
d’Amérique.
Academia Groningana - Pays-Bas.",Commercial,"Commercial=6, Fiscal=3, Social=2",Commercial,False,AR : texte source à réingérer (ordre des mots/paragraphes corrompu dès l'extraction PDF) — label non vérifié
550,BO_7511_Ar,الثانية,ar,"ينشر هذا القرار بالجريدة الرسمية.
ينشر هذا القرار بالجريدة الرسمية.
).2026  ابريل29( 1447  من ذي القعدة11 وحرر بالرباط في
).2026  ابريل29( 1447  من ذي القعدة11 وحرر بالرباط في
االمضاء : عز الدين املداوي.
االمضاء : عز الدين املداوي.
الجريدة الرسمية2919
 ((25 (2ام  5(2( 8  8  ذ8ةجحلا وذ  8 - 7511 عدد
882.26 قرار لوزير التعليم العالي والبحث العلمي واالبتكار رقم
881.26 قرار لوزير التعليم العالي والبحث العلمي واالبتكار رقم
2) بتحديد 026  ابريل29( 144 القعدة 7ي من ذ11 صادر في
2) بتحديد 026  ابريل29( 144 القعدة 7ي من ذ11 صادر في
بعض املعادالت بين الشهادات.
بعض املعادالت بين الشهادات.
وزير التعليم العالي والبحث العلمي واالبتكار،
وزير التعليم العالي والبحث العلمي واالبتكار،
1422  من ربيع االول28  الصادر في2.01.333 بناء على املرسوم رقم
1422  من ربيع االول28  الصادر في2.01.333 بناء على املرسوم رقم
) املتعلق بتحديد الشروط واملسطرة الخاصة بمنح 2001  يونيو21(
) املتعلق بتحديد الشروط واملسطرة الخاصة بمنح 2001  يونيو21(
معادلة شهادات التعليم العالي؛
معادلة شهادات التعليم العالي؛
1425  من ربيع االخر18  الصادر في2.04.89 وعلى املرسوم رقم
1425  من ربيع االخر18  الصادر في2.04.89 وعلى املرسوم رقم
) بتحديد اختصاص املؤسسات الجامعية واسالك 2004  يونيو7(
) بتحديد اختصاص املؤسسات الجامعية واسالك 2004  يونيو7(
الدراسات العليا وكذا الشهادات الوطنية املطابقة، كما وقع تغييره
الدراسات العليا وكذا الشهادات الوطنية املطابقة، كما وقع تغييره
وتتميمه؛
وتتميمه؛
1446  من ربيع االخر24  الصادر في2.24.991 وعلى املرسوم رقم
1446  من ربيع االخر24  الصادر في2.24.991 وعلى املرسوم رقم
) املتعلق باختصاصات وزير التعليم العالي والبحث 2024  اكتوبر28(
) املتعلق باختصاصات وزير التعليم العالي والبحث 2024  اكتوبر28(
العلمي واالبتكار؛
العلمي واالبتكار؛
وبعد استشارة اللجنة القطاعية للعلوم القانونية واالقتصادية
وبعد استشارة اللجنة القطاعية للعلوم القانونية واالقتصادية،2026  مارس4 واالجتماعية والتدبير املنعقدة بتاريخ،2026  مارس4 واالجتماعية والتدبير املنعقدة بتاريخ
قرر ما يلي :
قرر ما يلي :
املادة االولى
املادة االولى
تقبل ملعادلة دبلوم الدراسات الجامعية العامة، الشهادة التالية في
:Relations internationales  تقبل ملعادلة املاستر، الشهادة التالية في
:Sciences économiques
–Diplôme de master en relations internationales, délivré
– Degree of associate of arts in international trade, délivré
par l’Université occidentale - Azerbaidjan.
par Istanbul Bilgi University - Turquie.",Commercial,"Commercial=6, Fiscal=3, Social=2",Commercial,False,AR : texte source à réingérer (ordre des mots/paragraphes corrompu dès l'extraction PDF) — label non vérifié
552,BO_7511_Ar,الثانية,ar,"ينشر هذا القرار بالجريدة الرسمية.
ينشر هذا القرار بالجريدة الرسمية.
).2026  ابريل29( 1447  من ذي القعدة11 وحرر بالرباط في
).2026  ابريل29( 1447  من ذي القعدة11 وحرر بالرباط في
االمضاء : عز الدين املداوي.
االمضاء : عز الدين املداوي.
الجريدة الرسمية((25 (2ام  5(2( 8  8  ذ8ةجحلا وذ  8 - 7511 عدد
7 بتاريخ506 استدراك خطا وقع بالجريدة الرسمية عدد
883.26 قرار لوزير التعليم العالي والبحث العلمي واالبتكار رقم
2) بتحديد 026  ابريل29( 144 القعدة 7ي من ذ11 صادر في
4628 ة الصفح- )2026 يام (7144 القعدة 7ي ذ19
بعض املعادالت بين الشهادات.
وزير التعليم العالي والبحث العلمي واالبتكار،
 1422  من ربيع االول28  الصادر في2.01.333 بناء على املرسوم رقم
) املتعلق بتحديد الشروط واملسطرة الخاصة بمنح 2001  يونيو21(
1447  من شوال15  صادر في711.26 قرار لوزير التجهيز واملاء رقم
) بافتتاح بحث عمومي يتعلق بتحديد امللك 2026  ابريل3(
معادلة شهادات التعليم العالي؛
العمومي البحري من الضفة اليمنى ملصب وادي درعة الى
1425  من ربيع االخر18  الصادر في2.04.89 وعلى املرسوم رقم
) بتحديد اختصاص املؤسسات الجامعية واسالك 2004  يونيو7(
 الدراسات العليا وكذا الشهادات الوطنية املطابقة، كما وقع تغييره
حدود اقليم طانطان بجماعة راس امليل باقليم كلميم بجهة
واد نون.- كلميم
وتتميمه؛
1446  من ربيع االخر24  الصادر في2.24.991 وعلى املرسوم رقم
) املتعلق باختصاصات وزير التعليم العالي والبحث 2024  اكتوبر28(
بدال من :
العلمي واالبتكار؛
املادة االولى
وبعد استشارة اللجنة القطاعية للعلوم القانونية واالقتصادية،2026  مارس4 واالجتماعية والتدبير املنعقدة بتاريخ
2026  سبتمبر23  يونيو الى23 يجرى بحث عمومي ملدة شهرين، من
قرر ما يلي :
املادة االولى
بجماعة راس امليل باقليم كلميم، وذلك بشان تحديد امللك العمومي
البحري من الضفة اليمنى ملصب وادي درعة الى حدود اقليم طانطان.
:Droit privé  تقبل ملعادلة املاستر، الشهادة التالية في
يقرا :
شهادة املاستر في مجال القانون الخاص املسلمة من جامعة -
.نواكشوط، موريتانيا
املادة االولى",Fiscal,"Fiscal=4, Commercial=3, Administratif=2",Fiscal,False,AR : texte source à réingérer (ordre des mots/paragraphes corrompu dès l'extraction PDF) — label non vérifié
553,BO_7511_Ar,الثانية,ar,"، 2026  سبتمبر23  يوليو الى23 يجرى بحث عمومي ملدة شهرين، من
ينشر هذا القرار بالجريدة الرسمية.
).2026  ابريل29( 1447  من ذي القعدة11 وحرر بالرباط في
بجماعة راس امليل باقليم كلميم، وذلك بشان تحديد امللك العمومي
البحري من الضفة اليمنى ملصب وادي درعة الى حدود اقليم طانطان.
االمضاء : عز الدين املداوي.
((25 (2ام  5(2( 8  8  ذ8ةجحلا وذ  8 - 7511 عدد
اعالنات وبالغات
راي
املجلس االقتصادي واالجتماعي والبيئي
حول
مشروع
 قانون رقم
16.22
 يتعلق بتنظيم مهنة
 العدول القانون
المتعلق
مجموعة عمل
 خاصة
رئيس مجموعة العمل :حسن طارق
مقرر الموضوع :محمد عبد الصادق
 السعيدي
فهرس
تقديم
................................
................................
................................
................................
................
1.السياق
العام
................................
................................
................................
................................
  ....
1.1
.نبذة
تاريخية
 عن
االطار
القانوني
المنظم
لمهنة
العدول
...…………………………………………………………
2.1
 .القانون
 رقم 16.03
 المتعلق
بخطة
العدالة
...................................................................................
3.1.ازدواجية
نظام
التوثيق
بالمغرب
…………………………………………………………………………………
2.عرض
وتحليل
مشروع
القانون
 رقم 16.22
 المتعلق
بتنظيم
مهنة
العدول
……………………………………
1.2
.هيكلة
ومضامين
مشروع
القانون
..………………………………………………………………………………
2.2.المستجدات
التشريعية
لمشروع
القانون
..…………………………………………………………………………
1.2.2
 .تحول
مفاهيمي
""  من
خطة
العدالة
""  الى ""
مهنة
العدول
 ""
……………………………………………………
2.2.2
 .شروط
الولوج
 الى
المهنة
…………………………………………………………………………………
3.2.2
 .اعادة
هيكلة
منظومة
التكوين
.………………………………………………….…………………………
4.2.2
 .
 اقرار
الزامية
التكوين
المستمر
……………………………………………………… ……………………
5.2.2
 .توسيع
واجبات
العدول
وتحديثها
.…………………………………………………………………………
6.2.2
 .ارساء
نظام
متكامل
للمسؤولية
المهنية
……………………………………………………………………
7.2.2
. رقمنة
المهنة
وتحديث
وسائل
العمل
………………………………………………………………………
8.2.2
 .ضبط
ادق
الجراءات
التوثيق
.……………………………………………………………………………
9.2.2
 .تنظيم
الحقوق
المالية
وتعزيز
الشفافية
.……………………………………………………………………
10.2.2
 .تقوية تنظيم المهنة وهيئاتها وتمثيلية المراة العدل ……………………………………………………….
الجريدة الرسمية((25 (2ام  5(2( 8  8  ذ8ةجحلا وذ  8 - 7511 عدد
3.مالحظات
 في
منهجية
اعداد
وتصميم
مشروع
القانون
..…………………………………..………………
1.3
.غياب
دراسة
االثر
..…………………………………………………………………………………………
2.3
 .تعدد
االحاالت
 على
نصوص
تنظيمية
دون
تحديد
افق
زمني
الصدارها
..……………………………………
4. مالحظات
حول
منظومة
التوثيق
العدلي
وتحديث
مهنة
العدول
...……………………………………………
1.4
 خطاب
القاضي
………………………………………………………………………………………………
2.4
 ثنائية
التلقي
.…………………………………………………………………………………………………
3.4
 شهادة
اللفيف
..………………………………………………………………………………………………
4.4
 غياب
 الية
لتدبير
الودائع
………………………………………..……………………………………………
5.4
 قضايا
اخرى
تحتاج
 الى
حسم
تشريعي
.………………………………………………………………………
5.الرؤية
والتوصيات
………………………………………………… ………………………………
المحور
االول
:
تعزيز
االثر
التشريعي
والتعجيل
باصدار
النصوص
التطبيقية
.………………………………………
المحور
الثاني
:
تحسين
االطار
التنظيمي
وتاهيل
الموارد
البشرية
..…………………………………………………
المحور
الثالث
:
تسريع
التحول
الرقمي
لمهنة
العدول
………………………………………………………………
المحور
الرابع
:
تحديث
اليات
التوثيق
العدلي
وتعزيز
االمن
التعاقدي
………………………………………………
مالحق
.……………………………………………………………………………………………
ملحق
 :الئحة
اعضاء
مجموعة
العمل
الخاصة
..……………………………………………………………………
ملحق
 :الئحة
الفاعلين
الذين
 تم
االنصات
اليهم
..……………………………………………………………………
طبقا
لمقتضيات
القانون
التنظيمي
رقم
 128.12
 المتعلق
بالمجلس
اال
قتصاد
 ي
واالجتماعي
والبيئي، لا
سيما
 في
مادتيه
 4 و7، توصل
المجلس
باحالة
من
السيد
رئيس
مجلس
النواب
بتاريخ
 يناير، من
اجل
ابداء
الراي
بشان
مشروع
قانون
 رقم 16.22
 يتعلق
ب
تنظيم
مهنة
العدول
.
وفي
هذا
االطار،
وعمال
باحكام
النظام
الداخلي
للمجلس،
احدث
مكتب
المجلس
مجموعة
عمل
خاصة1
 عهد اليها
باعداد
مشروع
راي
 في
الموضوع
.
وخالل
دورتها
ال
عادية
الثمانين
 بعد
المائة
 (180
) المنعقدة
بتاريخ
 مارس، صادقت
الجمعية
العامة
للمجلس
االقتصادي
واالجتماعي
والبيئي
باالجماع
 هذا على
الراي
.
هذا جاء وقد
الراي
 ذي ال،
جرى
اعداده
وفق
مقاربة
تشاركية،
ثمرة
نقاشات
موسعة
بين
مختلف
الفئات
المكونة
للمجلس،
ومخرجات
جلسات
االنصات
المنظمة
 مع
ابرز
الفاعلين
المعنيين 2 .
 امللحق1
 : الئحة اعضاء
مجموعة العمل الخاصة
 امللحق2: الئحة الفاعلين الذين تم االنصات اليهم
الجريدة الرسمية2923
((25 (2ام  5(2( 8  8  ذ8ةجحلا وذ  8 - 7511 عدد
تقديم
طبقا الحكام الفصل
 من الدستور ومقتضيات القانون التنظيمي رقم
128.12
 المتعلق بالمجلس االقتصادي
 واالجتماعي،والبيئي توصل المجلس باحالة من السيد رئيس مجلس النواب بتاريخ
 يناير، من اجل ابداء
 الراي بشان  ""مشروع
قانون رقم
16.22
 يتعلق بتنظيم مهنة العدول.""
ويندرج مشروع القانون في اطار مواصلة تنزيل اصالح منظومة،العدالة ال سيما
 االجراءات الرامية الى تقوية
 القدرات
المؤسساتية للمهن القانونية،والقضائية،ومن بينها مهنة العدول وتاهيل مواردها،البشرية
 ودعم اليات تعزيز ثقة
 المواطن
في  اعمال  ومحررات  هذه  المهن،
 وانخراط هذه االخيرة في جهود التحديث واستعمال التكنولوجيات الرقمية في تقديم
خدماتها3.
و يرتكز االطار التشريعي والتنظيمي الحالي ملمارسة
هنة م
 العدول
 على القانون رقم16.03
 املتعلق بخطة العدالة
 (الصادر
في14
 فبراير2006
) ونصوص
ه
 التطبيقية 4،
 من خالل
 تحديد شروط،االنخراط وضبط االختصاصات املوكولة الى العدول
والتنصيص على االلتزامات والضمانات املخولة
لهم باعتبارهم
 من مساعدي القضاء، وما يترتب عن ذلك من قواعد
للممارسة املهنية والتمثيل املؤسساتي واملراقبة والتاديب.
وياتي مشروع القانون رقم16.22
 ليحل محل القانون املذكور، متضمنا مستجدات تهم شروط الولوج الى املهنة، وتنظيم
 التكوين، وتحديد حقوق وواجبات العدول، وضبط مساطر تلقي العقود وحفظها، وتحديث تنظيم الهيئة الوطنية للعدول
واجهزتها، في افق ارساء اطار قانوني اكثر مالءمة للت طورات
 التي تعرفها البيئة القانونية و،القضائية ملنظومة العدالة ببالدنا
والتحوالت
االقتصادية واالجتماعية
.التي يشهدها املجتمع
وقد
 اعد املجلس رايه بشان مشروع القانون رقم16.22
 وفق مقاربة تحليلية و تشاركية مع االطراف املعنية، تتناول النص
في شموليته، دون الخوض في
 تفاصيل مقتضياته وصياغته،التشريعية وذلك من خالل امل نطلقات التالية:
•
 تحليل
 ما تحقق في ضوء املمارسة العملية
ملقتضيات الق انون رقم16.03،
 وما ابانت عنه من
 اختالالت ونواقص
بنيوية ووظيفية.
•
 االحاطة بالدواعي املوضوعية التي دفعت املشرع الى اعداد نص جديد
ينسخ
 االطار القانوني
الحالي.
•
 تحليل  التوجهات
  الكبرى واملقتضيات
الرئيسية
  ل",Fiscal,"Fiscal=3, Administratif=2, Civil=1",Fiscal,True,AR : texte source à réingérer (ordre des mots/paragraphes corrompu dès l'extraction PDF) — label non vérifié
554,BO_7511_Ar,45,ar,) واملنصة الرقمية لحفظ الوثائق (,Indéterminé,"Fiscal=0, Social=0, Administratif=0",Indéterminé,False,AR : texte source à réingérer (ordre des mots/paragraphes corrompu dès l'extraction PDF) — label non vérifié
555,BO_7511_Ar,83,ar,"،)
 والحد االدنى لتامين ضمان
املسؤولية املدنية للعدل
(املادة،)وغيرها من املقتضيات ذات االثر املباشر على فعالية التطبيق.
وتبرز التجربة العملية ان عددا من القوانين يستكمل مساره التشريعي من حيث
املصادقة والنشر في الجريدة الرسمية،
 غير ان بعض مقتضياته تظل معلقة بسبب تاخر اصدار النصوص التنظيمية املحال عليها، وهو ما يعكس واقعا عاما في
املنظومة التشريعية يتسم ببطء وتيرة استكمال البناء القانوني، وضعف الحكامة التشريعية.
و تؤكد مرجعيات منظمة التعاون
والتنمية االقتصادية،
 ان فعالية التشريع ال تتحقق بمجرد صدور القانون، بل تظل رهينة
بارساء اطار تنظيمي واضح،
 .يضمن تنزيله العملي في اجال معقولة كما
يتم التاكيد على ضرورة اعتماد مقاربة شمولية،
 تجعل من قابلية القاعدة القانونية للتنفيذ عنصرا اساسيا في جودة التشريع، من خالل ضمان االتساق بين النصوص
القانونية والنصوص التنظيمية الكفيلة بتفعيلها22.،وعالوة على ذلك
 تشدد مبادئ املنظمة املتعلقة ب تحليل االثر
التنظيمي
 على ان تصميم التشريع ينبغي ان يدمج منذ البداية اعتبارات التنفيذ واالنفاذ، بما في ذلك تحديد االليات
التنظيمية املصاحبة له، حتى ال يحدث انفصال بين اعتماد القانون وتطبيقه الفعلي .،ومن جهة اخرى تفيد
 مبادئ مراجعة
رصيد التشريعات ان
 نجاعة القوانين تقتض ي استتباع االطار ال
تشريعي
 بالنصوص التنظيمية والتدابير االجرائية املالئمة
و ا في جال مناسبة لضمان فعالية السياسات العمومية24.
وبالتالي، فا
ن اصدار النصوص التنظيمية في اجال معقولة يشكل عنصرا جوهريا في الحكامة التشريعية،
 باعتباره شرطا
لضمان التطبيق الفعلي للقانون، وتعزيز االمن القانوني، وتفادي تعطيل االصالحات التشريعية
 التي ال تدخل حيز التنفيذ
.اال بعد صدور النصوص التطبيقية لها
4. مالحظات حول
 منظومة التوثيق ال
عدلي وتحديث مهنة العدول
جاء مشروع القانون رقم16.22
 بمستجدات تشريعية تروم عصرنة مهنة العدول، ويتجلى ذلك، اوال، في تسمية املشروع
 نفسها التي تكرس االعتراف القانوني بعمل العدول باعتباره مهنة قائمة الذات، كما يتجلى في عدد من املقتضيات املرتبطة
بالتكوين االساس ي والتكوين املستمر، وتوظ يف الرقمنة، وتحديث وسائل العمل، وارساء التامين عن املسؤولية املدنية
للعدل، وتعزيز ضمانات
 حمايته القانونية، وغيرها من التدابير الرامية الى تطوير املمارسة املهنية
 .للعدول،مجلس النواب، الجلسة العامة3
 فبراير2026
22 OCDE, Recommendation of the Council on Regulatory Policy and Governance, 2012, p.7-8.
23 OCDE(2012), Ibid.
24 OCDE (2020),Ibid.,pp.24-26.
الجريدة الرسمية((25 (2ام  5(2( 8  8  ذ8ةجحلا وذ  8 - 7511 عدد
غير
انه،
حسب
مهنيين
وخبراء
 تم
االنصات
اليهم،
يالحظ
 ان
مشروع
القانون
 رقم 16.22
  لم
يذهب
بعيدا
 في
وتيرة
تحديث
ممارسة
مهنة
التوثيق
العدلي،
  بما
يستوعب
التحوالت
االقتصادية
واالجتماعية
والتكنولوجية
املتسارعة
التي
يعرفها
املجتمع
املغربي،
والتي
تمس
كذلك
البنية
البشرية
للمهنة
بانفتاحها
  على
كفاءات
جديدة ومتنوعة
مقارنة
بالنموذج
التقليدي
للعدل
.
 كما
ابقى
املشروع
بعض على
املقتضيات
االجرائية
التي
 ان  سبق
كانت
محل
نقاش
 في
اطار
الحوار
الوطني
حول
اصالح
منظومة
العدالة،
 لا
سيما
حيث من
مدى
مواكبتها
للمستجدات
وانسجامها
بعض مع
املرجعيات
واملعايير
الدولية
املؤطرة
ملهن
التوثيق
 .
لقد
كرس مشروع القانون رقم 16.22
 نفس املقاربة التي اعتمدها القانون الجاري به العمل، اي القانون رقم16.03
 املتعلق
بخطة العدالة، فيما يخص خطاب القاض ي، وثنائية التلقي، وشهادة اللفيف
و،
ذلك ملا تثيره هذه املقتضيات حسب
املمارسين 25،،من اشكاالت عملية متعددة تنعكس سلبا على حقوق االفراد ومصالحهم االقتصادية واالجتماعية املشروعة
وتمس كذلك بحق العدول في
مزاولة
مهنتهم بصفة مستقلة،
وفي ظروف مالئمة
.
1.4
 خطاب القاضي
تعد الية خطاب القاض ي من الخصوصيات االساسية التي تميز نظام التوثيق العدلي في التشريع املغربي، حيث تشكل مرحلة
قانونية الزمة الستكمال الطابع الرسمي للعقود والشهادات التي يتلقاها العدالن. وي
قصد بخطاب القاض ي قيام القاض ي
املكلف بالتوثيق بمراقبة الوثيقة بعد تحريرها والتاكد من استيفائها للشروط الشكلية والقانونية املطلوبة، قبل وضع
توقيعه وخاتمه عليها، االمر الذي يضفي عليها الصفة الرسمية ويمنحها الحجية القانونية الكاملة. وتقوم هذه االلية على
منطق ا
لرقابة القضائية السابقة التي تروم تعزيز االمن التوثيقي وحماية حقوق املتعاقدين، من خالل ضمان سالمة
االجراءات واحترام مقتضيات القانون قبل اعتماد الوثيقة.
و
يعد النموذج املغربي
في التوثيق العدلي
من بين
النماذج التوثيقية التي
تعتمد الية الرقابة القضائية السابقة على العقود
العدلية، مقارنة مع معظم البلدان االسالمية االخرى. بحيث ثمة
توجه عام يقوم على اضفاء الصفة الرسمية على
املحرر
التوثيقي
مباشرة دون حاجة الى اعتماد قضائي مسبق، استنادا الى منطق املسؤولية املهنية املباشرة، وتحقيق السرعة
والفعالية، وتخفيف العبء عن القضاء.
ذلك ان
تعدد املراحل االجرائية قد يؤدي الى ابطاء انجاز العقود وتاخير اثارها
القانونية، مما يدفع نحو تبسيط املساطر واعتماد اليات مراقبة اكثر مرو
نة وفعالية
.
ومن الناحية العملية،
ووفق افادات املهنيين،
تطرح الية خطاب القاض ي عددا من
االشكاالت
  :
1.
  صعوبة التوفيق بين االمن
ال
قانوني
وفعالية
التوثيق
  :
يؤدي
خطاب القاض ي
الى تاخير انجاز العقود، بل
وتعطيلها احيانا، فضال عما قد يترتب عنه من تدخل في مضمون ارادة االطراف، او احتمال ضياع الحقوق نتيجة
رفض الخطاب
تبعا للسلطة التقديرية للقاض ي املكلف بالتوثيق، خاصة في ظل غياب الية تمك ن العدل من
الطعن او استئناف قرار
ال
قاض ي
.،جلسة االنصات الى الهيئة الوطنية للعدول18
 فبراير2026
الجريدة الرسمية2937
((25 (2ام  5(2( 8  8  ذ8ةجحلا وذ  8 - 7511 عدد
هذا، واذا كانت
مراقبة القاض ي تسهم في ضمان سالمة املحررات وحماية حقوق املتعاقدين، فان غياب
تقييم
ا ثر ال
لقانون الجاري به العمل، قائمة على معطيات رقمية
 و
مؤشرات
موضوعية،
ال يساعد على قياس نجاعة
الدور الرقابي والوقائي الذي يضطلع به القاض ي في تحصين الوثائق واملحررات العدلية. كما ان
وجود قصور في
اداء بعض العدول ال يحول دون العمل على تاهيل املهن
يين
واالرتقاء بكفاءاتهم، في افق مراجعة الية خطاب
بما يحقق توازنا افضل بين مقتضيات االمن التوثيقي ومتطلبات الفعالية والنجاعة القاض ي مستقبال
.
و
سعيا الى تدارك البطء الناجم عن هذا االجراء، نص مشروع القانون
رقم 16.22، في",Fiscal,"Fiscal=6, Environnement=2, Social=1",Fiscal,False,AR : texte source à réingérer (ordre des mots/paragraphes corrompu dès l'extraction PDF) — label non vérifié
556,BO_7511_Ar,77,ar,"، على اجل اقصاه
ثالثة (3) ايام النجاز خطاب القاض ي. غير ان
ه في
غياب تقييم موضوعي لالمكانيات البشرية واملادية املتاحة،
والجال التاشير القضائي على الوثائق العدلية املعمول بها في مختلف محاكم
اململكة،
يصعب
توقع مدى اجرائية
هذا
االجل املحدد في 3 ايام
وضمان تطبيقه بفعالية
.
2.
 مفارقة املسؤولية والحجية في الية خطاب قاض ي التوثيق
:
تنص",Indéterminé,"Fiscal=0, Social=0, Administratif=0",Indéterminé,False,AR : texte source à réingérer (ordre des mots/paragraphes corrompu dès l'extraction PDF) — label non vérifié
557,BO_7511_Ar,57,ar,"من مشروع القانون رقم16.22
 على
"" ان
يحرر العقد او الشهادة تحت مسؤولية العدلين
…""، تاكيدا ملا ورد في",Civil,"Civil=1, Fiscal=0, Social=0",Civil,False,AR : texte source à réingérer (ordre des mots/paragraphes corrompu dès l'extraction PDF) — label non vérifié
558,BO_7511_Ar,33,ar,"من القانون رقم16.03
 الجاري
به العمل. وفي املقابل، تنص",Indéterminé,"Fiscal=0, Social=0, Administratif=0",Indéterminé,False,AR : texte source à réingérer (ordre des mots/paragraphes corrompu dès l'extraction PDF) — label non vérifié
559,BO_7511_Ar,77,ar,"من املشروع نفسه على ان القاض ي املكلف بالتوثيق يخاطب يدويا او
الكترونيا على العقود والشهادات بعد مراقبتها والتاكد من استيفائها للشروط واالجراءات املطلوبة قانونا.
ويترتب
عن ذلك ان العدلين يتحمالن املسؤولية الكاملة عن مضمون العقد او الشهادة، ويساالن عند ثبوت اي تجاوز او
تقصير، ومع ذلك فان توقيعهما ال يكفي الضفاء الحجية القانونية النهائية على الوثائق التي يحررانها.
 و
يظل
القا
ض ي الذي يضفي بتوقيعه الصفة الرسمية على الوثيقة غير
ملزم ب
مسؤولية مباشرة عن مضمونها، رغم
مشاركته في انشاء ا
ملسؤولية القانونية
املترتبة عن التاشير
.
3.
 عدم التكافؤ بين مهنيي التوثيق
:
تكرس الية خطاب القاض ي وضعا قانونيا يفتقر الى االنسجام في ظل ازدواجية
نظام التوثيق. فبينما يتمتع املوثق باستقاللية كاملة في ابرام العقود وتحرير الوثائق واضفاء الصفة الرسمية
عليها
وايداعها
مباشرة لدى املصالح املختصة بالحفظ والتوثيق
(العقود
العقارية)، يظل العدل خاضعا لرقابة
قضاء التوثيق، االمر الذي يجعله في موقع اقرب الى التبعية املهنية. وينتج عن ذلك وضع يتسم بعدم التكافؤ بين
مهنيي التوثيق العدلي ومهنيي التوثيق العصري، سواء من حيث هامش االستقالل املنهي او من حيث نطاق ممارسة
االختصاصات التوثيقية، فضال
عن كونه و
ضعا ال ينسجم مع متطلبات املنافسة املهنية العادلة بين الفاعلين في
مجال التوثيق
 .
2.4
 ثنائية التلقي
يتوقف تحرير الشهادات والعقود في نظام التوثيق العدلي على شرط مشاركة عدلين اثنين، خالفا النظمة التوثيق الحديثة،
بما فيها نظام التوثيق العصري باملغرب، التي تعتمد مبدا املمارسة الفردية ملهنة التوثيق. وتعد ثنائية التلقي في منظومة
العدول قاعدة تم االبقاء عليها
في مشروع القانون رقم 16.22
.  و
لم يبادر
املشرع، من خالل مشروع القانون املذكور، الى
مراجعة هذا االختيار بما ينسجم مع تطور املنظومة القانونية الحديثة وتوجهات مهن التوثيق، وبما يتالءم مع ارادة عصرنة
مهنة العدو
 ل.
الجريدة الرسمية((25 (2ام  5(2( 8  8  ذ8ةجحلا وذ  8 - 7511 عدد
ويفيد القطاع الحكومي صاحب املبادرة التشريعية
ب
ان املجلس العلمي االعلى سبق ان اصدر فتوى في هذا الشان،
 تؤكد
على وجوب،تلقي الشهادات من قبل عدلين اثنين،فضال عن ضرورة خطاب القاض ي
 مع اعتبار االمر ملزما لكافة املعنيين
بالنظر الى ارتباطه بالوازع الشرعي26.
و جدير بالذكر ان عددا من
الدول االسالمية تعتمد م
قاربات
 متباينة بشان
ثنائية التلقي في توثيق املعامالت
 كما يكرسها
التشريع املغرب
ي .
 ففي
سلطنة عمان27، يتولى""كاتب العدل""
 توثيق املحررات والعقود والتصديق عليها بصفة فردية، حيث
 يمارس اختصاصاته بشكل مستقل من حيث التحقق من هوية االطراف واهليتهم ومطابقة التصرفات للقانون. غير انه ال
يزاول نشاطه في اطار مهنة حرة، بل يشتغل كموظف عمومي تابع لوزارة العدل، يتولى اضفاء الصفة الرسمية عل ى الوثائق
بما يضمن حجيتها القانونية ويعزز االمن القانوني للمعامالت.
 وقد شهدت مهنة التوثيق في تونس28
 تطورا تدريجيا انتقل بها
من النظام التقليدي املرتبط بالقضاء الشرعي الى نموذج منهي مستقل يقوم على""عدل االشهاد ""
 باعتباره ضابطا عموميا
يمارس مهنة حرة، بحيث  يمارس
 سلطة تحرير العقود واضفاء الصفة الرسمية عليها مباشرة، في اطار استقالل منهي
ومسؤولية قانونية واضحة .،من جهة اخرى وبالن
ظر
 الى الصعوبات واالكراهات العملية التي تثيرها
قاعدة ثنائية التلقي،
 تشير افادات املهنيين
الى
 بعض
املمارسات التي ال
تلتزم
 بمسطرة،جواز التلقي بكيفية منفردة طبقا للقانون،وبالتالي يتم استدعاء عدل ثان ل""املصادقة""
او""التزكية""  (العدل العاطف (
 دون
 ان يكون قد حضر الوقائع. ويثير هذا الوضع اشكاالت جدية من زاوية سالمة املسطرة
 وتحمل املسؤولية املهنية للعدول، فضال عن تاثيره على مصداقية العمل التوثيقي وانسجامه مع متطلبات الشفافية
والنجاعة.
كما ان ثنائية التلقي
 فيما يتعلق
بتحرير وتوثيق
 العقود،املدنية يصعب القبول بها من قبل ا
ملرتفقين .فعملية بيع
 عقار،محفظ، مثال يمكن انجازها بصورة قانونية كاملة من طرف موثق واحد، في حين تتطلب العملية نفسها مشاركة مهنيين
 اثنين من العدول،
 باالضافة
 الى،تدخل طرف ثالث
هو قاض ي التوثيق
 الذي يتعين عليه
مرا ة قب ال وثيقة  و وضع تاشيرة
الخطاب ع
ها يل.
3.4
 شهادة
اللفيف
تعد شهادة اللفيف من خصوصيات نظام االثبات في التشريع املغربي، وهي وسيلة اثبات تقوم على شهادة جماعة من
االشخاص
 لالدالء بمعطيات تتعلق بوقائع او تصرفات يصعب اثباتها بالوسائل االعتيادية. وقد استمدت هذه االلية
 جذورها من الفقه املالكي، واعتمدها املشرع املغربي في اطار التوثيق العدلي الثبات بعض الوقائع ذات الطابع االجتماعي او
الواقعي.
 وتستند شهادة اللفيف الى فكرة تغليب القرائن املستمدة من الشهادة الجماعية، اال انها تثير نقاشا قانونيا
متواصال بشان مدى مالءمتها ملتطلبات االثبات الحديثة ومقتضيات االمن القانوني.
 مجلس النواب، تقرير لجنة العدل والتشريع وحقوق االنسان والحريات حول مشروع قانون رقم16.22
.يتعلق بتنظيم مهنة العدول، ص61
.
https://www.mcrpsc.gov.ma/PDF/PPL/Projets/N/3105/Representants/RAP_COM_1.pdf
 قانون الكتاب،بالعدل صدر بموجب المرسوم السلطاني رقم
 /
 وتم تعديله بموجب المرسوم السلطاني رقم
 /
https://qanoon.om/p/2003/l2003040/
 قانون عدد
 لسنة
 مؤرخ في23
 ماي
 يتعلق بتنظيم مهنة عدول
 االشهاد
https://www.justice.gov.tn/index.php?id=278&utm_source=chatgpt.com
https://www.iort.gov.tn/WD120AWP/WD120Awp.exe/CTX-13540 -45-heldINXjjs/RechercheTexte/SYNC-2044279611
الجريدة الرسمية2939
((25 (2ام  5(2( 8  8  ذ8ةجحلا وذ  8 - 7511 عدد
ومن ابرز الحاالت التي
يتم
 فيها
اللجوء
ى ال
شهادة اللفيف
كما هو متداول
  :
•
اثبات الحيازة والتصرف في العقارات غير املحفظة او في امالك لم يوثق التصرف فيها كتابة؛
•
اثبات الحالة املدنية او العائلية في بعض الوقائع التقليدية، مثل الزواج او النسب او
اجراء رسم االراثة بعد
الوفاة؛
•
اثبات امللك او االنتفاع بناء على االستعمال الطويل او الشهرة بين الناس؛
•
اثبات بعض الوقائع االجتماعية التي يصعب اثباتها بوسائل اخرى، كالسكنى او االستغالل الفعلي لعقار
.
وتجدر االشارة الى ان مشروع القانون رقم  16.22،قد ادرج الول مرة مقتضيات لتقنين وتنظيم شهادة اللفيف
وتم
التنصيص على عبارة ""شهادة جمع من الناس""
(",Fiscal,"Fiscal=7, Administratif=3, Civil=2",Fiscal,False,AR : texte source à réingérer (ordre des mots/paragraphes corrompu dès l'extraction PDF) — label non vérifié
560,BO_7511_Ar,66,ar,")
 التي تفيد الرجال والنساء معا. كما ابدى القطاع الحكومي
صاحب املبادرة التشريعية استعداده لقبول اي تعديل في صياغة هذا املقتض ى من شانه
التنصيص صراحة على شهادة
النساء الى جانب الرجال 29، مما سيضمن فهما واضحا وموحدا يتقاسمه كافة الفاعلين املعنيين بانفاذ القانون، سواء كانوا
عدوال او قضاة او موظفين عموميين.
ومن جهة اخرى،
نص
 م
شروع
القانون
 على
عدد اثني عشر
 (12
) شاهدا
املعمول به
حاليا، بالرغم مما يطرحه ذلك من
صعوبات عملية في حشد هذا العدد
ال،
سيما
في ظل
التحوالت الديموغرافية العميقة التي
 ي
عرفها املغرب
فيما
يتعلق
بتقلص االمتداد االسري 30
 وتاثير الهجرة. فقد انخفض مؤشر الخصوبة بشكل ملحوظ من حوالي سبعة اطفال لكل امراة
في اوائل الستينيات الى 1,97
 طفل لكل امراة سنة2024، كما تراجعت نسبة السكان املقيمين بالعالم القروي من نحو71
في املائة الى37,2
 في املائة خالل الفترة نفسها31
 .، فضال عن تاثير الهجرة نحو الخارج
ويمكن
لهذه
 ا
لتحوالت
 في
العديد من
املناطق، ال سيما في العالم الق
روي،
ان تحول دون تيسير
استيفاء العدد املطلوب من الشهود في عدد من الحاالت
.
هذا،
واذا كان مشروع القانون رقم 16.22
 قد سعى الى الحد من بعض االشكاالت املتكررة والنزاعات املرتبطة بتراجع الشهود
عن شهاداتهم، وذلك من خالل املقتضيات الواردة في املواد 69
 و74
 و75، فانه لم يذهب الى حد اعتماد وسائل
حديثة، من
قبيل تسجيل الشهادة امام العدول بالصوت والصورة،
او تلقيها عن بعد عبر الوسائل الرقمية، مع ضمان التحقق من
هوية الشاهد وسالمة ارادته وحماية معطياته الشخصية
.
من جهة اخرى،
من شان
تعميم نظام التحفيظ العقاري وتعميم ورقمنة
نظام
الحالة املدنية، الحد من اللجوء
الى
شهادة
اللفيف كوسيلة لالثبات، واعتماد وسائل اثبات قانونية اكثر انسجاما مع االنظمة التشريعية الحديثة
.
 مجلس النواب، تقرير
لجنة العدل والتشريع وحقوق االنسان والحريات حول مشروع قانون رقم 16.22
.يتعلق بتنظيم مهنة العدول، ص96
.
https://www.mcrpsc.gov.ma/PDF/PPL/Projets/N/3105/Representants/RAP_COM_1.pdf
 انخفض معدل عدد افراد االسرة
الى 3,9
 مقارنة
 مع 2004
5,3)
)،، المندوبية السامية للتخطيط
االحصاء العام
للسكان والسكنى 2024، مذكرة حول النتائج
الرئيسية، دجنبر 2024
 ص 9
.،المندوبية السامية للتخطيط
االحصاء العام للسكان والسكنى 2024، مذكرة حول النتائج الرئيسية، دجنبر2024
 .، ص7
.
الجريدة الرسمية((25 (2ام  5(2( 8  8  ذ8ةجحلا وذ  8 - 7511 عدد
4.4
 غياب الية
ل
تدبير الودائع
تؤدي بعض املساطر املرتبطة بالعقود العدلية، من قبيل خطاب القاض ي واجراءات التسجيل وغيرها، الى تاخر استكمال
االجراءات بعد توقيع االطراف.
 كما قد تبرز اكراهات اخرى تحول دون
 اتمام االجراءات و اضفاء الطابع الرسمي على الوثيقة،املحررة، وهو ما قد ينعكس سلبا على حقوق املتعاقدين ومصالحهم ال سيما عندما يتعلق االمر بالعقار واالصول التجارية .
اال ان
 مشروع القانون رقم16.22
 ال يتضمن،مقتضيات صريحة تمكن العدول من الية مؤطرة وفعالة لتدبير الودائع
و
تكفل ضمان حقوق االطراف،  وتمنع اي تصرف غير مشروع في االموال الى حين استكمال املساطر القانوني ة، وذلك
انسجاما مع توصيات امليثاق الوطني الصالح منظومة
العدالة (التوصية
(
32 .
5.4
 قضايا اخرى
 تحتاج الى حسم تشريعي
بين الورق ي و الرقم ي
يتضح من خالل بعض مقتضيات مشروع القانون رقم16.22
 وجود نوع من امل
راوحة
 بين املقاربة التقليدية القائمة على،العمل اليدوي والدعامات الورقية، وبين توجه معلن نحو التحديث والرقمنة. فعلى سبيل املثال
 وفضال عن الزام العدول
بمسك سجل على حامل ورقي او الكتروني لحفظ العقود والشهادات
 وكناش الجيب او مذكرة الحفظ لتسجيل املعلومات
واملعطيات،
  تلزم",Fiscal,"Fiscal=2, Urbain=2, Administratif=1",Fiscal,False,AR : texte source à réingérer (ordre des mots/paragraphes corrompu dès l'extraction PDF) — label non vérifié
561,BO_7511_Ar,41,ar,"،العدل باعداد تقرير سنوي يتضمن احصائيات العقود والشهادات املنجزة خالل السنة
وايداعه لدى املجلس الجهوي مقابل وصل داخل اجل محدد، كما تلزم رئيس املجلس الجهوي باعداد تقرير تركيبي مفصل
النشطة العدول في الدائرة االستئنافية،واحالته على عدة جهات
 فضال عن اعداد الهيئة الوطنية للعدول لتقرير سنوي
مماثل.،ان االمكانيات التكنولوجية التي تتيحها الرقمنة كفيلة بتمكين العدول وهيئاتهم التمثيلية، وطنيا وجهويا  من
 تجميع
املعطيات واالحصائيات بشكل فوري واني، دون الحاجة الى مساطر اعداد تقارير ورقية دورية
اضافية . ومن
ث م التساؤل
حول جدوى
 االبقاء على اليات تقليدية للتجميع واالبالغ في سياق يفترض ان تتاسس فيه املنظومة الجديدة على التحول
الرقمي والنجاعة.
بين تعدد الرقابة على العدول ومتطلبات تحديث املهنة
يكرس مشروع القانون رقم16.22
 مقاربة تقييدية
 في تدبير السلطة الرقابية على العدول، على خالف التوجهات الحديثة
التي تعزز مبدا املسؤولية املهنية للعدل وتنسجم مع ارادة التحديث والرقمنة املعلن عنها بما تتيحه من اليات
 لتعزيز
املسؤولية الفردية،للعدول وتبسيط املراقبة املهنية .، وتحسين مؤشرات الشفافية
وفي هذا السياق، ينص املشروع على تعدد مستويات املراقبة السنوية ملكاتب العدول، اذ يراقب قاض ي التوثيق مكاتب
العدول التابعين لدائرة نفوذه مرة واحدة في السنة على االقل (",Indéterminé,"Fiscal=0, Social=0, Administratif=0",Indéterminé,False,AR : texte source à réingérer (ordre des mots/paragraphes corrompu dès l'extraction PDF) — label non vérifié
562,BO_7511_Ar,102,ar,")، كما يخضع العدل ملراقبة املجلس الجهوي
للعدول مرة واحدة في السنة على االقل (املاد ة103
 )، فضال عن اجراء تفتيش سنوي واحد على االقل من طرف الوكيل
العام للملك املختص او من ينتدبه لهذه الغاية (",Indéterminé,"Fiscal=0, Social=0, Administratif=0",Indéterminé,False,AR : texte source à réingérer (ordre des mots/paragraphes corrompu dès l'extraction PDF) — label non vérifié
563,BO_7511_Ar,105,ar,").
 وهذا فضال عن مراقبة املصالح التابعة للسلطة الحكومية
املكلفة باملالية
(",Indéterminé,"Fiscal=0, Social=0, Administratif=0",Indéterminé,False,AR : texte source à réingérer (ordre des mots/paragraphes corrompu dès l'extraction PDF) — label non vérifié
564,BO_7511_Ar,104,ar,")، ولجان البحث والتفتيش التابعة للسلطة الحكومية املكلفة
 بالعدل، التي يتم ايفادها بصفة
تلقائية او بناء على شكاية او تقرير
ا و معلومات (",Urbain,"Urbain=1, Fiscal=0, Social=0",Urbain,False,AR : texte source à réingérer (ordre des mots/paragraphes corrompu dès l'extraction PDF) — label non vérifié
565,BO_7511_Ar,106,ar,")
.الهيئة العليا للحوار الوطني حول اصالح منظومة العدالة، ميثاق اصالح منظومة العدالة، ص65
.
الجريدة الرسمية2941
((25 (2ام  5(2( 8  8  ذ8ةجحلا وذ  8 - 7511 عدد
سلطة
التاديب والتنظيم
الذاتي
خالفا
ملا
جاء في
توصيات امليثاق الوطني الصالح منظومة
العدالة
(التوصية
(، التي دعت الى احداث هيئة مختلطة
ذات طابع قضائي ومنهي للبت في املتابعات التاديبية
الخاصة باملهن القضائية والقانونية، اسندت",Fiscal,"Fiscal=1, Civil=1, Social=0",Fiscal,False,AR : texte source à réingérer (ordre des mots/paragraphes corrompu dès l'extraction PDF) — label non vérifié
566,BO_7511_Ar,120,ar,"من مشروع
القانون رقم 16.22
 هذا االختصاص الى غرفة املشورة بمحكمة االستئناف التي يقع مكتب العدل داخل دائرة نفوذها
.
وهو
ما يفيد اعتماد تشكيل قضائي خالص دون تمثيل منهي ضمن الهيئة املقر رة
.  و
يمكن الطعن بالنقض وفق الشروط والقواعد
واالجال املنصوص عليها في قانون املسطرة املدنية، كما ان طعن الوكيل العام للملك يقدم دون محامي ويعفى من الرسوم
القضائية
(املادة
 )، وهو ما
ال يوفر ل
لعدل كافة ضمانات املحاكمة العادلة
كما يكرسها الدستور (الفصل 120
.)
5.
 الرؤية والتوصيات
انطالقا من
هذه القراءة التحليلية،
يرى املجلس ان االرتقاء بمنظومة التوثيق العدلي يمر عبر تعزيز استقاللية مهنة العدول
املقدمة  وترسيخ املسؤولية املهنية الفردية للعدل، بما يكرس الثقة في املحررات التي ينجزها ويرفع من جودة الخدمة
للمواطنات واملواطنين. ويعتبر املجلس ان رافعة التكوين، وال سيما الت
كوين املستمر، تمثل مدخال اساسيا لتاهيل
الكفاءات ومواكبة التحوالت القانونية واالقتصادية والتكنولوجية، الى جانب التوظيف الواسع للرقمنة بما يضمن
الفعالية والشفافية والنجاعة في االداء
.
كما يسجل املجلس ان املغرب
يتميز
 ب
وجود منظومتين متكاملتين للتوثيق، وهي
ازدواجية
ال يرى املجلس مانعا في استمراريتها
ما دامت تحتفظ
 كل ل
منظومة
منهما بمجاالت اختصاص حصرية،
فضال عن االختصاصات املشتركة،
  و
طاملا يسعى
هذا
التنظيم
املزدوج
الى ان
يكفل للمواطن خدمة موثوقة وذات جودة، سواء لجا الى املوثق او الى العدل
و .
يؤكد املجلس
في هذا
الصدد
على ضرورة ان تحرص
املنظومة التشريعية
والتنظيمية
على توفير شروط ممارسة مهنية الئقة للجميع، وصون
الوضع االعتباري
لكل
مهنة، وضمان قواعد املنا
فسة الشريفة والتكافؤ بين الفاعلين في املجال، دون
استبعاد امكانية
العمل، في املدى البعيد، على
التقائية
مهن التوثيق
.
بناء على
هذه
الرؤي
ة
يوص
ي
املجلس
 ب:
المحور االول: تعزيز
االثر التشريعي
والتعجيل باصدار
النصوص
التطبيقية
1.
 تفعيل املقتضيات القانونية الجاري بها العمل املتعلقة بارفاق التشريعات الجديدة واملراجعات القانونية
الهيكلية، كما
الش هو
 ا
ن بالنسبة ملشروع القانون رقم 16.22،
 بدراسة، ثر لال
التي يمكن انجازها
عند اعداد
مشروع القانون او بعد ذلك،
بهدف
بلورة تشخيص شامل
لواقع التوثيق العدلي،
يستند الى
معطيات رقمية
ومؤشرات دقيقة، مع تقييم
انعكاساتها املتوقعة على املستويات االقتصادية واالجتماعية واملؤسساتية واملالية،
واعتماد
ال
تشاور
املمنهج
املو
وسع
 مع
مختلف االطراف املعنية،
وقياس
اثر التشريع الجديد
على جودة الخدمات
التوثيقية واالمن القانوني وحقوق املرتفقين
 .
 المرجع السابق
الجريدة الرسمية((25 (2ام  5(2( 8  8  ذ8ةجحلا وذ  8 - 7511 عدد
2.
  التعجيل، في
ضوء
نتائج
دراسة
واقع
التوثيق
العدلي،
باصدار
النصوص
التنظيمية
املحال
عليها
  في
مشروع
القانون
 رقم 16.22
 املتعلق
بتنظيم
مهنة
العدول،
داخل
اجال
معقولة
ومحددة،
ال سيما
النصوص
املرتبطة
بالرقمنة،
والتكوين
االساس ي
واملستمر
للعدول،
والتامين
  عن
املسؤولية
املدنية،
  بما
يضمن
التنزيل
الفعلي
للمقتضيات
الجديدة
وتحقيق
االهداف
املتوخاة
 . منها
المحور الثاني: تحسين االطار التنظيمي
وتاهيل الموارد البشرية
3.
 تعزيز استقاللية العدول،
بصفة تدريجية
ومدروسة، بما
يفض ي الى االرتقاء بجودة الخدمات املقدمة للمواطنات
واملواطنين، في افق مراجعة الية خطاب القاض ي وتكريس مبدا املمارسة الفردية للمهنة. ومن شان هذا التوجه
ان يعزز املسؤولية املهنية للعدول، ويرفع من نجاعة التوثيق العدلي، ويحقق
االنسجام االمثل
مع التوجهات
الدولية الحديثة في تنظيم مهن التوثيق
.
4.
 تعزيز تمثيلية النساء العدول داخل
االجهزة التنفيذية
للهيئة الوطنية واملجالس الجهوية
للعدول،
من خالل
اعتماد تدابير تشريعية وتنظيمية تشجع ولوجهن الى الهيئات التمثيلية للمهنة وتضمن حضورا متوازنا داخلها،
وذلك في افق تحقيق مبدا املناصفة املنصوص عليه دستوريا، بما يسهم في ترسيخ املساواة وتثمين كفاءات النساء
الع
دالت
في تدبير شؤون املهنة وتطويرها
.
5.
 مراجعة شروط الولوج الى مهنة العد
ول، بما يقتصر على الحاصلين على شهادات عليا ال تقل عن مستوى املاستر
في تخصصات تضمن تكوينا
معمقا
في القانون او الشريعة، وذلك بهدف الرفع من مستوى التاهيل العلمي واملنهي
للعدول ومواكبة
ت ال
طور املطرد
  ل
لمعامالت
املدنية، وال سيما في املجال
االقتصادي.
6.
 ا
عتماد
استراتيجية
للتكوين املستمر
 و
وضع بر
ت امج
ستند الى نتائج
ال
دراسة
الشاملة لواقع
التوثيق العدلي، بهدف
تعزيز التاهيل املنهي والرفع من كفاءة العدول املمارسين، الى جانب اعداد تصور متكامل ملحتوى التكوين االساس ي
للعدول الجدد يستجيب
ل
لمعايير املهني
و ة
املمارسات الحديثة للعمل
التوثيقي.
المحور ال
ثالث
: تسريع التحول الرقمي لمهنة العدول
7.
 تطوير منظومة رقمية متكاملة لدعم ومواكبة املراقبة املهنية للعمل التوثيقي للعدول، بما في ذلك اعتماد ادوات
الذكاء االصطناعي لتحليل املعطيات ورصد االختالالت املحتملة وتعزيز تتبع جودة االداء، وذلك في اطار مقاربة
وقائية ترتكز على تحسين النجاعة والشفافية. وينبغي
ان يتم ذلك مع التقيد الصارم بمقتضيات سالمة وامن
االنظمة املعلوماتية، وضمان حماية املعطيات ذات الطابع الشخص ي، وفق املعايير القانونية والتنظيمية املعمول
بها، بما يوازن بين متطلبات الرقابة املهنية وحقوق االفراد في حماية
معطياته
م ا
لشخصية
.
8.
 ادماج تطبيقات الذكاء االصطناعي
كاداة داعمة ملمارسة مهنة العدول. ويهدف ذلك الى مساعدة العدول في تدقيق
الصياغة القانونية للعقود، وتيسير الولوج الى النصوص القانونية واالجتهادات القضائية املحينة، بما يساهم في
تحسين جودة الخدمات التوثيقية وتقليص اجال معالجة امللفات، مع الحفاظ على الدور املحو
ري للعدل
ومسؤوليته املهنية
.
الجريدة الرسمية2943
((25 (2ام  5(2( 8  8  ذ8ةجحلا وذ  8 - 7511 عدد
9.
 االسراع ب
احداث
امل
نصة
الرقمية املنصوص عليها في مشروع القانون، وذلك باعتماد
تقنية التوقيع االلكتروني
املؤمن وسالسل الكتل
( Blockchain)
  بما يضمن
سالمة الوثائق و
عدم قابلي
تها ل
لتالعب، مع توحيد املعايير
الوطنية واالنفتاح على املمارسات الدولية،
 و
انشاء
تخزين سيادي
للمعطيات
داخل البنية التحتية السحابية
الوطنية
( Cloud National) لتعزيز االمن التعاقدي وحماية حقوق املواطنين واملقاوالت
 .
. اعتماد رقمنة
شاملة الجراء خطاب القاض ي ولتدبير العالقة بين قاض ي التوثيق والعدول، من خالل
املنصة
الرقمية املنصوص على احداثها، وذلك بما ي
تيح ايداع املحررات وتتبع مالها داخل اجال محددة،
 و
يعزز الشفافية
وسرعة املعالجة وتوحيد
مسارات االيداع والتاشير
 .
المحور
الرابع
: تحديث
اليات
التوثيق
العدلي
وتعزيز االمن التعاقدي
.
 مراجعة
كيفيات اداء شه
ادة اللفيف، بما يراعي التحوالت الديموغرافية واالجتماعية التي شهدها املغرب خالل
العقود االخيرة
 مع،
اعتماد اليات حديثة لتلقي الشهادة، بما في ذلك التلقي عن بعد عبر وسائل رقمية موثوقة
ومؤمنة،
 و
ضمان التحقق من هوية الشهود وسالمة ارادتهم وحماية معطياتهم الشخصية.
. التنصيص صراحة في
مشروع
القانون على قبول شهادة املراة ضمن اللفيف، تكريسا ملبدا املساواة وتفاديا الي
تاويالت او ممارسات",Environnement,"Environnement=4, Pénal=3, Fiscal=2",Environnement,True,AR : texte source à réingérer (ordre des mots/paragraphes corrompu dès l'extraction PDF) — label non vérifié
567,BO_7515_Ar,12,ar,"املادة
يمكن لفريق البحث ان يضم اساتذة باحثين من مؤسسات اخرى
.كاعضاء منتسبين في حدود عضوين على االكثر
ال يمكن الستاذ باحث االنتماء اال لفريق بحث واحد، في حين
.يمكنه ان يكون عضوا منتسبا الحد الفرق او املختبرات
13 املادة
اعاله10 يتضمن ملف انشاء فريق البحث املشار اليه في املادة
: ) سنوات، ويتمحور حول العناصر التالية4( مخطط عمل يمتد الربع
موضوعات ومحاور البحث املزمع تطويرها من قبل الفريق؛-
البرنامج املستقبلي املتعلق بالبحث العلمي والتكوين بالبحث-
وتقويم نتائج البحوث؛
الشراكة على املستويين الوطني او الدولي او هما معا؛-
املؤهالت العلمية للفريق، خاصة من حيث االنتاج العلمي-
واملهارات املكتسبة؛
اسم املسؤول واسماء اعضاء فريق البحث وكذا سيرتهم الذاتية؛-
النظام الداخلي لفريق البحث مصادق عليه من طرف اعضاء-
.الفريق
14 املادة
يقدم مسؤول فريق البحث تقريرا سنويا عن انشطة فريقه الى
 )4( مدير(ة) املعهد، كما يقدم اليه تقييما العمال الفريق كل اربع
.سنوات للتحقق من بلوغ االهداف املسطرة
الجريدة الرسمية((8 ي(8 وينوي(( 22 22  2جحلا وذ  222 - 7515 عدد 3172
18 املادة
تحدث لدى مختبر البحث هيئة علمية من اجل التقييم، تتكون
 من اعضاء مختلف فرق البحث املكونة له، او من شخصيات علمية
. اقتصادي- وطنية او دولية، وكذا من ممثلين عن الوسط السوسيو
تحدد كيفيات سير هذه الهيئة العلمية في النظام الداخلي ملختبر
.البحث
19 املادة
يقدم املسؤول عن مختبر البحث تقارير سنوية عن انشطة املختبر
 )4( الى مجلس املعهد، كما يقدم له تقييما العمال املختبر كل اربع
.سنوات للتحقق من بلوغ االهداف املسطرة
20 املادة
يجدد اعتماد مختبر البحث بقرار ملدير(ة) املعهد على اساس
 تقارير تقييم انشطته املعدة من طرف هيئته العلمية، وبعد استطالع
.راي مجلس املعهد
الفصل الثالث
مركز الدراسات في الدكتوراه
21 املادة
ينظم سلك الدكتوراه في اطار مركز للدراسات يحدث باملعهد،»ومعترف به من لدن مجلس التنسيق، ويشار اليه بعده ب«املركز
 ويمكن له االنضمام الى مثيالته بباقي مؤسسات التعليم العالي، وفق
 معايير وكيفيات تحدد بمقرر مشترك للسلطتين الحكوميتين املكلفتين
.بالثقافة وبالتعليم العالي
يشتغل املركز على تدبير وتنسيق انشطة تكوين الدكتوراه
.والبحث العلمي
22 املادة
: تحدد مهام املركز فيما يلي
اختيار طلبة سلك الدكتوراه وفق معايير واضحة ومحددة في دفتر-
الضوابط العلمية والبيداغوجية الوطنية لسلك الدكتوراه؛
استقبال طلبة سلك الدكتوراه وتامين تاطير علمي لهم في هياكل-
البحث املعتمدة لدى املعهد؛
االشراف على التكوينات التكميلية لطلبة الدكتوراه لتمكينهم من-
 اعداد مشاريع مهنية وتيسير اندماجهم في الحياة العملية وفقا؛ لدفتر الضوابط العلمية والبيداغوجية الوطنية لسلك الدكتوراه
الجريدة الرسمية3173
 ((8 ي(8 وينوي(( 22 22  2جحلا وذ  222 - 7515 عدد
السهر على التدبير االمثل للموارد املخصصة للمركز؛-
اقتراح مناقشة االطروحات على مدير(ة) املعهد، وذلك بعد-
 موافقة املشرف على االطروحة وكذا رئيس واعضاء لجنة مناقشة
االطروحة؛
تقديم تقرير سنوي عن انشطة املركز لكل من مجلس املركز-
 ومجلس املعهد. كما يقدم هذا التقرير الى مدير(ة) املعهد بعد
.موافقة مجلس املركز عليه
24 املادة
: يتشكل مجلس املركز من
مدير(ة) املعهد، رئيسا؛-
مدير(ة) املركز؛-
املدير(ة) املساعد املكلف بالشؤون البيداغوجية والبحث؛-
املدير(ة) املساعد املكلف بالتكوين املستمر والتداريب؛-
رؤساء الشعب؛-
مسؤولي هياكل البحث املعتمدة واملنخرطة باملركز؛-
) عن طلبة الدكتوراه ينتخبهما الطلبة ملدة سنتين2(  ممثلين اثنين-
قابلتين للتجديد مرة واحدة؛
) شخصيتين من خارج املركز يتم تعيينهما من قبل مدير(ة-
 املعهد باقتراح من مدير املركز وفقا  لكفاءتهما في املجال العلمي
.) سنوات4(  اقتصادي او هما معا ملدة اربع-والسوسيو
25 املادة
: يسهر مجلس املركز على
تنظيم مسطرة انتقاء الطلبة املرشحين للتسجيل في الدكتوراه؛-
التاطير العلمي والبيداغوجي للطلبة وفق التكوينات املعتمدة؛-
توزيع االمكانات املخصصة للمركز؛-
اقتراح املرشحين لالستفادة من منح الدكتوراه؛-
احترام ميثاق االطروحات؛-
املصادقة على تقارير املركز؛-
اعتماد نظام داخلي للمركز وتغييره وتتميمه عند االقتضاء؛-
. تتبع مختلف انشطة املركز بتنسيق مع ادارة املعهد-
الجريدة الرسمية((8 ي(8 وينوي(( 22 22  2جحلا وذ  222 - 7515 عدد 3174
يعين رئيس واعضاء هذه اللجنة بمقرر للسلطة الحكومية املكلفة
.بالثقافة
.يتولى قسم املسرح بمديرية الفنون اعمال كتابة هذه اللجنة",Fiscal,"Fiscal=3, Social=1, Administratif=0",Fiscal,False,AR : texte source à réingérer (ordre des mots/paragraphes corrompu dès l'extraction PDF) — label non vérifié
568,BO_7515_Ar,الثانية,ar,"تتولى لجنة دراسة طلبات عروض املشاريع املرشحة للدعم في
: مجال املسرح املهام التالية
وضع خطة عملها بناء على الرؤية املؤطرة للدعم التي تضعها-
 السلطة الحكومية املكلفة بالثقافة، وكذا االجراءات املنظمة
الشغالها؛
دراسة وانتقاء املشاريع املستوفية للشروط املطلوبة واملعايير التي-
 تم اعتمادها لالستفادة من الدعم، واملنصوص عليها في القرار
املشار اليه اعاله؛378.26 املشترك رقم
تحديد مستويات ومبالغ الدعم املقرر منحه للمشاريع املنتقاة؛-
معاينة العروض املنجزة واملصادقة على مدى مطابقتها ملكونات-
ملفات الترشيح؛
االطالع على التقارير املنجزة بخصوص ترويج العروض واالقامات-
 الفنية البداع النصوص املسرحية وانجاز البحوث العلمية
املسرحية والورشات التكوينية وفحصها واملصادقة عليها؛
املوافقة على تغيير اسم املشروع املرشح، سواء على مستوى-
 التصورات الفنية او على مستوى املساهمين في العمل او على اي
مستوى اخر؛
اعداد الردود واالجوبة عن استفسارات اصحاب املشاريع الذين-
.لم يحصلوا على الدعم، ووضعها رهن اشارة كتابة اللجنة
املادة الثالثة،تجتمع اللجنة في دورتين في السنة وكلما دعت الضرورة الى ذلك
 باستدعاء من رئيسها. وتتخذ قراراتها باغلبية االصوات، وفي حالة
.تعادل االصوات يكون صوت الرئيس مرجحا
املادة الرابعة
ال تكون مداوالت اللجنة صحيحة اال بحضور ثلثي اعضائها، وفي
 حالة عدم توفر النصاب يكون االجتماع املوالي صحيحا بمن حضر
.على اال يقل عدد الحاضرين عن خمسة اعضاء باالضافة الى الرئيس
وتسجل مداوالت وقرارات اللجنة في سجل خاص بمحاضر
.االجتماعات، وتوقع من لدن االعضاء الحاضرين
الجريدة الرسمية3175
 ((8 ي(8 وينوي(( 22 22  2جحلا وذ  222 - 7515 عدد
من23  صادر في943.26  والتجارة رقمةقرار لوزير الصناع
ة تطبيق مواصفة) باجباري2026  ماي11( 1447 ذي القعدة
.ة مغربيةقياسي،وزير الصناعة والتجارة
املتعلق بالتقييس والشهادة باملطابقة12.06 بناء على القانون رقم
بتاريخ1.10.15 واالعتماد الصادر بتنفيذه الظهير الشريف رقم
)، كما وقع تتميمه، وال سيما2010  فبراير11( 1431  من صفر26
منه؛33",Commercial,"Commercial=2, Urbain=2, Fiscal=1",Commercial,False,AR : texte source à réingérer (ordre des mots/paragraphes corrompu dès l'extraction PDF) — label non vérifié
569,BO_7515_Ar,2376,ar,"24 وبعد االطالع على مقرر مدير املعهد املغربي للتقييس رقم
) القاعضي2024  سبتمبر20( 1446  من ربيع االول16 الصادر في،باملصادقة على مواصفات قياسية مغربية
((8 ي(8 وينوي(( 22 22  2جحلا وذ  222 - 7515 عدد 3176
ةنصوص خاص
.ةش.م باقليم خريبك
)؛1982  ماي6( 1402  من رجب11  بتاريخ1.81.254 رقم
)؛2008  فبراير26( 1429  من صفر18  بتاريخ1.08.15 رقم
املشار اليه اعاله؛7.81 ) بتطبيق القانون رقم1983  ابريل16( 1403  رجب2  الصادر في2.82.382 وعلى املرسوم رقم
الذكر؛،وباقتراح من وزيرة االنتقال الطاقي والتنمية املستدامة وبعد استشارة وزير الداخلية
: رسم ما يلي
املادة االولى
.يعلن ان املنفعة العامة تقغضي باستغالل الفوسفاط واقامة منشات الجل ذلك بجماعة بني سمير باقليم خريبكة",Fiscal,"Fiscal=1, Administratif=1, Commercial=1",Fiscal,False,AR : texte source à réingérer (ordre des mots/paragraphes corrompu dès l'extraction PDF) — label non vérifié
570,BO_7515_Ar,الثانية,ar,"امللحق باصل هذا املرسوم1/1000 احمر في املخطط التجزيئي ذي املقياس
. يخول حق نزع امللكية الى الرئيس املدير العام للمجمع الشريف للفوسفاط ش.م- .املادة الثالثة
.والرئيس املدير العام للمجمع الشريف للفوسفاط ش.م، كل واحد منهما فيما يخصه
: وقعه بالعطف،وزيرة االنتقال الطاقي والتنمية املستدامة
.االمضاء : ليلى بنعلي
الجريدة الرسمية3177
 ((8 ي(8 وينوي(( 22 22  2جحلا وذ  222 - 7515 عدد
)2026  ماي21( 1447 ةجحلا   ذي4  صادر في2.26.336 مرسوم رقم
تقغضي بالفصل عن النظام الغابوية العامةباعالن ان املنفع
للملك الغابوي وضمها الى ملكة تابعةلثالث قطع ارضي
. باقليم افرانة الخاص، قصد بناء منشات عسكريةالدول،رئيس الحكومة
1335  من ذي الحجة20 بناء على الظهير الشريف الصادر في
) املتعلق باملحافظة على الغابات واستغاللها، كما1917  اكتوبر10(
وقع تغييره وتتميمه، وال سيما الفصل الثاني منه؛
املتعلق باحداث الوكالة الوطنية للمياه52.20 وعلى القانون رقم
بتاريخ1.21.71 والغابات الصادر بتنفيذه الظهير الشريف رقم
)، كما وقع تغييره؛2021  يوليو14( 1442  ذي الحجة3
1378  من ذي القعدة29  الصادر في2.58.1371 وعلى املرسوم رقم
) في تحديد تاليف اللجنة املكلفة بابداء رايها في حالة1959  يونيو6(
فصل امالك عن النظام الغابوي وفي كيفية تسيير شؤونها؛
1446  من ربيع االخر24  الصادر في2.24.990 وعلى املرسوم رقم
) املتعلق باختصاصات وزير الفالحة والصيد2024  اكتوبر28(
البحري والتنمية القروية واملياه والغابات؛
وبعد االطالع على طلب الوزير املنتدب لدى رئيس الحكومة
املكلف بادارة الدفاع الوطني؛
وعلى محضري اللجنة االدارية املكلفة بابداء الراي في حالة
2015  ديسمبر8 فصل امالك عن النظام الغابوي املجتمعة بتاريخ؛2021  اكتوبر7و
وعلى محضري اللجنة االدارية للخبرة املجتمعة بتاريخ؛2021  اكتوبر7 و2015  ديسمبر8
وبعد استشارة وزير الداخلية ووزيرة االقتصاد واملالية؛
واستشارة عامل اقليم افران؛
وباقتراح من وزير الفالحة والصيد البحري والتنمية القروية،واملياه والغابات
الجريدة الرسمية((8 ي(8 وينوي(( 22 22  2جحلا وذ  222 - 7515 عدد 3178
)2026  ماي21( 1447 ةجحلا   ذي4  صادر في2.26.398 مرسوم رقم
  ببناء سد بني عزيمانة القاضية العامةبتجديد اعالن املنفع
.باقليم الدريوش،رئيس الحكومة
املتعلق بنزع امللكية الجل املنفعة العامة7.81 بناء على القانون رقم
 1.81.254 وباالحتالل املؤقت، الصادر بتنفيذه الظهير الشريف رقم
)؛1982  ماي6( 1402  من رجب11 بتاريخ
1403  رجب2  الصادر في2.82.382 وعلى املرسوم رقم
املشار اليه اعاله؛7.81 ) بتطبيق القانون رقم1983  ابريل16(
1442  ذي القعدة5  الصادر في2.21.410 وعلى املرسوم رقم
) باعالن ان املنفعة العامة تقغضي ببناء سد بني عزيمان2021  يونيو16(
باقليم الدريوش؛
1445  ربيع االول2  الصادر في2.23.742 وعلى املرسوم رقم
 ) بتجديد اعالن املنفعة العامة القاضية ببناء سد2023  سبتمبر18(
بني عزيمان باقليم الدريوش؛،وباقتراح من وزير التجهيز واملاء
: رسم ما يلي
املادة االولى
املشار7.81  من القانون رقم7 يجدد طبقا ملقتضيات الفصل
 اليه اعاله اعالن املنفعة العامة القاضية ببناء سد بني عزيمان باقليم
 1/50.000 الدريوش وذلك حسب التصميم املوقعي ذي املقياس
.امللحق باصل هذا املرسوم",Urbain,"Urbain=7, Fiscal=3, Commercial=2",Urbain,False,AR : texte source à réingérer (ordre des mots/paragraphes corrompu dès l'extraction PDF) — label non vérifié
571,BO_7515_Ar,الثانية,ar,"يسند تنفيذ هذا املرسوم، الذي ينشر بالجريدة الرسمية، الى
.وزير التجهيز واملاء
.)2026  ماي21( 1447  ذي الحجة4 وحرر بالرباط في
.االمضاء : عزيز اخنوش
: وقعه بالعطف،وزير التجهيز واملاء
.االمضاء : نزار بركة
الجريدة الرسمية3179
 ((8 ي(8 وينوي(( 22 22  2جحلا وذ  222 - 7515 عدد
: رسم ما يلي
املادة االولى
والنظام املتعلق به01/AUNDG/2025 يوافق على التصميم رقم
املوضوعين لتهيئة قطاع لعسارة بجماعة بني بويفرور باقليم الناضور
.وباالعالن ان في ذلك منفعة عامة",Fiscal,"Fiscal=3, Administratif=1, Urbain=1",Fiscal,False,AR : texte source à réingérer (ordre des mots/paragraphes corrompu dès l'extraction PDF) — label non vérifié
572,BO_7515_Ar,الثانية,ar,"يسند تنفيذ هذا املرسوم، الذي ينشر بالجريدة الرسمية، الى
وزيرة اعداد التراب الوطني والتعمير واالسكان وسياسة املدينة
.ورئيس مجلس جماعة بني بويفرور، كل واحد منهما فيما يخصه
.)2026  يونيو8( 1447  من ذي الحجة22 وحرر بالرباط في
.االمضاء : عزيز اخنوش
: وقعه بالعطف
وزيرة اعداد التراب الوطني والتعمير،واالسكان وسياسة املدينة
.االمضاء : فاطمة الزهراء املنصوري
1447 6 ذي القعدة  صادر في866.26 قرار لوزير التجهيز واملاء رقم
 ) بافتتاح بحث عمومي يتعلق بتحديد امللك2026  ابريل24(
 ةالعمومي املينائي مليناء الناضور غرب املتوسط بجماع
. الشرقة جهةايعزازن باقليم الناضور بوالي،وزير التجهيز واملاء
)1914  (فاتح يوليو1332  شعبان7 بناء على الظهير الشريف الصادر في
في شان االمالك العمومية، كما وقع تغييره وتتميمه، وال سيما الفصل
السابع منه؛
املتعلق باملوانئ واحداث الوكالة الوطنية15.02 وعلى القانون رقم
للموانئ وشركة استغالل املوانئ الصادر بتنفيذه الظهير الشريف،)2005  نوفمبر23( 1426  من شوال20  بتاريخ1.05.146 رقم
منه؛3 وال سيما املادة
)2022  ماي6( 1443  شوال5  الصادر في2.22.150 وعلى املرسوم رقم، منه3 املتعلق بتحديد امللك العمومي للدولة، وال سيما املادة
الجريدة الرسمية((8 ي(8 وينوي(( 22 22  2جحلا وذ  222 - 7515 عدد 3180
)2026  ابريل16( 1447  من شوال28  صادر في854.26  والتواصل رقمةمقرر لوزير الشباب والثقاف
للدعم في مجال املسرحة طلبات عروض املشاريع املرشحة دراسةبتعيين رئيس واعضاء لجن،وزير الشباب والثقافة والتواصل،) بشان دعم املشاريع الثقافية والفنية في مجال املسرح2026  فبراير17( 1447  من شعبان28  الصادر في378.26 رقم
منه؛10 وال سيما املادة،لجنة دراسة طلبات عروض املشاريع املرشحة للدعم في مجال املسرح وكيفيات اشتغالها ومهامها، وال سيما املادة االولى منه
: قرر ما يلي
املادة االولى
عبد االله عاجل، رئيسا؛-
صفية معناوي، عضوا؛-
سكينة الفضايلي، عضوا؛-
ايمان الرغاي، عضوا؛-
سالم بالل، عضوا؛-
امل بنويس، عضوا؛-
عبد اللطيف فردوس، عضوا؛-
عمر سحنون، عضوا؛-
زهور حميش، عضوا؛-
اسماء لقماني، عضوا؛-
. سيدي رضوان الشرقاوي، عضوا-",Urbain,"Urbain=3, Fiscal=2, Administratif=1",Urbain,False,AR : texte source à réingérer (ordre des mots/paragraphes corrompu dès l'extraction PDF) — label non vérifié
573,BO_7515_Ar,الثانية,ar,"ينشر هذا املقرر بالجريدة الرسمية
الجريدة الرسمية3181
 ((8 ي(8 وينوي(( 22 22  2جحلا وذ  222 - 7515 عدد
1447  ذي القعدة3  صادر في857.26 مقرر لوزير النقل واللوجيستيك رقم
 ة الالزمة القطع االرضية) باالذن بالتخلي عن ملكي2026  ابريل21(
  بين القنيطرةة العاليةلبناء خط سككي للقطارات ذات السرع
  عينة بمقاطع07+386  الى ن.ك04+360 ومراكش من ن.ك
 ة جهة مقاطعات عين السبع الحي املحمدي بواليةالسبع بعمال
. سطات- الدار البيضاء،وزير النقل واللوجيستيك
من ربيع14  الصادر في1.63.225 بناء على الظهير الشريف رقم
 ) املتعلق باحداث املكتب الوطني1963  اغسطس5( 1383 االول
للسكك الحديدية كما وقع تغييره وتتميمه؛
املتعلق بنزع امللكية الجل املنفعة العامة7.81 وعلى القانون رقم
 1.81.254 وباالحتالل املؤقت الصادر بتنفيذه الظهير الشريف رقم
)؛1982  ماي6( 1402  من رجب11 بتاريخ
املتعلق بتنظيم الشبكة السككية52.03 وعلى القانون رقم
 الوطنية وتدبيرها واستغاللها الصادر بتنفيذه الظهير الشريف
)؛2005  يناير7( 1425  من ذي القعدة25  بتاريخ1.04.256 رقم
1403  رجب2  الصادر في2.82.382 وعلى املرسوم رقم
 املشار اليه اعاله؛7.81 ) بتطبيق القانون رقم1983  ابريل16(
جمادى8  الصادر في2.23.1019 وبعد االطالع على املرسوم رقم
 ) باعالن ان املنفعة العامة تقغضي ببناء2023  نوفمبر22( 1445 االولى
 خط حديدي للقطارات ذات السرعة العالية بين القنيطرة ومراكش
 -  القنيطرة ووالية جهة الدار البيضاء-  سال- بوالية جهة الرباط
اسفي، كما وقع تغييره؛- سطات ووالية جهة مراكش
1447  رجب2  الصادر في2.25.955 وعلى املرسوم رقم
 ) بتجديد اعالن املنفعة العامة التي تقغضي ببناء2025  ديسمبر23(
 خط حديدي للقطارات ذات السرعة العالية بين القنيطرة ومراكش
 -  القنيطرة ووالية جهة الدار البيضاء-  سال- بوالية جهة الرباط
اسفي؛- سطات ووالية جهة مراكش
اغسطس الى27 وعلى ملف البحث االداري املباشر من
 بمقاطعة عين السبع بعمالة مقاطعات عين السبع 2025  اكتوبر27
الحي املحمدي؛،وبعد استشارة وزير الداخلية
الجريدة الرسمية((8 ي(8 وينوي(( 22 22  2جحلا وذ  222 - 7515 عدد 3182
) باقليمي تاونات وتازةة لبناء سد سيدي عبو (الحقينة الالزمة الحبسيةاالرضي،وزير التجهيز واملاء
)؛1982  ماي6( 1402  من رجب11  بتاريخ1.81.254 رقم
املشار اليه اعاله؛7.81 ) بتطبيق القانون رقم1983  ابريل16( 1403  رجب2  الصادر في2.82.382 وعلى املرسوم رقم
سد سيدي عبو على واد اللبن باقليمي تاونات وتازة؛
ببناء سد سيدي عبو على واد اللبن باقليمي تاونات وتازة؛
وابني افراسن باقليمي تاونات وتازة؛،وباقتراح من وزير التجهيز واملاء وبعد استشارة وزير الداخلية وموافقة وزير االوقاف والشؤون االسالمية
: قرر ما يلي
املادة االولى
:  املضافة الى اصل هذا املقرر1/2.000 ذات املقياس
الجريدة الرسمية3183
((8 ي(8 وينوي(( 22 22  2جحلا وذ  222 - 7515 عدد
الجريدة الرسمية((8 ي(8 وينوي(( 22 22  2جحلا وذ  222 - 7515 عدد 3184
. ينشر هذا املقرر بالجريدة الرسمية- .",Fiscal,"Fiscal=6, Urbain=6, Administratif=1",Fiscal,False,AR : texte source à réingérer (ordre des mots/paragraphes corrompu dès l'extraction PDF) — label non vérifié
574,BO_7515_Ar,الثانية,ar,"الجريدة الرسمية3185
 ((8 ي(8 وينوي(( 22 22  2جحلا وذ  222 - 7515 عدد
صادر في705.26  رقمة الحسيم-  تطوان- ة طنجةقرار لوالي جه
  على قرارة) باملوافق2026  (فاتح ابريل1447  من شوال13
 ة العمرانية الكتلةعامل اقليم شفشاون باقرار مخطط تنمي
. بني سميحة ملركز بني سميح بجماعةالقروي، الحسيمة-  تطوان- والي جهة طنجة
 من30  الصادر في1.60.063 بناء على الظهير الشريف رقم
 ) بشان توسيع نطاق العمارات1960  يونيو25( 1379 ذي الحجة
القروية، كما وقع تغييره وتتميمه؛
الصادر في فاتح جمادى1.59.351 وعلى الظهير الشريف رقم،) بشان التقسيم االداري للمملكة1959  ديسمبر2( 1379 االخرة
 ذي9  بتاريخ2.15.716 كما وقع تغييره وتتميمه باملرسوم رقم
)؛2015  سبتمبر23( 1436 الحجة
من جمادى14  الصادر في2862.25 وعلى قرار وزير الداخلية رقم،) بتفويض االمضاء2025  ديسمبر5( 1447 االخرة
: قرر ما يلي
املادة االولى
يوافق على قرار عامل اقليم شفشاون امللحق بهذا القرار املتضمن
 اقرار مخطط تنمية الكتلة العمرانية القروية ملركز بني سميح بجماعة
.)PDAR 05/2025 AUTE بني سميح (املخطط رقم",Administratif,"Administratif=2, Urbain=2, Fiscal=1",Administratif,False,AR : texte source à réingérer (ordre des mots/paragraphes corrompu dès l'extraction PDF) — label non vérifié
575,BO_7515_Ar,الثانية,ar,"ينشر هذا القرار بالجريدة الرسمية
.)2026  (فاتح ابريل1447  من شوال13 وحرر بطنجة في
.االمضاء : يونس التازي
*
* *
705.26  رقمة الحسيم-  تطوان- ة طنجةملحق بقرار والي جه
ة) باملوافق2026  (فاتح ابريل1447  من شوال13 الصادر في
ةعلى قرار عامل اقليم شفشاون باقرار مخطط تنمي
  بني سميحة ملركز بني سميح بجماعة القروية العمرانيةالكتل
باقليم شفشاون
ة العمرانية الكتلةقرار لعامل اقليم شفشاون باقرار مخطط تنمي
بني سميح باقليم شفشاونة ملركز بني سميح بجماعةالقروي،عامل اقليم شفشاون
 من30  الصادر في1.60.063 بناء على الظهير الشريف رقم
 ) بشان توسيع نطاق العمارات1960  يونيو25( 1379 ذي الحجة
القروية كما وقع تغييره وتتميمه؛
الجريدة الرسمية((8 ي(8 وينوي(( 22 22  2جحلا وذ  222 - 7515 عدد 3186
853.26  رقمة الحسيم-  تطوان- ة طنجةملحق بقرار والي جه
ة) باملوافق2026  ابريل22( 1447  ذي القعدة4 الصادر في
 ة الكتلةعلى قرار عامل اقليم شفشاون باقرار مخطط تنمي
امتار والجزء التابعة ملركز جماعة القرويةالعمراني
بني بوزرةةلجماع
قرار لعامل اقليم شفشاون
  امتارة ملركز جماعة القروية العمرانية الكتلةباقرار مخطط تنمي
بني بوزرة باقليم شفشاونةوالجزء التابع لجماع،عامل اقليم شفشاون
من30  الصادر في1.60.063 بناء على الظهير الشريف رقم
 ) بشان توسيع نطاق العمارات1960  يونيو25( 1379 ذي الحجة
القروية كما وقع تغييره وتتميمه؛
وبعد االطالع على موافقة ممثل وزارة الفالحة والصيد البحري؛2024  يونيو24 والتنمية القروية واملياه والغابات بتاريخ
الخاص بضفتي ابي رقراقة املحددة في تصميم التهيئة الحداث طريق التهيئة الالزمة القطع االرضيةملكي، القنيطرة-  سال- والي جهة الرباط
)؛2005  نوفمبر23( 1426  من شوال20؛16.04 ) بتطبيق القانون رقم2005  نوفمبر25( 1426  من شوال22  الصادر في2.05.1514 وعلى املرسوم رقم
بضفتي ابي رقراق والنظام املتعلق به وباالعالن ان في ذلك منفعة عامة؛، بجماعة الرباط2023  نوفمبر15  اكتوبر الى11 وعلى ملف البحث العلني املباشر من
: قرر ما يلي
املادة االولى
:  املرفق باصل هذا املقرر1/500 الواردة في الجدول بعده واملعلم عليها بلون احمر في التصميم التجزيئي ذي املقياس
الجريدة الرسمية3187
((8 ي(8 وينوي(( 22 22  2جحلا وذ  222 - 7515 عدد 3187
الجريدة الرسمية((8 ي(8 وينوي(( 22 22  2جحلا وذ  222 - 7515 عدد 3188
. يفوض حق نزع امللكية الى مدير وكالة تهيئة ضفتي ابي رقراق- .",Administratif,"Administratif=5, Urbain=5, Fiscal=4",Administratif,False,AR : texte source à réingérer (ordre des mots/paragraphes corrompu dès l'extraction PDF) — label non vérifié
576,BO_7515_Ar,الثانية,ar,"ينشر هذا املقرر في الجريدة الرسمية- .املادة الثالثة
((8 ي(8 وينوي(( 22 22  2جحلا وذ  222 - 7515 عدد
ةنظام موظفي االدارات العام
ةنصوص عام
باالنتقال الرقمي واصالحة املكلفة لدى رئيس الحكومةقرار للوزيرة املنتدب
 )2026  ماي11( 1447  من ذي القعدة23  صادر في945.26 االدارة رقم
 ة املكلف بالوظيفةبتتميم قرار الوزير املنتدب لدى رئيس الحكوم
1434  جمادى االولى7  بتاريخ977.13  وتحديث االدارة رقمةالعمومي
  غير املنصوصة الشهادات الوطنية) بتحديد قائم2013  مارس19(
  من طرف الجامعاتة، واملسلمة الخاصة االساسيةعليها في االنظم، للقطاع العامةومؤسسات التعليم والتكوين االخرى التابع
.ة العمومية لولوج مختلف درجات الوظيفةاملطلوب
الوزيرة املنتدبة لدى رئيس الحكومة املكلفة باالنتقال الرقمي،واصالح االدارة
 بعد االطالع على قرار الوزير املنتدب لدى رئيس الحكومة
الصادر في977.13 املكلف بالوظيفة العمومية وتحديث االدارة رقم
 ) بتحديد قائمة الشهادات2013  مارس19( 1434  جمادى االولى7
 الوطنية غير املنصوص عليها في االنظمة االساسية الخاصة، واملسلمة
 من طرف الجامعات ومؤسسات التعليم والتكوين االخرى التابعة،للقطاع العام، املطلوبة لولوج مختلف درجات الوظيفة العمومية،كما وقع تغييره وتتميمه
: قررت ما يلي
املادة االولى
تتمم، على النحو التالي، مقتضيات املادة االولى من قرار الوزير
 املنتدب لدى رئيس الحكومة املكلف بالوظيفة العمومية وتحديث
1434  جمادى االولى7  الصادر في977.13 االدارة املشار اليه اعاله رقم
: )2013  مارس19(
..........................................................................  تحدد- .«املادة االولى
: ة مهندس دولة« • درج
شهادة «ماجيستير علوم» املسلمة من طرف جامعة االخوين- «
: «بافران في التخصصات التالية
.....................................................................................................«
.....................................................................................................«
........................................................... «* الهندسة وعلوم التسيير؛(Master of Science in Cybersecurity) «* االمن السيبراني
الجريدة الرسمية((8 ي(8 وينوي(( 22 22  2جحلا وذ  222 - 7515 عدد 3190
:  قائد مربي ممتازة«• درج
........................................................................................................«
........................................................................................................«
:  االولىة ممرض من الدرجة«• درج
االجازة املهنية، ................................ املعهد العالي لعلوم الصحة- «
«بسطات؛
االجازة في العلوم التمريضية : تخصص ممرض متعدد- «
 «التخصصات، املسلمة من طرف املعهد العالي لعلوم الصحة
«بسطات؛
االجازة في ممرض صحة االسرة والصحة الجماعاتية املسلمة- «
.«من طرف املعهد العالي لعلوم الصحة بسطات
:  االولىة من الدرجة قابلة«• درج
االجازة املهنية، مسلك : القابالت ........................ لعلوم الصحة- «
«بسطات؛
االجازة في علوم القبالة املسلمة من طرف املعهد العالي لعلوم- «
.«الصحة بسطات
:  االولىة من الدرجة تقني الصحة«• درج
االجازة املهنية املسلمة من طرف ........................ بسطات، في- «
: «املسالك التالية
.......................................................................................................«
.......................................................................................................«
«* تقني االجهزة ............................................................ البيوطبية؛
االجازة في علوم الصحة املسلمة من طرف املعهد العالي لعلوم- «
: «الصحة بسطات، في املسالك التالية
«* تقني في الفيزياء االشعاعية، علم االحياء االشعاعي والحماية
«من االشعاع؛
«* تقني االجهزة والصيانة البيوطبية؛
«* تكنولوجي املختبر البيوطبي؛
.«* تكنولوجي الصحة والبيئة
. شهادة االجازة املهنية في مسلك االجهزة .............. للتكنولوجية- «
).(الباقي ال تغيير فيه
((8 ي(8 وينوي(( 22 22  2جحلا وذ  222 - 7515 عدد
ةمجلس املنافس
1447  شوال5  صادر في2026//ق51  عددةقرار ملجلس املنافس
 «NextChem S.p.A» ة) املتعلق بتولي شرك2026  مارس24(
  والشركتين التابعتين«Ballestra S.p.A» ة لشركة الحصريةاملراقب
 «Ballestra Engineering and  و«Buss ChemTech AG» لها
.Projects Pvt Ltd»،مجلس املنافسة
  املتعلق بحرية االسعار واملنافسة104.12 بناء على القانون رقم
 1435  رمضان2  بتاريخ1.14.116 الصادر بتنفيذه الظهير الشريف رقم
)، كما تم تغييره وتتميمه؛2014  يونيو30(
املتعلق بمجلس املنافسة الصادر20.13 وعلى القانون رقم
1435  رمضان2  بتاريخ1.14.117 رقم بتنفيذه الظهير الشريف
)، كما تم تغييره وتتميمه؛2014  يونيو30(
1436  صفر8  الصادر في2.14.652 وعلى املرسوم رقم
  املتعلق بحرية104.12 ) بتطبيق القانون رقم2014 (فاتح ديسمبر
االسعار واملنافسة، كما تم تغييره وتتميمه؛
1436  من شعبان16  الصادر في2.15.109 وعلى املرسوم رقم، املتعلق بمجلس املنافسة20.13 ) بتطبيق القانون رقم2015  يونيو4(
كما تم تغييره وتتميمه؛
1447  شوال5 وعلى اجتماع فرع مجلس املنافسة املنعقد بتاريخ،20.13  من القانون رقم14 ) طبقا ملقتضيات",Social,"Social=3, Fiscal=2, Environnement=2",Social,False,AR : texte source à réingérer (ordre des mots/paragraphes corrompu dès l'extraction PDF) — label non vérifié
577,BO_7515_Ar,2026,ar,"مارس24(
كما تم تغييره وتتميمه؛
وبعد تاكد رئيس الفرع من توفر النصاب القانوني العضاء الفرع
من النظام الداخلي للمجلس؛38 طبقا ملقتضيات املادة
وبناء على ملف تبليغ عملية التركيز االقتصادي املسجل لدى
  بتاريخ2026//ع.ت.ا024 االمانة العامة ملجلس املنافسة تحت عدد
 )، املتعلق بتولي شركة2026  فبراير11( 1447  من شعبان22
 «Ballestra S.p.A»  املراقبة الحصرية لشركة«NextChem S.p.A»
 «Ballestra  و«Buss ChemTech AG» والشركتين التابعتين لها؛Engineering and Projects Pvt Ltd»
وعلى قرار املقرر العام ملجلس املنافسة السيد محمد هشام
 )2026  فبراير13( 1447  من شعبان24  بتاريخ029/2026 بوعياد رقم
 القاعضي بتعيين السيدة بهيجة ستوات مقررة في املوضوع طبقا الحكام، املتعلق بحرية االسعار واملنافسة104.12  من القانون رقم27 املادة
كما تم تغييره وتتميمه؛
الجريدة الرسمية((8 ي(8 وينوي(( 22 22  2جحلا وذ  222 - 7515 عدد 3192
تعرف عمليات التركيز االقتصادي الخاضعة11 وحيث ان املادة
 للتبليغ الى مجلس املنافسة بغرض دراستها والترخيص لها، كما ان
  تحدد اسقف رقم املعامالت الوطني او العاملي والذي يجب12 املادة
من املرسوم التطبيقي8 ان يفوق االسقف املحددة بمقتغضى املادة
  املشار اليه اعاله، كما تم تغييره وتتميمه، او عندما2.14.652 رقم
 تنجز جميع املنشات التي تكون طرفا في عملية التركيز خالل السنة
 ) من البيوع او الشراءات او%40( املدنية السابقة  اكثر من اربعين باملائة
 املعامالت االخرى في سوق وطنية للسلع او املنتوجات او الخدمات من
نفس النوع او القابلة لالستبدال او في جزء مهم من السوق املذكورة؛
«NextChem وحيث ان العملية موضوع التبليغ تتعلق بتولي شركة
  والشركتين«Ballestra S.p.A»  املراقبة الحصرية لشركةS.p.A»
 «Ballestra Engineering and  و«Buss ChemTech AG» التابعتين لها
 11، وبالتالي فهي تشكل تركيزا حسب مدلول املادةProjects Pvt Ltd»، كما تم تغييره وتتميمه؛104.12 من القانون رقم
وحيث ان هذه العملية تخضع اللزامية التبليغ، الستيفائها شرطا
 104.12  من القانون رقم12 من الشروط املنصوص عليها في املادة
 كما تم تغييره وتتميمه، وهو كون رقم املعامالت االجمالي العاملي دون
احتساب الرسوم، ملجموع املنشات او مجموعات االشخاص الذاتيين
  مليار درهم؛1.2 او االعتباريين االطراف في عملية التركيز يفوق مبلغ
 عالوة على تجاوز رقم املعامالت دون احتساب الرسوم، املنجز
 باملغرب بشكل منفرد من قبل واحدة على االقل من املنشات او من
 لدن مجموعة من االشخاص الذاتيين او االعتباريين اطراف في عملية
  من املرسوم8  مليون درهم، كما هو محدد في",Commercial,"Commercial=5, Fiscal=1, Urbain=1",Commercial,False,AR : texte source à réingérer (ordre des mots/paragraphes corrompu dès l'extraction PDF) — label non vérifié
578,BO_7515_Ar,50,ar,"التركيز، مبلغ
كما تم تغييره وتتميمه؛2.14.652 رقم
: وحيث ان االطراف املعنية بهذه العملية هي
» وهي شركة اسهم خاضعةNextChem S.p.A« : ة املقتنيةالجه •
 للقانون االيطالي، مسجلة بالسجل التجاري لروما تحت عدد
 Via di Vannina، والكائن مقرها االجتماعي في16951401005
 . وتنشط الشركة في مجال البحث88/94, 00156 Rome, Italie،العلمي واالبتكار التكنولوجي في خدمة، خصوصا، التحول الطاقي
 وقطاع الكيمياء الخضراء، واالقتصاد الدائري. وبوجه خاص في
 تطوير الطرق الصناعية وخدمات الهندسة، وكذلك في توريد
 .املعدات واملواد املخصصة لبناء املنشات الصناعية بشكل عام، وهي مجموعة صناعية«Groupe Maire» وهي شركة تابعة ل
 ايطالية، تنشط اساسا في تصميم وتوريد وبناء الوحدات
 الصناعية على الصعيد العاملي. وتوفر حلوال متكاملة في مجال
 الهندسة والبناء وكذا تكنولوجيات مستدامة في خدمة التحول
  وال مجموعتها اي«NextChem S.p.A.» الطاقي. وال تزاول شركة
نشاط تجاري باملغرب، وال تحقق فيه اي رقم معامالت؛
الجريدة الرسمية3193
 ((8 ي(8 وينوي(( 22 22  2جحلا وذ  222 - 7515 عدد
وحيث انه بعد االطالع على وثائق امللف واعتمادا على نتائج
 التحقيق املنجز بهذا الشان، فان السوق املعنية بهذه العملية هي
  لوحدات االنتاج«EPC» سوق خدمات الهندسة والتوريد واالنشاء
الكيميائي؛
وحيث انه من ناحية التحديد الجغرافي ونظرا لخصائص العرض
 والطلب داخل هاته السوق، فان تحديد السوق املرجعية لخدمات
  لوحدات االنتاج الكيميائي يكون«EPC» الهندسة والتوريد واالنشاء
 على املستوى العاملي، ويمكن ان يبقى التحديد مفتوحا، دون الحاجة
لتقسيم ادق؛
وحيث ان نتائج التحليل االقتصادي والتنافؠسي للعملية املرتقبة،الذي قامت به مصالح مجلس املنافسة املكلفة بالتحقيق والبحث
 اسفر عن كون العملية املبلغة ليس من شانها ان تخل باملنافسة في
: السوق املعنية، وذلك لالسباب التالية
لعدم وجود ترابط افقي بين انشطة الجهات اطراف العملية- 1
 على املستوى الوطني، نظرا لكون الجهة املقتنية ال تنشط في املغرب
 وكذا لكون حصة سوق الجهة املستهدفة على مستوى السوق املعنية
  في املائة وطنيا. وبالرغم من وجود ترابط افقي بين انشطة1 ال تتجاوز
 االطراف على املستوى العاملي فان حصة السوق التراكمية لالطراف
  في املائة عامليا بعد انجاز العملية، وبالتالي3 ستبقى ضئيلة ولن تتجاوز
فلن يترتب عنها اي تغيير في بنية السوق الحالية، من شانه خلق
او تعزيز وضع مهيمن داخلها؛
لعدم وجود ترابط عمودي بين انشطة الجهات اطراف- 2
 العملية، وبالتالي فان العملية ال يترتب عنها اي تاثير عمودي على
 «EPC» مستوى السوق املعنية لخدمات الهندسة والتوريد واالنشاء
لوحدات االنتاج الكيميائي على املستوى الوطني؛
ال يوجد اي ترابط تكتلي بين انشطة الجهة املقتنية والجهة- 3
 املستهدفة داخل السوق املعنية لخدمات الهندسة والتوريد واالنشاء
. لوحدات االنتاج الكيميائي على املستوى الوطني«EPC»
وحيث انه انطالقا مما سبق واستنادا الى الوثائق واملعطيات
 التي وفرتها االطراف املبلغة، واالبحاث التي قامت بها مصالح مجلس
 املنافسة املكلفة بالتحقيق والبحث، تبين على ان عملية التركيز املبلغة
 لن يترتب عنها اي تاثير عمودي او افقي او تكتلي سلبي على املنافسة في،السوق املرجعية او في جزء مهم منهما
الجريدة الرسمية((8 ي(8 وينوي(( 22 22  2جحلا وذ  222 - 7515 عدد 3194
1436  من شعبان16  الصادر في2.15.109 وعلى املرسوم رقم، املتعلق بمجلس املنافسة20.13 ) بتطبيق القانون رقم2015  يونيو4(
كما تم تغييره وتتميمه؛
1447  شوال5 وعلى اجتماع فرع مجلس املنافسة املنعقد بتاريخ،20.13  من القانون رقم14 ) طبقا ملقتضيات",Commercial,"Commercial=5, Pénal=3, Urbain=3",Commercial,False,AR : texte source à réingérer (ordre des mots/paragraphes corrompu dès l'extraction PDF) — label non vérifié
579,BO_7515_Ar,2026,ar,"مارس24(
كما تم تغييره وتتميمه؛
وبعد تاكد رئيس فرع مجلس املنافسة من توفر النصاب القانوني
  من النظام الداخلي ملجلس38 العضاء الفرع طبقا ملقتضيات املادة
املنافسة؛
وبناء على ملف تبليغ عملية التركيز االقتصادي املسجل لدى
  بتاريخ2026//ع.ت.ا23 االمانة العامة ملجلس املنافسة تحت عدد
) املتعلق بتولي املراقبة املشتركة2026  فبراير11( 1447  من شعبان22
 «Eiffel Investment » من طرف شركتيSegula Holding SAS« لشركة
»؛Eurazeo SE«  وGroup SAS»
وعلى قرار املقرر العام ملجلس املنافسة السيد محمد هشام،)2026 فبراير13( 1447  من شعبان24  بتاريخ2026/28 بوعياد رقم
 والقاعضي بتعيين السيدة سناء الحجوي مقررة في املوضوع طبقا
  املتعلق بحرية االسعار104.12  من القانون رقم27 الحكام املادة
واملنافسة، كما تم تغييره وتتميمه؛
وبعد تبليغ السلطة الحكومية املكلفة باملنافسة بنظير من ملف
)؛2026  فبراير16( 1447  من شعبان27 التبليغ بتاريخ
وبعد نشر بالغ مجلس املنافسة حول مشروع التركيز االقتصادي
 باحدى الجرائد الوطنية املخول لها نشر االعالنات القانونية وباملوقع،)2026  مارس5( 1447  من رمضان15 االلكتروني للمجلس بتاريخ
  ايام لالغيار املعنيين قصد ابداء مالحظاتهم حول10 والذي منح اجل
عملية التركيز اعاله؛
وحيث ان املجلس لم يتوصل باي مالحظة حول عملية التركيز
االقتصادي املذكورة من الفاعلين واملتدخلين في االسواق املعنية؛
1447  من رمضان21 وبعد استكمال جميع وثائق امللف بتاريخ
)؛2026  مارس11(
وبعد تقديم املقررة العامة املساعدة السيدة رجاء مغربي ومقررة
 املوضوع للتقرير املعد بشان عملية التركيز املذكورة، وكذا للخالصات
والتوصيات املنبثقة عنه، خالل اجتماع الفرع املنعقد بتاريخ
)؛2026  مارس24( 1447  شوال5
الجريدة الرسمية3195
 ((8 ي(8 وينوي(( 22 22  2جحلا وذ  222 - 7515 عدد
: وحيث ان االطراف املعنية بهذه العملية هي
:  الجهتين املقتنيتين-
›› هي شركة ادارة محافظEiffel Investment Group SAS« • شركة
 االستثمار تم احداثها وفق القانون الفرنؠسي، يقع مقرها االجتماعي
  بباريس بفرنسا، وهي مسجلة22 rue de Marignan 75008 ب
 . وهي510813991 بالسجل التجاري والشركات بباريس تحت عدد
 » املتخصصة في االستثماراتImpala« تابعة للمجموعة الفرنسية
 الخاصة بما فيها االستثمارات الطويلة االمد في قطاعات الصناعة
 والطاقة واملواد االستهالكية والخدمات واملجال املالي سواء في
 فرنسا او على الصعيد الدولي. وترتكز استراتيجيتها على نهج
 الدارة االعمال تستهدف خلق قيمة مستدامة بواسطة استثمارات
 املراقبة والنمو من اجل دعم تطوير وتحول شركات محفظتها
.االستثمارية
«Eiffel وتجدر االشارة الى ان هذه املجموعة، بما في ذلك، ليس لها اي نشاط على مستوى السوقInvestment Group SAS»
الوطنية؛
» هي شركة اوروبية مدرجة فيEurazeo SE« • الشركة االستثمارية
 66, rue Pierre Charron, البورصة، يوجد مقرها االجتماعي ب
  بباريس بفرنسا وهي مسجلة بالسجل التجاري والشركات75008
 . وتمتلك هذه الشركة محفظة692030992 بباريس تحت عدد
 استثمارية مكونة من اصول متنوعة. ويرتكز نشاطها على الكشف،عن امكانات التحول لدى الشركات املتضمنة في محفظتها
 بمختلف احجامها، وتسريع هذه االمكانيات وتعزيزها بواسطة
 ثالثة اشكال من االستثمار: راس املال (امللكية الخاصة)، الديون
 » علىEurazeo SE« الخاصة واالصول املادية. وتنشط مجموعة
 «Planet مستوى السوق الوطنية بواسطة الشركات التابعة لها
 »Worldstrides SARL« وPayments Services UK SARL»
 «Flash Maroc» وScaled Agile Inc«» وQuestel SAS«و
 «I-Tracing » وAltair group SAS« و(Redspher) SARL AU»
 «UTAC Maroc»  وDiffusely SAS«» وEkoscan SAS«  وSAS»؛SARL»
» شركة اسهمSegula Holding SAS«  : شركةة املستهدفة الجه-
 103 Boulevard de la Mission مبسطة يقع مقرها االجتماعي ب
   وهي مسجلة بالسجل التجاريMarchand, 92400 Courbevoie
 . وهي الشركة االم343166393  تحت عددNanterre والشركات في
 » املتخصصة فيSegula«،للمجموعة العاملية، من اصل فرنؠسي
 اشغال الهندسة واالستشارة في مجال التكنولوجيا. تنشط بشكل
 خاص في قطاع السيارات والفضاء والدفاع والطاقة والسكك
 الحديدية. وتنشط هذه املجموعة على مستوى السوق الوطنية
الجريدة الرسمية((8 ي(8 وينوي(( 22 22  2جحلا وذ  222 - 7515 عدد 3196
» واملجموعة املستهدفةEurazeo SE«  ثانيا، تقاطع انشطة شركة-
» على مستوى السوق املعنية لن يترتب عنه احداثSegula«
 او تعزيز لوضعية هيمنة اقتصادية في هذه السوق التي تبقى سوقا
 منفتحة وتعرف تعددا للفاعلين ووجود منافسين الطراف العملية
 عالوة على ان حصة السوق التراكمية لالطراف املعنية تبقى
باملائة؛10 و0 محدودة اذ تتراوح بين
وحيث انه لن يترتب عن العملية املبلغة اي تاثير عمودي وتكتلي
 سلبي على املنافسة لكون حصص سوق الشركة املستهدفة ضئيلة
وبالتالي فان انجاز هذه العملية ليس من شانه غلق االسواق القبلية
 او البعدية للسوق كما ان اطراف العملية ليس لها القدرة الغالق
 السوق امام املنافسين والزبناء، وهو ما يقلل من امكانية لجوء
 االطراف لبعض املمارسات التي من شانها عرقلة املنافسة او الحد
منها؛
وحيث انه انطالقا مما سبق واستنادا للوثائق واملعطيات التي
 وفرتها االطراف املبلغة، وكذا االبحاث التي قامت بها مصالح مجلس
 املنافسة املكلفة بالتحقيق والبحث، تبين ان عملية التركيز االقتصادي
 املبلغة لن يكون لها اي تاثير افقي او عمودي او تكتلي سلبي على،املنافسة في السوق املرجعية املعنية او في جزء مهم منها
: قرر ما يلي
املادة االولى
ان ملف تبليغ عملية التركيز االقتصادي املسجل لدى االمانة
من22  بتاريخ2026//ع.ت.ا23 العامة ملجلس املنافسة تحت عدد
.)، يستوفي الشروط القانونية2026  فبراير11( 1447 شعبان",Commercial,"Commercial=14, Fiscal=2, Environnement=2",Commercial,False,AR : texte source à réingérer (ordre des mots/paragraphes corrompu dès l'extraction PDF) — label non vérifié
580,BO_7515_Ar,الثانية,ar,"يرخص مجلس املنافسة بعملية التركيز االقتصادي املتعلقة بتولي
 » من طرف شركتيSegula Holding SAS« املراقبة املشتركة لشركة
.»Eurazeo SE«» وEiffel Investment Group SAS«
تم التداول بشان هذا القرار من لدن فرع مجلس املنافسة، خالل
 )، طبقا2026  مارس24( 1447  شوال5 اجتماعه املنعقد بتاريخ
  املتعلق بمجلس املنافسة20.13  من القانون رقم14 الحكام املادة
 كما تم تغييره وتتميمه، برئاسة السيد عبد العزيز الطالبي، وعضوية
.السيدين منير مهدي والعيد محسو؟سي
: االمضاءات
.عبد العزيز الطالبي
.منير مهدي.                         العيد محسو؟سي
الجريدة الرسمية3197
 ((8 ي(8 وينوي(( 22 22  2جحلا وذ  222 - 7515 عدد
وعلى قرار املقرر العام ملجلس املنافسة السيد محمد هشام
 )2026  فبراير19( 1447  بتاريخ فاتح رمضان2026/036 بوعياد رقم
 والقاعضي بتعيين السيد عصام سواري مقررا في املوضوع طبقا
  املتعلق بحرية االسعار104.12  من القانون رقم27 الحكام املادة
واملنافسة، كما تم تغييره وتتميمه؛
وبعد تبليغ السلطة الحكومية املكلفة باملنافسة بنظير من ملف
)؛2026  فبراير24( 1447  رمضان6 التبليغ بتاريخ
وبعد نشر بالغ مجلس املنافسة حول عملية التركيز االقتصادي
 باحدى الجرائد املخول لها نشر االعالنات القانونية وباملوقع
 )2026  مارس5( 1447  من رمضان15 االلكتروني للمجلس بتاريخ
  ايام لالغيار املعنيين قصد ابداء مالحظاتهم حول10 والذي منح اجل
عملية التركيز اعاله؛
وحيث ان املجلس لم يتوصل باي مالحظة حول عملية التركيز
االقتصادي املذكورة من الفاعلين واملتدخلين في االسواق املعنية؛
1447  من رمضان29 وبعد استكمال جميع وثائق امللف بتاريخ
)؛2026  مارس19(
وبعد تقديم املقرر العام املساعد السيد عبد الهادي الفالح ومقرر
 املوضوع للتقرير املعد بشان عملية التركيز املذكورة، وكذا للخالصات
 والتوصيات املنبثقة عنه، خالل اجتماع فرع مجلس املنافسة املنعقد
)؛2026  مارس24( 1447  شوال5 بتاريخ
104.12  من القانون رقم13 وحيث انه حسب مقتضيات املادة
 كما تم تغييره وتتميمه، فانه يمكن تبليغ عملية التركيز االقتصادي
 بمجرد ما يكون الطرف او االطراف املعنية قادرة على تقديم مشروع
 مكتمل بما فيه الكفاية يسمح بدراسة امللف، وال سيما حينما تكون
 قد ابرمت اتفاقا مبدئيا او وقعت رسالة نوايا او بمجرد االعالن عن
عرض عمومي؛
وحيث يستفاد من عناصر امللف ان عملية التركيز املزمع القيام بها
 كانت موضوع عقد بيع وشراء وكذا اتفاقية اطار لالستثمار مبرمين، يحددان شروط تولي2025  ديسمبر19 بين اطراف العملية بتاريخ
 «HongShan Capital صناديق تديرها او تقدم لها االستشارة شركة
 «Temasek Holdings (Private)  وشركةAdvisors Limited»
 «Golden Goose  املراقبة املشتركة غير املباشرة لشركةLimited»
  وجميع الشركات التي تساهم في راسمالها، مما يجعلهاGroup SpA»، كما تم104.12  من القانون رقم13 خاضعة للتبليغ طبقا للمادة
تغييره وتتميمه؛
الجريدة الرسمية((8 ي(8 وينوي(( 22 22  2جحلا وذ  222 - 7515 عدد 3198
«Temasek Holdings : ة غير املباشرة الثانية املقتنيةالجه -
  شركة خاصة معفاة من االسهم خاضعة(Private) Limited»
 60B Orchard للقانون السنغافوري، يقع مقرها االجتماعي ب
 Road, #06-18 Tower 2, The Atrium @ Orchard Singapore,، وهي197401143C، ومسجلة تحت عدد238891, Singapour
  مكتبا. بلغت13 شركة استثمارية تتوفر على شبكة عاملية تضم،2025  مارس31 قيمة املحفظة الصافية لهذه الشركة، الى غاية
  مليار دوالر سنغافوري، مستثمرة بشكل اسا؟سي434 ما مجموعه
 في سنغافورة وبقية دول اسيا، وشملت قطاعات عدة كالنقل،والصناعة، الخدمات املالية، االتصاالت، االعالم والتكنولوجيا
 السلع االستهالكية والعقارات، فضال عن علوم الحياة والصناعات
الغذائية؛
شركة مساهمة«GG12 SpA» :  مباشرةة بصفة املقتنيةالجه -
 1 Via Pietro خاضعة للقانون االيطالي، يقع مقرها االجتماعي ب
 Milan,، ومسجلة بسجل الشركات لPaleocapa, Milan, Italy، وهي شركة14436160965  تحت عددMonza-Brianza, Lodi، بصفة غير مباشرة، لصناديق%100 قابضة مملوكة بنسبة
 «HongShan Capital تديرها او تقدم لها االستشارة شركة، وستستحوذ، بصفة غير مباشرة، بعدAdvisors Limited»
 «Golden Goose  من راسمال شركة%100 انجاز العملية على
وحقوق التصويت املرتبطة به؛Group SpA»
وجميع«Golden Goose Group SpA»  : شركةة املستهدفةالجه -
: الشركات التي تساهم في راسمالها
شركة مساهمة خاضعة للقانون«Golden Goose Group SpA» -
 Via Privata Ercole Marelli االيطالي، يقع مقرها االجتماعي ب
Milan, Monza-، ومسجلة بسجل الشركات ل10, Milan, Italie
. تحت عددBrianza, Lodi
وحيث انه في اطار التحليل التنافؠسي الذي قامت به مصالح مجلس
 املنافسة املكلفة بالتحقيق والبحث استنادا الى الوثائق واملعطيات التي
 وفرتها االطراف املبلغة، فقد تم تحديد السوق املعنية بشقيها، سوق
 الخدمة واالمتداد الجغرافي للعملية، وذلك تطبيقا الحكام النقطة، املتعلق بملف التبليغ الخاص بعملية التركيز1 الثالثة من امللحق رقم
  املشار اليه اعاله كما تم تغييره2.14.652 املرفق باملرسوم رقم
 وتتميمه، حيث يعرف السوق املعنية بكونها السوق املناسبة املحددة
 حسب نوع املنتوجات او املوقع الجغرافي، والتي يكون للعملية املبلغة
اثر عليها بصفة مباشرة او غير مباشرة؛
وحيث انه بعد االطالع على وثائق امللف واعتمادا على نتائج
 التحقيق املنجز بهذا الشان، فان السوق املعنية بهذه العملية هي سوق
 تصنيع وبيع املنتجات الفاخرة، دون الحاجة لتقسيم ادق نظرا لغياب
اي تاثير سلبي للعملية على املنافسة في السوق الوطنية؛
الجريدة الرسمية3199
 ((8 ي(8 وينوي(( 22 22  2جحلا وذ  222 - 7515 عدد",Commercial,"Commercial=16, Fiscal=3, Civil=3",Commercial,False,AR : texte source à réingérer (ordre des mots/paragraphes corrompu dès l'extraction PDF) — label non vérifié
581,BO_7515_Ar,الثانية,ar,"يرخص مجلس املنافسة بعملية التركيز االقتصادي املتعلقة بتولي
 «Temasek  و«HongShan Capital Advisors Limited» شركتي
  املراقبة املشتركة غير املباشرة لشركةHoldings (Private) Limited»
  وجميع الشركات التي تساهم في«Golden Goose Group SpA»
.راسمالها
تم التداول بشان هذا القرار من لدن فرع مجلس املنافسة خالل
 )، طبقا2026  مارس24( 1447  شوال5 اجتماعه املنعقد بتاريخ
  املتعلق بمجلس املنافسة20.13  من القانون رقم14 الحكام املادة
 كما تم تغييره وتتميمه، برئاسة السید عبد العزيز الطالبي، وعضویة
.السیدین منير مهدي والعيد محسو؟سي
: االمضاءات
.عبد العزيز الطالبي
.منير مهدي.                         العيد محسو؟سي
1447  شوال5  صادر في2026//ق54  عددةقرار ملجلس املنافس
 «AfricInvest ة) املتعلق بتولي شرك2026  مارس24(
 ة املشتركة املراقبFinancial Inclusion Vehicle LLC»، الى جانب«Vantage Payment Systems SA» ةلشرك
.«Equity Invest SA» ةاملساهم االصلي شرك،مجلس املنافسة
  املتعلق بحرية االسعار واملنافسة104.12 بناء على القانون رقم
 1435  رمضان2  بتاريخ1.14.116 الصادر بتنفيذه الظهير الشريف رقم
)، كما تم تغييره وتتميمه؛2014  يونيو30(
املتعلق بمجلس املنافسة الصادر20.13 وعلى القانون رقم
1435  رمضان2  بتاريخ1.14.117 رقم بتنفيذه الظهير الشريف
)، كما تم تغييره وتتميمه؛2014  يونيو30(
1436  صفر8  الصادر في2.14.652 وعلى املرسوم رقم
  املتعلق بحرية104.12 ) بتطبيق القانون رقم2014 (فاتح ديسمبر
االسعار واملنافسة، كما تم تغييره وتتميمه؛
1436  من شعبان16  الصادر في2.15.109 وعلى املرسوم رقم، املتعلق بمجلس املنافسة20.13 ) بتطبيق القانون رقم2015  يونيو4(
كما تم تغييره وتتميمه؛
وعلى اجتماع اللجنة الدائمة ملجلس املنافسة املنعقد بتاريخ
  من القانون14 ) طبقا ملقتضيات",Civil,"Civil=2, Commercial=1, Urbain=1",Civil,False,AR : texte source à réingérer (ordre des mots/paragraphes corrompu dès l'extraction PDF) — label non vérifié
582,BO_7515_Ar,2026,ar,"مارس24( 1447 شوال5
املتعلق بمجلس املنافسة، كما تم تغييره وتتميمه؛20.13 رقم
الجريدة الرسمية((8 ي(8 وينوي(( 22 22  2جحلا وذ  222 - 7515 عدد 3200
وحيث ان عملية التركيز املزمع القيام بها كانت موضوع
 مذكرة استثمار موقعة ما بين اطراف العملية بتاريخ فاتح
 «AfricInvest، والتي تنص على شروط تولي شركة2025 ديسمبر
  املراقبة املشتركة لشركةFinancial Inclusion Vehicle LLC»، الى جانب املساهم االصلي«Vantage Payment Systems SA»
  من% 0,00025  عبر اقتناء نسبة«Equity Invest SA» شركة
 راسمالها وحقوق التصويت املرتبطة به في مرحلة اولى، على ان
  على االقل من راسمالها وحقوق التصويت%49,9 يتم اقتناء نسبة،2028  ديسمبر31 املرتبطة به في مرحلة ثانية وفي اجل اقصاه،104.12  من القانون رقم13 مما يجعلها خاضعة للتبليغ طبقا للمادة
 كما تم تغييره وتتميمه، كما ان اتفاق املساهمين يخول لالطراف
 املعنية املراقبة املشتركة للجهة املستهدفة من خالل ضرورة املوافقة
على القرارات االستراتيجية التي تهمها؛
وحيث ان مراقبة عمليات التركيز االقتصادي من لدن مجلس
 املنافسة تستوجب قبل الشروع في دراستها التحقق من توفر الشروط، كما تم104.12  من القانون رقم12 و11 املنصوص عليها في املادتين
تغييره وتتميمه؛
تعرف عمليات التركيز االقتصادي الخاضعة11 وحيث ان املادة
للتبليغ الى مجلس املنافسة بغرض دراستها والترخيص لها، كما ان
  تحدد اسقف رقم املعامالت الوطني او العاملي والذي يجب12 املادة
من املرسوم التطبيقي8 ان يفوق السقف املحدد بمقتغضى املادة
  املشار اليه اعاله كما تم تغييره وتتميمه، او عندما2.14.652 رقم
 تنجز جميع املنشات التي تكون طرفا في عملية التركيز خالل السنة
) من البيوع او الشراءات% 40( املدنية السابقة اكثر من اربعين باملائة
 او املعامالت االخرى في سوق وطنية للسلع او املنتوجات او الخدمات
من نفس النوع او القابلة لالستبدال او في جزء مهم من السوق
املذكورة؛
«AfricInvest وحيث ان العملية موضوع التبليغ تتعلق بتولي شركة
  املراقبة املشتركة لشركةFinancial Inclusion Vehicle LLC»، الى جانب املساهم االصلي«Vantage Payment Systems SA»
  من راسمالها%0,00025  عبر اقتناء نسبة«Equity Invest SA» شركة
 وحقوق التصويت املرتبطة به في مرحلة اولى، على ان يتم اقتناء نسبة
  على االقل من راسمالها وحقوق التصويت املرتبطة به في%49,9، وبالتالي فهي تشكل2028  ديسمبر31 مرحلة ثانية وفي اجل اقصاه
  كما تم تغييره104.12  من القانون رقم11 تركيزا حسب مدلول املادة
وتتميمه؛
الجريدة الرسمية3201
 ((8 ي(8 وينوي(( 22 22  2جحلا وذ  222 - 7515 عدد
وحيث انه في اطار التحليل التنافؠسي الذي قامت به مصالح مجلس
 املنافسة املكلفة بالتحقيق والبحث، استنادا الى الوثائق التي وفرتها
 االطراف املبلغة، تم تحديد السوق املعنية بشقيها، سوق املنتوج
 والخدمة واالمتداد الجغرافي للعملية، وذلك تطبيقا الحكام النقطة، املتعلق بملف التبليغ الخاص بعملية التركيز1 الثالثة من امللحق رقم
  املشار اليه اعاله كما تم تغييره2.14.652 املرفق باملرسوم رقم
 وتتميمه، حيث يعرف السوق املعنية بكونها السوق املناسبة املحددة
 حسب نوع املنتوجات او املوقع الجغرافي، والتي يكون للعملية املبلغة
اثر عليها بصفة مباشرة او غير مباشرة؛
وحيث انه بعد االطالع على وثائق امللف واعتمادا على نتائج
 التحقيق املنجز بهذا الشان، فان السوق املعنية بهذه العملية هي سوق
االداء االلكتروني عبر االنترنيت باستخدام البطاقة؛
غير انه وبالنظر الى طبيعة هذه العملية من حيث اثارها على
 املنافسة، يمكن ان يبقى تحديد السوق املعنية مفتوحا دون الحاجة
العتماد تقسيم ادق؛
وحيث انه من ناحية التحديد الجغرافي ونظرا لخصائص العرض
والطلب، فان تحديد السوق املعنية يكون على املستوى الوطني؛،اال انه وبالنظر الى طبيعة العملية وانشطة االطراف املعنية
 فيمكن ان يبقى التحديد الجغرافي للسوق املعنية مفتوحا دون
الحاجة العتماد تقسيم ادق؛
وحيث ان نتائج التحليل التنافؠسي الذي انجزته مصالح مجلس
 املنافسة املكلفة بالتحقيق والبحث، خلصت الى ان العملية املبلغة
 لن يكون لها اي تاثير افقي او عمودي او تكتلي سلبي على املنافسة في
 السوق املعنية بالعملية، نظرا لكون الجهة املقتنية ال تنشط بصفة
 مباشرة او غير مباشرة في السوق املعنية، وبالتالي فان انجاز هذه
 العملية لن يترتب عنه اي تغيير في بنية السوق او اي تراكم لحصص،السوق الطراف العملية. اضافة الى ان وضعية االطراف بعد العملية
 لن تؤهلها الغالق هذه السوق املرجعية لتواجد العديد من املنافسين
 ولكون سوق االداء االلكتروني عبر االنترنيت باستخدام البطاقة تبقى
مقننة؛
وحيث انه انطالقا مما سبق واستنادا الى الوثائق واملعطيات
 التي وفرتها االطراف املبلغة واالبحاث التي قامت بها مصالح مجلس
 املنافسة املكلفة بالتحقيق والبحث، تبين على ان عملية التركيز
 االقتصادي الحالية لن يكون لها اي تاثير عمودي او افقي او تكتلي،سلبي على املنافسة في السوق املرجعية املعنية او في جزء مهم منها
الجريدة الرسمية((8 ي(8 وينوي(( 22 22  2جحلا وذ  222 - 7515 عدد 3202
وعلى اجتماع اللجنة الدائمة ملجلس املنافسة املنعقد بتاريخ
)؛2026  مارس27( 1447  شوال8
وبعد تاكد رئيس مجلس املنافسة من توفر النصاب القانوني العضاء
  املتعلق20.13  من القانون رقم14 اللجنة الدائمة طبقا ملقتضيات املادة
بمجلس املنافسة كما تم تغييره وتتميمه؛
وبناء على طلب الحصول على االستثناء املنصوص عليه في الفقرة
  املتعلق بحرية االسعار104.12  من القانون رقم14 الثانية من املادة
 واملنافسة، كما تم تغييره وتتميمه، والتي تنص على انه : «وفي حالة
 الضرورة الخاصة املعللة بشكل قانوني، يمكن لالطراف التي قامت
 بالتبليغ تقديم طلب الى مجلس املنافسة من اجل الحصول على استثناء
 يسمح لها باالنجاز الفعلي ملجموع عملية التركيز او جزء منها دون انتظار،»قرار املوافقة املشار اليها في الفقرة االولى اعاله ودون االخالل به
  املسجل لدى«LSF12 Rigel Holdings B.V.» واملقدم من طرف شركة
بتاريخ2026//ع.ت.ا060 االمانة العامة ملجلس املنافسة تحت عدد
)؛2026  مارس19( 1447  من رمضان29
وعلى قرار املقرر العام ملجلس املنافسة السيد محمد هشام بوعياد
 )، والقاعضي2026  مارس25( 1447  شوال6  بتاريخ2026/71 رقم
بتعيين السيدة اسماء بالعرج مقررة في املوضوع طبقا الحكام
  املتعلق بحرية االسعار واملنافسة104.12  من القانون رقم27 املادة
كما تم تغييره وتتميمه؛
وبعد تقديم املقرر العام ومقررة املوضوع للتقرير املعد بشان طلب
 14 الحصول على االستثناء املنصوص عليه في الفقرة الثانية من املادة
املتعلق بحرية االسعار واملنافسة، كما تم104.12 من القانون رقم
 «LSF12 Rigel Holdings تغييره وتتميمه، واملقدم من طرف شركة
  وكذا للخالصات والتوصيات املنبثقة عنه، خالل اجتماع اللجنةB.V.»
)؛2026  مارس27( 1447  شوال8 الدائمة للمجلس املنعقد بتاريخ
وحيث ان البت في طلب االستثناء املذكور يستوجب قبل الشروع
 11 في دراسته التحقق من توفر الشروط املنصوص عليها في املادتين
كما تم تغييره وتتميمه؛104.12  من القانون رقم12و
تعرف عمليات التركيز االقتصادي الخاضعة11 وحيث ان املادة
للتبليغ الى مجلس املنافسة بغرض دراستها والترخيص لها، كما ان
  تحدد اسقف",Commercial,"Commercial=11, Pénal=4, Fiscal=3",Commercial,True,AR : texte source à réingérer (ordre des mots/paragraphes corrompu dès l'extraction PDF) — label non vérifié
583,BO_7515_Ar,الثانية,ar,"يرخص مجلس املنافسة، بصفة استثنائية وطبقا ملقتضيات
  املتعلق بحرية104.12  من القانون رقم14 الفقرة الثانية من املادة
 «LSF12 Rigel االسعار واملنافسة كما تم تغييره وتتميمه، لشركة
  بتولي املراقبة الحصرية لقسم اللدائن التقنيةHoldings B.V.»",Commercial,"Commercial=1, Fiscal=0, Social=0",Commercial,False,AR : texte source à réingérer (ordre des mots/paragraphes corrompu dès l'extraction PDF) — label non vérifié
584,BO_7517_Ar,10,ar,"املادة
الجل اداء املهام املسندة اليها، يجوز للشركة الحصول على جميع
السندات او التراخيص املنصوص عليها واملنظمة بموجب النصوص
التشريعية والتنظيمية املتعلقة بالبحث واستغالل الهيدروكاربورات
والهيدروجين الطبيعي او البحث واستكشاف املوارد املنجمية، دون
التقيد في هذا الصدد باالحكام التشريعية والتنظيمية املتعلقة بتحديد
يحتفظ العاملون باملكتب الوطني للهيدروكاربورات واملعادن، في
تاريخ تحويله الى شركة مساهمة، بوضعيتهم داخل الشركة في نفس
التاريخ.
ال يمكن باي حال من االحوال، ان تكون الوضعية التي يخولها
النظام االسا؟سي الخاص للعاملين في الشركة املشار اليهم في الفقرة
االولى اعاله، اقل فائدة من وضعية املعنيين باالمر في تاريخ التحويل،
عدد او نوع السندات او التراخيص او الحد االقظصى للمساحات املتعلقة بها.
تتمتع الشركة باهلية اجراء جميع العمليات املدنية والتجارية
والصناعية واملالية سواء تعلقت بمنقوالت او عقارات، والتي تتوافق
بما في ذلك الحق في نظام املعاشات والتغطية الصحية.
تعتبر فترة الخدمة التي قضاها العاملون املذكورون باملكتب
مع مهامها وتمكنها من ممارسة انشطتها.
الوطني للهيدروكاربورات واملعادن كما لو انجزت داخل الشركة .
5 املادة
يحتفظ العاملون باملكتب الوطني للهيدروكاربورات واملعادن املحالون
يمكن للشركة في اطار ممارستها النشطتها، احداث فروع لها
او الحصول على مساهمات في مقاوالت خاصة او عامة على املستوى
الوطني والدولي الغرض منها، بصفة مباشرة او غير مباشرة، انجاز
جميع او بعض من مهامها وفقا للنصوص التشريعية والتنظيمية
الى التقاعد قبل دخول هذا القانون حيز التنفيذ بحقوقهم املكتسبة.
الباب الخامس
ةي وانتقالةاحكام مختلف
الجاري بها العمل مع مراعاة اهداف السياسة املساهماتية للدولة.
11 املادة
الباب الثالث
ة الشركةحكام
يمكن للشركة ان تقوم، بصفة انتقالية وغير حصرية، بانشطة
نقل وتخزين الغاز الطبيعي والهيدروجين الطبيعي مع احترام مبدا
الحياد التنافؠسي ومتطلبات تطوير املبادرة الخاصة وذلك الى حين
نشر النصوص التشريعية والتنظيمية املتعلقة بنقل وتخزين الغاز
6 املادة
يدير الشركة مجلس ادارة يضم من بين اعضائه متصرفين
الطبيعي والهيدروجين الطبيعي في الجريدة الرسمية.
مستقلين يعينون وفقا للتشريع الجاري به العمل.
12 املادة
املتعلق بشركات املساهمة، 17.95 استثناء من احكام القانون رقم
يحدد النظام االسا؟سي االول للشركة، الذي يتضمن قائمة اعضاء
ال يترتب عن تحويل املكتب الوطني للهيدروكاربورات واملعادن الى
شركة مساهمة، اي توقف عن مزاولة النشاط.
مجلس االدارة االوائل، بنص تنظيمي.
الجريدة الرسمية3247
( (15 (1ينوي 5(1( 29 29 ذ2جحلا وذ 929 - 7517 عدد
: ة البعثات والتمثيليات الدائم- 2«
تعتبر ممتلكات الشركة وحقوقها والتزاماتها وامتيازاتها وتصرفاتها
واتفاقياتها وعقودها والنظام االسا؟سي والعقود الخاصة بمستخدميها،
والتراخيص املمنوحة لها، هي تلك التي كانت للمكتب الوطني
.........................................................................................«
: ة القنصليات العام- 3«
للهيدروكاربورات واملعادن عند تاريخ تغيير شكله القانوني.
.........................................................................................«
ال يخول هذا التحويل اعادة النظر في هذه املمتلكات والحقوق
وااللتزامات والعقود والتراخيص وليس له على وجه الخصوص،
اي اثر على العقود املبرمة بين املكتب الوطني للهيدروكاربورات
».«الواليات املتحدة االمريكية : لوس انجلوس
(الباقي بدون تغيير.)
واملعادن والغير.",Commercial,"Commercial=18, Fiscal=2, Social=1",Commercial,False,AR : texte source à réingérer (ordre des mots/paragraphes corrompu dès l'extraction PDF) — label non vérifié
585,BO_7517_Ar,الثانية,ar,"13 املادة
ينشر ظهيرنا الشريف هذا بالجريدة الرسمية.
يدخل هذا القانون حيز التنفيذ ابتداء من تاريخ التحويل الفعلي
للمكتب الوطني للهيدروكاربورات واملعادن الى شركة مساهمة
وتنصيب اجهزة االدارة والتسيير الخاصة بالشركة، وتنسخ في
 القاعضي باحداث املكتب 33.01 هذا التاريخ احكام القانون رقم
الوطني للهيدروكاربورات واملعادن الصادر بتنفيذه الظهير الشريف
).2026  يونيو2( 1447  من ذي الحجة16 وحرر بالرباط في
وقعه بالعطف :
رئيس الحكومة،
).2003  نوفمبر11( 1424  من رمضان16  بتاريخ1.03.203 رقم
االمضاء : عزيز اخنوش.
144 7ةجحلا  1.62.1 صادر في 61 من ذي5 ظهير شريف رقم
.1 الصادر 5.7090 2) بتتميم الظهير الشريف رقم026 وينوي  (2
1) املتعلق باحداث 951 (22 ابريل 73في 12 من رمضان 67
واملياه والغابات ة القرويةي والصيد البحري والتنمةزير الفالحوقرار ل
2)025 فمبرو1 (62 ن44 جمادى االخرة 75 2.2672 صادر في5  رقم
 ةي الزامةي مالةبنشر االتفاق بين املنهي بتاسيس مساهم
ن و للزيتةي املغربةي بين املهنة الهيئةيل انشطوتخصص لتم
 انتاج ةن بانشطومووتمديده الى جميع املهنيين الذين يق
.ةي والقنصلةيماسواملراكز الدبل
الحمد هلل وحده،
.ةيون ومنتجاته الثانويل الزيتووتح
بداخله :- الطابع الشريف
وزير الفالحة والصيد البحري والتنمية القروية واملياه والغابات،
 املتعلق بالهيئات بين املهنية للفالحة 03.12 بناء على القانون رقم
 1.12.14 والصيد البحري، الصادر بتنفيذه الظهير الشريف رقم
 10 )، وال سيما املواد2012  يوليو17( 1433  من شعبان27 بتاريخ
( محمد بن الحسن بن محمد بن يوسف هللا وليه)
يعلم من ظهيرنا الشريف هذا اسماه هللا واعز امره اننا :
الصادر في 1.57.090 بعد االطالع على الظهير الشريف رقم
) املتعلق باحداث املراكز 1957  ابريل22( 1376  من رمضان21
منه؛16 و12 و11و،الدبلوماسية والقنصلية، كما وقع تغييره وتتميمه
)2013  ماي20( 1434  رجب9  الصادر في2.12.602 وعلى املرسوم رقم
 املتعلق بالهيئات بين املهنية للفالحة 03.12 بتطبيق القانون رقم
اصدرنا امرنا الشريف بما يلي :
والصيد البحري؛
املادة االولى
وعلى قرار وزير الفالحة والصيد البحري والتنمية القروية
يتمم، على النحو التالي، الفصل االول من الظهير الشريف
) 1957  ابريل22( 1376  من رمضان21  الصادر في1.57.090 رقم
1438  من ذي القعدة25  الصادر في563.17 واملياه والغابات رقم
) بنشر الئحة الهيئات بين املهنية للفالحة املعترف 2017  اغسطس18(
املشار اليه اعاله :
بها، كما تم تغييره وتتميمه؛
«الفصل االول : ...................................................................
وعلى املصادقة باالجماع على االتفاق بين املنهي املبرم بين التنظيمات
املهنية املكونة للهيئة بين املهنية املغربية للزيتون خالل االجتماع املنعقد
:ةي املغربة سفارات اململك- 1«؛ 2021  يونيو24 بتاريخ
.........................................................................................«
وبعد استطالع راي اللجنة االستشارية للهيئات بين املهنية،
«جمهورية االكوادور؛
الجريدة الرسمية((15 (1ينوي 5(1( 29 29 ذ2جحلا وذ 929 - 7517 عدد
: قرر ما يلي
املادة االولى
)2013  ماي20( 1434  رجب9  الصادر في2.12.602  واملرسوم رقم-
  املتعلق بالهيئات بين املهنية للفالحة03.12 بتطبيق القانون رقم
والصيد البحري؛
ينشر، كما هو ملحق بهذا القرار، االتفاق بين املنهي بتاسيس
مساهمة مالية الزامية تخصص لتمويل انشطة الهيئة بين املهنية
املغربية للزيتون، والذي تمت املصادقة عليه باالجماع من طرف
التنظيمات املهنية املكونة للهيئة بين املهنية املغربية للزيتون خالل
والقرار املشترك لوزير الفالحة والصيد البحري ووزير الصناعة -
الصادر في3716.14 والتجارة واالستثمار واالقتصاد الرقمي رقم
) لتحديد مستوى تمثيلية 2014  نوفمبر20( 1436  من محرم26
. 2021  يونيو24 االجتماع املنعقد بتاريخ
املنظمات املهنية املكونة للهيئة بين املهنية املغربية للزيتون؛",Commercial,"Commercial=3, Fiscal=2, Civil=2",Commercial,False,AR : texte source à réingérer (ordre des mots/paragraphes corrompu dès l'extraction PDF) — label non vérifié
586,BO_7517_Ar,الثانية,ar,"الصادر في 2288.14  وقرار وزير الفالحة والصيد البحري رقم-
 ) بتحديد النظام الداخلي2014  يونيو19( 1435  من شعبان21
يمدد كليا االتفاق املشار اليه في املادة االولى اعاله الى جميع املهنيين
الذين يقومون بانشطة انتاج وتحويل الزيتون ومنتجاته الثانوية
باملغرب ويصبح ملزما لكل هؤالء املهنيين.
للجنة االستشارية للهيئات بين املهنية للفالحة والصيد البحري؛
املادة الثالثة
الصادر في2289.14  وقرار وزير الفالحة والصيد البحري رقم-
 ) بتحديد اشكال وكيفيات2014  يونيو25( 1435  من شعبان27، 03.12  من القانون املشار اليه اعاله رقم12 طبقا ملقتضيات املادة
تؤهل الهيئة بين املهنية املغربية للزيتون الستخالص املساهمة املالية
االلزامية املنصوص عليها في االتفاق سالف الذكر وذلك وفقا لبنود
االعتراف بالهيئات بين املهنية للفالحة وسحب االعتراف منها؛
الصادر في586.15  وقرار وزير الفالحة والصيد البحري رقم-
 ) بتحديد القانون االسا؟سي2015  فبراير25( 1436  جمادى االولى6
من هذا االتفاق.3 املادة
املادة الرابعة
النموذجي للهيئات بين املهنية للفالحة؛
ينشر هذا القرار في الجريدة الرسمية.
وقرار وزير الفالحة والصيد البحري والتنمية القروية واملياه -
).2025  نوفمبر26( 1447  جمادى االخرة5 وحرر بالرباط في
1438  من ذي القعدة25  الصادر في563.17 والغابات رقم
) بنشر الئحة الهيئات بين املهنية للفالحة 2017  اغسطس18(
االمضاء : احمد البواري.
*
املعترف بها كما تم تغييره وتتميمه؛
* *
املتعلق باالعتراف 2018  مارس14  الصادر في164  والقرار رقم-
ملحق
 واملياه ة القرويةي والصيد البحري والتنمةبقرار وزير الفالح
بالهيئة بين املهنية املغربية للزيتون «انتيربروليف»؛
144 جمادى االخرة 75 2.2672 الصادر في5 والغابات رقم
 ة2) بنشر االتفاق بين املنهي بتاسيس مساهم025 فمبرو(62 ن
 ةي املغربةي بين املهنة الهيئةيل انشطو تخصص لتمةي الزامةيمال
 انتاج ةن بانشطومون وتمديده الى جميع املهنيين الذين يقوللزيت
والقوانين االساسية للهيئة بين املهنية املغربية للزيتون -
«انتيربروليف» والفيدراليات التي تتكون منها؛
والقانون الداخلي للهيئة بين املهنية املغربية للزيتون «انتيربروليف»؛-
.ةيون ومنتجاته الثانويل الزيتووتح
ومحضر الجمع العام للهيئة بين املهنية املغربية للزيتون-
املنعقد بمكناس؛2021  يونيو24 «انتيربروليف» املؤرخ ب
تخصصةي الزامةي مالةاالتفاق بين املنهي بتاسيس مساهم
نو للزيتةي املغربةي بين املهنة الهيئةيل انشطولتم
تم ابرام اتفاق بين منهي :
بناء على :
بين :
املتعلق بالهيئات بين املهنية للفالحة والصيد 03.12  القانون رقم-
جميع املنظمات املهنية االعضاء في الهيئة بين املهنية املغربية
الصادر في1.12.14 البحري، الصادر بتنفيذه الظهير الشريف رقم
للزيتون «انتيربروليف» واملسمى فيما يلي ب «االعضاء»، وهي :
)؛2012  يوليو17( 1433  من شعبان27
الجريدة الرسمية3249
 ((15 (1ينوي 5(1( 29 29 ذ2جحلا وذ 929 - 7517 عدد
الفدرالية الوطنية ملنتجي الزيتون باملغرب «فينول»؛-
نشر القواعد واملعايير املتعلقة بالجودة والتعبئة والتغليف-
والتحويل وتسويق منتجات السلسلة؛
فدرالية طحن الزيتون وتسويق زيت الزيتون باملغرب «فيهوم»؛-
مواكبة املهنيين في تنفيذ التدابير الصحية والصحة النباتية -
.» فدرالية صناعات تصبير املنتوجات الفالحية باملغرب «فيكوبام-
املتعلقة بمنتجات السلسلة؛
اتفق االعضاء املوقعون على هذا االتفاق بين املنهي على العمل
معا من اجل املصلحة املشتركة وتنمية سلسلة الزيتون في املغرب،
وذلك من خالل املساهمة في تمويل انشطة الهيئة بين املهنية املغربية
للزيتون «انتيربروليف». وتحقيقا لهاته الغاية، صادق اعضاء الهيئة
بين املهنية باالجماع على املبادئ واالليات املذكورة في هذا االتفاق بين
تشجيع املمارسات الجيدة في حماية البيئة واملحافظة عليها بين -
مهنيي السلسلة؛
تشجيع التجميع باعتباره االسلوب االفضل لتنظيم املهنيين وفقا -
للتشريعات الجاري بها العمل؛
بلورة سياسة تعاقدية بين مكونات السلسلة؛ -
املنهي املسمى فيما يلي ب «اتفاق» طبقا للشروط واالحكام التالية :
تسيير الهيئة بين املهنية املغربية للزيتون «انتيربروليف»؛-
املادة االولى
كل االجراءات او العمليات او االلتزامات االخرى التي تقوم بها-،الهيئة بين املهنية املغربية للزيتون «انتيربروليف» في اطار انشطتها
ع االتفاقوضوم
وتساهم في تنمية سلسلة الزيتون وتعزيز تنافسيتها واستدامتها؛
من اجل تنظيم وتثمين سلسلة الزيتون بشكل افضل وكذا ضمان
تمويل مختلف انشطة واختصاصات الهيئة بين املهنية املغربية
للزيتون «انتيربروليف»، اتفق االعضاء على ارساء مساهمة الزامية
املشار اليها فيما يلي باسم «مساهمة» لفائدة هذه الهيئة من اجل
االداء السنوي لالشتراكات واملساهمات الخاصة بالهيئة بين املهنية -
 املغربية للزيتون «انتيربروليف» لفائدة جمعية الهيئات بين املهنية
الفالحية «كومادير» وغيرها من الجمعيات واملنظمات املهنية على
الصعيدين الوطني والدولي.
تحقيق هذه االهداف.",Fiscal,"Fiscal=2, Pénal=2, Environnement=2",Fiscal,False,AR : texte source à réingérer (ordre des mots/paragraphes corrompu dès l'extraction PDF) — label non vérifié
587,BO_7517_Ar,الثانية,ar,"يحدد هذا االتفاق كيفيات احداث وتطبيق املساهمة املستحقة
مقتضيات تفعيل االتفاق
لصالح سلسلة الزيتون باملغرب.
يوافق االعضاء املوقعون على االتفاق على ان يتم تطبيق املساهمة
يتم تخصيص املبالغ املحصل عليها من املساهمة لتمويل االنشطة
التي يتعين على الهيئة بين املهنية املغربية للزيتون «انتيربروليف»
على :
• الضيعات الفالحية املغروسة باشجار الزيتون التي تساوي
القيام بها وهي :
) هكتارا؛ 20( او تتجاوز مساحتها عشرين
تنظيم وتنمية ودمج سلسلة الزيتون؛ -
• وحدات تحويل الزيتون، وهي :
تعزيز التشاور والتنسيق بين مختلف الشركاء بهدف تطوير-
وحدات عصر الزيتون؛ - 1
سلسلة الزيتون على الصعيد الفالحي والصناعي والتجاري؛
وحدات تصبير زيتون املائدة؛- 2
تبادل املعلومات والخبرات العلمية والتقنية واالنخراط في -
. وحدات معالجة تفل الزيتون- 3
املنظمات الوطنية والدولية؛
: تحصل مبالغ املساهمات على النحو التالي
الترويج ملنتجات قطاع الزيتون في االسواق الداخلية والخارجية؛-
• بالنسبة للضيعات الفالحية :
التنقيب على اسواق جديدة ومواكبة مهنيي السلسلة في مجال-
الضيعات املغروسة باشجار الزيتون التي تساوي او تتجاوز - 1
 ) هكتار : الف100( ) هكتارا وتقل عن مائة20( مساحتها عشرين
التسويق؛
تكييف االنتاج واللوجستيك مع الطلب املحلي، وفقا للقوانين -
) درهم/سنة/ضيعة؛1.000(
واالنظمة املعمول بها ومتطلبات املستهلك؛
الضيعات املغروسة باشجار الزيتون التي تساوي او تتجاوز- 2
 ) هكتار : الفان500( ) هكتار وتقل عن خمسمائة100( مساحتها مائة
نشر املعلومات املتعلقة باملنتجات واالسواق؛-
) درهم/سنة/ضيعة؛2.000(
اقتراح وانشاء برامج البحث التطبيقي وتنمية منتجات السلسلة؛-
الضيعات املغروسة باشجار الزيتون التي تبلغ مساحتها ابتداء- 3
.) درهم/سنة/ضيعة5.000( ) هكتار : خمسة االف500( من خمسمائة
املساهمة في تكوين مهنيي السلسلة؛-
الجريدة الرسمية((15 (1ينوي 5(1( 29 29 ذ2جحلا وذ 929 - 7517 عدد
يتوجب خصم املساهمات وفقا للتعريفة املذكورة في",Fiscal,"Fiscal=1, Social=0, Administratif=0",Fiscal,False,AR : texte source à réingérer (ordre des mots/paragraphes corrompu dès l'extraction PDF) — label non vérifié
588,BO_7517_Ar,الثانية,ar,"تحدد لوائح الضيعات الفالحية املعنية الخاضعة لهذه املساهمة
من طرف املصالح الالممركزة التابعة للوزارة املكلفة بالفالحة، ويتم
اعاله.
تبليغها من قبلها.
ويشترط ان تمنح الهيئة بين املهنية املغربية للزيتون «انتيربروليف»
امللزم النهائي املسؤول باملساهمة االلزامية هو املستغل الفالحي
ايصال دفع املساهمات يتضمن معلومات تتعلق بهوية املنتجين
او املصنعين ومبلغ املساهمة وتاريخ الدفع، ويتعين على الهيئة كذلك
مسك سجل خاص بتحصيل هذه املساهمات. ويؤدي دفع مبالغ
املساهمة للهيئة بين املهنية املغربية للزيتون «انتيربروليف» الى اصدار
ايصال دفع من طرف هذه الهيئة وتسليمه الى املنهي املعني باالمر في
الذي يزاول نشاط انتاج الزيتون.
• بالنسبة لوحدات تحويل الزيتون :
وحدات عصر الزيتون :-
وحدات عصر الزيتون التي تقل طاقتها االجمالية للعصر عن- 1
) يوما من تاريخ دفع املساهمة.14( اجل ال يتجاوز اربعة عشر
) درهم/سنة/وحدة عصر؛1.000( ) طنا في اليوم : الف20( عشرين
يونيو من السنة املوالية 30 اذا لم تدفع املساهمة املستحقة قبل
للهيئة بين املهنية املغربية للزيتون «انتيربروليف»، فستقوم الهيئة
وحدات عصر الزيتون التي تساوي او تتجاوز طاقتها االجمالية - 2
 ) طنا في اليوم : الفان50( ) طنا وتقل عن خمسين20( للعصر عشرين
)14( بدعوة املنهي املعني لتسديد املساهمة داخل اجل اقصاه اربعة عشر
) درهم/سنة/وحدة عصر؛2.000(
يوما مفتوحة ابتداء من تاريخ االخبار.
وحدات عصر الزيتون التي تساوي او تتجاوز طاقتها االجمالية- 3
 ) طن في اليوم : ثالثة100( ) طنا وتقل عن مائة50( للعصر خمسين
بعد انقضاء هذا االجل، في حالة عدم دفع مساهمة واحدة او
اكثر، تلجا الهيئة بين املهنية املغربية للزيتون «انتيربروليف» الى
اجراءات التحصيل الودية ضد الشخص الطبيعي او املعنوي املتخلف
عن السداد من خالل هيئة املصالحة التابعة للهيئة، كما هو منصوص
) درهم/سنة/وحدة عصر؛3.000( االف
وحدات عصر الزيتون التي تبلغ طاقتها االجمالية للعصر - 4
/) درهم10.000( ) طن في اليوم : عشرة االف100( ابتداء من مائة
سنة/وحدة عصر.
عليه في قانونها االسا؟سي.
وحدات تصبير زيتون املائدة :-
في حالة فشل اجراء التحصيل الودي، تتم احالة النزاع الى تحكيم
جمعية الهيئات بين املهنية للفالحة «كومادير» وفي حالة عدم وجود
حل ودي، يمكن للهيئة بين املهنية املغربية للزيتون «انتيربروليف»
اتخاذ اجراءات قانونية بهدف الحصول من قبل املحكمة املختصة
وحدات تصبير زيتون املائدة التي تقل طاقتها االجمالية للتصبير- 1
/) درهم5.000( ) طن سنويا : خمسة االف5.000( عن خمسة االف
سنة/وحدة تصبير زيتون املائدة؛
على حكم يامر باسترداد املبلغ املستحق عن املساهمة.
وحدات تصبير زيتون املائدة التي تبلغ طاقتها االجمالية للتصبير - 2
 )10.000( ) طن سنويا : عشرة االف5.000( ابتداء من خمسة االف
املادة الرابعة
درهم/سنة/وحدة تصبير زيتون املائدة.
تمديد االتفاق
) درهم/10.000(  وحدات معالجة ثفل الزيتون : عشرة االف-
يخضع هذا االتفاق واي تعديالت محتملة عليه الجراءات التمديد
 املتعلق بالهيئات 03.12  من القانون رقم10 املنصوص عليها في املادة
.سنة/وحدة معالجة ثفل الزيتون
لوائح الوحدات املعنية هي تلك التي يسلمها املكتب الوطني للسالمة
» للهيئة بين املهنية املغربية ONSSA« الصحية للمنتجات الغذائية
بين املهنية للفالحة والصيد البحري.
للزيتون «انتيربروليف».
املادة الخامسة
امللزم النهائي املسؤول باملساهمة االلزامية لوحدات التحويل هو
ل االتفاقوتاريخ سريان مفع
الفاعل املنهي الذي يزاول نشاط طحن الزيتون او تصبير الزيتون
يعتبر هذا االتفاق ساري املفعول ابتداء من تاريخ نشره في الجريدة
او معالجة ثفل الزيتون.
الرسمية.
املادة الثالثة
املادة السادسة
ةكيفيات تحصيل املساهم
ملقتضيات االتفاقةالتعديالت املحتمل
تستخلص املساهمة برسم كل موسم زيتون والذي يمتد من فاتح
 يناير من السنة املوالية بالنسبة للضيعات الفالحية 31 فبراير الى
يجوز تغيير او تتميم هذا االتفاق بملحق طبقا للكيفيات املعتمدة
للمصادقة عليه.
ووحدات تحويل الزيتون.
الجريدة الرسمية3251
((15 (1ينوي 5(1( 29 29 ذ2جحلا وذ 929 - 7517 عدد
144ال 7و1 من ش8  صادر في468.26 زير العدل ووزيرة التضامن واالدماج االجتماعي واالسرة رقموقرار مشترك ل
ةي االجتماعةك بمؤسسات الرعايو2) بتحديد شكل السجل املمس026 (6 ابريل
وزير العدل،
ووزيرة التضامن واالدماج االجتماعي واالسرة،
65.15 ) بتطبيق بعض احكام القانون رقم2021  فبراير24( 1442  من رجب12  الصادر في2.19.693 بناء على املرسوم رقم
منه،10 املتعلق بمؤسسات الرعاية االجتماعية وال سيما املادة
قررا ما يلي :
املادة االولى، يحدد شكل السجل املمسوك بمؤسسات الرعاية 2.19.693  من املرسوم املشار اليه اعاله رقم10 تطبيقا ملقتضيات املادة
االجتماعية في امللحق املرفق بهذا القرار.",Fiscal,"Fiscal=3, Social=1, Commercial=1",Fiscal,False,AR : texte source à réingérer (ordre des mots/paragraphes corrompu dès l'extraction PDF) — label non vérifié
589,BO_7517_Ar,الثانية,ar,"ينشر هذا القرار املشترك في الجريدة الرسمية.
).2026  ابريل6( 1447  من شوال18 وحرر بالرباط في
وزير العدل،
االمضاء : عبد اللطيف وهبي.
وزيرة التضامن واالدماج االجتماعي واالسرة،
االمضاء : نعيمة ابن يحيى.
*
* *
الجريدة الرسمية((15 (1ينوي 5(1( 29 29 ذ2جحلا وذ 929 - 7517 عدد
)2026  ابريل6( 1447  من شوال18  الصادر يف468.26 ملحق ابلقرار املشرتك لوزير العدل ووزيرة التضامن واالدماج االجتماعي واالسرة رقم
بتحديد شكل السجل املمسوك مبؤسسات الرعاية االجتماعية
الجريدة الرسمية3253
 ((15 (1ينوي 5(1( 29 29 ذ2جحلا وذ 929 - 7517 عدد
ةي والتجارة ووزيرة االقتصاد واملالةزير الصناعوقرار مشترك ل",Fiscal,"Fiscal=3, Commercial=1, Social=0",Fiscal,False,AR : texte source à réingérer (ordre des mots/paragraphes corrompu dès l'extraction PDF) — label non vérifié
590,BO_7517_Ar,الثانية,ar,"2) 026 1 (12 ماي44 7ةجحلا   ذي4  صادر في996.26 رقم
يتم تخفيض الرسم االضافي النهائي املنصوص عليه في املادة االولى
اعاله بمقدار نقطة مئوية واحدة كل سنة خالل فترة تطبيقه وفقا
قائي النهائي على واردات والقاعضي بتمديد تطبيق التدبير ال
بالحرارة.ةصفائح الصلب املدرفل
املرفق بهذا القرار املشترك.1 للجدول الزمني في امللحق
املادة الثالثة
وزير الصناعة والتجارة،
ال يطبق الرسم االضافي النهائي السالف الذكر على واردات صفائح
الصلب املدرفلة بالحرارة ذات منشا الدول النامية املشار اليها في
ووزيرة االقتصاد واملالية،
املتعلق بتدابير الحماية 15.09 بناء على القانون رقم
املرفق بهذا القرار املشترك.2 امللحق
بتاريخ 1.11.44 التجارية، الصادر بتنفيذه الظهير الشريف رقم
املادة الرابعة
69 ) وال سيما املادتين2011  يونيو2( 1432  من جمادى االخرة29
يسند الى املدير العام الدارة الجمارك والضرائب غير املباشرة
منه؛76 و
تطبيق هذا القرار املشترك.
1434  من صفر13  الصادر في2.12.645 وعلى املرسوم رقم
املادة الخامسة
املتعلق بتدابير 15.09 ) بتطبيق القانون رقم2012  ديسمبر27(
ينشر هذا القرار املشترك في الجريدة الرسمية ويعمل بمقتضياته
منه؛54 الحماية التجارية والسيما املادة
.2026  يونيو19 ابتداء من تاريخ
وبعد االطالع على القرار املشترك لوزير الصناعة والتجارة
).2026  ماي21( 1447  ذي الحجة4 و حرر بالرباط في
واالقتصاد االخضر والرقمي ووزير االقتصاد واملالية واصالح االدارة
وزيرة االقتصاد واملالية،
وزير الصناعة والتجارة،
) القاعضي 2020  ماي27( 1441  شوال4  الصادر في1368.20 رقم
االمضاء : رياض مزور.
االمضاء : نادية فتاح.
بتطبيق تدبير وقائي نهائي على واردات صفائح الصلب املدرفلة
*
بالحرارة، كما تم تغييره؛
* *
وبعد استطالع راي لجنة مراقبة الواردات املجتمعة بتاريخ
والتجارة ووزيرة ةزير الصناعوامللحق 1 بالقرار املشترك ل
1 44 7ةجحلا   ذي4  الصادر في996.26  رقمةياالقتصاد واملال
قائي النهائيو2) القاعضي بتمديد تطبيق التدبير ال026  (12 ماي،2026  ابريل10
: قررا ما يلي
بالحرارةةعلى واردات صفائح الصلب املدرفل
املادة االولى
مع مراعاة املادتين الثانية والثالثة ادناه، يتم تمديد تطبيق الرسم
ةالجدول الزمني للرسم االضافي النهائي على القيم
االضافي النهائي على القيمة على واردات صفائح الصلب املدرفلة
الرسم االضافي النهائي، 72.11.14،72.11.13،72.08 بالحرارة املصنفة في البنود التعريفية
ةعلى القيمةالسن، 72.26.20.00.20،72.26.20.00.11،72.25.40،72.25.30،72.11.19
19 %
2027 يونيو18  الى غاية2026  يونيو19 ابتداء من
72.26.91،72.26.20.00.59،72.26.20.00.52،72.26.20.00.51
18 %
2028 يونيو18  الى غاية2027  يونيو19 ابتداء من
.2029  يونيو18  الى غاية72.26.99.80.00و
17 %
2029 يونيو18  الى غاية2028  يونيو19 ابتداء من
0 %
2029  يونيو19 اعتبارا من
ال تخضع لهذا الرسم االضافي النهائي واردات صفائح الصلب
*           *          *
املدرفلة بالحرارة املرفقة بفاتورة تحمل تاشيرة قطاع الصناعة.
الجريدة الرسمية((15 (1ينوي 5(1( 29 29 ذ2جحلا وذ 929 - 7517 عدد
والتجارة ووزيرةةزير الصناعوامللحق 2 بالقرار املشترك ل
غامبيا، جورجيا، غانا، غرينادا، غواتيماال، غينيا، غينيا بيساو،
غيانا، هايتي، هندوراس، جزر سليمان، اندونيسيا، جامايكا، االردن،
كازخستان، كينيا، الكويت، ليسوتو، مدغشقر، ماليزيا، مالوي،
جزر ملديف، مالي، موريشيوس، موريتانيا، مكسيك، جمهورية
مولدوفا، منغوليا، الجبل االسود، موزامبيق، ميانمار، ناميبيا،
النيبال، نيكاراغوا، النيجر، نيجيريا، عمان، اوغندا، باكستان،
البنما، بابوا غينيا الجديدة، باراغواي، بيرو، الفلبين، قطر، جمهورية
افريقيا الوسطى، جمهورية الكونغو الديمقراطية، جمهورية الو
الديمقراطية الشعبية، الجمهورية الدومنيكية، جمهورية خير غيز،
رواندا، سانت لوسيا، سانت كيتس ونيفيس، سانت فنسنت وجزر
غرينادين، ساموا، السنغال، سيراليون، سنغافورة، سريالنكا،
سورينام، ايسواتيني، طاجيكستان، تنزانيا، التشاد، توغو، تونغا،
ترينيداد وتوباغو، تونس، اوروغواي، فانواتو، جمهورية فنزويال
1 44 7ةجحلا   ذي4  الصادر في996.26  رقمةياالقتصاد واملال
قائي النهائيو2) القاعضي بتمديد تطبيق التدبير ال026  (12 ماي
بالحرارةةعلى واردات  صفائح الصلب املدرفل
املعفاة من تطبيق الرسم االضافي النهائيةي الدول النامةالئح
جنوب افريقيا، البانيا، انغوال، انتيغوا وباربودا، االرجنتين،
ارمينيا، مملكة البحرين، بنغالديش، بربادوس، بليز، البنين، بوليفيا،
بوتسوانا، بروناي دار السالم، بوركينافاسو، بوروندي، كمبوديا،
الكاميرون، الراس االخضر، الشيلي، كولومبيا، الكونغو، كوستاريكا،
ساحل العاج، كوبا، جيبوتي، دومينيكا، السلفادور، االمارات العربية
البوليفارية، اليمن، زامبيا وزيمبابوي.
املتحدة، االكوادور، جمهورية مقدونيا الشمالية، فيجي، الغابون،
((15 (1ينوي 5(1( 29 29 ذ2جحلا وذ 929 - 7517 عدد
ةص خاصونص
899.26 زير التعليم العالي والبحث العلمي واالبتكار رقموقرار ل
2) بتتميم القرار 026  ماي4( 144صادر في 61 من ذي القعدة 7
2) 006 1 (62 ابريل427 الصادر في 72 من ربيع االول 753.06 رقم
م التخصص في و الشهادات التي تعادل دبلةبتحديد الئح",Fiscal,"Fiscal=10, Commercial=6, Environnement=2",Fiscal,False,AR : texte source à réingérer (ordre des mots/paragraphes corrompu dès l'extraction PDF) — label non vérifié
591,BO_7517_Ar,الثانية,ar,"ينشر هذا القرار بالجريدة الرسمية.
).2026  ماي4( 1447  من ذي القعدة16 وحرر بالرباط في
االمضاء : عز الدين املداوي.
الطب، تخصص : امراض الكلي.
900.26 زير التعليم العالي والبحث العلمي واالبتكار رقموقرار ل
2) بتتميم القرار 026  ماي4( 144صادر في 61 من ذي القعدة 7
1) 99 ديسمبر 73( 1418 2 الصادر في 2 شعبان963.9رقم 7
وزير التعليم العالي والبحث العلمي واالبتكار،
بعد االطالع على قرار وزير التربية الوطنية والتعليم العالي وتكوين
 1427  من ربيع االول27  الصادر في753.06 االطر والبحث العلمي رقم
) بتحديد الئحة الشهادات التي تعادل دبلوم التخصص 2006  ابريل26(
ر  في الطب.وم دكتو الشهادات التي تعادل دبلةبتحديد الئح
في الطب، تخصص : امراض الكلي، كما وقع تتميمه؛
وزير التعليم العالي والبحث العلمي واالبتكار،
1446  من ربيع االخر24  الصادر في2.24.991 وبناء على املرسوم رقم
) املتعلق باختصاصات وزير التعليم العالي والبحث 2024  اكتوبر28(
بعد االطالع على قرار وزير التعليم العالي والبحث العلمي والثقافة
) بتحديد 1997  ديسمبر3( 1418  شعبان2  الصادر في2963.97 رقم
الئحة الشهادات التي تعادل دبلوم دكتور في الطب، كما وقع تغييره
العلمي واالبتكار؛
وتتميمه؛
وبعد استشارة اللجنة القطاعية لعلوم الصحة املنعقدة بتاريخ
1446  من ربيع االخر24  الصادر في2.24.991 وبناء على املرسوم رقم
) املتعلق باختصاصات وزير التعليم العالي والبحث 2024  اكتوبر28(؛2026  مارس3
وبعد استطالع راي املجلس الوطني للهيئة الوطنية للطبيبات
العلمي واالبتكار؛
واالطباء،
قرر ما يلي :
وبعد استشارة اللجنة القطاعية لعلوم الصحة املنعقدة بتاريخ؛2026  مارس3
املادة االولى
وبعد استطالع راي املجلس الوطني للهيئة الوطنية للطبيبات
واالطباء،
قرر ما يلي :
املادة االولى
تتمم على النحو التالي املادة االولى من القرار املشار اليه اعاله
) :2006  ابريل26( 1427  من ربيع االول27  الصادر في753.06 رقم
تحدد على النحو التالي الئحة الشهادات التي تعادل - .«املادة االولى
تتمم على النحو التالي املادة االولى من القرار املشار اليه اعاله
«دبلوم التخصص في الطب، تخصص : امراض الكلي :
) :1997  ديسمبر3( 1418  شعبان2  الصادر في2963.97 رقم
«..........................................................................................................
تحدد على النحو التالي الئحة الشهادات التي تعادل - .«املادة االولى
اوكرانيا :-«
«دبلوم دكتور في الطب مشفوعة بشهادة البكالوريا للتعليم الثانوي شعبة
«العلوم التجريبية او العلوم الرياضية او دبلوم معترف بمعادلته لها :
»........................................................................................................
«..........................................................................................................
« – Certificate of specialized training in medicine (clinical
روسيا :ةي فيدرال-«
« ordinatura) specialization in nephrology, délivré par
« Zaporizhzhia state medical University - Ukraine.
»...........................................................................................................
«يجب ان تقرن هذه الشهادة بتدريب مدته سنتين مع اجتياز
«امتحان تقييمي بنجاح مسلم من طرف احدى كليات الطب والصيدلة
« – Qualification de médecin-généraliste, délivrée par
« l’Université d’Etat de Iaroslav-le-sage de Novgorod -
« Fédération de Russie.
«باملغرب الذي تصادق عليه اللجنة القطاعية لعلوم الصحة.»
الجريدة الرسمية((15 (1ينوي 5(1( 29 29 ذ2جحلا وذ 929 - 7517 عدد
«يجب ان تقرن هذه الشهادة باجتياز امتحان تقييمي بنجاح مسلم
«من طرف احدى كليات الطب والصيدلة باملغرب الذي تصادق عليه
«يجب ان تقرن هذه الشهادة بتدريب مدته سنتين مع اجتياز
«امتحان تقييمي بنجاح مسلم من طرف احدى كليات الطب والصيدلة
«باملغرب الذي تصادق عليه اللجنة القطاعية لعلوم الصحة.»
«اللجنة القطاعية لعلوم الصحة.»",Commercial,"Commercial=4, Fiscal=2, Civil=2",Commercial,False,AR : texte source à réingérer (ordre des mots/paragraphes corrompu dès l'extraction PDF) — label non vérifié
593,BO_7517_Ar,الثانية,ar,"ينشر هذا القرار بالجريدة الرسمية.
ينشر هذا القرار بالجريدة الرسمية.
).2026  ماي4( 1447  من ذي القعدة16 وحرر بالرباط في
).2026  ماي4( 1447  من ذي القعدة16 وحرر بالرباط في
االمضاء : عز الدين املداوي.
االمضاء : عز الدين املداوي.
902.26 زير التعليم العالي والبحث العلمي واالبتكار رقموقرار ل
2) بتتميم القرار 026  ماي4( 144صادر في 61 من ذي القعدة 7
1) 99 ديسمبر 73( 1418 2 الصادر في 2 شعبان963.9رقم 7
901.26 زير التعليم العالي والبحث العلمي واالبتكار رقموقرار ل
2) بتتميم القرار 026  ماي4( 144صادر في 61 من ذي القعدة 7
2)004 1 (6 ابريل425 1 من صفر5  الصادر في570.04 رقم
م التخصص في و الشهادات التي تعادل دبلةبتحديد الئح
ر  في الطب.وم دكتو الشهادات التي تعادل دبلةبتحديد الئح
.ةالطب، تخصص : االمراض الجلدي
وزير التعليم العالي والبحث العلمي واالبتكار،
وزير التعليم العالي والبحث العلمي واالبتكار،
بعد االطالع على قرار وزير التعليم العالي وتكوين االطر والبحث
) 2004  ابريل6( 1425  من صفر15  الصادر في570.04 العلمي رقم
بتحديد الئحة الشهادات التي تعادل دبلوم التخصص في الطب،
بعد االطالع على قرار وزير التعليم العالي والبحث العلمي والثقافة
) بتحديد 1997  ديسمبر3( 1418  شعبان2  الصادر في2963.97 رقم
الئحة الشهادات التي تعادل دبلوم دكتور في الطب، كما وقع تغييره
وتتميمه؛
تخصص : االمراض الجلدية، كما وقع تتميمه؛
1446  من ربيع االخر24  الصادر في2.24.991 وبناء على املرسوم رقم
) املتعلق باختصاصات وزير التعليم العالي والبحث 2024  اكتوبر28(
من ربيع24  الصادر في2.24.991 وبناء على املرسوم رقم
) املتعلق باختصاصات وزير التعليم 2024  اكتوبر28( 1446 االخر
العالي والبحث العلمي واالبتكار؛
العلمي واالبتكار؛
وبعد استشارة اللجنة القطاعية لعلوم الصحة املنعقدة بتاريخ
وبعد استشارة اللجنة القطاعية لعلوم الصحة املنعقدة بتاريخ؛2026  مارس3؛2026  مارس3
وبعد استطالع راي املجلس الوطني للهيئة الوطنية للطبيبات
وبعد استطالع راي املجلس الوطني للهيئة الوطنية للطبيبات
واالطباء،
قرر ما يلي :
املادة االولى
واالطباء،
قرر ما يلي :
املادة االولى
تتمم على النحو التالي املادة االولى من القرار املشار اليه اعاله
تتمم على النحو التالي املادة االولى من القرار املشار اليه اعاله
)  :2004  ابريل6( 1425  من صفر15  الصادر في570.04 رقم
) :1997  ديسمبر3( 1418  شعبان2  الصادر في2963.97 رقم
تحدد على النحو التالي الئحة الشهادات التي تعادل - .«املادة االولى
تحدد على النحو التالي الئحة الشهادات التي تعادل - .«املادة االولى
«دبلوم التخصص في الطب، تخصص : االمراض الجلدية :
«دبلوم دكتور في الطب مشفوعة بشهادة البكالوريا للتعليم الثانوي شعبة
«..........................................................................................................
«العلوم التجريبية او العلوم الرياضية او دبلوم معترف بمعادلته لها :
نس :و ت- «
«..........................................................................................................
....................................................................................................«
اوكرانيا :-«
شهادة التخصص في االمراض الجلدية، مسلمة من جامعة-«
.«سوسة، تونس
»...........................................................................................................
الجريدة الرسمية3257
( (15 (1ينوي 5(1( 29 29 ذ2جحلا وذ 929 - 7517 عدد
..........................................................................................................«
« – Qualification physician,  general medicine, délivrée par
« Bogomolets national medical University - Ukraine ;
:  اوكرانيا- «
« – Qualification master’s degree medicine, délivrée par
»........................................................................................................
« Odesa national medical University - Ukraine.
« – Certificate of specialized training in medicine (clinical
«يجب ان تقرن هاتين الشهادتين بتدريب مدته سنتين مع اجتياز
«امتحان تقييمي بنجاح مسلم من طرف احدى كليات الطب والصيدلة
« ordinatura) specialization in dermatovenerology, délivré
« par Zaporizhzhia state medical and pharmaceutical
« University - Ukraine.
 «يجب ان تقرن هذه الشهادة بتدريب مدته سنتين مع اجتياز
«امتحان تقييمي بنجاح مسلم من طرف احدى كليات الطب والصيدلة
«باملغرب الذي تصادق عليه اللجنة القطاعية لعلوم الصحة.»",Fiscal,"Fiscal=3, Civil=2, Commercial=2",Fiscal,False,AR : texte source à réingérer (ordre des mots/paragraphes corrompu dès l'extraction PDF) — label non vérifié
594,BO_7517_Ar,الثانية,ar,"ينشر هذا القرار بالجريدة الرسمية.
«باملغرب الذي تصادق عليه اللجنة القطاعية لعلوم الصحة.»
).2026  ماي4( 1447  من ذي القعدة16 وحرر بالرباط في",Fiscal,"Fiscal=1, Social=0, Administratif=0",Fiscal,False,AR : texte source à réingérer (ordre des mots/paragraphes corrompu dès l'extraction PDF) — label non vérifié
595,BO_7517_Ar,الثانية,ar,"االمضاء : عز الدين املداوي.
ينشر هذا القرار بالجريدة الرسمية.
).2026  ماي4( 1447  من ذي القعدة16 وحرر بالرباط في
903.26 زير التعليم العالي والبحث العلمي واالبتكار رقموقرار ل
2) بتتميم القرار 026  ماي4( 144صادر في 61 من ذي القعدة 7
االمضاء : عز الدين املداوي.
2)004 1 (6 ابريل425 1 من صفر5  الصادر في570.04 رقم
م التخصص في و الشهادات التي تعادل دبلةبتحديد الئح
904.26 زير التعليم العالي والبحث العلمي واالبتكار رقموقرار ل
2) بتتميم القرار 026  ماي4( 144صادر في 61 من ذي القعدة 7
2) 004 1 (72 ديسمبر425 1 من ذي القعدة4 12 الصادر في88.04 رقم
م التخصص في و الشهادات التي تعادل دبلةبتحديد الئح
.ةالطب، تخصص : االمراض الجلدي
وزير التعليم العالي والبحث العلمي واالبتكار،
بعد االطالع على قرار وزير التعليم العالي وتكوين االطر والبحث
) 2004  ابريل6( 1425  من صفر15  الصادر في570.04 العلمي رقم
بتحديد الئحة الشهادات التي تعادل دبلوم التخصص في الطب،
ن.ويالطب، تخصص : امراض الع
وزير التعليم العالي والبحث العلمي واالبتكار،
بعد االطالع على قرار وزير التربية الوطنية والتعليم العالي وتكوين
تخصص : االمراض الجلدية، كما وقع تتميمه؛
1425  من ذي القعدة14  الصادر في2188.04 االطر والبحث العلمي رقم
) بتحديد الئحة الشهادات التي تعادل دبلوم 2004  ديسمبر27(
من ربيع24  الصادر في2.24.991 وبناء على املرسوم رقم
) املتعلق باختصاصات وزير التعليم 2024  اكتوبر28( 1446 االخر
التخصص في الطب، تخصص : امراض العيون، كما وقع تتميمه؛
العالي والبحث العلمي واالبتكار؛
1446  من ربيع االخر24  الصادر في2.24.991 وبناء على املرسوم رقم
) املتعلق باختصاصات وزير التعليم العالي والبحث 2024  اكتوبر28(
وبعد استشارة اللجنة القطاعية لعلوم الصحة املنعقدة بتاريخ؛2026  مارس3
العلمي واالبتكار؛
وبعد استطالع راي املجلس الوطني للهيئة الوطنية للطبيبات
وبعد استشارة اللجنة القطاعية لعلوم الصحة املنعقدة بتاريخ
واالطباء،
قرر ما يلي :
املادة االولى؛2026  مارس3
وبعد استطالع راي املجلس الوطني للهيئة الوطنية للطبيبات
واالطباء،
قرر ما يلي :
املادة االولى
تتمم على النحو التالي املادة االولى من القرار املشار اليه اعاله
)  :2004  ابريل6( 1425  من صفر15  الصادر في570.04 رقم
تحدد على النحو التالي الئحة الشهادات التي تعادل - .«املادة االولى
تتمم على النحو التالي املادة االولى من القرار املشار اليه اعاله
) :2004  ديسمبر27( 1425  من ذي القعدة14  الصادر في2188.04 رقم
«دبلوم التخصص في الطب، تخصص : االمراض الجلدية :
الجريدة الرسمية((15 (1ينوي 5(1( 29 29 ذ2جحلا وذ 929 - 7517 عدد
: قرر ما يلي
املادة االولى
تحدد على النحو التالي الئحة الشهادات التي تعادل- .«املادة االولى
«دبلوم التخصص في الطب، تخصص : امراض العيون :
تتمم على النحو التالي املادة االولى من القرار املشار اليه اعاله
«..........................................................................................................
) :1997  ديسمبر3( 1418  شعبان2  الصادر في2963.97 رقم
اوكرانيا :- «
تحدد على النحو التالي الئحة الشهادات التي تعادل - .«املادة االولى
«دبلوم دكتور في الطب مشفوعة بشهادة البكالوريا للتعليم الثانوي شعبة
»...........................................................................................................
«العلوم التجريبية او العلوم الرياضية او دبلوم معترف بمعادلته لها :
« – Certificate of specialized training in medicine (clinical
«..........................................................................................................
« ordinatura) specialization in ophthalmology, délivré par
« Zaporizhzhia state medical University - Ukraine.
اوكرانيا :-«
»...........................................................................................................
«يجب ان تقرن هذه الشهادة بتدريب مدته ثالث سنوات مع اجتياز
«امتحان تقييمي بنجاح مسلم من طرف احدى كليات الطب والصيدلة
« – Qualification specialist general medicine, délivrée par
« Zaporizhzhia state medical University - Ukraine.
«باملغرب الذي تصادق عليه اللجنة القطاعية لعلوم الصحة.»
«يجب ان تقرن هذه الشهادة بتدريب مدته ثالث سنوات مع اجتياز
«امتحان تقييمي بنجاح مسلم من طرف احدى كليات الطب والصيدلة",Fiscal,"Fiscal=2, Civil=2, Commercial=2",Fiscal,False,AR : texte source à réingérer (ordre des mots/paragraphes corrompu dès l'extraction PDF) — label non vérifié
596,BO_7517_Ar,الثانية,ar,"ينشر هذا القرار بالجريدة الرسمية.
«باملغرب الذي تصادق عليه اللجنة القطاعية لعلوم الصحة.»",Fiscal,"Fiscal=1, Social=0, Administratif=0",Fiscal,False,AR : texte source à réingérer (ordre des mots/paragraphes corrompu dès l'extraction PDF) — label non vérifié
597,BO_7517_Ar,الثانية,ar,").2026  ماي4( 1447  من ذي القعدة16 وحرر بالرباط في
ينشر هذا القرار بالجريدة الرسمية.
االمضاء : عز الدين املداوي.
).2026  ماي4( 1447  من ذي القعدة16 وحرر بالرباط في
االمضاء : عز الدين املداوي.
905.26 زير التعليم العالي والبحث العلمي واالبتكار رقموقرار ل
2) بتتميم القرار 026  ماي4( 144صادر في 61 من ذي القعدة 7
1) 99 ديسمبر 73( 1418 2 الصادر في 2 شعبان963.9رقم 7
906.26 زير التعليم العالي والبحث العلمي واالبتكار رقموقرار ل
2) بتتميم 026  ماي4( 144صادر في 61 من ذي القعدة 7
1 4211 الصادر في 61 من جمادى االولى 709.06 القرار رقم
م و الشهادات التي تعادل دبلة2) بتحديد الئح006 وينوي  13(
ر  في الطب.وم دكتو الشهادات التي تعادل دبلةبتحديد الئح
.التخصص في الطب، تخصص : علم التشريح املرعضي
وزير التعليم العالي والبحث العلمي واالبتكار،
بعد االطالع على قرار وزير التعليم العالي والبحث العلمي والثقافة
) بتحديد 1997  ديسمبر3( 1418  شعبان2  الصادر في2963.97 رقم
الئحة الشهادات التي تعادل دبلوم دكتور في الطب، كما وقع تغييره
وزير التعليم العالي والبحث العلمي واالبتكار،
بعد االطالع على قرار وزير التربية الوطنية والتعليم العالي
من جمادى16  الصادر في1109.06 وتكوين االطر والبحث العلمي رقم
) بتحديد الئحة الشهادات التي تعادل 2006  يونيو13( 1427 االولى
دبلوم التخصص في الطب، تخصص : علم التشريح املرعضي، كما وقع
وتتميمه؛
1446  من ربيع االخر24  الصادر في2.24.991 وبناء على املرسوم رقم
) املتعلق باختصاصات وزير التعليم العالي والبحث 2024  اكتوبر28(
تتميمه؛
1446  من ربيع االخر24  الصادر في2.24.991 وبناء على املرسوم رقم
) املتعلق باختصاصات وزير التعليم العالي والبحث 2024  اكتوبر28(
العلمي واالبتكار؛
العلمي واالبتكار؛
وبعد استشارة اللجنة القطاعية لعلوم الصحة املنعقدة بتاريخ
وبعد استشارة اللجنة القطاعية لعلوم الصحة املنعقدة بتاريخ؛2026  مارس3؛2026  مارس3
وبعد استطالع راي املجلس الوطني للهيئة الوطنية للطبيبات
وبعد استطالع راي املجلس الوطني للهيئة الوطنية للطبيبات
واالطباء،
واالطباء،
الجريدة الرسمية3259
 ((15 (1ينوي 5(1( 29 29 ذ2جحلا وذ 929 - 7517 عدد
: قرر ما يلي
املادة االولى
: قرر ما يلي
املادة االولى
تتمم على النحو التالي املادة االولى من القرار املشار اليه اعاله
) :2006  يونيو13( 1427  من جمادى االولى16  الصادر في1109.06 رقم
تتمم على النحو التالي املادة االولى من القرار املشار اليه
1425  من جمادى االخرة24  الصادر في1482.04 اعاله رقم
) :2004  اغسطس11(
تحدد على النحو التالي الئحة الشهادات التي تعادل - .«املادة االولى
«دبلوم التخصص في الطب، تخصص : علم التشريح املرعضي  :
تحدد على النحو التالي الئحة الشهادات التي تعادل- .«املادة االولى
«دبلوم التخصص في الطب، تخصص : امراض الكلوم والجبارة :
«..........................................................................................................
السينغال :- «
«..........................................................................................................
«.........................................................................................................
« – Diplôme d’études spécialisées (D.E.S) d’anatomie et de
السينغال :-«
«..........................................................................................................
« cytologie pathologiques, délivré par l’Université Cheikh-
« Anta-Diop de Dakar - Sénégal.»
« – Diplôme d’études spécialisées (D.E.S) d’orthopédie
« traumatologie, délivré par l’Université Cheikh-Anta-Diop
« de Dakar - Sénégal.»",Fiscal,"Fiscal=2, Civil=2, Commercial=2",Fiscal,False,AR : texte source à réingérer (ordre des mots/paragraphes corrompu dès l'extraction PDF) — label non vérifié
598,BO_7517_Ar,الثانية,ar,ينشر هذا القرار بالجريدة الرسمية.,Fiscal,"Fiscal=1, Social=0, Administratif=0",Fiscal,False,AR : texte source à réingérer (ordre des mots/paragraphes corrompu dès l'extraction PDF) — label non vérifié
599,BO_7517_Ar,الثانية,ar,").2026  ماي4( 1447  من ذي القعدة16 وحرر بالرباط في
ينشر هذا القرار بالجريدة الرسمية.
االمضاء : عز الدين املداوي.
).2026  ماي4( 1447  من ذي القعدة16 وحرر بالرباط في
االمضاء : عز الدين املداوي.
90زير التعليم العالي والبحث العلمي واالبتكار رقم 62.7وقرار ل
2) بتتميم 026  ماي4( 144صادر في 61 من ذي القعدة 7
908.26 زير التعليم العالي والبحث العلمي واالبتكار رقموقرار ل
2) بتتميم 026  ماي4( 144صادر في 61 من ذي القعدة 7
1 426 11 الصادر في 2 جمادى االولى9.705 القرار رقم
م و الشهادات التي تعادل دبلة2) بتحديد الئح005 وينوي  10(
1425 2 من جمادى االخرة4 1 الصادر في482.04 القرار رقم
 الشهادات التي تعادل ة2) بتحديد الئح004 (11 اغسطس
م وم التخصص في الطب، تخصص : امراض الكلودبل
والجبارة.
. القلب والشرايينةالتخصص في الطب، تخصص : جراح
وزير التعليم العالي والبحث العلمي واالبتكار،
بعد االطالع على قرار وزير التربية الوطنية والتعليم العالي وتكوين
 1425  من جمادى االخرة24  الصادر في1482.04 االطر والبحث العلمي رقم
) بتحديد الئحة الشهادات التي تعادل دبلوم 2004  اغسطس11(
 التخصص في الطب، تخصص : امراض الكلوم والجبارة، كما وقع
وزير التعليم العالي والبحث العلمي واالبتكار،
بعد االطالع على قرار وزير التربية الوطنية والتعليم العالي وتكوين
 1426  جمادى االولى2  الصادر في1197.05 االطر والبحث العلمي رقم
) بتحديد الئحة الشهادات التي تعادل دبلوم التخصص 2005  يونيو10(
في الطب، تخصص : جراحة القلب والشرايين، كما وقع تتميمه؛
تتميمه؛
1446  من ربيع االخر24  الصادر في2.24.991 وعلى املرسوم رقم
) املتعلق باختصاصات وزير التعليم العالي والبحث 2024  اكتوبر28(
1446  من ربيع االخر24  الصادر في2.24.991 وبناء على املرسوم رقم
) املتعلق باختصاصات وزير التعليم العالي والبحث 2024  اكتوبر28(
العلمي واالبتكار؛
العلمي واالبتكار؛
وبعد استشارة اللجنة القطاعية لعلوم الصحة املنعقدة بتاريخ
وبعد استشارة اللجنة القطاعية لعلوم الصحة املنعقدة بتاريخ؛2026  مارس3؛2026  مارس3
وبعد استطالع راي املجلس الوطني للهيئة الوطنية للطبيبات
وبعد استطالع راي املجلس الوطني للهيئة الوطنية للطبيبات
واالطباء،
واالطباء،
الجريدة الرسمية((15 (1ينوي 5(1( 29 29 ذ2جحلا وذ 929 - 7517 عدد
: قرر ما يلي
املادة االولى
: قرر ما يلي
املادة االولى
تتمم على النحو التالي املادة االولى من القرار املشار اليه اعاله
تتمم على النحو التالي املادة االولى من القرار املشار اليه اعاله
) :1997  ديسمبر3( 1418  شعبان2  الصادر في2963.97 رقم
) :2005  يونيو10( 1426  جمادى االولى2  الصادر في1197.05 رقم
تحدد على النحو التالي الئحة الشهادات التي تعادل - .«املادة االولى
تحدد على النحو التالي الئحة الشهادات التي تعادل - .«املادة االولى
«دبلوم دكتور في الطب مشفوعة بشهادة البكالوريا للتعليم الثانوي شعبة
«دبلوم التخصص في الطب، تخصص : جراحة القلب والشرايين :
«العلوم التجريبية او العلوم الرياضية او دبلوم معترف بمعادلته لها :
«..........................................................................................................
«..........................................................................................................
السينغال :-«
رومانيا :-«
»...........................................................................................................
»...........................................................................................................
« – Diplôme d’études spécialisées (D.E.S) chirurgie
« – Titlul de doctor medic, délivré par Universitatii din
« thoracique et cardiovasculaire, délivré par l’Université
« Cheikh-Anta-Diop de Dakar - Sénégal.»
« Oradea - Roumanie ;
« – Titlul de doctor medic, délivré par Universitatii de",Fiscal,"Fiscal=2, Civil=2, Commercial=2",Fiscal,False,AR : texte source à réingérer (ordre des mots/paragraphes corrompu dès l'extraction PDF) — label non vérifié
600,BO_7517_Ar,الثانية,ar,"« medicina si farmacie din Craiova - Roumanie.»
ينشر هذا القرار بالجريدة الرسمية.",Fiscal,"Fiscal=1, Social=0, Administratif=0",Fiscal,False,AR : texte source à réingérer (ordre des mots/paragraphes corrompu dès l'extraction PDF) — label non vérifié
601,BO_7517_Ar,الثانية,ar,"ينشر هذا القرار بالجريدة الرسمية.
).2026  ماي4( 1447  من ذي القعدة16 وحرر بالرباط في
).2026  ماي4( 1447  من ذي القعدة16 وحرر بالرباط في
االمضاء : عز الدين املداوي.
االمضاء : عز الدين املداوي.
909.26 زير التعليم العالي والبحث العلمي واالبتكار رقموقرار ل
2) بتتميم القرار 026  ماي4( 144صادر في 61 من ذي القعدة 7
1) 99 ديسمبر 73( 1418 2 الصادر في 2 شعبان963.9رقم 7
910.26 زير التعليم العالي والبحث العلمي واالبتكار رقموقرار ل
2) بتتميم القرار 026  ماي4( 144صادر في 61 من ذي القعدة 7
2) 004 1 (62 ماي425  الصادر في 6 ربيع االخر950.04 رقم
م التخصص في و الشهادات التي تعادل دبلةبتحديد الئح
ر  في الطب.وم دكتو الشهادات التي تعادل دبلةبتحديد الئح
ليد.والطب، تخصص : امراض النساء والت
وزير التعليم العالي والبحث العلمي واالبتكار،
بعد االطالع على قرار وزير التعليم العالي والبحث العلمي والثقافة
) بتحديد 1997  ديسمبر3( 1418  شعبان2  الصادر في2963.97 رقم
الئحة الشهادات التي تعادل دبلوم دكتور في الطب، كما وقع تغييره
وزير التعليم العالي والبحث العلمي واالبتكار،
بعد االطالع على قرار وزير التعليم العالي وتكوين االطر والبحث
) 2004  ماي26( 1425  ربيع االخر6  الصادر في950.04 العلمي رقم
بتحديد الئحة الشهادات التي تعادل دبلوم التخصص في الطب،
وتتميمه؛
تخصص : امراض النساء والتوليد، كما وقع تتميمه :
1446  من ربيع االخر24  الصادر في2.24.991 وبناء على املرسوم رقم
) املتعلق باختصاصات وزير التعليم العالي والبحث 2024  اكتوبر28(
1446  من ربيع االخر24  الصادر في2.24.991 وبناء على املرسوم رقم
) املتعلق باختصاصات وزير التعليم العالي والبحث 2024  اكتوبر28(
العلمي واالبتكار؛
العلمي واالبتكار؛
وبعد استشارة اللجنة القطاعية لعلوم الصحة املنعقدة بتاريخ
وبعد استشارة اللجنة القطاعية لعلوم الصحة املنعقدة بتاريخ؛2026  مارس3؛2026  مارس3
وبعد استطالع راي املجلس الوطني للهيئة الوطنية للطبيبات
وبعد استطالع راي املجلس الوطني للهيئة الوطنية للطبيبات
واالطباء،
واالطباء،
الجريدة الرسمية3261
 ((15 (1ينوي 5(1( 29 29 ذ2جحلا وذ 929 - 7517 عدد
: قرر ما يلي
: قرر ما يلي
املادة االولى
املادة االولى
تتمم على النحو التالي املادة االولى من القرار املشار اليه اعاله
تتمم على النحو التالي املادة االولى من القرار املشار اليه اعاله
) :2004  ديسمبر27( 1425  من ذي القعدة14  الصادر في2189.04 رقم
)  :2004  ماي26( 1425  ربيع االخر6  الصادر في950.04 رقم
تحدد على النحو التالي الئحة الشهادات التي تعادل - .«املادة االولى
تحدد على النحو التالي الئحة الشهادات التي تعادل - .«املادة االولى
«دبلوم التخصص في الطب، تخصص : امراض النساء والتوليد :
«دبلوم التخصص في الطب، تخصص : امراض القلب :
«.........................................................................................................
«..........................................................................................................
املانيا :-«
املانيا :- «
».........................................................................................................
»...........................................................................................................
« – Specialiste en gynécologie et obstétrique (médecin
« – Titre de médecin spécialiste en médecine interne
« gynécologue), délivré par l’Ordre des médecins de
« Basse-Saxe - Allemagne.»
« et cardiologie, délivré par l’Ordre des médecins
« Westphalie - Lippe - Allemagne.»",Commercial,"Commercial=5, Fiscal=2, Civil=2",Commercial,False,AR : texte source à réingérer (ordre des mots/paragraphes corrompu dès l'extraction PDF) — label non vérifié
603,BO_7517_Ar,الثانية,ar,"ينشر هذا القرار بالجريدة الرسمية.
ينشر هذا القرار بالجريدة الرسمية.
).2026  ماي4( 1447  من ذي القعدة16 وحرر بالرباط في
).2026  ماي4( 1447  من ذي القعدة16 وحرر بالرباط في
االمضاء : عز الدين املداوي.
االمضاء : عز الدين املداوي.
911.26 زير التعليم العالي والبحث العلمي واالبتكار رقموقرار ل
2) بتتميم 026  ماي4( 144صادر في 61 من ذي القعدة 7
1 442 من ذي القعدة 73 1 صادر في03زير التجهيز واملاء رقم 62.7وقرار ل
1 من 8 2 الصادر في44.26 2) بتغيير القرار رقم026 (11 ماي
 على ةيض االمضاء واملصادقو2) بتف026  يناير8( 144رجب 7
1425 1 من ذي القعدة4 12 الصادر في89.04 القرار رقم
 الشهادات التي تعادل ة2) بتحديد الئح004 (72 ديسمبر
الصفقات.
م التخصص في الطب، تخصص : امراض القلب.ودبل
وزير التجهيز واملاء،
وزير التعليم العالي والبحث العلمي واالبتكار،
بعد االطالع على قرار وزير التربية الوطنية والتعليم العالي وتكوين
 1425  من ذي القعدة14  الصادر في2189.04 االطر والبحث العلمي رقم
) بتحديد الئحة الشهادات التي تعادل دبلوم 2004  ديسمبر27(
1447  من رجب18  الصادر في244.26 بعد االطالع على القرار رقم
) بتفويض االمضاء واملصادقة على الصفقات؛2026  يناير8(
1443  من ربيع االول14  الصادر في2.21.830 وعلى املرسوم رقم
) املتعلق باختصاصات وزير التجهيز واملاء،2021  اكتوبر21(
التخصص في الطب، تخصص : امراض القلب، كما وقع تتميمه؛
: قرر ما يلي
من ربيع24  الصادر في2.24.991 وبناء على املرسوم رقم
) املتعلق باختصاصات وزير التعليم 2024  اكتوبر28( 1446 االخر
املادة االولى
العالي والبحث العلمي واالبتكار؛
تغير على النحو التالي املادة الرابعة من القرار املشار اليه اعاله
) :2026  يناير8( 1447  من رجب18  بتاريخ244.26 رقم
وبعد استشارة اللجنة القطاعية لعلوم الصحة املنعقدة بتاريخ؛2026  مارس3
اذا تغيب السيد لحسن معزيزي او عاقه عائق ناب- .«املادة الرابعة
«عنه السيد عثمان العداوي، املتصرف من الدرجة االولى بمديرية
وبعد استطالع راي املجلس الوطني للهيئة الوطنية للطبيبات
«املوارد البشرية ................................................... لوزارة التجهيز واملاء.
واالطباء،
الجريدة الرسمية((15 (1ينوي 5(1( 29 29 ذ2جحلا وذ 929 - 7517 عدد
ذي5 1 صادر في036.26  رقمةيزيرة االقتصاد واملالوقرار ل",Fiscal,"Fiscal=3, Commercial=2, Civil=1",Fiscal,False,AR : texte source à réingérer (ordre des mots/paragraphes corrompu dès l'extraction PDF) — label non vérifié
604,BO_7517_Ar,الثانية,ar,"يض االمضاءو2) بتف026  1 (22 ماي44 7ةجالح
ينشر هذا القرار بالجريدة الرسمية.
).2026  ماي11( 1447  من ذي القعدة23 وحرر بالرباط في
وزيرة االقتصاد واملالية،
1443  ربيع االول4  الصادر في1.21.111 بناء على الظهير الشريف رقم
) بتعيين اعضاء الحكومة كما وقع تغييره؛2021  اكتوبر11(
االمضاء : نزار بركة.
ذي 5 1 صادر في035.26  رقمةيزيرة االقتصاد واملالوقرار ل
1444  رمضان8  الصادر في2.22.81 وعلى املرسوم رقم
) املتعلق بتفويض السلطة واالمضاء؛2023  مارس30(
يض االمضاءو2) بتف026  1 (22 ماي44 7ةجالح
1443  من ربيع االول14  الصادر في2.21.829 وعلى املرسوم رقم
وزيرة االقتصاد واملالية،
) املتعلق باختصاصات وزيرة االقتصاد واملالية،2021  اكتوبر21(
1443  ربيع االول4  الصادر في1.21.111 بناء على الظهير الشريف رقم
) بتعيين اعضاء الحكومة كما وقع تغييره؛2021  اكتوبر11(
: قررت ما يلي
املادة االولى
1444  رمضان8  الصادر في2.22.81 وعلى املرسوم رقم
) املتعلق بتفويض السلطة واالمضاء؛2023  مارس30(
يفوض الى السيد محمد الزهاوي، املدير العام الدارة الجمارك
والضرائب غير املباشرة، االمضاء او التاشير نيابة عن وزيرة االقتصاد
واملالية على جميع الوثائق املتعلقة بادارة الجمارك والضرائب غير
)1931  سبتمبر20( 1350  جمادى االولى7 وعلى القرار الصادر في
بتنظيم التعويض عن مصاريف التنقل والقيام بماموريات كما وقع
املباشرة ما عدا املراسيم والقرارات التنظيمية.
1394  صفر10  بتاريخ2.73.312 تغييره وتتميمه باملرسوم رقم
 منه؛20 ) وال سيما الفصل1974  مارس5(",Fiscal,"Fiscal=3, Commercial=3, Urbain=2",Fiscal,False,AR : texte source à réingérer (ordre des mots/paragraphes corrompu dès l'extraction PDF) — label non vérifié
605,BO_7517_Ar,الثانية,ar,"ينشر هذا القرار بالجريدة الرسمية.
من جمادى21  الصادر في3.228.74 وعلى قرار الوزير االول رقم
) بتحديد شروط وضع اوامر القيام 1974  يوليو12( 1394 االخرة
).2026   ماي22( 1447  ذي الحجة5 وحرر بالرباط في
االمضاء : نادية فتاح.
بماموريات في الخارج؛
1443  من ربيع االول14  الصادر في2.21.829 وعلى املرسوم رقم
1 44 7ةجحلا   ذي5 1 صادر في038.26  رقمةيزيرة االقتصاد واملالوقرار ل
) املتعلق باختصاصات وزيرة االقتصاد واملالية،2021  اكتوبر21(
ةيض السلطو2) بتف026 (22 ماي
: قررت ما يلي
وزيرة االقتصاد واملالية،
املادة االولى
1443  ربيع االول4  الصادر في1.21.111 بناء على الظهير الشريف رقم
يفوض الى السيد محمد الزهاوي، املدير العام الدارة الجمارك
والضرائب غير املباشرة، االمضاء نيابة عن وزيرة االقتصاد واملالية
على االوامر الصادرة للموظفين التابعين لالدارة املذكورة للقيام
) بتعيين اعضاء الحكومة كما وقع تغييره؛2021  اكتوبر11(
1444  رمضان8  الصادر في2.22.81 وعلى املرسوم رقم
) املتعلق بتفويض السلطة واالمضاء،2023  مارس30(
بماموريات خارج اململكة.
بمثابة مدونة تحصيل الديون العمومية15.97 وعلى القانون رقم
 1421  من محرم28  بتاريخ1.00.175 الصادر بتنفيذه الظهير الشريف رقم",Fiscal,"Fiscal=2, Commercial=2, Administratif=1",Fiscal,False,AR : texte source à réingérer (ordre des mots/paragraphes corrompu dès l'extraction PDF) — label non vérifié
606,BO_7517_Ar,الثانية,ar,"ينشر هذا القرار بالجريدة الرسمية.
)؛2000  ماي3(
).2026   ماي22( 1447  ذي الحجة5 وحرر بالرباط في
1443  من ربيع االول14  الصادر في2.21.829 وعلى املرسوم رقم
) املتعلق باختصاصات وزيرة االقتصاد واملالية،2021  اكتوبر21(
االمضاء : نادية فتاح.
الجريدة الرسمية3263
 ((15 (1ينوي 5(1( 29 29 ذ2جحلا وذ 929 - 7517 عدد
من املدونة العامة 143  ممارسة حق الشفعة طبقا للمادة-
قررت ما يلي :
املادة االولى
للضرائب؛
تفوض الى االشخاص االتية اسماؤهم سلطة اتخاذ القرارات
التالية املتعلقة بجميع الضرائب والرسوم والواجبات واملساهمات
املنصوص عليها في املدونة العامة للضرائب وكذا الرسوم واملساهمات
والغرامات املالية املعهود بتدبيرها او تدبيرها وتحصيلها للمديرية
العامة للضرائب املشار اليها مجتمعة بعبارة «فرض» في املواد التالية
االرجاع واالسترداد املثبت قانونيا لكل فرض كيفما كان مبلغه.-، السادة سعيد السعايلي وسعيد مبخوت واحمد خربوش- 3
 متصرفو املالية من الدرجة االولى املكلفون على التوالي باملصلحة
الجهوية لجبايات االشخاص االعتباريين واملصلحة الجهوية االولى
واملصلحة الجهوية الثانية لجبايات االشخاص الذاتيين لعمالة فاس
واقاليم موالي يعقوب وصفرو وبوملان وتاونات والسيد ابراهيم
احانو، املهندس الرئيس للمالية من الدرجة املمتازة املكلف بمصلحة
الوعاء الضريبي بتازة والسيدان املصطفى عمار، متصرف املالية من
الدرجة االولى ورشيد منصورين، املهندس الرئيس للمالية من الدرجة
املمتازة املكلفان على التوالي باملصلحة االولى واملصلحة الثانية للوعاء
وذلك في حدود املبالغ املبينة بالنسبة لكل واحد منهم :
السيد عبد هللا حمداش، متصرف املالية من الدرجة االولى - 1
 املكلف باملديرية الجهوية للضرائب لعمالتي فاس ومكناس واقاليم
الحاجب وافران وموالي يعقوب وصفرو وبوملان وتاونات وتازة
وذلك فيما يخص :
االسقاط الكلي او الجزئي لكل فرض اصدرته االدارة كيفما كان -
مبلغه اذا ثبت انه زائد على املبلغ املستحق او انه فرض مرتين
الضريبي لعمالة مكناس واقاليم افران والحاجب وذلك فيما يخص :
او فرض بغير موجب صحيح؛
االسقاط الكلي او الجزئي لكل فرض اصدرته االدارة مرتين او ثبت -
 انه زائد على املبلغ املستحق او فرض بغير موجب صحيح اذا كان
التخفيض املثبت قانونيا من كل فرض كيفما كان مبلغه؛-
الرفض املعلل للمطالبات املتعلقة باي فرض كيفما كان مبلغه؛-
مبلغه االصلي مضافة اليه الزيادات املرتبطة بتاسيسه يعادل
املوافقة على كل اقتراح يتعلق بعدم امكانية استخالص ديون-
درهم (خمسمائة الف درهم)؛500.000 او يقل عن
عمومية اصدرتها االدارة وذلك استنادا الى وثائق اثبات مقنعة؛
التخفيض الكلي او الجزئي املثبت قانونيا من كل فرض على-
 اال يزيد مبلغه االصلي مضافة اليه الزيادات املرتبطة بتاسيسه
 درهم (خمسمائة الف درهم) اما الزيادات املترتبة 500.000 على
االبراء والتخفيف من الذعائر والغرامات والزيادات وغيرها من -
الجزاءات كيفما كان مبلغها وكذا صوائر التحصيل؛
من املدونة العامة 143  ممارسة حق الشفعة طبقا للمادة-
عن تاخير االداء فيتم تخفيضها بصورة تلقائية؛
للضرائب؛
الرفض املعلل للمطالبات املتعلقة باي فرض يعادل مبلغه -
  درهم (خمسمائة الف درهم) او يقل عن ذلك شامال500.000
االرجاع واالسترداد املثبت قانونيا لكل فرض كيفما كان مبلغه.-
السيد محمد عبد الصمد ڬنون، متصرف املالية من الدرجة- 2
 االولى املكلف باملديرية االقليمية للضرائب لعمالة مكناس واقليمي
الصل الفرض والزيادات املرتبطة بتاسيسه؛
املوافقة على كل اقتراح يتعلق بعدم امكانية استخالص ديون -
 عمومية اصدرتها االدارة وذلك استنادا الى وثائق اثبات مقنعة
 درهم (خمسون الف 50.000 ويحدد سقف هذا االقتراح في مبلغ
افران والحاجب وذلك فيما يخص :
االسقاط الكلي او الجزئي لكل فرض اصدرته االدارة كيفما كان -
مبلغه اذا ثبت انه زائد على املبلغ املستحق او انه فرض مرتين
درهم) شامال الصل الفرض والزيادات املرتبطة بتاسيسه؛
او فرض بغير موجب صحيح؛
االرجاع واالسترداد املثبت قانونيا لكل فرض ما عدا الضريبة على -
 الدخل املقتطعة من املنبع على االجور والدخول التي في حكمها
التخفيض املثبت قانونيا من كل فرض كيفما كان مبلغه؛-
الرفض املعلل للمطالبات املتعلقة باي فرض كيفما كان مبلغه؛-
درهم (مليون درهم)؛1.000.000 وذلك في حدود مبلغ
املوافقة على كل اقتراح يتعلق بعدم امكانية استخالص ديون-
عمومية اصدرتها االدارة وذلك استنادا الى وثائق اثبات مقنعة؛
االسترداد املثبت قانونيا للضريبة على الدخل املقتطعة من املنبع -
  درهم100.000 على االجور والدخول التي في حكمها في حدود مبلغ
االبراء والتخفيف من الذعائر والغرامات والزيادات وغيرها من -
(مائة الف درهم).
الجزاءات كيفما كان مبلغها وكذا صوائر التحصيل؛
الجريدة الرسمية((15 (1ينوي 5(1( 29 29 ذ2جحلا وذ 929 - 7517 عدد
الدرجة االولى املكلفان على التوالي بتقسيمة جبايات االشخاص
االعتباريين وتقسيمة جبايات االشخاص الذاتيين بتازة والسادة
يوسف املشتير وعالل عامري والسيدة حنان بورديم، متصرفو
املالية من الدرجة االولى وزكرياء االسماعيلي، متصرف املالية من
الدرجة الثانية ومحمد سفيان خلوفي، املهندس الرئيس للمالية من
الدرجة االولى ويوسف زنيدي وانس جميل، تقنيا املالية من الدرجة
االولى املكلفون بتقسيمات الضرائب باملديرية االقليمية للضرائب
السيدة نزهة مدغري علوي، املهندسة الرئيسة للمالية من-4
 الدرجة املمتازة والسيد احمد بوزفور، متصرف املالية من الدرجة
االولى املكلفان على التوالي باملصلحة الجهوية للمساعدة والتواصل
بفاس واملصلحة االقليمية للمساعدة والتواصل بمكناس وذلك فيما
يخص :
االسقاط الكلي او الجزئي لكل فرض اصدرته االدارة مرتين او ثبت -
 انه زائد على املبلغ املستحق او فرض بغير موجب صحيح اذا كان
بمكناس وذلك فيما يخص :
مبلغه االصلي مضافة اليه الزيادات املرتبطة بتاسيسه يعادل
االسقاط الكلي او الجزئي لكل فرض اصدرته االدارة مرتين او ثبت -
 انه زائد على املبلغ املستحق او فرض بغير موجب صحيح اذا كان
درهم (خمسون الف درهم).50.000 او يقل عن
السادة محمد قداري ورشيد اقرطيط ومحمد مقبوب، - 5،متصرفو املالية من الدرجة االولى ومحمد ستوران وانس العشعاش
متصرفا املالية من الدرجة الثانية واحمد بلخيدج، تقني املالية من
الدرجة االولى املكلفون على التوالي بتقسيمات الضرائب املتعددة
االختصاصات بتاونات وصفرو وازرو وعين تاوجطات وميسور وذلك
مبلغه االصلي مضافة اليه الزيادات املرتبطة بتاسيسه يعادل
درهم (مائة الف درهم)؛100.000 او يقل عن
التخفيض الكلي او الجزئي املثبت قانونيا من كل فرض على-
 اال يزيد مبلغه االصلي مضافة اليه الزيادات املرتبطة بتاسيسه
 درهم (مائة الف درهم) اما الزيادات املترتبة عن 100.000 على
فيما يخص :
تاخير االداء فيتم تخفيضها بصورة تلقائية؛
الرفض املعلل للمطالبات املتعلقة باي فرض يعادل مبلغه -
  درهم (مائة الف درهم) او يقل عن ذلك شامال الصل100.000
االسقاط الكلي او الجزئي لكل فرض اصدرته االدارة مرتين او ثبت -
 انه زائد على املبلغ املستحق او فرض بغير موجب صحيح، اذا كان
الفرض والزيادات املرتبطة بتاسيسه؛
مبلغه االصلي مضافة اليه الزيادات املرتبطة بتاسيسه يعادل
درهم (مائة الف درهم)؛100.000 او يقل عن
االسترداد املثبت قانوني",Fiscal,"Fiscal=8, Administratif=3, Commercial=1",Fiscal,True,AR : texte source à réingérer (ordre des mots/paragraphes corrompu dès l'extraction PDF) — label non vérifié
607,BO_7517_Ar,الثانية,ar,"2099.25 ينشر هذا القرار بالجريدة الرسمية وينسخ القرار رقم
) بتفويض السلطة.2025  اغسطس22( 1447  من صفر28 الصادر في
).2026  ماي22( 1447  ذي الحجة5 وحرر بالرباط في
االمضاء : نادية فتاح.
الجريدة الرسمية3265
 ((15 (1ينوي 5(1( 29 29 ذ2جحلا وذ 929 - 7517 عدد
السيد ربيع االصماعي ويونس بوبرية، متصرفا املالية من- 2
 الدرجة االولى املكلفان على التوالي باملصلحة الجهوية االولى واملصلحة
الجهوية الثانية للوعاء الضريبي القاليم بني مالل وازيالل والفقيه بن
صالح والسيدة حسناء غانيمي، املهندسة الرئيسة للمالية من الدرجة
االولى املكلفة بمصلحة الوعاء الضريبي بخريبكة والسيد حميد
بوهالل، متصرف املالية من الدرجة االولى املكلف بمصلحة الوعاء
144 7ةجحلا   ذي5 1 صادر في039.26  رقمةيزيرة االقتصاد واملالوقرار ل
ةيض السلطو2) بتف026 (22 ماي
وزيرة االقتصاد واملالية،
 1443  ربيع االول4  الصادر في1.21.111 بناء على الظهير الشريف رقم
) بتعيين اعضاء الحكومة كما وقع تغييره؛2021  اكتوبر11(
1444  رمضان8  الصادر في2.22.81 وعلى املرسوم رقم
) املتعلق بتفويض السلطة واالمضاء؛2023  مارس30(
الضريبي بخنيفرة وذلك فيما يخص :
االسقاط الكلي او الجزئي لكل فرض اصدرته االدارة مرتين او ثبت -
 انه زائد على املبلغ املستحق او فرض بغير موجب صحيح اذا كان
بمثابة مدونة تحصيل الديون العمومية15.97 وعلى القانون رقم
 1421  من محرم28  بتاريخ1.00.175 الصادر بتنفيذه الظهير الشريف رقم
مبلغه االصلي مضافة اليه الزيادات املرتبطة بتاسيسه يعادل
)؛2000  ماي3(
درهم (خمسمائة الف درهم)؛500.000 او يقل عن
1443  من ربيع االول14  الصادر في2.21.829 وعلى املرسوم رقم
التخفيض الكلي او الجزئي املثبت قانونيا من كل فرض على-
 اال يزيد مبلغه االصلي مضافة اليه الزيادات املرتبطة بتاسيسه
 درهم (خمسمائة الف درهم) اما الزيادات املترتبة 500.000 على
) املتعلق باختصاصات وزيرة االقتصاد واملالية،2021  اكتوبر21(
: قررت ما يلي
املادة االولى
عن تاخير االداء فيتم تخفيضها بصورة تلقائية؛
تفوض الى االشخاص االتية اسماؤهم سلطة اتخاذ القرارات
التالية املتعلقة بجميع الضرائب والرسوم والواجبات واملساهمات
املنصوص عليها في املدونة العامة للضرائب وكذا الرسوم واملساهمات
والغرامات املالية املعهود بتدبيرها او تدبيرها وتحصيلها للمديرية
العامة للضرائب املشار اليها مجتمعة بعبارة «فرض» في املواد التالية
الرفض املعلل للمطالبات املتعلقة باي فرض يعادل مبلغه -
  درهم (خمسمائة الف درهم) او يقل عن ذلك شامال500.000
الصل الفرض والزيادات املرتبطة بتاسيسه؛
املوافقة على كل اقتراح يتعلق بعدم امكانية استخالص ديون -
 عمومية اصدرتها االدارة وذلك استنادا الى وثائق اثبات مقنعة
 درهم (خمسون الف 50.000 ويحدد سقف هذا االقتراح في مبلغ
وذلك في حدود املبالغ املبينة بالنسبة لكل واحد منهم :
السيد محمد خبزي، متصرف املالية من الدرجة االولى املكلف - 1
 باملديرية الجهوية للضرائب القاليم بني مالل وازيالل والفقيه بن صالح
درهم) شامال الصل الفرض والزيادات املرتبطة بتاسيسه؛
وخنيفرة وخريبكة وذلك فيما يخص :
االرجاع واالسترداد املثبت قانونيا لكل فرض ما عدا الضريبة على -
 الدخل املقتطعة من املنبع على االجور والدخول التي في حكمها
االسقاط الكلي او الجزئي لكل فرض اصدرته االدارة كيفما كان -
مبلغه اذا ثبت انه زائد على املبلغ املستحق او انه فرض مرتين
درهم (مليون درهم)؛1.000.000 وذلك في حدود مبلغ
او فرض بغير موجب صحيح؛
االسترداد املثبت قانونيا للضريبة على الدخل املقتطعة من املنبع -
  درهم100.000 على االجور والدخول التي في حكمها في حدود مبلغ
التخفيض املثبت قانونيا من كل فرض كيفما كان مبلغه؛-
الرفض املعلل للمطالبات املتعلقة باي فرض كيفما كان مبلغه؛-
(مائة الف درهم).
املوافقة على كل اقتراح يتعلق بعدم امكانية استخالص ديون-
السيد يونس الشادلي، متصرف املالية من الدرجة الثانية - 3
 املكلف باملصلحة الجهوية للمساعدة والتواصل باملديرية الجهوية
عمومية اصدرتها االدارة وذلك استنادا الى وثائق اثبات مقنعة؛
االبراء والتخفيف من الذعائر والغرامات والزيادات وغيرها من -
للضرائب ببني مالل وذلك فيما يخص :
الجزاءات كيفما كان مبلغها وكذا صوائر التحصيل؛
االسقاط الكلي او الجزئي لكل فرض اصدرته االدارة مرتين او ثبت -
 انه زائد على املبلغ املستحق او فرض بغير موجب صحيح اذا كان
من املدونة العامة 143  ممارسة حق الشفعة طبقا للمادة-
للضرائب؛
مبلغه االصلي مضافة اليه الزيادات املرتبطة بتاسيسه يعادل
درهم (خمسون الف درهم).50.000 او يقل عن
االرجاع واالسترداد املثبت قانونيا لكل فرض كيفما كان مبلغه.-
الجريدة الرسمية((15 (1ينوي 5(1( 29 29 ذ2جحلا وذ 929 - 7517 عدد
االسقاط الكلي او الجزئي لكل فرض اصدرته االدارة مرتين او ثبت -
السيدتان وفاء حسيني، متصرفة املالية من الدرجة الثانية- 4
 وسميرة رشيد، تقنية املالية من الدرجة الثانية والسيدان عبد
العظيم العماري، متصرف املالية من الدرجة الثانية وعماد الوردي،
تقني املالية من الدرجة الثالثة املكلفون على التوالي بتقسيمات
الضرائب املتعددة االختصاصات بسوق السبت اوالد النمة وقصبة
انه زائد على املبلغ املستحق او فرض بغير موجب صحيح اذا كان
مبلغه االصلي مضافة اليه الزيادات املرتبطة بتاسيسه يعادل
درهم (مائة الف درهم)؛100.000 او يقل عن
التخفيض الكلي او الجزئي املثبت قانونيا من كل فرض على-
تادلة وازيالل والفقيه بن صالح وذلك فيما يخص :
اال يزيد مبلغه االصلي مضافة اليه الزيادات املرتبطة بتاسيسه
االسقاط الكلي او الجزئي لكل فرض اصدرته االدارة مرتين او ثبت -
 انه زائد على املبلغ املستحق او فرض بغير موجب صحيح اذا كان
درهم (مائة الف درهم) اما الزيادات املترتبة عن 100.000 على
مبلغه االصلي مضافة اليه الزيادات املرتبطة بتاسيسه يعادل
تاخير االداء فيتم تخفيضها بصورة تلقائية؛
درهم (مائة الف درهم)؛100.000 او يقل عن
الرفض املعلل للمطالبات املتعلقة باي فرض يعادل مبلغه -
التخفيض الكلي او الجزئي املثبت قانونيا من كل فرض على-
 اال يزيد مبلغه االصلي مضافة اليه الزيادات املرتبطة بتاسيسه
 درهم (مائة الف درهم) اما الزيادات املترتبة عن 100.000 على
درهم (مائة الف درهم) او يقل عن ذلك شامال الصل100.000
الفرض والزيادات املرتبطة بتاسيسه؛
االسترداد املثبت قانونيا للضريبة على الدخل املقتطعة من املنبع -
تاخير االداء فيتم تخفيضها بصورة تلقائية؛
درهم5.000 على االجور والدخول التي في حكمها في حدود مبلغ
الرفض املعلل للمطالبات املتعلقة باي فرض يعادل مبلغه -
  درهم (مائة الف درهم) او يقل عن ذلك شامال الصل100.000
(خمسة االف درهم).
الفرض والزيادات املرتبطة بتاسيسه؛
السيد عالء الفاضل، مهندس الدولة للمالية من الدرجة - 6
االرجاع واالسترداد املثبت قانونيا لكل فرض ما عدا الضريبة على -
 الدخل املقتطعة من املنبع على االجور والدخول التي في حكمها
املمتازة املكلف بمكتب املساعدة الجبائية ببني مالل والسيدة فاطمة
الزهراء وشني، تقنية املالية من الدرجة الثالثة املكلفة بمكتب
درهم (مائة الف درهم)؛100.000 وذلك في حدود مبلغ
املساعدة التقنية والتواصل ببني مالل والسيدة زينب جرفاوي، تقنية
االسترداد املثبت قانونيا للضريبة على الدخل ام",Fiscal,"Fiscal=10, Commercial=3, Urbain=1",Fiscal,True,AR : texte source à réingérer (ordre des mots/paragraphes corrompu dès l'extraction PDF) — label non vérifié
608,BO_7517_Ar,الثانية,ar,"2098.25 ينشر هذا القرار بالجريدة الرسمية وينسخ القرار رقم
) بتفويض السلطة.2025  اغسطس22( 1447  من صفر28 الصادر في
).2026  ماي22( 1447  ذي الحجة5 وحرر بالرباط في
للوعاء الضريبي بخنيفرة وذلك فيما يخص :
االمضاء : نادية فتاح.
الجريدة الرسمية3267
( (15 (1ينوي 5(1( 29 29 ذ2جحلا وذ 929 - 7517 عدد
144 7ةجحلا   ذي5 1 صادر في040.26  رقمةيزيرة االقتصاد واملالوقرار ل
السيد محمد املنياني، متصرف املالية من الدرجة االولى املكلف- 2
  ايت-  ايت ملول واقاليم اشتوكة- باملديرية االقليمية لعمالة انزكان
ةيض السلطو2) بتف026 (22 ماي
باها وتارودانت وتيزنيت وطاطا وذلك فيما يخص :
وزيرة االقتصاد واملالية،
 1443  ربيع االول4  الصادر في1.21.111 بناء على الظهير الشريف رقم
االسقاط الكلي او الجزئي لكل فرض اصدرته االدارة كيفما كان -
مبلغه اذا ثبت انه زائد على املبلغ املستحق او انه فرض مرتين
) بتعيين اعضاء الحكومة كما وقع تغييره؛2021  اكتوبر11(
او فرض بغير موجب صحيح؛
1444  رمضان8  الصادر في2.22.81 وعلى املرسوم رقم
) املتعلق بتفويض السلطة واالمضاء؛2023  مارس30(
التخفيض املثبت قانونيا من كل فرض كيفما كان مبلغه؛-
بمثابة مدونة تحصيل الديون العمومية15.97 وعلى القانون رقم
 1421  من محرم28  بتاريخ1.00.175 الصادر بتنفيذه الظهير الشريف رقم
الرفض املعلل للمطالبات املتعلقة باي فرض كيفما كان مبلغه؛-
)؛2000  ماي3(
املوافقة على كل اقتراح يتعلق بعدم امكانية استخالص ديون-
1443  من ربيع االول14  الصادر في2.21.829 وعلى املرسوم رقم
عمومية اصدرتها االدارة وذلك استنادا الى وثائق اثبات مقنعة؛
) املتعلق باختصاصات وزيرة االقتصاد واملالية،2021  اكتوبر21(
االبراء والتخفيف من الذعائر والغرامات والزيادات وغيرها من -
: قررت ما يلي
املادة االولى
الجزاءات كيفما كان مبلغها وكذا صوائر التحصيل؛
من املدونة العامة 143  ممارسة حق الشفعة طبقا للمادة-
تفوض الى االشخاص االتية اسماؤهم سلطة اتخاذ القرارات
التالية املتعلقة بجميع الضرائب والرسوم والواجبات واملساهمات
املنصوص عليها في املدونة العامة للضرائب وكذا الرسوم واملساهمات
والغرامات املالية املعهود بتدبيرها او تدبيرها وتحصيلها للمديرية
العامة للضرائب املشار اليها مجتمعة بعبارة «فرض» في املواد التالية
للضرائب؛
االرجاع واالسترداد املثبت قانونيا لكل فرض كيفما كان مبلغه.-
السيدان يونس مرا وعبد هللا بوعائشة، متصرفا املالية- 3
 من الدرجة االولى املكلفان على التوالي باملصلحة الجهوية لجبايات
االشخاص االعتباريين واملصلحة الجهوية لجبايات االشخاص الذاتيين
باملديرية الجهوية للضرائب باكادير والسيدان عبد اللطيف ناجين،
املهندس الرئيس للمالية من الدرجة املمتازة وعزيز احمد مطاعي،
متصرف املالية من الدرجة االولى املكلفان على التوالي باملصلحة
االقليمية لجبايات االشخاص االعتباريين واملصلحة االقليمية
 - لجبايات االشخاص الذاتيين باملديرية االقليمية للضرائب انزكان
ايت ملول والسيد ابراهيم الديه، متصرف املالية من الدرجة االولى
والسيدة البتول النجماوي، تقنية املالية من الدرجة الثانية املكلفان
على التوالي بمصلحة الوعاء الضريبي بكلميم ومصلحة الوعاء الضريبي
بالعيون  الداخلة والسيدان الحسين الشيخ وجالل سعداني، متصرفا
املالية من الدرجة االولى املكلفان على التوالي بمصلحة الوعاء الضريبي
وذلك في حدود املبالغ املبينة بالنسبة لكل واحد منهم :
السيد عز الدين اليعقوبي، متصرف املالية من الدرجة االولى - 1
-  اداوتنان وانزكان- املكلف باملديرية الجهوية للضرائب لعمالتي اكادير
 ايت باها وتارودانت وتيزنيت وطاطا - ايت ملول واقاليم اشتوكة
الزاك وطانطان وسيدي افني والعيون وبوجدور -وكلميم واسا
وطرفاية والسمارة ووادي الذهب واوسرد وذلك فيما يخص :
االسقاط الكلي او الجزئي لكل فرض اصدرته االدارة كيفما كان -
 مبلغه اذا ثبت انه زائد على املبلغ املستحق او انه فرض مرتين
او فرض بغير موجب صحيح؛
التخفيض املثبت قانونيا من كل فرض كيفما كان مبلغه؛-
الرفض املعلل للمطالبات املتعلقة باي فرض كيفما كان مبلغه؛-
املوافقة على كل اقتراح يتعلق بعدم امكانية استخالص ديون-
عمومية اصدرتها االدارة وذلك استنادا الى وثائق اثبات مقنعة؛
بتيزنيت ومصلحة الوعاء الضريبي بتارودانت وذلك فيما يخص :
االبراء والتخفيف من الذعائر والغرامات والزيادات وغيرها من -
الجزاءات كيفما كان مبلغها وكذا صوائر التحصيل؛
االسقاط الكلي او الجزئي لكل فرض اصدرته االدارة مرتين او ثبت -
 انه زائد على املبلغ املستحق او فرض بغير موجب صحيح اذا كان
من املدونة العامة 143  ممارسة حق الشفعة طبقا للمادة-
للضرائب؛
مبلغه االصلي مضافة اليه الزيادات املرتبطة بتاسيسه يعادل
درهم (خمسمائة الف درهم)؛500.000 او يقل عن
االرجاع واالسترداد املثبت قانونيا لكل فرض كيفما كان مبلغه.-
الجريدة الرسمية((15 (1ينوي 5(1( 29 29 ذ2جحلا وذ 929 - 7517 عدد
التخفيض الكلي او الجزئي املثبت قانونيا من كل فرض على-
 اال يزيد مبلغه االصلي مضافة اليه الزيادات املرتبطة بتاسيسه
 درهم (مائة الف درهم) اما الزيادات املترتبة عن 100.000 على
التخفيض الكلي او الجزئي املثبت قانونيا من كل فرض على-
 اال يزيد مبلغه االصلي مضافة اليه الزيادات املرتبطة بتاسيسه
 درهم (خمسمائة الف درهم) اما الزيادات املترتبة 500.000 على
عن تاخير االداء فيتم تخفيضها بصورة تلقائية؛
تاخير االداء فيتم تخفيضها بصورة تلقائية؛
الرفض املعلل للمطالبات املتعلقة باي فرض يعادل مبلغه -
  درهم (خمسمائة الف درهم) او يقل عن ذلك شامال500.000
الرفض املعلل للمطالبات املتعلقة باي فرض يعادل مبلغه -
  درهم (مائة الف درهم) او يقل عن ذلك شامال الصل100.000
الصل الفرض والزيادات املرتبطة بتاسيسه؛
الفرض والزيادات املرتبطة بتاسيسه؛
املوافقة على كل اقتراح يتعلق بعدم امكانية استخالص ديون -
 عمومية اصدرتها االدارة وذلك استنادا الى وثائق اثبات مقنعة
 درهم (خمسون الف 50.000 ويحدد سقف هذا االقتراح في مبلغ
االرجاع واالسترداد املثبت قانونيا لكل فرض ما عدا الضريبة على -
 الدخل املقتطعة من املنبع على االجور والدخول التي في حكمها
درهم (مائة الف درهم)؛100.000 وذلك في حدود مبلغ
درهم) شامال الصل الفرض والزيادات املرتبطة بتاسيسه؛
االسترداد املثبت قانونيا للضريبة على الدخل املقتطعة من املنبع -
  درهم50.000 على االجور والدخول التي في حكمها في حدود مبلغ
االرجاع واالسترداد املثبت قانونيا لكل فرض ما عدا الضريبة على -
 الدخل املقتطعة من املنبع على االجور والدخول التي في حكمها
(خمسون الف درهم).
درهم (مليون درهم)؛1.000.000 وذلك في حدود مبلغ
السيدة ملياء الحسيني والسيدان نور الدين الغزدمي وعبد الواحد - 6
 اسندال، متصرفا املالية من الدرجة االولى والسيدة منيرة بنوى والسيدان
الحسين وحموش ومحمد منصور، متصرفو املالية من الدرجة الثانية
والسيدة هند رزوق، تقنية املالية من الدرجة الثانية والسيد حسان
ولسو، تقني املالية من الدرجة الثالثة املكلفون بتقسيمات الضرائب
باملديرية الجهوية للضرائب باكادير والسيد محمد كماد، املهندس
الرئيس للمالية من الدرجة االولى والسادة عبد الحميد مزوز وحسن
حيمي وحسن بوغاشي، متصرفو املالية من الدرجة الثانية والسيدة
فاطمة بوالريش والسيدان",Fiscal,"Fiscal=8, Commercial=2, Administratif=1",Fiscal,True,AR : texte source à réingérer (ordre des mots/paragraphes corrompu dès l'extraction PDF) — label non vérifié
609,BO_7517_Ar,الثانية,ar,"املوافقة على كل اقتراح يتعلق بعدم امكانية استخالص ديون-
عمومية اصدرتها االدارة وذلك استنادا الى وثائق اثبات مقنعة؛
2097.25 ينشر هذا القرار بالجريدة الرسمية وينسخ القرار رقم
) بتفويض السلطة.2025  اغسطس22( 1447  من صفر28 الصادر في
االبراء والتخفيف من الذعائر والغرامات والزيادات وغيرها من -
الجزاءات كيفما كان مبلغها وكذا صوائر التحصيل؛
).2026  ماي22( 1447  ذي الحجة5 وحرر بالرباط في
من املدونة العامة 143  ممارسة حق الشفعة طبقا للمادة-
االمضاء : نادية فتاح.
للضرائب؛
االرجاع واالسترداد املثبت قانونيا لكل فرض كيفما كان مبلغه.-
1 44 7ةجحلا   ذي5 1 صادر في041.26  رقمةيزيرة االقتصاد واملالوقرار ل
ةيض السلطو2) بتف026 (22 ماي
السيد شكري الكوهن، متصرف املالية من الدرجة االولى- 2
 املكلف باملديرية االقليمية للضرائب القاليم القنيطرة والخميسات
وسيدي قاسم وسيدي سليمان وذلك فيما يخص :
وزيرة االقتصاد واملالية،
1443  ربيع االول4  الصادر في1.21.111 بناء على الظهير الشريف رقم
) بتعيين اعضاء الحكومة كما وقع تغييره؛2021  اكتوبر11(
االسقاط الكلي او الجزئي لكل فرض اصدرته االدارة كيفما كان -
مبلغه اذا ثبت انه زائد على املبلغ املستحق او انه فرض مرتين
او فرض بغير موجب صحيح؛
1444  رمضان8  الصادر في2.22.81 وعلى املرسوم رقم
) املتعلق بتفويض السلطة واالمضاء؛2023  مارس30(
التخفيض املثبت قانونيا من كل فرض كيفما كان مبلغه؛ -
الرفض املعلل للمطالبات املتعلقة باي فرض كيفما كان مبلغه؛-
بمثابة مدونة تحصيل الديون العمومية15.97 وعلى القانون رقم
 من28  بتاريخ1.00.175 الصادر بتنفيذه الظهير الشريف رقم
املوافقة على كل اقتراح يتعلق بعدم امكانية استخالص ديون-
)؛ 2000  ماي3( 1421 محرم
عمومية اصدرتها االدارة وذلك استنادا الى وثائق اثبات مقنعة؛
1443  من ربيع االول14  الصادر في2.21.829 وعلى املرسوم رقم
االبراء والتخفيف من الذعائر والغرامات والزيادات وغيرها من -
الجزاءات كيفما كان مبلغها وكذا صوائر التحصيل؛
) املتعلق باختصاصات وزيرة االقتصاد واملالية،2021  اكتوبر21(
الجريدة الرسمية((15 (1ينوي 5(1( 29 29 ذ2جحلا وذ 929 - 7517 عدد
االسقاط الكلي او الجزئي لكل فرض اصدرته االدارة مرتين او ثبت -
 انه زائد على املبلغ املستحق او فرض بغير موجب صحيح اذا كان
من املدونة العامة143  ممارسة حق الشفعة طبقا للمادة-
للضرائب؛
مبلغه االصلي مضافة اليه الزيادات املرتبطة بتاسيسه يعادل
االرجاع واالسترداد املثبت قانونيا لكل فرض كيفما كان مبلغه.-
درهم (خمسمائة الف درهم)؛ 500.000 او يقل عن
السيدة سعيدة كليدة والسادة محمد حرمي وعادل التائب- 3
 ونور الدين الكتاوي، متصرفو املالية من الدرجة االولى املكلفون
باملديريات االقليمية التابعة للمديرية الجهوية للضرائب بعماالت
التخفيض الكلي او الجزئي املثبت قانونيا من كل فرض على-
 اال يزيد مبلغه االصلي مضافة اليه الزيادات املرتبطة بتاسيسه
 درهم (خمسمائة الف درهم) اما الزيادات املترتبة 500.000 على
تمارة وذلك فيما يخص :- الرباط وسال والصخيرات
االسقاط الكلي او الجزئي لكل فرض اصدرته االدارة كيفما كان -
عن تاخير االداء فيتم تخفيضها بصورة تلقائية؛
مبلغه اذا ثبت انه زائد على املبلغ املستحق او انه فرض مرتين
الرفض املعلل للمطالبات املتعلقة باي فرض يعادل مبلغه -
  درهم (خمسمائة الف درهم) او يقل عن ذلك شامال500.000
او فرض بغير موجب صحيح؛
التخفيض الكلي او الجزئي املثبت قانونيا من كل فرض على-
 اال يزيد مبلغه االصلي مضافة اليه الزيادات املرتبطة بتاسيسه
 درهم (ثمانمائة الف درهم) اما الزيادات املترتبة 800.000 على
الصل الفرض والزيادات املرتبطة بتاسيسه؛
املوافقة على كل اقتراح يتعلق بعدم امكانية استخالص ديون -
 عمومية اصدرتها االدارة وذلك استنادا الى وثائق اثبات مقنعة
 درهم (خمسون الف 50.000 ويحدد سقف هذا االقتراح في مبلغ
عن تاخير االداء فيتم تخفيضها بصورة تلقائية؛
الرفض املعلل للمطالبات املتعلقة باي فرض يعادل مبلغه -
  درهم (ثمانمائة الف درهم) او يقل عن ذلك شامال800.000
درهم) شامال الصل الفرض والزيادات املرتبطة بتاسيسه؛
الصل الفرض والزيادات املرتبطة بتاسيسه؛
االرجاع واالسترداد املثبت قانونيا لكل فرض ما عدا الضريبة على -
 الدخل املقتطعة من املنبع على االجور والدخول التي في حكمها
املوافقة على كل اقتراح يتعلق بعدم امكانية استخالص ديون -
 عمومية اصدرتها االدارة وذلك استنادا الى وثائق اثبات مقنعة
 درهم (ثمانمائة 800.000 ويحدد سقف هذا االقتراح في مبلغ
درهم (مليون درهم)؛1.000.000 وذلك في حدود مبلغ
الف درهم) شامال الصل الفرض والزيادات املرتبطة بتاسيسه؛
االسترداد املثبت قانونيا للضريبة على الدخل املقتطعة من املنبع -
  درهم100.000 على االجور والدخول التي في حكمها في حدود مبلغ
االبراء والتخفيف من الذعائر والغرامات والزيادات وغيرها من -
 ) درهم (ثمانمائة الف درهم800.000 الجزاءات في حدود مبلغ
(مائة الف درهم).
وكذا صوائر التحصيل؛
السيدتان فوزية ملنيعي وامينة املساعف، متصرفتا املالية - 5
 من الدرجة االولى املكلفتان على التوالي باملصلحة الجهوية للمساعدة
والتواصل باملديرية الجهوية للضرائب بالرباط واملصلحة االقليمية
للمساعدة والتواصل باملديرية االقليمية للضرائب بالقنيطرة وذلك
االرجاع واالسترداد املثبت قانونيا لكل فرض في حدود مبلغ -
.) درهم (ثالثة ماليين درهم3.000.000
السيدة ايمان زهوان، املهندسة الرئيسة للمالية من الدرجة- 4
 املمتازة والسيد اناس عمراني، املهندس الرئيس للمالية من الدرجة
االولى والسيدات منى املساري وسميرة الحوعضي وامال كناني
وفاطمة هشمي ولطيفة رافي وحكيمة حديوي والسيدان حسن
شهيد وحسن اسويلي، متصرفو املالية من الدرجة االولى املكلفون
باملصالح االقليمية للوعاء الضريبي باملديريات االقليمية التابعة
فيما يخص :
االسقاط الكلي او الجزئي لكل فرض اصدرته االدارة مرتين او ثبت -
 انه زائد على املبلغ املستحق او فرض بغير موجب صحيح اذا كان
مبلغه االصلي مضافة اليه الزيادات املرتبطة بتاسيسه يعادل
-للمديرية الجهوية للضرائب بعماالت الرباط وسال والصخيرات
تمارة والسادة عبد الغني شكور، متصرف املالية من الدرجة االولى
ورشيد زبير، املهندس الرئيس للمالية من الدرجة املمتازة ومحمد
معدون، متصرف املالية من الدرجة االولى املكلفون على التوالي
باملصلحة االقليمية االولى واملصلحة االقليمية الثانية واملصلحة
االقليمية الثالثة للوعاء الضريبي باملديرية االقليمية للضرائب
القاليم القنيطرة والخميسات وسيدي قاسم وسيدي سليمان
درهم (خمسون الف درهم).50.000 او يقل عن
السادة محمد ادالل واملصطفى حمدة والعربي بلعربي - 6
 ويوسف بوشياض، متصرفو املالية من الدرجة االولى والسيد محمد
الشرفاوي، متصرف املالية من الدرجة الثانية املكلفون على التوالي
بتقسيمات الضرائب املتعددة االختصاصات بكل من سيدي سليمان
وسيدي قاسم والخميسات وسوق االربعاء وتيفلت وذلك فيما يخص :
وذلك فيما يخص :
الجريدة الرسمية3217
( (15 (1ينوي 5(1( 29 29 ذ2جحلا وذ 929 - 7517 عدد
االسقاط الكلي او الجزئي لكل فرض اصدرته االدارة مرتين او ثبت -
 انه زائد على املبلغ املستحق او فرض بغير موجب صحيح اذا كان
االسقاط الكلي او الجزئي لكل فرض اصدرته االدارة مرتي",Fiscal,"Fiscal=6, Commercial=2, Urbain=1",Fiscal,True,AR : texte source à réingérer (ordre des mots/paragraphes corrompu dès l'extraction PDF) — label non vérifié
610,BO_7517_Ar,الثانية,ar,"تمارة  - الجهوية للضرائب بعماالت الرباط وسال والصخيرات
2096.25 ينشر هذا القرار بالجريدة الرسمية وينسخ القرار رقم
والسادة عبد العزيز الغالي واملصطفى بامحمد واملصطفى زيان
) بتفويض السلطة.2025  اغسطس22( 1447  من صفر28 الصادر في
ومحمد حفيان ورضا بنميلود، متصرفو املالية من الدرجة االولى
).2026  ماي22( 1447  ذي الحجة5  وحرر بالرباط في
املكلفون بتقسيمات الضرائب التابعة للمديرية االقليمية للضرائب
بالقنيطرة وذلك فيما يخص :
االمضاء : نادية فتاح.
الجريدة الرسمية((15 (1ينوي 5(1( 29 29 ذ2جحلا وذ 929 - 7517 عدد
من املدونة العامة 143  ممارسة حق الشفعة طبقا للمادة-
144 7ةجحلا   ذي5 1 صادر في042.26  رقمةيزيرة االقتصاد واملالوقرار ل
للضرائب؛
ةيض السلطو2) بتف026 (22 ماي
االرجاع واالسترداد املثبت قانونيا لكل فرض كيفما كان مبلغه.-
وزيرة االقتصاد واملالية،
السيد محمد بستة، متصرف املالية من الدرجة االولى املكلف- 2
 باملديرية االقليمية للضرائب القاليم الناضور والدريوش وتاوريرت
1443  ربيع االول4  الصادر في1.21.111 بناء على الظهير الشريف رقم
) بتعيين اعضاء الحكومة كما وقع تغييره؛2021  اكتوبر11(
وجرسيف وذلك فيما يخص :
1444  رمضان8  الصادر في2.22.81 وعلى املرسوم رقم
) املتعلق بتفويض السلطة واالمضاء؛2023  مارس30(
االسقاط الكلي او الجزئي لكل فرض اصدرته االدارة كيفما كان -
مبلغه اذا ثبت انه زائد على املبلغ املستحق او انه فرض مرتين
او فرض بغير موجب صحيح؛
بمثابة مدونة تحصيل الديون العمومية15.97 وعلى القانون رقم
 من28  بتاريخ1.00.175 الصادر بتنفيذه الظهير الشريف رقم
التخفيض املثبت قانونيا من كل فرض كيفما كان مبلغه؛ -
)؛ 2000  ماي3( 1421 محرم
الرفض املعلل للمطالبات املتعلقة باي فرض كيفما كان مبلغه؛-
1443  من ربيع االول14  الصادر في2.21.829 وعلى املرسوم رقم
املوافقة على كل اقتراح يتعلق بعدم امكانية استخالص ديون-
) املتعلق باختصاصات وزيرة االقتصاد واملالية،2021  اكتوبر21(
عمومية اصدرتها االدارة وذلك استنادا الى وثائق اثبات مقنعة؛
: قررت ما يلي
االبراء والتخفيف من الذعائر والغرامات والزيادات وغيرها من -
املادة االولى
الجزاءات كيفما كان مبلغها وكذا صوائر التحصيل؛
تفوض الى االشخاص االتية اسماؤهم سلطة اتخاذ القرارات
التالية املتعلقة بجميع الضرائب والرسوم والواجبات واملساهمات
املنصوص عليها في املدونة العامة للضرائب وكذا الرسوم واملساهمات
والغرامات املالية املعهود بتدبيرها او تدبيرها وتحصيلها للمديرية
العامة للضرائب واملشار اليها مجتمعة بعبارة «فرض» في املواد التالية
من املدونة العامة 143  ممارسة حق الشفعة طبقا للمادة-
للضرائب؛
االرجاع واالسترداد املثبت قانونيا لكل فرض كيفما كان مبلغه.-
السيدان الحسين يوسفي واسامة زدان، متصرفا املالية- 3
 من الدرجة االولى املكلفان على التوالي باملصلحة الجهوية لجبايات
االشخاص االعتباريين واملصلحة الجهوية لجبايات االشخاص
 انجاد واقليمي فجيج وجرادة والسيد - الذاتيين لعمالة وجدة
عبد الفتاح قوبع، متصرف املالية من الدرجة االولى املكلف باملصلحة
الجهوية للوعاء الضريبي القليم بركان والسيدان الياس اعبوب
وانوار دايداي، متصرفا املالية من الدرجة الثانية املكلفان على التوالي
باملصلحة االقليمية االولى واملصلحة االقليمية الثانية للوعاء الضريبي
وذلك في حدود املبالغ املبينة بالنسبة لكل واحد منهم :
السيد جمال الدين فائق، متصرف املالية من الدرجة االولى - 1
  انجاد واقاليم- املكلف باملديرية الجهوية للضرائب لعمالة وجدة
الناضور والدريوش وجرادة وبركان وتاوريرت وجرسيف وفجيج
وذلك فيما يخص :
االسقاط الكلي او الجزئي لكل فرض اصدرته االدارة كيفما كان -
القاليم الناضور والدريوش وتاوريرت وجرسيف، وذلك فيما يخص :
مبلغه اذا ثبت انه زائد على املبلغ املستحق او انه فرض مرتين
او فرض بغير موجب صحيح؛
االسقاط الكلي او الجزئي لكل فرض اصدرته االدارة مرتين او ثبت -
 انه زائد على املبلغ املستحق او فرض بغير موجب صحيح اذا كان
مبلغه االصلي مضافة اليه الزيادات املرتبطة بتاسيسه يعادل
التخفيض املثبت قانونيا من كل فرض كيفما كان مبلغه؛ -
الرفض املعلل للمطالبات املتعلقة باي فرض كيفما كان مبلغه؛-
درهم (خمسمائة الف درهم)؛ 500.000 او يقل عن
املوافقة على كل اقتراح يتعلق بعدم امكانية استخالص ديون-
التخفيض الكلي او الجزئي املثبت قانونيا من كل فرض على-
 اال يزيد مبلغه االصلي مضافة اليه الزيادات املرتبطة بتاسيسه
 درهم (خمسمائة الف درهم) اما الزيادات املترتبة 500.000 على
عمومية اصدرتها االدارة وذلك استنادا الى وثائق اثبات مقنعة؛
االبراء والتخفيف من الذعائر والغرامات والزيادات وغيرها من -
الجزاءات كيفما كان مبلغها وكذا صوائر التحصيل؛
عن تاخير االداء فيتم تخفيضها بصورة تلقائية؛
الجريدة الرسمية3273
 ((15 (1ينوي 5(1( 29 29 ذ2جحلا وذ 929 - 7517 عدد
الرفض املعلل للمطالبات املتعلقة باي فرض يعادل مبلغه -
  درهم (مائة الف درهم) او يقل عن ذلك شامال الصل100.000
الرفض املعلل للمطالبات املتعلقة باي فرض يعادل مبلغه -
  درهم (خمسمائة الف درهم) او يقل عن ذلك شامال500.000
الفرض والزيادات املرتبطة بتاسيسه؛
الصل الفرض والزيادات املرتبطة بتاسيسه؛
االرجاع واالسترداد املثبت قانونيا لكل فرض، ما عدا الضريبة على -
 الدخل املقتطعة من املنبع على االجور والدخول التي في حكمها
املوافقة على كل اقتراح يتعلق بعدم امكانية استخالص ديون -
 عمومية اصدرتها االدارة وذلك استنادا الى وثائق اثبات مقنعة
 درهم (خمسون الف 50.000 ويحدد سقف هذا االقتراح في مبلغ
درهم (مائة الف درهم)؛100.000 وذلك في حدود مبلغ
االسترداد املثبت قانونيا للضريبة على الدخل املقتطعة من املنبع -
  درهم50.000 على االجور والدخول التي في حكمها في حدود مبلغ
درهم) شامال الصل الفرض والزيادات املرتبطة بتاسيسه؛
االرجاع واالسترداد املثبت قانونيا لكل فرض ما عدا الضريبة على -
 الدخل املقتطعة من املنبع على االجور والدخول التي في حكمها
(خمسون الف درهم).
السيدان زين الدين كميمش وعبد القادر بوبوح، متصرفا - 6
 املالية من الدرجة االولى املكلفان على التوالي بالتقسيمة االولى
والتقسيمة الثانية لجبايات االشخاص االعتباريين باملديرية
الجهوية للضرائب بوجدة والسيد خالد العجوري، متصرف املالية
من الدرجة االولى املكلف بتقسيمة جبايات االشخاص االعتباريين
ببركان والسادة سفيان بوشيخي، متصرف املالية من الدرجة االولى
وعبد النبي مودر، متصرف املالية من الدرجة الثانية ومحمد ابجبيج،
تقني املالية من الدرجة االولى وفاطمة بوعقلين، متصرفة املالية
من الدرجة االولى املكلفون على التوالي بالتقسيمات االولى والثانية
والثالثة والرابعة لجبايات االشخاص الذاتيين باملديرية الجهوية
للضرائب بوجدة والسيدة هند مروك، تقنية املالية من الدرجة االولى
والسيد بنيونس الزياني، متصرف املالية من الدرجة االولى املكلفان
على التوالي بالتقسيمة االولى والتقسيمة الثانية لجبايات االشخاص
الذاتيين ببركان والسيد جمال مرجان، متصرف املالية من الدرجة
الثانية املكلف بتقسيمة جبايات االشخاص االعتباريين باملديرية
االقليمية للضرائب بالناضور والسيد عبد الحميد براقي، متصرف
املالية من الدرجة االولى والسيدة لبنى بوكرو",Fiscal,"Fiscal=8, Urbain=6, Administratif=2",Fiscal,True,AR : texte source à réingérer (ordre des mots/paragraphes corrompu dès l'extraction PDF) — label non vérifié
611,BO_7517_Ar,الثانية,ar,"الرفض املعلل للمطالبات املتعلقة باي فرض كيفما كان مبلغه؛-
2092.25 ينشر هذا القرار بالجريدة الرسمية وينسخ القرار رقم
املوافقة على كل اقتراح يتعلق بعدم امكانية استخالص ديون-
) بتفويض السلطة.2025  اغسطس22( 1447  من صفر28 الصادر في
عمومية اصدرتها االدارة وذلك استنادا الى وثائق اثبات مقنعة؛
).2026  ماي22( 1447  ذي الحجة5   وحرر بالرباط في
االبراء والتخفيف من الذعائر والغرامات والزيادات وغيرها من -
االمضاء : نادية فتاح.
الجزاءات كيفما كان مبلغها وكذا صوائر التحصيل؛
من املدونة العامة 143  ممارسة حق الشفعة طبقا للمادة-
1 44 7ةجحلا   ذي5 1 صادر في043.26  رقمةيزيرة االقتصاد واملالوقرار ل
للضرائب؛
ةيض السلطو2) بتف026 (22 ماي
االرجاع واالسترداد املثبت قانونيا لكل فرض كيفما كان مبلغه.-
وزيرة االقتصاد واملالية،
السيد هشام بقالي، متصرف املالية من الدرجة االولى املكلف- 2
 باملصلحة الجهوية لجبايات االشخاص االعتباريين والسادة منير
لخليفي والبشير شكار وعبد العزيز الوردوي، متصرفو املالية من
الدرجة االولى املكلفون على التوالي باملصلحة الجهوية االولى واملصلحة
الجهوية الثانية واملصلحة الجهوية الثالثة لجبايات االشخاص الذاتيين
باملديرية الجهوية للضرائب بمراكش والسيدان وئيل يعكوبي،
متصرف املالية من الدرجة االولى وتاشفين الروحاني، املهندس
الرئيس للمالية من الدرجة االولى املكلفان على التوالي باملصلحة
االولى واملصلحة الثانية للوعاء الضريبي القليم اسفي والسيد الياس
اليعقوبي، متصرف املالية من الدرجة الثانية املكلف بمصلحة الوعاء
1443  ربيع االول4  الصادر في1.21.111 بناء على الظهير الشريف رقم
) بتعيين اعضاء الحكومة كما وقع تغييره؛2021  اكتوبر11(
1444  رمضان8  الصادر في2.22.81 وعلى املرسوم رقم
) املتعلق بتفويض السلطة واالمضاء؛2023  مارس30(
بمثابة مدونة تحصيل الديون العمومية15.97 وعلى القانون رقم
 من28  بتاريخ1.00.175 الصادر بتنفيذه الظهير الشريف رقم
)؛ 2000  ماي3( 1421 محرم
1443  من ربيع االول14  الصادر في2.21.829 وعلى املرسوم رقم
) املتعلق باختصاصات وزيرة االقتصاد واملالية،2021  اكتوبر21(
الضريبي القليم الصويرة وذلك فيما يخص :
الجريدة الرسمية3275
 ((15 (1ينوي 5(1( 29 29 ذ2جحلا وذ 929 - 7517 عدد
االسقاط الكلي او الجزئي لكل فرض اصدرته االدارة مرتين او ثبت -
 انه زائد على املبلغ املستحق او فرض بغير موجب صحيح اذا كان
االسقاط الكلي او الجزئي لكل فرض اصدرته االدارة مرتين او ثبت -
 انه زائد على املبلغ املستحق او فرض بغير موجب صحيح اذا كان
مبلغه االصلي مضافة اليه الزيادات املرتبطة بتاسيسه يعادل
مبلغه االصلي مضافة اليه الزيادات املرتبطة بتاسيسه يعادل
درهم (خمسمائة الف درهم)؛ 500.000 او يقل عن
درهم (مائة الف درهم)؛100.000 او يقل عن
التخفيض الكلي او الجزئي املثبت قانونيا من كل فرض على-
 اال يزيد مبلغه االصلي مضافة اليه الزيادات املرتبطة بتاسيسه
 درهم (خمسمائة الف درهم) اما الزيادات املترتبة 500.000 على
التخفيض الكلي او الجزئي املثبت قانونيا من كل فرض على-
 اال يزيد مبلغه االصلي مضافة اليه الزيادات املرتبطة بتاسيسه
 درهم (مائة الف درهم) اما الزيادات املترتبة عن 100.000 على
عن تاخير االداء فيتم تخفيضها بصورة تلقائية؛
تاخير االداء فيتم تخفيضها بصورة تلقائية؛
الرفض املعلل للمطالبات املتعلقة باي فرض يعادل مبلغه -
  درهم (خمسمائة الف درهم) او يقل عن ذلك شامال500.000
الرفض املعلل للمطالبات املتعلقة باي فرض يعادل مبلغه -
  درهم (مائة الف درهم) او يقل عن ذلك شامال الصل100.000
الصل الفرض والزيادات املرتبطة بتاسيسه؛
املوافقة على كل اقتراح يتعلق بعدم امكانية استخالص ديون -
 عمومية اصدرتها االدارة وذلك استنادا الى وثائق اثبات مقنعة
 درهم (خمسون الف 50.000 ويحدد سقف هذا االقتراح في مبلغ
الفرض والزيادات املرتبطة بتاسيسه؛
االرجاع واالسترداد املثبت قانونيا لكل فرض ما عدا الضريبة على -
 الدخل املقتطعة من املنبع على االجور والدخول التي في حكمها
درهم) شامال الصل الفرض والزيادات املرتبطة بتاسيسه؛
درهم (مائة الف درهم)؛100.000 وذلك في حدود مبلغ
االرجاع واالسترداد املثبت قانونيا لكل فرض ما عدا الضريبة على -
 الدخل املقتطعة من املنبع على االجور والدخول التي في حكمها
االسترداد املثبت قانونيا للضريبة على الدخل املقتطعة من املنبع -
  درهم50.000 على االجور والدخول التي في حكمها في حدود مبلغ
درهم (مليون درهم)؛1.000.000 وذلك في حدود مبلغ
(خمسون الف درهم).
االسترداد املثبت قانونيا للضريبة على الدخل املقتطعة من املنبع -
  درهم100.000 على االجور والدخول التي في حكمها في حدود مبلغ
السيدة صفية خليل والسيدان مصطفى التقي وعبد الرحمن - 5
(مائة الف درهم).،اومعلي، متصرفو املالية من الدرجة االولى والسيد رشيد ازوكني
السيدة صباح املنصوري، متصرفة املالية من الدرجة االولى - 3
 املكلفة باملصلحة الجهوية للمساعدة والتواصل باملديرية
متصرف املالية من الدرجة الثانية املكلفون على التوالي بالتقسيمات
االولى والثانية والثالثة والرابعة لجبايات االشخاص االعتباريين
الجهوية للضرائب بمراكش وذلك فيما يخص :
باملديرية الجهوية للضرائب بمراكش والسيدة رشيدة حادك،
االسقاط الكلي او الجزئي لكل فرض اصدرته االدارة مرتين او ثبت -
 انه زائد على املبلغ املستحق او فرض بغير موجب صحيح اذا كان
متصرفة املالية من الدرجة الثانية املكلفة بتقسيمة جبايات
مبلغه االصلي مضافة اليه الزيادات املرتبطة بتاسيسه يعادل
االشخاص االعتباريين القليم اسفي والسادة سعيد نوحي ونبيل عسلي
درهم (خمسون الف درهم).50.000 او يقل عن
وادريس حمور وعبد الرحيم جمامة ومبارك بنديه، متصرفو املالية
من الدرجة االولى املكلفون بتقسيمات جبايات االشخاص الذاتيين
باملديرية الجهوية للضرائب بمراكش والسيدان محمد لعنوني،
متصرف املالية من الدرجة االولى وعثمان الشرقي، تقني املالية من
الدرجة االولى املكلفان على التوالي بالتقسيمة االولى والتقسيمة الثانية
لجبايات االشخاص الذاتيين باسفي والسيدة سارة الشراعي، تقنية
املالية من الدرجة الثانية املكلفة بتقسيمة الوعاء الضريبي بالصويرة
السادة املصطفى ابن حقي ونجيب ملتميس والحسن بنمانة، - 4
 متصرفو املالية من الدرجة االولى املكلفون على التوالي بتقسيمات
الضرائب املتعددة االختصاصات القاليم قلعة السراغنة والحوز
وشيشاوة والسيدة سعيدة ميدوني، متصرفة املالية من الدرجة
الثانية املكلفة بتقسيمة الضرائب املتعددة االختصاصات القليم
اليوسفية والسيد محمد اوجامع، تقني املالية من الدرجة الثالثة
املكلف بتقسيمة الضرائب املتعددة االختصاصات القليم الرحامنة
وذلك فيما يخص :
وذلك فيما يخص :
الجريدة الرسمية((15 (1ينوي 5(1( 29 29 ذ2جحلا وذ 929 - 7517 عدد
ة املعمارية الهندسةاالذن بممارس
االسقاط الكلي او الجزئي لكل فرض اصدرته االدارة مرتين او ثبت -
انه زائد على املبلغ املستحق او فرض بغير موجب صحيح اذا كان
من17  صادر في1077.26 بموجب مقرر لالمين العام للحكومة رقم
 للسيدة 6526 ) يرخص تحت عدد2026  يونيو3( 1447 ذي الحجة
زينة شاكر الحاملة لدبلوم مهندس معماري مسلم من املدرسة
االورومتوسطية للهندسة املعمارية والتصميم والتعمير بفاس بتاريخ، ان تحمل صفة مهندس ",Fiscal,"Fiscal=10, Urbain=6, Commercial=2",Fiscal,True,AR : texte source à réingérer (ordre des mots/paragraphes corrompu dès l'extraction PDF) — label non vérifié
612,BO_7517_Ar,الثانية,ar,"2094.25 ينشر هذا القرار بالجريدة الرسمية وينسخ القرار رقم
) بتفويض السلطة.2025  اغسطس22( 1447  من صفر28 الصادر في
الرباط.
).2026  ماي22( 1447  ذي الحجة5     وحرر بالرباط في
*
* *
االمضاء : نادية فتاح.
الجريدة الرسمية3277
( (15 (1ينوي 5(1( 29 29 ذ2جحلا وذ 929 - 7517 عدد
من17  صادر في1085.26 بموجب مقرر لالمين العام للحكومة رقم
 للسيدة6542 ) يرخص تحت عدد2026  يونيو3( 1447 ذي الحجة
مونية القويد الحاملة لدرجة املاستر في الهندسة املعمارية مسلمة
« O.M BEKETOV NATIONAL UNIVERSITY OF URBAN من، ان تحمل 2023  ماي31  اوكرانيا بتاريخ-  بخاركيفECONOMY»
 صفة مهندس معماري وتزاول الهندسة املعمارية بالقطاع الخاص
بالشركة ذات املسؤولية املحدودة، املكونة من شريك وحيد املسماة
»، الكائنة بمدينة سيدي بنور، بصفتها املسيرة MEHMET ARCHI«
من17  صادر في1081.26 بموجب مقرر لالمين العام للحكومة رقم
 للسيدة 6530 ) يرخص تحت عدد2026  يونيو3( 1447 ذي الحجة
تورية شريفي الحاملة لدبلوم مهندس معماري مسلم من املدرسة
العليا للهندسة املعمارية التابعة للجامعة الدولية للرباط بتاريخ، ان تحمل صفة مهندس معماري وتزاول الهندسة 2024  نوفمبر28
 املعمارية بالقطاع الخاص بالشركة ذات املسؤولية املحدودة، املكونة
»، الكائنة بمدينة القنيطرة، ATELIER TCA« من شريك وحيد املسماة
بصفتها املسيرة الوحيدة لها.
.الوحيدة لها
*
*
* *
 من17  صادر في1082.26 بموجب مقرر لالمين العام للحكومة رقم
 للسيدة 6531 ) يرخص تحت عدد2026  يونيو3( 1447 ذي الحجة
* *
 من17  صادر في1086.26 بموجب مقرر لالمين العام للحكومة رقم
 للسيد 6543 ) يرخص تحت عدد2026  يونيو3( 1447 ذي الحجة
رشيد الشايب الحامل لدبلوم مهندس معماري مسلم من املدرسة العليا
مريم فيرادي الحاملة لدبلوم مهندس معماري مسلم من املدرسة
العليا للهندسة املعمارية التابعة للجامعة الدولية للرباط بتاريخ، ان تحمل صفة مهندس معماري وتزاول الهندسة 2025  اكتوبر28
 املعمارية بالقطاع الخاص بصفة مستقلة مع جعل مكتبها بمدينة،1989  فبراير28 للبناء واالشغال العمومية بكييف باوكرانيا بتاريخ
ان يحمل صفة مهندس معماري ويزاول الهندسة املعمارية بالقطاع
الخاص بصفة مستقلة مع جعل مكتبه بمدينة وجدة.
مراكش.
*
*
* *
 من17  صادر في1087.26 بموجب مقرر لالمين العام للحكومة رقم
 للسيد 6544 ) يرخص تحت عدد2026  يونيو3( 1447 ذي الحجة
* *
 من17  صادر في1083.26 بموجب مقرر لالمين العام للحكومة رقم
 للسيدة 6532 ) يرخص تحت عدد2026  يونيو3( 1447 ذي الحجة
نزار باحمو الحامل لدبلوم مهندس معماري مسلم من املدرسة
العليا للهندسة املعمارية التابعة للجامعة الدولية للرباط بتاريخ، ان يحمل صفة مهندس معماري ويزاول الهندسة 2025  سبتمبر25
 املعمارية بالقطاع الخاص بصفة مستقلة مع جعل مكتبه بمدينة
سلمى يحيى الحاملة لدبلوم مهندس معماري مسلم من املدرسة، ان تحمل 2024  فبراير6 الوطنية للهندسة املعمارية بفاس بتاريخ
صفة مهندس معماري وتزاول الهندسة املعمارية بالقطاع الخاص
بصفة مستقلة مع جعل مكتبها بمدينة طنجة.
الرباط.
*
*
* *
 من17  صادر في1084.26 بموجب مقرر لالمين العام للحكومة رقم
 للسيد 6533 ) يرخص تحت عدد2026  يونيو3( 1447 ذي الحجة
عبد الرحيم برجي الحامل لدبلوم مهندس معماري مسلم من املدرسة
االورومتوسطية للهندسة املعمارية والتصميم والتعمير بفاس بتاريخ، ان يحمل صفة مهندس معماري ويزاول الهندسة 2025  نوفمبر25
 املعمارية بالقطاع الخاص بصفة مستقلة مع جعل مكتبه بمدينة
* *
 من17  صادر في1088.26 بموجب مقرر لالمين العام للحكومة رقم
 للسيدة 6545 ) يرخص تحت عدد2026  يونيو3( 1447 ذي الحجة
منال عدنان الحاملة لدبلوم مهندس معماري مسلم من املدرسة
االورومتوسطية للهندسة املعمارية والتصميم والتعمير بفاس بتاريخ، ان تحمل صفة مهندس معماري وتزاول الهندسة 2023  نوفمبر3
 املعمارية بالقطاع الخاص بصفة مستقلة مع جعل مكتبها بمدينة
مكناس.
الرباط.
*
*
* *
* *
الجريدة الرسمية((15 (1ينوي 5(1( 29 29 ذ2جحلا وذ 929 - 7517 عدد
من17  صادر في1093.26 بموجب مقرر لالمين العام للحكومة رقم
من17  صادر في1089.26 بموجب مقرر لالمين العام للحكومة رقم
 6546 ) يرخص تحت عدد2026  يونيو3( 1447 ذي الحجة
للسيدة مرفت الركييك الحاملة لدبلوم مهندس معماري مسلم من
للسيد6550 ) يرخص تحت عدد2026  يونيو3( 1447 ذي الحجة
مكرم مزدغي الحامل لدرجة املاستر في الهندسة املعمارية مسلمة
املدرسة الوطنية العليا للهندسة املعمارية لفرساي بفرنسا بتاريخ، ان تحمل صفة مهندس معماري وتزاول الهندسة 2021  يناير14
 املعمارية بالقطاع الخاص بصفة مستقلة مع جعل مكتبها بمدينة
« O.M BEKETOV NATIONAL UNIVERSITY OF URBAN من، ان يحمل 2023  يونيو30  اوكرانيا بتاريخ-  بخاركيفECONOMY»
تطوان.
*
صفة مهندس معماري ويزاول الهندسة املعمارية بالقطاع الخاص
* *
بصفة مستقلة مع جعل مكتبه بمدينة خريبكة.
من17  صادر في1090.26 بموجب مقرر لالمين العام للحكومة رقم
 للسيد 6547 ) يرخص تحت عدد2026  يونيو3( 1447 ذي الحجة
كمال غديوي الحامل لدبلوم مهندس معماري مسلم من مدرسة، ان يحمل صفة 1996  يوليو5 الهندسة املعمارية بفرنسا بتاريخ
مهندس معماري ويزاول الهندسة املعمارية بالقطاع الخاص بصفة
*
* *
من17  صادر في1094.26 بموجب مقرر لالمين العام للحكومة رقم
مستقلة مع جعل مكتبه بمدينة فاس.
للسيد6551 ) يرخص تحت عدد2026  يونيو3( 1447 ذي الحجة
*
« O.M طه عاللي الحامل لدرجة املاستر في الهندسة املعمارية مسلمة من
* *
BEKETOV NATIONAL UNIVERSITY OF URBAN ECONOMY»
من17  صادر في1091.26 بموجب مقرر لالمين العام للحكومة رقم
 للسيدة 6548 ) يرخص تحت عدد2026  يونيو3( 1447 ذي الحجة
اكرام بوعسرية الحاملة لدبلوم مهندس معماري مسلم من املدرسة، ان تحمل 1997  يناير14 الوطنية للهندسة املعمارية بالرباط بتاريخ
صفة مهندس معماري وتزاول الهندسة املعمارية بالقطاع الخاص، ان يحمل صفة مهندس2022  ماي31  اوكرانيا بتاريخ- بخاركيف
معماري ويزاول الهندسة املعمارية بالقطاع الخاص بصفة مستقلة
مع جعل مكتبه بمدينة مراكش.
بصفة مستقلة مع جعل مكتبها بمدينة مكناس.
*
*
* *
* *
من17  صادر في1092.26 بموجب مقرر لالمين العام للحكومة رقم
 للسيد 6549 ) يرخص تحت عدد2026  يونيو3( 1447 ذي الحجة
عبد الصمد الهاللي الحامل لدبلوم مهندس معماري مسلم من الجامعة، ان 2024  يونيو7 الوطنية للعلوم والتكنولوجيا باوكرانيا بتاريخ
يحمل صفة مهندس معماري ويزاول الهندسة املعمارية بالقطاع
من17  صادر في1095.26 بموجب مقرر لالمين العام للحكومة رقم
للسيدة 6552 ) يرخص تحت عدد2026  يونيو3( 1447 ذي الحجة
سلمى فشقول الحاملة لدبلوم مهندس معماري مسلم من املدرسة، 2019 الوطنية للهندسة املعمارية بالرباط بتاريخ فاتح اغسطس
الخاص بصفة مستقلة مع جعل مكتبه بمدينة وجدة.
ان تحمل صفة مهندس معماري وتزاول الهندسة املعمارية بالقطاع
*
* *
الخاص بصفة مستقلة مع جعل مكتبها بمدينة الرباط.
الجريدة الرسمية3279
((15 (1ينوي 5(1( 29 29 ذ2جحلا وذ 929 - 7517 عدد
95 2) بتخطيط حدود الطريق رقم026  مارس3( 1441 من رمضان 73  صادر في486.26 ان رقمو تطةقرار لرئيس مجلس جماع
ان وبتعيين القطع وان باقليم تطو تطة بجماع453  رقم 1 (الطريق ا",Urbain,"Urbain=44, Fiscal=4, Commercial=2",Urbain,True,AR : texte source à réingérer (ordre des mots/paragraphes corrompu dès l'extraction PDF) — label non vérifié
613,BO_7517_Ar,الثانية,ar,"تعين بناء على ما ذكر، القطع االرضية املراد نزع ملكيتها ملا تستوجبه هذه العملية، املبينة في الجدول اسفله واملرسومة
امللحق باصل هذا القرار :1/500 حدودها باللون االحمر في التصميم التجزيئي ذي املقياس
3280 الجريدة الرسمية عدد 7517 - 29 ذو الحجة 1447 )15 يونيو 2026(
‎ETS‏ المساحة الاجمالية 1 اسماء الملاك او المفترض المساحة المراد نزع ملاحظات
 | مرجعها العقاري | ‎nn‏ اغم كذلك وعناوينهم ملكيتها ب: م*
‎O1 |‏ | بسمعقارتيعدد: 19/36089 2473 4 ‎""ELEGANT ESCAPE SARL‏ | 168 ال
07 02 | مطلب التحفيظ عند: 19/3226 | ‎pa À‏ وشركاؤه 7 ® |
‎uses | 03‏ عدد: 19/19754 توقش فاطمة-الطوب رقوشة-بن مرزوق فطومة- لوقش
 ياسمينة -لوقش امل -عزعان وشيدة-اشعاش فاطمة-
| العفراوي رشيدة سين عبد الوهاب ‎cn‏ عبد الوهاب عبد
| ؤ 64 السلام-بن عبد الوهاب فاطمة-بن عبد الوهاب خدوجة-
بن عبد الوهاب امينة- بنعبد الوهاب عشوشة-بن عبد
| الوهاب كتزة- بن عبد الوهاب تعزيزة-الطوب فامة سعزيمان
عبد الواحد-لوقش سلوى-الريفي فطومة-لوقش كريم -
‎Die |‏ مهدية- لوقش ‎CAB es‏ -الطوب فاطمة -
لوقش عالية-اشعاش ائيسة-الطوب خدوجة -بلحاج
زهور - بنحاج زهور -اشعاش حسن-عريهان اسية-اشعاش
عبر
اي ا ‎RS‏ جهول 2 |
| ياسمينة -لوقش ‎dupe Li‏ رشيدة -اشعاش فاطمة-
| | العفراوتي رشيدة-بن عبد الوهاب ‎cd‏ عبد الوهاب عبد
| | السلامسبن عبد الوهاب فاطمة-بن عبد الوهاب خدوجة-
94 … بن عبد الوهاب امينة- بنعبد الوهاب عشوشةسبن عبد
| الوهماب كيزة - بن عبد الوهاب لعزيزة -الطوب فامة- لوقاش
‎1 |‏ عالية- عرمان عبد الواحد-لوقش سلوى-الريفي فطومة-
| لوقش كريم - عزيهان مهدية- لوقش عمر سلوقش د
ا العلوب فاطمة -لوقش عالية-اشعاش ائيسة-الطوب
| ا خدوجة ‎pb‏ زهور - ‎pb‏ زهور -اشعاش حسن-
|  عزهان اسية -اشعاش عدر
ا | ‎Qu‏ تتحفيظ عدد: 19/115347 | 2779 0022| افرسيين عبد الله 13 |
ال سمه ‎ane mme mn mm‏
المادة الثالثة. - ينشر هذا القرار بالجريدة الرسمية.
وحرر بتطوان في 13 من رمضان 1447 (3 مارس 2026).
الامضاء : مصطفى البكوري.
الجريدة الرسمية3281
((15 (1ينوي 5(1( 29 29 ذ2جحلا وذ 929 - 7517 عدد
2) بتخطيط حدود مقطع من026  مارس3( 1441 من رمضان 73  صادر في48ان رقم 62.7و تطةقرار لرئيس مجلس جماع
 ةيان وبتعيين القطع االرضوان باقليم تطو تطةان بجماعو تطة جماعة في تصميم تهيئ414 ز لها برقموالطريق املرم
.ةيجبه هذه العملواملراد نزع ملكيتها ملا تست
رئيس مجلس جماعة تطوان،
 بتاريخ 1.15.85  املتعلق بالجماعات الصادر بتنفيذه الظهير الشريف رقم113.14 بناء على القانون التنظيمي رقم
)؛2015  يوليو7( 1436  من رمضان20
  املتعلق بنزع امللكية الجل املنفعة العامة وباالحتالل املؤقت الصادر بتنفيذه الظهير الشريف7.81 وعلى القانون رقم
)؛1982  ماي6( 1402  من رجب11  بتاريخ1.81.254 رقم
1412  من ذي الحجة15  بتاريخ1.92.31  املتعلق بالتعمير الصادر بتنفيذه الظهير الشريف رقم12.90  وعلى القانون رقم
) كما تم تغييره وتتميمه؛1992  يونيو17(
 1.21.74  املتعلق بنظام االمالك العقارية للجماعات الترابية الصادر بتنفيذه الظهير الشريف رقم57.19 وعلى القانون رقم
)؛2021  يوليو14( 1442  ذي الحجة3 بتاريخ
 املشار اليه اعاله؛7.81 ) بتطبيق القانون رقم1983  ابريل16( 1403  رجب2  الصادر في2.82.382 وعلى املرسوم رقم
 املشار 12.90 ) بتطبيق القانون رقم1993  اكتوبر14( 1414  من ربيع االخر27  الصادر في2.92.832 وعلى املرسوم رقم
اليه اعاله؛
) باملوافقة على التصميم والنظام 2019  يونيو12( 1440  شوال9  الصادر في2.19.374 وبعد االطالع على املرسوم رقم
املتعلق به املوضوعين لتهيئة جماعة تطوان باقليم تطوان وباالعالن ان في ذلك منفعة عامة، كما وقع تغييره وتتميمه؛؛2025  ابريل9 وعلى محضر اجتماع مجلس جماعة تطوان خالل دورته االستثنائية املنعقدة بتاريخ؛2025  ديسمبر29  اكتوبر الى29 وعلى ملف البحث االداري املباشر من
وبعد موافقة وزيرة اعداد التراب الوطني والتعمير واالسكان وسياسة املدينة،
قرر ما يلي :
املادة االولى
 في تصميم تهيئة جماعة تطوان بجماعة تطوان باقليم تطوان.414 تخطط حدود مقطع من الطريق املرموز لها برقم",Administratif,"Administratif=7, Urbain=6, Fiscal=3",Administratif,False,AR : texte source à réingérer (ordre des mots/paragraphes corrompu dès l'extraction PDF) — label non vérifié
614,BO_7517_Ar,الثانية,ar,"تعين بناء على ما ذكر، القطع االرضية املراد نزع ملكيتها ملا تستوجبه هذه العملية، املبينة في الجدول اسفله، واملرسومة
امللحق باصل هذا القرار :1/500 حدودها باللون االحمر في التصميم التجزيئي ذي املقياس
وعناوينهم
 املراد ةاملساح
ب م2ةياالجمال
اسماء املالك او املفترض انهم كذلك
رقم
ةالقطع
مرجعها العقاري
 ةاملساح
نزع ملكيتها ب م2
19/13747 رسم عقاري عدد585مليكة الرياني43
19/19443 رسم عقاري عدد7630
»شركة «سيراميكا بريماتيفا
SOCIETE CERAMICA PREMATIVA SARL
19/21664 مطلب التحفيظ عدد23924احمد مدينة21
. ينشر هذا القرار بالجريدة الرسمية- .املادة الثالثة
).2026  مارس3( 1447  من رمضان13 وحرر بتطوان في
االمضاء : مصطفى البكوري.
الجريدة الرسمية((15 (1ينوي 5(1( 29 29 ذ2جحلا وذ 929 - 7517 عدد
2) بتخطيط جزء من الطريق026  مارس3( 1441 من رمضان 73  صادر في526.26  مراكش رقمة مجلس جماعةقرار لرئيس
ةي مراكش وبتعيين القطع االرضة مراكش بعمالة بجماعة وطريق تاركو بين طريق دوار سيدي الضة الرابطةريواملح
.ةيجبه هذه العملواملراد نزع ملكيتها ملا تست
رئيسة مجلس جماعة مراكش،
بتاريخ 1.15.85  املتعلق بالجماعات الصادر بتنفيذه الظهير الشريف رقم113.14 بناء على القانون التنظيمي رقم
)؛2015  يوليو7( 1436  من رمضان20
املتعلق بنزع امللكية الجل املنفعة العامة وباالحتالل املؤقت الصادر بتنفيذه الظهير الشريف7.81 وعلى القانون رقم
)؛1982  ماي6( 1402  من رجب11  بتاريخ1.81.254 رقم
1412  من ذي الحجة15  بتاريخ1.92.31  املتعلق بالتعمير الصادر بتنفيذه الظهير الشريف رقم12.90  وعلى القانون رقم
) كما تم تغييره وتتميمه؛1992  يونيو17(
1.21.74  املتعلق بنظام االمالك العقارية للجماعات الترابية الصادر بتنفيذه الظهير الشريف رقم57.19 وعلى القانون رقم
)؛2021  يوليو14( 1442  ذي الحجة3 بتاريخ
املشار اليه اعاله؛7.81 ) بتطبيق القانون رقم1983  ابريل16( 1403  رجب2  الصادر في2.82.382 وعلى املرسوم رقم
املشار 12.90 ) بتطبيق القانون رقم1993  اكتوبر14( 1414  من ربيع االخر27  الصادر في2.92.832 وعلى املرسوم رقم
اليه اعاله؛؛2024  واكتوبر2009 وبعد االطالع على محضري اجتماعي مجلس جماعة مراكش خالل دورتيه لشهري ابريل
وبعد موافقة وزيرة اعداد التراب الوطني والتعمير واالسكان وسياسة املدينة،
قررت ما يلي :
املادة االولى
يخطط جزء من الطريق املحورية الرابطة بين طريق دوار سيدي الضو وطريق تاركة بجماعة مراكش بعمالة مراكش.",Administratif,"Administratif=8, Urbain=5, Fiscal=4",Administratif,False,AR : texte source à réingérer (ordre des mots/paragraphes corrompu dès l'extraction PDF) — label non vérifié
615,BO_7517_Ar,الثانية,ar,"تعين بناء على ما ذكر ملكية القطع االرضية املراد نزع ملكيتها ملا تستوجبه هذه العملية، املبينة في الجدول اسفله واملرسومة
حدودها بحاشية حمراء في التصميم امللحق باصل هذا القرار :
عدد 7517 - 29 ذو الحجة 1447 (15 يونيو 2026( الجريدة الرسمية 3283
ارقام القطع مراجعها العقارية | اسماء الملاك او المفترض | المساحة المراد ‎Lg;‏ | الحتويات
| الارضية انهم كذلك بالمتر المربع
1 رسم عقاري | شركة اطلس هه ار سس قطعة ارضية
عدد هوسبيتاليتي موروكو عارية _
2 رسم عقاري | الدولة (الملك 75 كر اس |بنايات سكنية عبارة
عدد الخاص) عن تجمع لدوار
3 رسم عقاري | -احمد الكركري ه | ار | |6512:81م2
عدد -عبد الاله تهوان مغطاة» مفصلة
-هشام زعيم الا 1
‎LE M/12124‏ | 1 اجو ]79 | ‎AUS‏
‏-امينة زعيم الادريسي كن فردى فيلا
‎Meter |‏ مبنية ‎M su‏ سمنت
ا الغني اعر اب بالطابق الارضي و
ميد البوعمري الطابق الاول و
-مونية الصقلي اجمالية قدرها
-عمر الصقلي 1م20
-ليلى الصقلي -المساحة الاجمالية
‎Fe‏ بالفيلا بالطابق
‎Era‏ الارضي 24134
نش ع لحجول -المساحة الاجمالية
للا خديجة زعيم للمسبح ‎LISE‏ |
الادريسي -المساحة الاجمالية
-سيدي مهد زعيم للنافورة 79م2
الادريسي المساحة الاجمالية
سمولاي يوسف زعيم لموقف للسيارات
الادريسي 202
-هيرسشاور اطوروبر -عدد ‎AN‏ و
10057 هياري اشجار اخرى 74
‎ns‏ 2 سكن فردي
-لحسن امروان | …
‎Lis‏ برادة بالطابق الارضي
‎Le‏ الفتاح البيصار المساحة المغطاة
-عبد الرحيم الكركري 284
-لطيفة اداحماد -83: سكن فرد
-فؤاد الشادلي المساحة المغطاة
3284 الجريدة الرسمية عدد 7517 - 29 ذو الحجة 1447 )15 :5459 2026(
- يامنة ناصف بالطابق
لثيد ميلاح الارضي255 م2
-عبد الله بويكروان 4 : سكن فردي
-رشيد بندادي مبني بالاسمن”
-عزيزة بويكروان ‎1 (LIL‏ الارض
-كلثوم بويكروان ‎Re‏
عائشة بويكروا: المساحة المغطاة
ئشة بويكروان
-خديجة بويكروان 4م2
‎als.‏ بندادي 5 : سكن فر دي
‏-كريمة بويكروان مبني بالاسمنت
‏-ند جلال المساحة المغطاة
بناية بالطابق
الارضي 22م2
6 سكن فردي
بمساحة 2876
7 المساحة
7 جزء من
5م2
‏المادة الثالثة. - ينشر هذا القرار بالجريدة الرسمية.",Urbain,"Urbain=7, Fiscal=6, Civil=1",Urbain,False,AR : texte source à réingérer (ordre des mots/paragraphes corrompu dès l'extraction PDF) — label non vérifié
