id,doc_id,article_number,lang,text,keyword_label,top_scores,label,truncated
1,BO_7470_Fr,PREMIER,fr,"Est approuvé, tel qu'il est annexé
à l'original du présent décret, le contrat conclu le 7 novembre
2025 entre le Royaume du Maroc et la Banque européenne
d'investissement (BEI), pour la garantie du prêt d'un montant
de soixante-dix millions d'euros (70.000.000 euros), consenti
par ladite banque à l'Office national de l'électricité et de l'eau
potable (ONEE), pour le financement du projet «Production
d'eau potable III (AEP3).
national de l'électricité et de l'eau potable (ONEE),
pour le financement du projet « Transmission Energie
Renouvelable ».",Environnement,"Environnement=3, Civil=1, Fiscal=0",Environnement,False
2,BO_7470_Fr,2,fr,"La ministre de l'économie et des finances est
chargée de l'exécution du présent décret qui sera publié au
Bulletin officiel.
LE CHEF DU GOUVERNEMENT,
Vu la loi de finances pour l'année 1982 n°  26-81
promulguée par le dahir n°  1-81-425 du 5 rabii I 1402
(1er janvier 1982), notamment son article 41, paragraphe I ;
Fait à Rabat, le 20 joumada II 1447 (11 décembre 2025).
AZIZ AKHANNOUCH.
Sur proposition de la ministre de l'économie et des finances,
Pour contreseing :
La ministre de l'économie
DÉCRÈTE :",Indéterminé,"Fiscal=0, Social=0, Administratif=0",Indéterminé,False
3,BO_7470_Fr,PREMIER,fr,"Est approuvé, tel qu'il est annexé
à l'original du présent décret, le contrat conclu le 7 novembre
2025 entre le Royaume du Maroc et la Banque européenne
d'investissement (BEI), pour la garantie du prêt d'un montant
de cent soixante-dix millions d'euros (170.000.000 euros),
consenti par ladite banque à l'Office national de l'électricité
et de l'eau potable (ONEE), pour le financement du projet
« Transmission Energie Renouvelable ».
et des finances,
NADIA FETTAH.
Le texte en langue arabe a été publié dans l'édition générale du
« Bulletin officiel » n° 7469 du 8 rejeb 1447 (29 décembre 2025).",Civil,"Civil=1, Environnement=1, Fiscal=0",Civil,False
4,BO_7470_Fr,2,fr,"La ministre de l'économie et des finances est
chargée de l'exécution du présent décret qui sera publié au
Bulletin officiel.
Décret n°2-25-967 du 20 joumada II 1447 (11 décembre 2025)
approuvant la décision de Bank Al-Maghrib relative à la
mise en circulation d'un billet de banque de 100 dirhams
commémorant la 35ème édition de la Coupe d'Afrique des
Nations - Maroc 2025.
Fait à Rabat, le 20 joumada II 1447 (11 décembre 2025).
AZIZ AKHANNOUCH.
Pour contreseing :
La ministre de l'économie
et des finances,
NADIA FETTAH.
LE CHEF DU GOUVERNEMENT,
Vu les articles 5, 25, 54, 55, 57 et 58 de la loi n° 40-17
portant statut de Bank Al-Maghrib, promulguée par le dahir
n°1-19-82 du 17 chaoual 1440 (21 juin 2019) ;
Le texte en langue arabe a été publié dans l'édition générale du
« Bulletin officiel » n° 7469 du 8 rejeb 1447 (29 décembre 2025).
Vu l'article premier du décret n° 2-19-1095 du 3 chaoual
1441 (26 mai 2020), pris pour l'application de la loi n° 40-17
portant statut de Bank Al-Maghrib ;
Décret n° 2-25-965 du 20 joumada II 1447 (11 décembre 2025)
approuvant le contrat conclu le 7 novembre 2025
entre le Royaume du Maroc et la Banque européenne
d'investissement (BEI), pour la garantie du prêt d'un
montant de soixante-dix millions d'euros (70.000.000
euros), consenti par ladite banque à l'Office national de
l'électricité et de l'eau potable (ONEE), pour le financement
du projet «Production d'eau potable III (AEP3).
Vu les délibérations du Conseil de Bank Al-Maghrib,
du 30 rabii I 1447 (23 septembre 2025), décidant la mise en
circulation d'un billet de banque de 100 dirhams commémorant
la 35ème édition de la Coupe d'Afrique des Nations - Maroc
2025 ;
Et sur proposition de la ministre de l'économie et des
finances,
LE CHEF DU GOUVERNEMENT,
DÉCRÈTE :
Vu la loi de finances pour l'année 1982 n°  26-81
promulguée par le dahir n° 1-81-425 du 5 rabii I 1402 (1er janvier
1982), notamment son article 41, paragraphe I ;",Environnement,"Environnement=2, Civil=1, Fiscal=0",Environnement,False
5,BO_7470_Fr,PREMIER,fr,"Est approuvée la décision du
Conseil de Bank Al-Maghrib relative à la mise en circulation
d'un billet de banque de 100 dirhams commémorant la
35ème édition de la Coupe d'Afrique des Nations - Maroc 2025.
Sur proposition de la ministre de l'économie et des finances,",Indéterminé,"Fiscal=0, Social=0, Administratif=0",Indéterminé,False
6,BO_7470_Fr,2,fr,"Le billet de banque commémoratif a cours
légal et présente les caractéristiques suivantes  :
• Stylisation de silhouettes de joueurs en action avec un
ballon ;
• Ballon orné de la carte de l'Afrique au milieu d'un
ensemble d'étoiles dynamiques évoquant la célébration.
Caractéristiques techniques
– Format : 144 mm x 70 mm ;
Centre du billet  :
– Filigrane : Portrait de Sa Majesté le Roi Mohammed VI
• Mixture de motifs africains et d'arabesques marocaines ;
et le nombre 100 ;
• Des micro-textes imprimés sur plusieurs zones du billet
visibles à l'aide d'une loupe.
– Fil de sécurité à fenêtres : A changement de couleur
avec effet dynamique des inscriptions 100 et « DH »
en alternance et de l'étoile à cinq branches, en plus du
nombre 100 démétallisé.",Indéterminé,"Fiscal=0, Social=0, Administratif=0",Indéterminé,False
7,BO_7470_Fr,3,fr,"La ministre de l'économie et des finances est
chargée de l'exécution du présent décret qui sera publié au
Bulletin officiel.
Caractéristiques artistiques
Fait à Rabat, le 20 joumada II 1447 (11 décembre 2025).
– Thématique : L'organisation par le Maroc de la
35ème  édition de la Coupe d'Afrique des Nations ;
AZIZ AKHANNOUCH.
Pour contreseing :
– Couleurs dominantes : Gris et jaune.
La ministre de l'économie
Recto  :
et des finances,
– Partie supérieure  :
NADIA FETTAH.
• Dénomination de l'institut d'émission » « بنك املغرب
Le texte en langue arabe a été publié dans l'édition générale du
« Bulletin officiel » n° 7467 du 1er rejeb 1447 (22 décembre 2025).
•La valeur faciale d'émission  : «»مائة درهم
–Au centre :
Décret n°2-25-968 du 20 joumada II 1447 (11 décembre 2025)
• Portrait de Sa Majesté le Roi Mohammed VI ;
approuvant la décision de Bank Al-Maghrib relative à la
mise en circulation de pièces de monnaie de 1000 dirhams
en or et de 250 dirhams en argent commémorant la
35ème édition de la Coupe d'Afrique des Nations-Maroc 2025.
• Armoiries du Royaume ;
• Ornement d'arabesques marocaines et le nombre 100
stylé ;
• Stylisation du nouveau Complexe Sportif Prince Moulay
Abdellah de Rabat ;
LE CHEF DU GOUVERNEMENT,
• Stylisation d'un ballon de football imprimé en encre
spéciale à couleur changeante du magenta au vert ;
Vu les articles 5, 25, 54, 55, 57 et 58 de la loi n°40-17
portant statut de Bank Al-Maghrib, promulguée par le dahir
n°1-19-82 du 17 chaoual 1440 (21 juin 2019) ;
– En bas :
• Le nombre 100 dont une partie est imprimée sur le recto
et une partie sur le verso. Une fois le billet examiné face
à la lumière, les éléments incomplets du nombre 100
se superposent de manière parfaite pour constituer la
totalité du motif ;
Vu l'article premier du décret n° 2-19-1095 du 3 chaoual
1441 (26 mai 2020), pris pour l'application de la loi n°40-17
portant statut de Bank Al-Maghrib ;
Vu les délibérations du Conseil de Bank Al-Maghrib,
du 30 rabii I 1447 (23 septembre 2025), décidant la mise en
circulation de pièces de monnaie de 1000 dirhams en or et de
250 dirhams en argent commémorant la 35ème édition de la
Coupe d'Afrique des Nations - Maroc 2025 ;
• Le nombre 100 imprimé en encre spéciale à changement
de couleur or - vert.
Verso  :
Et sur proposition de la ministre de l'économie et des
finances,
• Dénomination de l'institut d'émission en lettres Tifinagh
et françaises  :
DÉCRÈTE :
« «ⵍⴱⴰⵏⴽ ⵏ ⵍⵎⵖⵔⵉⴱ» , « BANK AL-MAGHRIB »",Administratif,"Administratif=1, Environnement=1, Fiscal=0",Administratif,False
8,BO_7470_Fr,PREMIER,fr,"Est approuvée la décision du
Conseil de Bank Al-Maghrib relative à la mise en circulation
de pièces de monnaie de 1000 dirhams en or et de 250 dirhams
en argent commémorant la 35ème édition de la Coupe d'Afrique
des Nations-Maroc 2025.
• Valeur faciale 100 DH ;
• Stylisation de la vue intérieure du nouveau Complexe
Sportif Prince Moulay Abdellah de Rabat ;",Environnement,"Environnement=1, Fiscal=0, Social=0",Environnement,False
9,BO_7470_Fr,2,fr,"Les pièces de monnaie commémoratives ont
cours légal et présentent les caractéristiques suivantes  :
Revers :
– Au centre :
– La pièce de monnaie commémorative en or  :
• Représentation artistique du nouveau Complexe sportif
Prince Moulay Abdellah de Rabat, surmontée de rayons
festifs ainsi que de la carte de l'Afrique.
– Alliage : Or 916,7 millièmes ;
– Poids : 39,94 grammes ;
«املغرب
 •L'inscription suivante : « Morocco 2025
– Diamètre : 38,61 millimètres ;
– Tranche : Cannelée ;
– En bas : La valeur faciale en chiffres et en lettres arabes  :
– Frappe : Proof.
» مائتان وخمسون درهما250«
Avers :",Environnement,"Environnement=1, Fiscal=0, Social=0",Environnement,False
10,BO_7470_Fr,3,fr,"La ministre de l'économie et des finances est
chargée de l'exécution du présent décret qui sera publié au
Bulletin officiel.
– Au centre  : Effigie de Sa Majesté le Roi Mohammed VI
avec de part et d'autre les inscriptions suivantes en
lettres arabes et Tifinagh :
Fait à Rabat, le 20 joumada II 1447 (11 décembre 2025).
« ⵜⴰⴳⵍⴷⵉⵜ ⵏ ⵍⵎⵖⵔⵉⴱ-» اململكة املغربية
AZIZ AKHANNOUCH.
Pour contreseing :
–En bas  : l'inscription « »محمد السادسentourée des
La ministre de l'économie
millésimes  : 2025-1447
et des finances,
NADIA FETTAH.
Revers  :
Le texte en langue arabe a été publié dans l'édition générale du
– Au centre :
« Bulletin officiel » n° 7467 du 1er rejeb 1447 (22 décembre 2025).
• Représentation artistique du nouveau Complexe Sportif
Prince Moulay Abdellah de Rabat, surmontée de rayons
festifs ainsi que de la carte de l'Afrique.
Décret n°2-25-966 du 2 rejeb 1447 (23 décembre 2025)
• L'inscription suivante :
approuvant le retrait de la circulation de billets de
 banque.
« Morocco 2025  » املغرب
–En bas  : La valeur faciale en chiffres et en lettres arabes :
LE CHEF DU GOUVERNEMENT,
» درهم1000 «ألف
Vu la loi n° 40-17 portant statut de Bank Al-Maghrib,
promulguée par le dahir n° 1-19-82 du 17 chaoual 1440 (21 juin
2019) notamment ses articles 25 et 61 ;
La pièce de monnaie commémorative en argent :
Vu le décret n° 2-19-1095 du 3 chaoual 1441 (26 mai 2020),
pris pour l'application de la loi n° 40-17 portant statut de Bank
Al-Maghrib notamment son article premier ;
– Alliage : Argent : 925 millièmes ;
Cuivre  : 75 millièmes ;
– Poids : 28,28 grammes ;
Vu les délibérations du Conseil de Bank Al-Maghrib, en
date du 30 rabii 1 1447 (23 septembre 2025), décidant le retrait
de billets de banque ;
– Diamètre : 38,61 millimètres ;
– Tranche : Cannelée ;
Et sur proposition de la ministre de l'économie et des
finances,
– Frappe : Proof.
Avers :
DÉCRÈTE :",Environnement,"Environnement=1, Fiscal=0, Social=0",Environnement,False
11,BO_7470_Fr,PREMIER,fr,"Est approuvé le retrait de la
circulation des billets de banque suivants dont le cours légal
et le pouvoir libératoire cesseront à partir du 1er janvier 2026 :
– Au centre  : Effigie de Sa Majesté Le Roi Mohammed VI
avec de part et d'autre les inscriptions suivantes en
lettres arabes et Tifinagh :
– les billets de banque de 10, 50, 100 et 200 dirhams
« ⵜⴰⴳⵍⴷⵉⵜ ⵏ ⵍⵎⵖⵔⵉⴱ-» اململكة املغربية
mis en circulation en vertu du décret n° 2-87-368 du
28 ramadan 1407 (27 mai 1987) ;
– En bas  : l'inscription « »محمد السادسentourée des
– les billets de banque de 10 dirhams mis en circulation
en vertu du décret 2-90-876 du 8 joumada I 1411
(27 novembre 1990) ;
millésimes  : 2025-1447
– les billets de banque de 20 dirhams mis en circulation en
2 – Les informations relatives aux espaces, objets de
l'AMI, en particulier leurs coordonnées géographiques et les
espèces à élever, cultiver ou conserver dans ces espaces ;
vertu du décret 2-96-473 du 23 safar 1417 (10 juillet 1996).",Indéterminé,"Fiscal=0, Social=0, Administratif=0",Indéterminé,False
12,BO_7470_Fr,2,fr,"L'échange des billets de banque retirés
se poursuivra, librement et sans limitation, après la date
susmentionnée auprès des guichets des établissements
bancaires et de Bank Al-Maghrib jusqu'au 31 décembre 2030.
3 – Les règles générales de participation à l'AMI ;
4 –La liste des documents constituant le dossier
administratif et technique déposé à l'appui de la demande de
participation à l'AMI ;",Environnement,"Environnement=1, Fiscal=0, Social=0",Environnement,False
13,BO_7470_Fr,3,fr,"La ministre de l'économie et des finances est
chargée de l'exécution du présent décret qui sera publié au
Bulletin officiel.
5 – Le lieu et la date limite de dépôt des demandes de
participation à l'AMI ;
Fait à Rabat, le 2 rejeb 1447 (23 décembre 2025).
6 – Les critères d'évaluation, de sélection et de classement
des candidatures ;
AZIZ AKHANNOUCH.
Pour contreseing :
La ministre de l'économie
7 – Le formulaire de demande de participation à l'AMI ;
et des finances,
NADIA FETTAH.
8 – La date maximale de proclamation des résultats de
l'AMI sur le site web de l'Agence.",Administratif,"Administratif=1, Environnement=1, Fiscal=0",Administratif,False
14,BO_7470_Fr,3,fr,"La demande de participation à l'AMI, établie
sur le formulaire prévu au 7) de l'article 2 ci-dessus, est
déposée, contre récépissé, auprès du service compétent de
l'Agence, y compris par voie électronique.
Décret n° 2-24-830 du 1er rejeb 1447 (22 décembre
2025) relatif aux fermes aquacoles
La demande doit être accompagnée d'un dossier
contenant les documents dont la liste est fixée par arrêté de
l'autorité gouvernementale chargée de la pêche maritime
permettant de choisir les attributaires selon les critères fixées
à l'article 23 de la loi précitée n°84-21.
LE CHEF DU GOUVERNEMENT,
Vu la loi n° 84-21 relative à l'aquaculture marine,
promulguée par le dahir n°1-22-81 du 18 joumada I 1444
(13 décembre 2022) ;
Vu la loi n°52-09 portant création de l'Agence nationale
pour le développement de l'aquaculture, promulguée par le
dahir n° 1-10-201 du 14 rabii I 1432 (18 février 2011), telle que
modifiée et complétée, notamment ses articles 2,3 et 3 bis ;",Environnement,"Environnement=2, Fiscal=0, Social=0",Environnement,False
15,BO_7470_Fr,4,fr,"Dans un délai maximum de quinze (15) jours
ouvrables à compter de la date limite prévue au 5) de l'article
2 ci-dessus, les demandes accompagnées des dossiers y relatifs
sont soumises à l'avis d'un comité technique dont les membres
sont désignés et les modalités de fonctionnement sont fixées
par décision de l'autorité gouvernementale chargée de la pêche
maritime.
Vu la loi n°48-95 portant création de l'institut national
de recherche halieutique, promulguée par le dahir n° 1-96-98
du 12 rabii I 1417 (29 juillet 1996) ;
Après avis de l'Agence nationale pour le développement
de l'aquaculture ;
Le comité technique compte, au moins, un représentant
de l'autorité gouvernementale chargée de la pêche maritime,
un représentant de l'Agence et un représentant de l'institut
national de recherche halieutique (INRH).
Après avis du Conseil national de l'aquaculture marine,
réuni le 28 rabii I 1446 (2 octobre 2024) ;
Après délibération en Conseil du gouvernement, réuni
le 28 joumada I 1447 (20 novembre 2025),
Le président dudit comité technique peut inviter à
assister, à titre consultatif, aux réunions du comité, toute
personne dont la participation lui paraît utile.
DÉCRÈTE :
Ledit comité technique procède à l'évaluation des
dossiers déposés, conformément aux critères de choix prévus
à l'article 23 de la loi précitée n°84-21 et établit un classement
aux fins d'établir la liste des attributaires.
Chapitre premier
De l'appel à manifestation d'intérêt (AMI)",Environnement,"Environnement=1, Fiscal=0, Social=0",Environnement,False
16,BO_7470_Fr,PREMIER,fr,"L'appel à manifestation d'intérêt
(AMI) prévu à l'article 23 de la loi susvisée n°84-21 est préparé
et lancé par l'Agence nationale pour le développement de
l'aquaculture, désignée ci-après l'Agence, sur décision de
l'autorité gouvernementale chargée de la pêche maritime.",Indéterminé,"Fiscal=0, Social=0, Administratif=0",Indéterminé,False
17,BO_7470_Fr,5,fr,"La liste des attributaires et une liste d'attente,
le cas échéant, sont approuvées par décision de l'autorité
gouvernementale chargée de la pêche maritime.",Environnement,"Environnement=1, Fiscal=0, Social=0",Environnement,False
18,BO_7470_Fr,2,fr,"L'AMI contient les éléments suivants :
Les attributaires sont informés par l'Agence des résultats
de l'AMI par tout moyen faisant preuve de la réception, y
compris par voie électronique, dans un délai maximum de dix
(10) jours ouvrables, à compter de la date de proclamation des
résultats dudit appel sur le site de l'Agence.
1 – Les références relatives à la loi précitée n°84-21,
au présent décret et au décret portant approbation du plan
aquacole couvrant la zone concernée par l'AMI, s'il existe,
ainsi que toutes autres références règlementaires utiles ;
Chapitre II
L'administration de la défense nationale et les autres
administrations et collectivités territoriales visées ci-dessus
disposent d'un délai maximum de quinze (15) jours, à compter
de la date de leur saisine, pour rendre leurs avis.
Des autorisations de fermes aquacoles",Administratif,"Administratif=4, Environnement=2, Fiscal=0",Administratif,False
19,BO_7470_Fr,6,fr,"La demande d'autorisation de ferme aquacole
et le dossier l'accompagnant prévus à l'article 26 de la loi
précitée n° 84-21, sont déposés, y compris par voie électronique,
auprès du service compétent de l'Agence, contre récépissé.",Indéterminé,"Fiscal=0, Social=0, Administratif=0",Indéterminé,False
20,BO_7470_Fr,8,fr,"La demande d'autorisation de ferme aquacole
est rejetée dans les cas suivants :
1. non faisabilité du projet, objet de la demande ;
Ladite demande est établie selon le modèle disponible
auprès des services de l'Agence et sur son site web.
2. avis défavorable de l'INRH et/ou de l'Administration
de la défense nationale ;
La liste des documents constituant le dossier
accompagnant la demande est fixée par arrêté de l'autorité
gouvernementale chargée de la pêche maritime.
3. non production des documents exigés, suite à l'accord
de principe, avant l'expiration de sa durée de validité.
Le rejet motivé de la demande d'autorisation est notifié
par l'Agence au demandeur par tout moyen faisant preuve de la
réception, y compris par voie électronique, dans l'un des deux
délais prévus au 3) ou au 5) de l'article 7 ci-dessus, selon le cas.",Administratif,"Administratif=1, Fiscal=0, Social=0",Administratif,False
21,BO_7470_Fr,7,fr,"Pour l'instruction du dossier de la demande
d'autorisation de ferme aquacole, il est procédé comme suit :
1) le service compétent de l'Agence s'assure de la
faisabilité du projet, objet de la demande, conformément aux
dispositions de l'article 26 de la loi précitée n° 84-21 ;",Indéterminé,"Fiscal=0, Social=0, Administratif=0",Indéterminé,False
22,BO_7470_Fr,9,fr,"L'autorisation de ferme aquacole est établie
selon le modèle fixé par arrêté de l'autorité gouvernementale
chargée de la pêche maritime et publiée au «Bulletin officiel»,
conformément aux dispositions de l'article 29 de la loi précitée
n°84-21.
2) si la faisabilité du projet est acceptée, le dossier de la
demande est soumis à l'avis :
a) de l'INRH qui dispose d'un délai maximum de quinze
(15) jours pour donner son avis. Toutefois, dans le cas où une
étude est nécessaire, ce délai est suspendu jusqu'à la remise
du rapport final de l'étude ;",Environnement,"Environnement=1, Fiscal=0, Social=0",Environnement,False
23,BO_7470_Fr,10,fr,"Pour l'application des dispositions de l'article 36
de la loi précitée n° 84-21, la demande de prorogation du délai
de démarrage des travaux d'installation de la ferme aquacole
est établie selon le modèle disponible auprès des services de
l'Agence et sur son site web. Cette demande est déposée, y
compris par voie électronique, par le titulaire de l'autorisation
de la ferme aquacole concernée, auprès du service compétent
de l'Agence, contre récépissé.
b) de l'administration de la défense nationale lorsqu'il
est prévu d'implanter la ferme aquacole, objet de la demande,
totalement ou partiellement en mer ;
c) toute autre administration ou collectivité territoriale
concernée, compte tenu de la nature du projet ;
Cette demande, accompagnée, conformément aux
dispositions dudit article 36, de tout document justifiant le
motif de la prorogation demandée, doit être déposée six (6)
mois, au moins, avant l'expiration de la 3ème année de validité
de l'autorisation, sous peine de refus.
3) en cas d'avis favorable de l'INRH, un accord de
principe est délivré par l'Agence au demandeur, dans un
délai maximum de soixante (60) jours, à compter de la date
de dépôt de la demande, sous réserve de la suspension du
délai prévu au a) du 2) ci-dessus. Cet accord de principe
est délivré au demandeur pour lui permettre d'obtenir la
décision d'acceptabilité environnementale et/ou l'autorisation
d'occupation temporaire du domaine public, le cas échéant.
L'accord de principe a une durée de validité de deux (2) ans à
En cas d'acceptation, la décision de prorogation, établie
par l'autorité gouvernementale chargée de la pêche maritime,
est adressée par l'Agence, au demandeur, par tout moyen
faisant preuve de la réception, y compris par voie électronique,
dans un délai maximum de trente (30) jours à compter de la
date de réception de ladite demande.
compter de la date de sa délivrance ;
4) suite à la réception des documents visés au 3) ci-
dessus, le dossier de la demande, accompagné d'une note
établie par l'Agence, sont adressés par celle-ci à l'autorité
gouvernementale chargée de la pêche maritime, aux fins de
l'établissement de l'autorisation ;
Tout refus de prorogation doit être motivé et notifié par
l'Agence au demandeur, dans le délai sus indiqué.",Administratif,"Administratif=4, Environnement=3, Social=1",Administratif,False
24,BO_7470_Fr,11,fr,"La demande de modification de l'autorisation
de ferme aquacole prévue à l'article 31 de la loi précitée n°84-21
est déposée, par le titulaire de l'autorisation concernée, contre
récépissé, auprès du service compétent de l'Agence, y compris
par voie électronique.
5) l'autorisation est transmise par l'Agence au demandeur
par tout moyen faisant preuve de la réception, y compris par
voie électronique, dans un délai maximum de trente (30) jours,
à compter de la date de production du dernier document visé
au 3) ci-dessus.
Ladite demande, établie selon le modèle disponible
auprès des services de l'Agence et sur son site web, est
accompagnée, conformément aux dispositions dudit article 31,
d'un dossier comprenant les documents dont la liste est fixée
par arrêté de l'autorité gouvernementale chargée de la pêche
maritime.
Les demandes d'autorisations de fermes aquacoles
déposées dans le cadre d'un AMI ne sont pas soumises, pour
leur instruction, aux formalités prévues au 1) et au a) du 2)
du présent article.",Environnement,"Environnement=1, Fiscal=0, Social=0",Environnement,False
25,BO_7470_Fr,12,fr,"Pour l'instruction du dossier de la demande
de modification, il est procédé comme suit :
3. non production des documents exigés, suite à l'accord
de principe, avant l'expiration de sa durée de validité.
1) L'Agence s'assure de la faisabilité du projet de
modification, objet de la demande ;
Le refus motivé de modification est notifié au demandeur
par tout moyen faisant preuve de la réception, y compris par
voie électronique, dans le même délai que celui prévu pour
délivrer la décision de modification.
2) Si la faisabilité du projet de modification est acceptée,
l'Agence soumet le dossier de la demande à l'avis :",Indéterminé,"Fiscal=0, Social=0, Administratif=0",Indéterminé,False
26,BO_7470_Fr,14,fr,"La demande de renouvellement de
l'autorisation de ferme aquacole prévue à l'article 33 de la loi
précitée n° 84-21 est établie selon le modèle disponible auprès
des services de l'Agence et sur son site web.
a) de l'INRH, si nécessaire, qui dispose d'un délai
maximum de quinze (15) jours pour donner son avis. Toutefois,
dans le cas où une étude est nécessaire, ce délai est suspendu
jusqu'à la remise du rapport final de l'étude ;
Cette demande est déposée et instruite selon les mêmes
modalités que celles prévues aux articles 6 et 7 ci-dessus.
b) de l'Administration de la défense nationale lorsque
la modification demandée concerne les coordonnées
géographiques d'une ferme aquacole implantée totalement
ou partiellement en mer ;
En cas d'acceptation de renouvellement de l'autorisation
de ferme aquacole, une décision de renouvellement est délivrée
au demandeur selon les mêmes modalités que celles prévues
à l'article 7 ci-dessus.
c) toute autre administration ou collectivité territoriale
concernée, compte tenu de la nature de la modification
demandée.
La décision de renouvellement de l'autorisation est
publiée au « Bulletin officiel ».
3) en cas d'avis favorable de l'INRH, un accord de
principe est délivré, si nécessaire, par l'Agence au demandeur,
selon les modalités prévues à l'article 7 ci-dessus ;
Tout refus de renouvellement de l'autorisation doit
être motivé et notifié au demandeur par tout moyen faisant
preuve de la réception, y compris par voie électronique, dans
le même délai que celui fixé pour l'octroi de la décision de
renouvellement.
4) le dossier complet de la demande, accompagné d'une
note établie par l'Agence sont adressés par celle-ci à l'autorité
gouvernementale chargée de la pêche maritime, aux fins de
l'établissement de la décision de modification de l'autorisation ;",Administratif,"Administratif=4, Environnement=3, Fiscal=0",Administratif,False
27,BO_7470_Fr,15,fr,"En application des dispositions de l'article 34
de la loi précitée n°84-21, le contrôle des fermes aquacoles est
effectué par les agents habilités par l'autorité gouvernementale
chargée de la pêche maritime, visés à l'article 78 de ladite loi
n° 84-21.
5) la décision de modification est transmise par l'Agence
au demandeur par tout moyen faisant preuve de la réception,
y compris par voie électronique, dans un délai maximum de :
– soixante (60) jours, à compter de la date de dépôt de la
demande, dans les cas ne nécessitant pas un accord de
principe, sous réserve de la suspension du délai prévu
au a) du 2) ci-dessus, le cas échéant ;
Les visites de contrôle des fermes aquacoles, prévues
audit article 34, sont effectuées par les agents précités, à
l'initiative de l'autorité gouvernementale chargée de la pêche
maritime ou suite à un rapport faisant état de non-conformités
ou insuffisances qui lui est transmis par :
– trente (30) jours, à compter de la date de production du
dernier document visé au 3) de l'article 7 ci-dessus, dans
les cas nécessitant l'accord de principe ;
– l'Agence, suite à une visite de suivi effectuée dans le
cadre de sa mission de suivi de l'activité de l'aquaculture
marine, conformément aux dispositions de la loi
susvisée n° 52-09, ou par ;
6) la décision de modification est publiée au
«Bulletin officiel».
La consultation de l'INRH visée au a) du 2) ci-dessus
est obligatoire lorsque la demande de modification concerne
les coordonnées géographiques de la ferme aquacole, ou
les espèces cultivées, élevées et/ou conservées ainsi que les
techniques d'élevage, de culture ou de conservation desdites
espèces.
– l'INRH, suite à une visite de surveillance effectuée
dans le cadre de ses missions de surveillance de la
salubrité des produits de l'aquaculture dans leur milieu,
conformément aux dispositions de l'article 2 de la loi
susvisée n°48-95.",Administratif,"Administratif=2, Social=1, Fiscal=0",Administratif,False
28,BO_7470_Fr,16,fr,"Le titulaire de l'autorisation de ferme aquacole
suspendue, conformément aux dispositions de l'article 34 de la
loi précitée n°84-21, qui estime avoir remédié, avant l'expiration
de la durée du délai fixé dans la décision de suspension, aux
non conformités ou insuffisances ayant entrainés celle-ci, peut
demander la levée de la suspension de l'autorisation.
L'administration de la défense nationale et les autres
administrations et collectivités territoriales visées ci-dessus
disposent d'un délai maximum de quinze (15) jours, à compter
de la date de leur saisine, pour rendre leurs avis.",Administratif,"Administratif=4, Social=2, Environnement=1",Administratif,False
29,BO_7470_Fr,13,fr,"La modification de l'autorisation de ferme
aquacole est refusée dans les cas suivants :
Dans ce cas, une visite de la ferme aquacole concernée
est effectuée dans un délai ne dépassant pas dix (10) jours
ouvrables, à compter de la date de réception de ladite demande.
Un rapport de la visite est établi par le ou les agents l'ayant
1. non faisabilité du projet de modification, objet de la
demande ;
2. avis défavorable de l'INRH et/ou de l'Administration
de la défense nationale ;
effectuée.
Chapitre III
Au vu de ce rapport, la suspension de l'autorisation de
ferme aquacole peut être levée par l'autorité gouvernementale
chargée de la pêche maritime, s'il est constaté qu'il a été remédié
aux non-conformités ou insuffisances constatées. Dans le cas
contraire, la suspension de l'autorisation est maintenue.
Exploitation de la ferme aquacole
Section première. – Zone de protection de La ferme aquacole",Social,"Social=2, Administratif=2, Environnement=2",Social,False
30,BO_7470_Fr,20,fr,"En application des dispositions de l'article 42
de la loi précitée n°84-21, la largeur de la zone de protection
autour d'une ferme aquacole est fixée dans l'autorisation de
la ferme aquacole. Cette largeur ne peut être inférieure à 10
mètres ni supérieure à 200 mètres autour des limites maritimes
de la ferme aquacole.
La levée de la suspension de l'autorisation ou le maintien
de celle-ci est notifié à l'intéressé par tout moyen faisant preuve
de la réception, y compris par voie électronique, dans un délai
ne dépassant pas dix (10) jours ouvrables à compter de la date
de la visite susmentionnée.",Social,"Social=1, Environnement=1, Fiscal=0",Social,False
31,BO_7470_Fr,17,fr,"Il est mis fin à la suspension de l'autorisation
de la ferme aquacole, si, à l'expiration du délai fixé dans la
décision de suspension, il est constaté, au vu du rapport établi
suite à une nouvelle visite de ladite ferme aquacole, qu'il a
été remédié aux non-conformités ou insuffisances constatées.",Social,"Social=2, Fiscal=0, Administratif=0",Social,False
32,BO_7470_Fr,21,fr,"Les dispositifs de signalement de la zone de
protection de la ferme aquacole prévus à l'article 42 de la loi
précitée n°84-21 sont constitués de moyens de balisage en mer
dont les spécifications techniques doivent être conformes à la
réglementation en vigueur.
Dans le cas contraire, l'autorisation est retirée.
La décision de la levée de la suspension et la décision
du retrait motivée de l'autorisation de la ferme aquacole
sont notifiées à l'intéressé par tout moyen faisant preuve de
la réception, dans un délai ne dépassant pas dix (10) jours
ouvrables, à compter de la date de la visite sus-indiquée, y
compris par voie électronique.
Ces dispositifs doivent être entretenus et maintenus en
état de fonctionnement par le titulaire de l'autorisation de la
ferme aquacole concernée.
Section 2. – Autorisation préalable d'introduction et de transfert
des organismes marins",Environnement,"Environnement=3, Social=1, Fiscal=0",Environnement,False
33,BO_7470_Fr,18,fr,"Les retraits de l'autorisation de fermes
aquacoles prévus aux articles 30, 35 et 37 de la loi précitée
n°84-21 doivent être motivés et notifiés aux intéressés par
tout moyen faisant preuve de la réception, y compris par voie
électronique.",Indéterminé,"Fiscal=0, Social=0, Administratif=0",Indéterminé,False
34,BO_7470_Fr,22,fr,"L'autorisation préalable d'introduction ou de
transfert des organismes marins prévue à l'article 43 de la loi
précitée n°84-21 est délivrée par l'autorité gouvernementale
chargée de la pêche maritime au titulaire de l'autorisation de
ferme aquacole qui en fait la demande.
Le délai prévu à l'article 34 de la loi précitée n°84-21,
accordé à la personne dont l'autorisation de ferme aquacole
est retirée, pour commercialiser ou transférer les espèces
halieutiques détenues dans ladite ferme, est fixé dans la
décision de retrait de l'autorisation.",Environnement,"Environnement=1, Fiscal=0, Social=0",Environnement,False
35,BO_7470_Fr,23,fr,"La demande de l'autorisation préalable visée à
l'article 22 ci-dessus, établie selon le modèle disponible auprès
des services de l'Agence et sur son site web, est déposée, y
compris par voie électronique, contre récépissé, auprès du
service compétent de ladite Agence.
Ce délai ne peut être inférieur à un (1) mois ni supérieur
à six (6) mois.
La demande est accompagnée d'un dossier contenant
les documents dont la liste est fixée par arrêté de l'autorité
gouvernementale chargée de la pêche maritime et permettant :",Indéterminé,"Fiscal=0, Social=0, Administratif=0",Indéterminé,False
36,BO_7470_Fr,19,fr,"Le registre national des autorisations de
ferme aquacoles prévu à l'article 29 de la loi précitée n° 84-21
est tenu et mis à jour par l'Agence, y compris sous format
électronique.
– d'identifier le demandeur, la ou les fermes aquacoles
concernées, le lieu d'introduction dans le milieu marin
ainsi que le ou les organismes marins dont l'introduction
ou le transfert est demandé ;
Ce registre comprend la liste des fermes aquacoles
autorisées ainsi que les informations suivantes relatives à
chaque ferme :
– de vérifier que les modalités de réalisation des opérations
1) la dénomination et l'identifiant de la ferme aquacole ;
d'introduction ou de transfert des organismes marins,
notamment les méthodes et les moyens de contrôle
proposés sont conformes aux standards scientifiques
et techniques applicables en la matière.
2) la date de publication au « Bulletin officiel » de
l'autorisation y afférente, ainsi que les informations relatives
à ladite autorisation, prévues à l'article 29 de la loi précitée
n° 84-21 ;
3) le mode d'élevage, de culture ou de conservation des
espèces halieutiques ;",Indéterminé,"Fiscal=0, Social=0, Administratif=0",Indéterminé,False
37,BO_7470_Fr,24,fr,"Le service compétent de l'Agence vérifie
la complétude du dossier de la demande visé à l'article 23
ci-dessus.
4) la largeur de la zone de protection accordée à la ferme
aquacole, le cas échéant ;
Le dossier complet de la demande est soumis par
l'Agence à l'avis de l'INRH et de l'Office National de Sécurité
Sanitaire des Produits Alimentaires (ONSSA), qui disposent
d'un délai de quinze (15) jours pour rendre leur avis. Toutefois,
dans le cas où une étude est nécessaire, ce délai est suspendu
jusqu'à la remise du rapport final de l'étude.
5) le nombre, l'immatriculation et les caractéristiques
des navires auxiliaires d'aquaculture marine attachés à ladite
ferme aquacole, le cas échéant.
Le registre peut être consulté sur le site web de l'Agence
selon les modalités qu'elle fixe.",Environnement,"Environnement=5, Fiscal=0, Social=0",Environnement,False
38,BO_7470_Fr,28,fr,"Pour l'instruction de la demande visée à
l'article 27 ci-dessus, il est procédé comme suit :
En cas d'avis favorable de l'INRH et de l'ONSSA, le
dossier de la demande, les avis de l'INRH et de l'ONSSA ainsi
qu'une note établie par l'Agence sont adressés par celle-ci
à l'autorité gouvernementale chargée de la pêche maritime,
aux fins de l'établissement de l'autorisation préalable
correspondante.
1) L'Agence procède à un examen de faisabilité de la
capture ou de la cueillette demandée, en tenant compte des
dispositions de l'arrêté prévu à l'article 29 ci-dessous ainsi que
de la règlementation relative à la pêche maritime applicable
dans le ou les lieux prévus pour la capture ou la cueillette ;
Cette autorisation est transmise par l'Agence au
demandeur, par tout moyen faisant preuve de la réception,
y compris par voie électronique, dans un délai maximum
de soixante (60) jours, à compter de la date de dépôt de la
demande, sous réserve de la suspension du délai visé ci-dessus.
2) Si la faisabilité de la capture ou de la cueillette est
acceptée, la demande est soumise par l'Agence, à l'avis de
l'INRH qui dispose d'un délai de dix (10) jours pour rendre
son avis. Toutefois, dans le cas où une étude est nécessaire
pour rendre cet avis, ce délai est suspendu jusqu'à la remise
du rapport final de l'étude ;
En cas d'avis défavorable de l'INRH et/ou de l'ONSSA,
la demande est rejetée.
3) En cas d'avis favorable de l'INRH, le dossier de la
demande, l'avis de l'INRH, ainsi qu'une note établie par
l'Agence sont adressés à l'autorité gouvernementale chargée de
la pêche maritime aux fins de l'établissement de l'autorisation
correspondante ;
Le rejet motivé de la demande est notifié au demandeur
par tout moyen faisant preuve de la réception, y compris par
voie électronique, dans le même délai indiqué au quatrième
alinéa ci-dessus.",Social,"Social=1, Environnement=1, Fiscal=0",Social,False
39,BO_7470_Fr,25,fr,"L'autorisation préalable d'introduction ou de
transfert des organismes marins est établie selon le modèle
correspondant fixé par arrêté de l'autorité gouvernementale
chargée de la pêche maritime.
4) L'autorisation est transmise par l'Agence au
demandeur, par tout moyen faisant preuve de la réception,
y compris par voie électronique, dans un délai maximum de
soixante (60) jours à compter de la date de dépôt de la demande,
sous réserve de la suspension du délai visée au 2) ci-dessus.
Elle comporte, outre sa durée de validité, les mentions
relatives à son titulaire et aux organismes marins concernés,
leurs quantités, ainsi que, selon le cas, les mentions relatives
aux fermes aquacoles et au milieu marin concernés.
En cas de non faisabilité de la capture ou de la cueillette
ou en cas d'avis défavorable de l'INRH, la demande est rejetée.
Le rejet motivé de la demande est notifié au demandeur
par tout moyen faisant preuve de la réception, y compris par
voie électronique, dans les mêmes délais que ceux prévus pour
la délivrance de l'autorisation.
L'autorisation préalable a une durée de validité d'une
année, à compter de la date de sa délivrance. Elle ne peut être
utilisée que pour les organismes marins et les quantités qui y
sont mentionnés.",Social,"Social=1, Environnement=1, Fiscal=0",Social,False
40,BO_7470_Fr,29,fr,"La liste des espèces pouvant faire l'objet de
capture d'alevins ou de naissains ou de cueillette de boutures
est fixée par arrêté de l'autorité gouvernementale chargée de
la pêche maritime, sur proposition de l'ANDA et après avis
conforme de l'INRH.",Environnement,"Environnement=1, Fiscal=0, Social=0",Environnement,False
41,BO_7470_Fr,26,fr,"Tout lot d'organismes marins, devant être
introduit dans une ferme aquacole ou dans le milieu marin
ou transféré d'une ferme aquacole à une autre, doit être
accompagné des documents sanitaires délivrés, à cet effet,
conformément à la législation et la réglementation en vigueur.
L'Agence nationale des eaux et forêts (ANEF) est
consultée dans le cas où une ou plusieurs des espèces dont
l'inscription est prévue dans la liste susindiquée sont classées
dans l'une des catégories prévues à l'article 4 de la loi n°29-05
relative à la protection des espèces de flore et de faune sauvage
et au contrôle de leur commerce.
Le titulaire de l'autorisation préalable, visée à l'article 23
ci-dessus, informe, par tout moyen faisant preuve de la
réception, y compris par voie électronique, le service compétent
du département de la pêche maritime et l'Agence de la date
prévue pour l'introduction ou le transfert des organismes
marins, au moins 48 heures avant ladite date.
Sont également fixées par ledit arrêté les conditions
techniques de capture desdits alevins ou naissains ou de
cueillette desdites boutures
Section 3. – Autorisation de capture des alevins ou de naissains
dans le milieu marin et autorisation de cueillette des boutures
des végétaux marins",Environnement,"Environnement=4, Commercial=1, Fiscal=0",Environnement,False
42,BO_7470_Fr,30,fr,"L'autorisation de capture des alevins ou des
naissains et l'autorisation de cueillette des boutures de végétaux
marins sont établies selon le modèle correspondant fixé par
arrêté de l'autorité gouvernementale chargée de la pêche
maritime et comportent, outre les mentions d'identification du
demandeur et de la ferme aquacole concernée, les informations
ci-après :",Indéterminé,"Fiscal=0, Social=0, Administratif=0",Indéterminé,False
43,BO_7470_Fr,27,fr,"Pour l'obtention de l'autorisation de capture,
dans le milieu marin, des alevins ou des naissains et de
l'autorisation de cueillette des boutures de végétaux marins,
prévues à l'article 44 de la loi précitée n°84-21, le titulaire de
l'autorisation de la ferme aquacole concernée doit déposer
une demande, à cet effet, contre récépissé, y compris par voie
électronique, auprès du service compétent de l'Agence.
1) la quantité, la taille et/ou le poids des spécimens de la
ou des espèces dont la capture ou la cueillette dans le milieu
marin est autorisée ;
La demande est établie selon le modèle correspondant
disponible auprès des services de l'Agence et sur son site Web.
Elle est accompagnée d'un dossier constitué des documents
dont la liste est fixée par arrêté de l'autorité gouvernementale
chargée de la pêche maritime.
2) le ou les lieux prévus pour effectuer la capture ou la
cueillette ;
Chapitre IV
3) la ou les périodes de l'année durant laquelle ou
lesquelles les opérations de capture ou de cueillette sont
prévues ;
Modalités d'exercice de certaines activités aquacoles
Section première. – Autorisation d'activité de recherche scientifique
4) les informations relatives au navire ou aux navires de
pêche disposant d'une licence de pêche en cours de validité
pour la ou les périodes et le ou les lieux mentionnés dans
l'autorisation, en cas d'utilisation d'un navire de pêche ;
aquacole et autorisation d'activité d'aquaculture expérimentale",Environnement,"Environnement=1, Fiscal=0, Social=0",Environnement,False
44,BO_7470_Fr,36,fr,"La demande d'autorisation d'activité de
recherche scientifique aquacole et la demande d'autorisation
d'activité d'aquaculture expérimentale, prévues respectivement
aux articles 63 et 66 de la loi précitée n° 84-21, sont établies
selon le modèle correspondant disponible auprès des services
de l'Agence et sur son site web.
5) la ou les méthodes de pêche et les engins ou instruments
de pêche autorisés ;
6) toute autre mention utile.",Indéterminé,"Fiscal=0, Social=0, Administratif=0",Indéterminé,False
45,BO_7470_Fr,31,fr,"L'autorisation de capture des alevins ou
des naissains et l'autorisation de cueillette des boutures de
végétaux marins ont une durée de validité d'une année, à
Lesdites demandes sont déposées, y compris par voie
électronique, contre récépissé, auprès du service compétent de
l'Agence, par l'établissement ou l'organisme visé à l'article 62 de
la loi précitée n°84-21, en ce qui concerne l'activité de recherche
scientifique aquacole, et par le titulaire de l'autorisation
de ferme aquacole devant abriter l'activité d'aquaculture
expérimentale, en ce qui concerne l'expérimentation.
compter de la date de leur délivrance.",Environnement,"Environnement=1, Fiscal=0, Social=0",Environnement,False
46,BO_7470_Fr,32,fr,"Tout lot d'alevins ou de naissains capturés doit,
pour son introduction dans la ferme aquacole concernée, être
accompagné des documents sanitaires délivrés conformément
à la législation et la règlementation en vigueur.
La liste des documents constituant les dossiers, prévus
respectivement auxdits articles 63 et 66 de ladite loi n° 84-21
accompagnant lesdites demandes est fixée par arrêté de
l'autorité gouvernementale chargée de la pêche maritime.
Section IV. – Récupération des espèces évadées",Environnement,"Environnement=1, Fiscal=0, Social=0",Environnement,False
47,BO_7470_Fr,33,fr,"En application des dispositions de l'article 45
de la loi précitée n°84-21, le titulaire de l'autorisation de ferme
aquacole doit immédiatement déclarer au service compétent
du département de la pêche maritime et à l'Agence, par tout
moyen faisant preuve de la réception, y compris par voie
électronique, toute évasion d'espèces aquacoles élevées ou
conservées dans sa ferme.",Environnement,"Environnement=1, Fiscal=0, Social=0",Environnement,False
48,BO_7470_Fr,37,fr,"Le service compétent de l'Agence procède à
l'examen de faisabilité du projet de recherche scientifique ou
d'expérimentation, objet de la demande, conformément aux
dispositions de l'article 63 ou de l'article 66 de la loi précitée
n° 84-21, selon le cas.
En cas de faisabilité du projet, l'Agence soumet le dossier
de la demande à l'INRH qui dispose d'un délai de quinze
(15) jours pour rendre son avis. Toutefois, dans le cas où une
étude ou une visite de conformité est nécessaire, ce délai est
suspendu jusqu'à la remise du rapport final de l'étude ou de
la visite.
La déclaration sus-indiquée est établie selon le modèle
disponible auprès des services de l'Agence et sur son site web.
Outre les mentions d'identification du titulaire de
l'autorisation et de la ferme aquacole concernée, la déclaration
comprend les informations relatives au lieu de l'évasion, aux
espèces évadées, ainsi qu'une estimation de leur quantité avec
l'indication de leur état sanitaire.
En cas d'avis favorable de l'INRH, le dossier de la
demande, l'avis de l'INRH ainsi qu'une note établie par
l'Agence sont adressés par celle-ci à l'autorité gouvernementale
chargée de la pêche maritime, aux fins de l'établissement de
l'autorisation correspondante.",Environnement,"Environnement=3, Fiscal=0, Social=0",Environnement,False
49,BO_7470_Fr,34,fr,"Le titulaire de l'autorisation de ferme
aquacole peut effectuer la récupération des espèces évadées,
objet de la déclaration, visée à l'article 33 ci-dessus dans
les espaces occupés par les installations et équipements de
la ferme aquacole et dans la zone de protection accordée à
ladite ferme, par tout moyen approprié utilisé par le titulaire
de l'autorisation de ferme aquacole ou sous sa responsabilité.
L'autorisation est transmise par l'Agence au demandeur,
par tout moyen faisant preuve de la réception, y compris par
voie électronique, dans un délai maximum de soixante (60)
jours, à compter de la date de dépôt de la demande, sous
réserve de la suspension du délai sus indiqué.",Environnement,"Environnement=3, Social=1, Fiscal=0",Environnement,False
50,BO_7470_Fr,35,fr,"Le titulaire de l'autorisation de la ferme
aquacole concernée doit déclarer les espèces récupérées au
service compétent du département de la pêche maritime et à
l'Agence dans un délai n'excédant pas 24 heures, à compter
de la date de leur récupération.
En cas de non faisabilité du projet ou en cas d'avis
défavorable de l'INRH, la demande est rejetée.
Tout rejet de la demande doit être motivé et notifié au
demandeur par tout moyen faisant preuve de la réception, y
compris par voie électronique, dans le même délai indiqué au
quatrième alinéa ci-dessus.
En outre, un rapport relatant l'évènement et les mesures
de récupération prises, ainsi que leur résultat doit être adressé
par le titulaire de l'autorisation de ferme aquacole, au service
compétent du département de la pêche maritime et à l'Agence
dans un délai maximum de trente (30) jours à compter de
la date de l'évasion. Ledit rapport est établi selon le modèle
fourni par l'Agence et disponible sur son site web.",Environnement,"Environnement=2, Fiscal=0, Social=0",Environnement,False
51,BO_7470_Fr,38,fr,"L'autorisation d'activité de recherche
scientifique aquacole et l'autorisation d'activité d'aquaculture
expérimentale sont établies selon les modèles fixés par arrêté
de l'autorité gouvernementale chargée de la pêche maritime.
Les informations relatives à l'évasion et à la récupération
des espèces aquacoles, visées aux articles 33 et 34 ci-dessus
doivent être reportées sur le registre prévu à l'article 52 de la
loi précitée n°84-21.
Outre sa durée de validité, chaque autorisation comporte
les mentions et informations prévues respectivement aux
articles 61 et 67 de la loi précitée n°84-21, selon le cas.",Indéterminé,"Fiscal=0, Social=0, Administratif=0",Indéterminé,False
52,BO_7470_Fr,39,fr,"La demande de renouvellement de
l'autorisation d'activité de recherche scientifique aquacole,
prévue à l'article 64 de la loi précitée n°84-21, doit être déposée,
sous peine de rejet, six (6) mois, au moins, avant l'expiration
de sa durée de validité.
Le dossier de la demande ainsi qu'une note établie par
l'Agence sont adressés par celle-ci à l'autorité gouvernementale
chargée de la pêche maritime aux fins de l'établissement de
l'autorisation.
L'autorisation est transmise par l'Agence au demandeur,
par tout moyen faisant preuve de la réception, y compris par
voie électronique, dans un délai maximum de soixante (60)
jours, à compter de la date de dépôt de la demande.
La demande de renouvellement est déposée et instruite
selon les mêmes modalités que celles prévues aux articles 36
et 37 ci-dessus.
Tout rejet de la demande doit être motivé et notifié
à l'intéressé par tout moyen faisant preuve de réception, y
compris par voie électronique, dans le même délai indiqué
ci-dessus.",Pénal,"Pénal=1, Fiscal=0, Social=0",Pénal,False
53,BO_7470_Fr,40,fr,"La demande de prorogation de validité de
l'autorisation d'activité d'aquaculture expérimentale, prévue à
l'article 67 de la loi précitée n°84-21, est établie par le titulaire
de l'autorisation concernée selon le modèle disponible auprès
des services de l'Agence et sur son site web. Elle est déposée,
y compris par voie électronique, contre récépissé, auprès du",Environnement,"Environnement=1, Fiscal=0, Social=0",Environnement,False
54,BO_7470_Fr,43,fr,"L'autorisation d'activités d'aquaculture pour
la formation est établie selon le modèle fixé par arrêté de
l'autorité gouvernementale chargée de la pêche maritime.
service compétent de l'Agence.
Sous peine de rejet, cette demande doit être déposée,
trois (3) mois, au moins, avant l'expiration de la durée de
validité de l'autorisation concernée.
Outre sa durée de validité, l'autorisation comporte les
mentions et informations relatives à l'identité de son titulaire et
de la ferme aquacole concernée, les caractéristiques générales
de l'espace réservé aux activités de formation pratique ainsi
que les moyens humains et matériels mis en place pour assurer
la sécurité des personnes au cours de ladite formation pratique.
La demande doit être accompagnée de tout document
justifiant le motif de la prorogation demandée.
En cas d'acceptation, la décision de prorogation, établie
par l'autorité gouvernementale chargée de la pêche maritime,
est adressée par l'Agence au demandeur, par tout moyen
faisant preuve de la réception, y compris par voie électronique,
dans un délai maximum de trente (30) jours, à compter de la
date de dépôt de la demande.",Pénal,"Pénal=1, Environnement=1, Fiscal=0",Pénal,False
55,BO_7470_Fr,44,fr,"S'il est constaté, suite à un contrôle effectué
conformément aux dispositions de l'article 15 ci-dessus, qu'une
ou plusieurs des conditions ayant permis la délivrance de
l'autorisation pour l'exercice d'activité d'aquaculture pour la
formation ne sont plus remplies, celle-ci est retirée.
La décision du retrait motivée de l'autorisation est
notifiée à l'intéressé par tout moyen faisant preuve de la
réception, y compris par voie électronique.
Tout refus de la prorogation doit être motivé et adressé
au demandeur dans le même délai indiqué au quatrième alinéa
ci-dessus.
Chapitre V
Section 2. – Autorisation d'activité d'aquaculture
Dispositions diverses et finales
pour la formation",Indéterminé,"Fiscal=0, Social=0, Administratif=0",Indéterminé,False
56,BO_7470_Fr,45,fr,"En application des dispositions de l'article 78
de la loi précitée n°84-21, les catégories des personnels de
l'autorité gouvernementale chargée de la pêche maritime
habilités à rechercher et constater les infractions aux
dispositions de ladite loi et aux textes pris pour son application
et dresser les procès-verbaux y afférent sont fixées par arrêté
de cette autorité.",Pénal,"Pénal=2, Fiscal=0, Social=0",Pénal,False
57,BO_7470_Fr,41,fr,"L'autorisation pour l'exercice d'activité
d'aquaculture pour la formation, visée à l'article 74 de la loi
précitée n°84-21, est délivrée par l'autorité gouvernementale
chargée de la pêche maritime, sur sa demande, au titulaire de
l'autorisation de ferme aquacole devant abriter les activités de
formation pratique.
Le demandeur doit s'engager à respecter les clauses
d'un cahier des charges, établi à cet effet, selon le modèle fixé
par arrêté de l'autorité gouvernementale chargée de la pêche
maritime.
Pour être habilités, lesdits agents doivent disposer de
connaissances et de compétences dans les domaines traités par
la loi précitée n°84-21 et les textes pris pour son application.
A cet effet, ils doivent avoir suivi une formation dans les
domaines de l'aquaculture marine et de la pêche maritime ainsi
qu'en matière de procédure judiciaire et de verbalisation, selon
le programme établi, à cet effet, par l'autorité gouvernementale
chargée de la pêche maritime.
La demande sus indiquée, établie selon le modèle
disponible auprès des services de l'Agence et sur son site web,
est déposée, contre récépissé, y compris par voie électronique,
auprès du service compétent de l'Agence.
Cette demande est accompagnée d'un dossier
comprenant, outre le cahier des charges sus indiqué, les
documents dont la liste est fixée par arrêté de l'autorité
gouvernementale chargée de la pêche maritime.",Environnement,"Environnement=2, Administratif=1, Fiscal=0",Environnement,False
58,BO_7470_Fr,46,fr,"Dans l'exercice de leurs missions, les agents
mentionnés à l'article 45 ci-dessus doivent être munis et porter
de manière apparente, une carte professionnelle délivrée, à
cet effet, par l'autorité gouvernementale chargée de la pêche
maritime, permettant leur identification et celle du service
auquel ils sont rattachés.",Administratif,"Administratif=1, Fiscal=0, Social=0",Administratif,False
59,BO_7470_Fr,42,fr,"Le service compétent de l'Agence procède à
un examen de la complétude du dossier de la demande.
Pour se prononcer sur la demande, l'Agence peut
effectuer une visite des installations de la ferme devant abriter
les activités de formation pratique.
La carte professionnelle sus indiquée est établie selon le
modèle fixé par arrêté de l'autorité gouvernementale chargée
de la pêche maritime.",Indéterminé,"Fiscal=0, Social=0, Administratif=0",Indéterminé,False
60,BO_7470_Fr,47,fr,"La requête prévue à l'article 88 de la loi précitée
n°84-21 est déposée contre récépissé, par le contrevenant,
auprès de la délégation des pêches maritimes dans le ressort de
laquelle l'infraction a été constatée, dans un délai maximum de
sept (7) jours ouvrables, à compter de la date de l'établissement
du procès-verbal d'infraction.
4 - les modalités d'établissement du procès-verbal de
prélèvement d'échantillon prévu à l'article 82 de la loi précitée
n°84-21 ;
5 -  les modalités de destruction des produits de
l'aquaculture marine saisis, prévue à l'article 84 de la loi
précitée n°84-21 ;",Pénal,"Pénal=4, Fiscal=0, Social=0",Pénal,False
61,BO_7470_Fr,48,fr,"Le montant de l'amende de transaction prévue
à l'article 88 de la loi précitée n°84-21 est fixé par décision de
l'autorité gouvernementale chargée de la pêche maritime.
6 - les modalités de tenue et de mise à jour, par le
titulaire de l'autorisation de ferme aquacole, du registre prévu
à l'article 52 de la loi précitée n°84-21, ainsi que les modalités
de sa consultation par les agents habilités visés à l'article 45
ci-dessus, les agents relevant de l'Agence et les agents relevant
de l'INRH.
Cette décision qui mentionne également l'identité du
contrevenant et la référence du procès-verbal de constatation
de l'infraction est notifiée au contrevenant par l'autorité
gouvernementale chargée de la pêche maritime dans le délai
prévu audit",Administratif,"Administratif=3, Pénal=3, Environnement=1",Administratif,False
63,BO_7470_Fr,52,fr,"Le ministre de l'agriculture, de la pêche
maritime, du développement rural et des eaux et forêts est
chargé de l'exécution du présent décret qui sera publié au
Bulletin officiel.",Environnement,"Environnement=1, Fiscal=0, Social=0",Environnement,False
64,BO_7470_Fr,49,fr,"En application des dispositions de l'article 30
de la loi précitée n° 84-21, l'accord autorisant la poursuite de
l'exploitation d'une ferme aquacole par un tiers, y compris le
titulaire d'une autre autorisation de ferme aquacole est délivré
par l'autorité gouvernementale chargée de la pêche maritime.
Fait à Rabat, le 1er rejeb 1447 (22 décembre 2025).
AZIZ AKHANNOUCH.
Pour contreseing :
La demande d'accord, établie par le titulaire de
l'autorisation concernée, selon le modèle disponible auprès
des services de l'Agence et sur son site web, est déposée, y
compris par voie électronique, contre récépissé, auprès du
service compétent de ladite Agence.
Le ministre de l'agriculture,
de la pêche maritime,
du développement rural
et des eaux et forêts,
AHMED EL BOUARI.
La demande est accompagnée d'un dossier contenant
les documents dont la liste est fixée par arrêté de l'autorité
gouvernementale chargée de la pêche maritime.
Arrêté de la ministre de l'économie et des finances n° 2412-25
du 21 rabii II 1447 (14 octobre 2025) fixant les règles
prudentielles relatives aux placements financiers du Fonds
Hassan II pour le développement économique et social.
Suite à l'instruction du dossier, l'Agence adresse le dossier
complet de la demande ainsi qu'une note établie par celle-ci à
l'autorité gouvernementale chargée de la pêche maritime, aux
fins de l'établissement de l'accord correspondant.
Cet accord est transmis par l'Agence au demandeur, par
tout moyen faisant preuve de la réception, y compris par voie
électronique, dans un délai maximum de soixante (60) jours
à compter de la date de dépôt de la demande.
LA MINISTRE DE L'ÉCONOMIE ET DES FINANCES,
Vu la loi n° 36-01 portant création du Fonds Hassan II
pour le développement économique et social promulguée
par le dahir n° 1-02-02 du 15 kaada 1422 (29 janvier 2002),
notamment son article 2 (b) ;
Tout rejet de la demande doit être motivé et adressé à
l'intéressé par tout moyen faisant preuve de la réception, y
compris par voie électronique, dans le même délai sus indiqué.
Vu le décret n° 2-02-93 du 27 hija 1422 (12 mars 2002)
pris en application de la loi n° 36-01 portant création du
Fonds Hassan II pour le développement économique et social,
notamment son article 3,",Environnement,"Environnement=3, Fiscal=0, Social=0",Environnement,False
65,BO_7470_Fr,50,fr,"Les espèces halieutiques vivantes doivent être
transportées et étiquetées selon les modalités fixées par arrêté
de l'autorité gouvernementale chargée de la pêche maritime et
de l'autorité gouvernementale chargée de l'agriculture, compte
tenu des dispositions de la législation et de la réglementation
relative à la sécurité sanitaire des produits alimentaires.
ARRÊTE :",Environnement,"Environnement=2, Fiscal=0, Social=0",Environnement,False
66,BO_7470_Fr,PREMIER,fr,"En application des dispositions de
l'article 2 (b) de la loi susvisée n°36-01, sont fixées comme suit
les règles prudentielles relatives aux placements financiers du
Fonds Hassan II pour le développement économique et social,
désigné ci-dessous « Fonds » qui se constituent sous forme :",Indéterminé,"Fiscal=0, Social=0, Administratif=0",Indéterminé,False
67,BO_7470_Fr,51,fr,"Sont fixés par arrêtés de l'autorité gouvernementale
chargée de la pêche maritime :
1 - les modalités de la déclaration de vacance de ferme
aquacole prévue à l'article 38 de la loi précité n°84-21 ;
1) d'au moins 70% des :
a) bons de trésor ;
2 - les modèles des demandes prévues au présent décret ;
b) obligations bénéficiant de la garantie de l'Etat ou de la
garantie de la société nationale de garantie et du financement
de l'entreprise ;
3 - le modèle du procès-verbal d'infraction prévu à
l'article 81 de la loi précitée n°84-21 ;
Arrêté conjoint de la ministre de l'économie et des finances
c) titres émis par les organismes de placement collectif
en valeurs mobilières (OPCVM) dont les éléments d'actifs sont
constitués de bons du Trésor ou d'obligations bénéficiant de
la garantie de l'Etat ou de la garantie de la société nationale
de garantie et du financement de l'entreprise ;
et du ministre de l'industrie et du commerce n° 2481-25
du 29 rabii II 1447 (22 octobre 2025) fixant la liste des
services liés aux activités autorisées à s'implanter dans la
Zone d'accélération industrielle Betoya.
d) titres émis par les organismes de placement collectif,
y compris les certificats Sukuk émis par les fonds de
placements collectifs en titrisation (FPCT) ou les titres émis
par les organismes de placement collectif immobilier (OPCI),
à condition que l'État soit l'initiateur de la constitution de
l'organisme et que la détermination et la gestion des risques
encourus par les placements dans ces titres soient similaires
aux placements en bons du Trésor ou en obligations bénéficiant
de la garantie de l'État ou de la garantie de la société nationale
de garantie et du financement de l'entreprise.
LA MINISTRE DE L'ÉCONOMIE ET DES FINANCES,
ET LE MINISTRE DE L'INDUSTRIE ET DU COMMERCE,
Vu la loi n° 19-94 relative aux zones d'accélération
industrielle promulguée par le dahir n° 1-95-1 du 24 chaabane
1415 (26 janvier 1995), telle qu'elle a été modifiée, notamment
ses articles 2 et 3 ;
Vu le décret n° 2-95-562 du 19 rejeb 1416 (12 décembre
1995) pris pour l'application de la loi n° 19-94 relative aux zones
d'accélération industrielle, notamment son article 2 ;
Les opérations de pension et/ou de prêt de titres
ne peuvent se réaliser que dans la limite de 10% de l'ensemble
des titres prévus par le présent paragraphe.
Vu le décret n° 2-09-684 du 30 rabii I 1431 (17 mars 2010)
portant création de la zone d'accélération industrielle Betoya,
tel qu'il a été modifié et complété notamment son article 4 ;
Les bons du Trésor ou les titres d'OPCVM dont l'objet
de leur placement concerne des bons du Trésor, doivent
constituer 35% de l'ensemble des placements prévus par le
présent paragraphe.
Sur proposition de la commission nationale des zones
d'accélération industrielle,
ARRÊTENT :",Commercial,"Commercial=8, Pénal=2, Social=1",Commercial,False
68,BO_7470_Fr,PREMIER,fr,"La liste des services liés aux activités
autorisées à s'implanter dans la zone d'accélération industrielle
de Betoya prévue dans l'article 4 du décret n°2-09-684
susvisé, est fixé comme suit :
2) d'au plus de 30% :
– des instruments financiers définis au paragraphe 1) de
l'article 2 de la loi n° 44-12 relative à l'appel public à
l'épargne et aux informations exigées des personnes
morales et organismes faisant appel public à l'épargne ;
– Services de communication, de marketing, de
certification et de promotion qui permettraient aux
investisseurs installés dans la zone d'accélération
industrielle d'améliorer leur capacité de pénétration
des marchés ;
– et de titres d'organismes de placement collectif
immobilier (OPCI).",Indéterminé,"Fiscal=0, Social=0, Administratif=0",Indéterminé,False
69,BO_7470_Fr,2,fr,"A l'exception des fonds placés sous forme de
bons du Trésor, des pourcentages maximums des placements
financiers par émetteur ou groupe d'émetteurs peuvent être
fixés par le directoire du Fonds.
– Services de maintenance et d'entretien des équipements
des unités industrielles et des locaux ;
– Services de recyclage et de valorisation des déchets
produits par les acteurs ;",Environnement,"Environnement=1, Fiscal=0, Social=0",Environnement,False
70,BO_7470_Fr,3,fr,"Les placements financiers et les opérations
visés à l'article premier ci-dessus doivent tenir compte des
– Services de peinture de surfaces, de coupe et de
lamination dans la zone d'accélération industrielle ;
engagements du Fonds et être suffisamment diversifiés pour lui
permettre de se prémunir contre une concentration des risques.
– Entretien du site et de ses installations (espaces publics) ;
–  Gestion des parkings (sous-terrain et surface) à",Indéterminé,"Fiscal=0, Social=0, Administratif=0",Indéterminé,False
71,BO_7470_Fr,4,fr,"Est abrogé l'arrêté du ministre de l'économie,
des finances et de la réforme de l'administration n°2873-19 du
22 safar 1441 (21 octobre 2019) fixant les règles prudentielles
relatives aux placements financiers du Fonds Hassan II pour
le développement économique et social.
l'intérieur de la zone d'accélération industrielle ;
– Etablissements d'assistance technique et de formation,
réservés exclusivement au personnel des entreprises
installées à l'intérieur de la zone d'accélération
industrielle ;",Administratif,"Administratif=1, Commercial=1, Fiscal=0",Administratif,False
72,BO_7470_Fr,5,fr,"Le présent arrêté est publié au Bulletin officiel.
– Centres d'exposition réservés aux biens d'équipement et
Rabat, le 21 rabii II 1447 (14 octobre 2025).
produits des sociétés installées à l'intérieur de la zone
d'accélération industrielle ;
NADIA FETTAH.
– Centres d'affaires fournissant des plateaux bureaux,
– Services de manutention des marchandises et de
des services de télécommunication, secrétariat,
reprographie et salles de réunions à destination
des sociétés en cours d'installation dans la zone
d'accélération industrielle ;
transport du personnel des entreprises installées dans
ladite zone ;
– Service de médecine de travail ;
– Les activités de commerce de biens d'équipement,
– Service ambulancier sur zone ;
outillage, petit matériel, pièces de rechanges destinées
aux unités industrielles de la zone ;
– Services postaux ;
– Services bancaires ;
– Services d'externalisation de fonctions administratives
et financières pour les entreprises installées dans la zone
d'accélération industrielle ;
– Service de transport terrestre ;
– Service de réparation et nettoyage de conteneurs ;
– Activités immobilières d'aménagement des lots
industriels, de construction des locaux industriels et
de plateaux bureaux pour les entreprises industrielles et
de services sous toutes les formes de mise à disposition
possibles (leasing, location, vente) ;
– Service d'empotage/dépotage spécialisés (les marchandises
réfrigérés, dangereux, vacs solides/liquides) ;
– Assurances et courtiers maritimes ;
– Centres privés de formation maritime-portuaire ;
– Services de conseil à l'agencement, à l'ameublement
des plateaux bureaux, de déménagement et aide à
l'installation ;
– Services de contrôle utilisant la plongée sous-marine ;
– Activités de consignataire maritime ;
– Services d'accompagnement des entreprises à la
certification et à l'installation des systèmes de
management de la qualité ;
– Services de manutention portuaire, de chargement et
de déchargement des navires, y compris les opérations
– Activités de logistique, de magasinage, d'entreposage
de transbordement ;
et de stockage ;
– Services de stockage et d'entreposage des marchandises
– Activités de pointage, de pesage et d'acheminement des
en zone portuaire, y compris les hydrocarbures et
marchandises ;
produits dangereux conformément à la réglementation
– Ingénierie et bureaux d'études techniques ;
en vigueur ;
–  Travaux d'aménagement des zones d'activités
– Services aux navires : pilotage, remorquage, amarrage,
industrielles, logistiques et de stockage des produits
énergiques ;
soutage et avitaillement en carburant et en vivres,
collecte, traitement, gestion et évacuation des déchets
– Travaux d'infrastructures et de superstructures
et résidus des navires ;
portuaires ;
– Services de réparation navale et d'entretien des
– Travaux d'informatique, de bureautique et de tirage
de plans ;
embarcations ;
– Laboratoires d'essais, de métrologie, de contrôle,
– Services logistiques liés au transport maritime ;
d'analyses de matières premières de produits finis ou
semi-finis utilisés ou produits par les unités installées
dans la zone d'accélération industrielle ;
Plus généralement, tous les services liés aux navires et
à la marchandise dans le port.
– Services de sécurité du site : télésurveillance et",Environnement,"Environnement=16, Commercial=8, Urbain=3",Environnement,False
73,BO_7470_Fr,2,fr,"Le présent arrêté conjoint sera publié au
vidéosurveillance dans la zone d'accélération
industrielle, gardiennage et contrôle des entrées/sorties
du site et des installations des entreprises ;
Bulletin officiel.
Rabat, le 29 rabii II 1447 (22 octobre 2025).
– Services de gestion des infrastructures de secours ;
La ministre de l'économie
Le ministre de l'industrie et
et des finances,
NADIA FETTAH.
du commerce,
RYAD MEZZOUR.
– Services de restauration au profit du personnel des
entreprises installées dans ladite zone ;
Arrêté de la ministre de l'économie et des finances n° 2889-25",Commercial,"Commercial=3, Fiscal=0, Social=0",Commercial,False
74,BO_7470_Fr,2,fr,"Le présent arrêté, qui prend effet à compter du
1er janvier 2026, est publié au Bulletin officiel.
du 19 joumada II 1447 (10 décembre 2025) modifiant et
complétant l'arrêté du ministre délégué auprès du premier
ministre, chargé des affaires économiques et générales
n° 1964-06 du 20 rejeb 1427 (15 août 2006) fixant les prix
et les marges commerciales maxima du sucre raffiné à tous
les échelons de la commercialisation.
Rabat, le 19 joumada II 1447 (10 décembre 2025).
NADIA FETTAH.
Le texte en langue arabe a été publié dans l'édition générale du
« Bulletin officiel » n° 7469 du 8 rejeb 1447 (29 décembre 2025).
LA MINISTRE DE L'ÉCONOMIE ET DES FINANCES,
Vu la loi de finances n°55-23 pour l'année budgétaire
2024 promulguée par le dahir n° l-23-91 du 30 joumada I 1445
(14 décembre 2023) ;
Arrêté de la ministre de l'économie et des finances n° 2927-25
du 27 joumada II 1447 (18 décembre 2025) modifiant et
complétant l'arrêté du ministre délégué auprès du Chef
du gouvernement, chargé des affaires générales et de la
gouvernance n° 771-13 du 18 rabii II 1434 (1er mars 2013)
relatif à l'homologation des prix de vente au public des
tabacs manufacturés.
Vu le décret n° 2-14-652 du 8 safar 1436 (1er décembre
2014) pris pour l'application de la loi n° 104-12 sur la liberté
des prix et de la concurrence tel qu'il a été modifié et complété,
et notamment son article 3 ;
Vu le décret n° 2-21-829 du 14 rabii I 1443 (21 octobre
2021) relatif aux attributions de la ministre de l'économie et
des finances ;
Vu l'arrêté du ministre délégué auprès du chef
du gouvernement chargé des affaires générales et de la
gouvernance n°1899-15 du 13 chaabane 1436 (1er juin 2015)
fixant la liste des biens, produits et services dont les prix sont
réglementés, tel que complété ;
LA MINISTRE DE L'ÉCONOMIE ET DES FINANCES,
Vu le décret n° 2-03-199 du 20 rabii I 1424 (22 mai 2003)
pris pour l'application de la loi n° 46-02 relative au régime des
tabacs bruts et des tabacs manufacturés, tel qu'il a été modifié
et complété par le décret n° 2-17-642 ;
Vu l'arrêté du ministre délégué auprès du premier ministre,
chargé des affaires économiques et générales n° 1964-06
du 20 rejeb 1427 (15 août 2006) fixant les prix et les marges
commerciales maxima du sucre raffiné à tous les échelons de la
commercialisation tel qu'il a été modifié et complété ;
Vu le décret n° 2-21-829 du 14 rabii I 1443 (21 octobre
2021) relatif aux attributions de la ministre de l'économie et
des finances ;
Après avis de la commission interministérielle des prix,
Vu l'arrêté du ministre délégué auprès du Chef
du gouvernement, chargé des affaires générales et de la
gouvernance n° 771-13 du 18 rabii II 1434 (1er mars 2013)
relatif à l'homologation des prix de vente au public des tabacs
manufacturés, tel qu'il a été modifié et complété ;
ARRÊTE :",Environnement,"Environnement=6, Commercial=2, Fiscal=0",Environnement,False
75,BO_7470_Fr,PREMIER,fr,"L'article premier de l'arrêté visé
ci-dessus n° 1964-06 du 20 rejeb 1427 (15 août 2006) fixant
les prix et les marges commerciales maxima du sucre raffiné
à tous les échelons de la commercialisation est modifié et
complété comme suit :
Après avis de la commission chargée de l'homologation
des prix des produits de tabac manufacturé,
«",Indéterminé,"Fiscal=0, Social=0, Administratif=0",Indéterminé,False
76,BO_7470_Fr,premier,fr,"Les prix de vente maxima du sucre
« raffiné sortie usine, sont fixés comme suit :
ARRÊTE :
Présentation
Prix
 en dh/kg
Conditionnement",Commercial,"Commercial=1, Fiscal=0, Social=0",Commercial,False
77,BO_7470_Fr,PREMIER,fr,"A compter du 1er janvier 2026,
les nouveaux prix de vente au public des produits de tabac
manufacturé, figurant au tableau annexé à l'arrêté susvisé
n° 771-13 du 18 rabii II 1434 (1er mars 2013), sont homologués
conformément à l'annexe jointe au présent arrêté.
Pains de 2 kilos.
5,1484
Habillés sous papier en sacs en caisses
carton emballages perdus
Coupés.
5,1484
En boites carton d'un kilo mises en
fardeau de 5 kilos sous papier
Granulé en poudre
titrant au moins
99, 5°
4,2335
En sacs perdus de 50 Kg.",Environnement,"Environnement=3, Commercial=1, Fiscal=0",Environnement,False
78,BO_7470_Fr,2,fr,"Le présent arrêté sera publié au Bulletin officiel.
Rabat, le 27 joumada II 1447 (18 décembre 2025).
Granulé en poudre.
4,2910
Présenté en sachet de 5 kg.
NADIA FETTAH.
Granulé en poudre.
4,2951
Présenté en sachet de 2 kg.
*
Granulé en poudre.
4,3363
Présenté en sachet de 1 kg.
*
*
(La suite sans modification.)
Annexe n° 1
Liste des nouveaux prix de vente au public
Camel Lights
36,00
Camel Filters Limited Edition
36,00
des produits de tabac manufacturé
homologué à compter du 1er janvier 2026
Camel Lights Limited Edition
36,00
Marlboro Red Beyond
41,50
PRIX
PUBLIC
(EN DHS)
LIBELLE
Marlboro Beyond Blue
41,50
Marlboro Sol Shuffle KS
41,50
Cigarettes brunes
Marlboro Red Ks Soft Pack
38,00
Casa
31,00
Marlboro Touch Blue
34,00
Cigarettes blondes
Marlboro Touch
34,00
Majestic
35,00
Marlboro Red KS
39,50
Cesar
32,00
Marlboro Gold KS
39,50
Rif
33,00
Chesterfield I
29,00
Glamour Menthol
41,00
Chesterfield Rich
29,00
Glamour Pinks
41,00
Chesterfield Blue
29,00
Fortuna Blue
29,00
Chesterfield Intense
29,00
Fortuna Red
29,00
Chesterfield I (25.cig)
36,00
Fortuna Edicion Limitada
29,00
Chesterfield I(40.cig)
58,00
Fortuna Intense
29,00
Chesterfield I (100.cig)
145,00
Fortuna Mix
29,00
Chesterfield Intense Soft Pack
28,00
Marquise FF
29,00
L&M Lights
30,00
Marquise Gold Medium
29,00
L&M FF
30,00
Marquise Lights
29,00
L&M Intense
30,00
Marquise Classic
30,00
L&M Red Soft Pack
28,00
Marquise Intense
29,00
Signature Red
28,00
Marvel
31,00
Signature Light
28,00
LD Classic
28,00
LD Lights
28,00
Le texte en langue arabe a été publié dans l'édition générale du
Camel Silver
36,00
Camel Filters
36,00
« Bulletin officiel » n° 7469 du 8 rejeb 1447 (29 décembre 2025).
TEXTES PARTICULIERS
Arrêté conjoint du ministre délégué auprès de la ministre de
Considérant la convention de création et d'exploitation
de ferme aquacole n° 2025/DOE/550 signée le 6 joumada I 1447
(29 octobre 2025) entre la société « BRAIKA AQUACULTURE
Sarl AU  » et la secrétaire d'Etat auprès du ministre de
l'agriculture, de la pêche maritime, du développement rural
et des eaux et forêts, chargée de la pêche maritime et approuvée
par le ministre délégué auprès de la ministre de l'économie et
des finances, chargé du budget,
l'économie et des finances, chargé du budget et de la
secrétaire d'Etat auprès du ministre de l'agriculture,
de la pêche maritime, du développement rural et des
eaux et forêts, chargée de la pêche maritime n° 2861-25
du 25 joumada II 1447 (16 décembre 2025) autorisant la
société « BRAIKA AQUACULTURE Sarl AU » pour la
création et l'exploitation d'une ferme aquacole dénommée
« Braika Aquaculture Tiniguir » et portant publication de
l'extrait de la convention y afférente.
ARRÊTENT :",Environnement,"Environnement=5, Commercial=3, Fiscal=0",Environnement,False
79,BO_7470_Fr,PREMIER,fr,"La société «  BRAIKA
AQUACULTURE Sarl AU », immatriculée au registre de
LE MINISTRE DÉLÉGUÉ AUPRÈS DE LA MINISTRE DE
commerce de Dakhla sous le numéro 21515 est autorisée à créer
et exploiter, dans les conditions fixées par la convention de
création et d'exploitation de ferme aquacole n° 2025/DOE/550
signée le 6 joumada I 1447 (29 octobre 2025) entre ladite société
et la secrétaire d'Etat auprès du ministre de l'agriculture, de la
pêche maritime, du développement rural et des eaux et forêts,
chargée de la pêche maritime, une ferme aquacole dénommée
« Braika Aquaculture Tiniguir » pour l'élevage, au niveau de
L'ÉCONOMIE ET DES FINANCES, CHARGÉ DU BUDGET,
LA SECRÉTAIRE D'ETAT AUPRÈS DU MINISTRE DE
L'AGRICULTURE, DE LA PÊCHE MARITIME, DU
DÉVELOPPEMENT RURAL ET DES EAUX ET FORÊTS,
CHARGÉE DE LA PÊCHE MARITIME,
Vu le dahir portant loi n° 1-73-255 du 27 chaoual 1393
(23 novembre 1973) formant règlement sur la pêche maritime,
tel que modifié et complété, notamment ses articles 28 et 28-1 ;
la Baie de Dakhla, des espèces halieutiques suivantes  :
Vu le décret n° 2-08-562 du 13 hija 1429 (12 décembre 2008)
fixant les conditions et les modalités de délivrance
et de renouvellement des autorisations d'établissement
de pêche maritime, tel que modifié et complété, notamment
ses articles 7, 7 bis et 9 ;
– l'huître creuse « Crassostrea gigas » ;
– la moule des espèces « Mytilus galloprovincialis » et
« Perna perna ».",Environnement,"Environnement=5, Commercial=3, Fiscal=0",Environnement,False
80,BO_7470_Fr,2,fr,"Le registre tenu par la société « BRAIKA
AQUACULTURE Sarl AU » en application des dispositions
Vu l'arrêté de la ministre de l'économie et des finances
n° 3200-21 du 28 rabii I 1443 (4 novembre 2021) portant
délégation d'attributions au ministre délégué auprès de la
ministre de l'économie et des finances, chargé du budget ;
de l'",Commercial,"Commercial=1, Fiscal=0, Social=0",Commercial,False
81,BO_7470_Fr,28,fr,"1 du dahir portant loi n° 1-73-255 du 27 chaoual
1393 (23 novembre 1973) susvisé, répertorie, dans l'ordre
chronologique, ventilées par espèce, les entrées et les sorties
de l'huître creuse « Crassostrea gigas » et de la moule des
espèces « Mytilus galloprovincialis » et « Perna perna » élevées.
Vu l'arrêté du ministre de l'agriculture, de la pêche
maritime, du développement rural et des eaux et forêts n° 2561-24
du 25 rabii II 1446 (29 octobre 2024) portant délégation
d'attributions à la secrétaire d'Etat auprès du ministre de
l'agriculture, de la pêche maritime, du développement rural
et des eaux et forêts, chargée de la pêche maritime ;",Environnement,"Environnement=3, Fiscal=0, Social=0",Environnement,False
82,BO_7470_Fr,3,fr,"L'extrait de la convention n° 2025/DOE/550
mentionnée à l'article premier ci-dessus est annexé au présent
arrêté conjoint.
Vu l'arrêté du ministre de l'agriculture et de la pêche
maritime n° 1643-10 du 11 joumada II 1431 (26 mai 2010) relatif
à la demande d'autorisation de création et d'exploitation
d'établissement de pêche maritime et fixant le modèle de
convention de concession y afférent, tel que modifié et
complété, notamment son article 3 ;",Indéterminé,"Fiscal=0, Social=0, Administratif=0",Indéterminé,False
83,BO_7470_Fr,4,fr,"Le présent arrêté conjoint sera publié au
Bulletin officiel.
Rabat, le 25 joumada II 1447 (16 décembre 2025).
La secrétaire d'Etat auprès
du ministre de l'agriculture,
Vu l'arrêté conjoint du ministre de l'économie et des
finances et du ministre de l'agriculture et de la pêche maritime
n° 3151-13 du 7 moharrem 1435 (11 novembre 2013) fixant
les montants et les modalités de paiement de la redevance
annuelle due au titre des conventions de concession de ferme
aquacole, tel que modifié et complété ;
Le ministre délégué auprès
de la ministre de l'économie
de la pêche maritime,
du développement rural
et des eaux et forêts, chargée
et des finances,
chargé du budget,
de la pêche maritime,
FOUZI LEKJAA.
ZAKIA DRIOUICH.
*
*    *
Annexe à l'arrêté conjoint du ministre délégué auprès de la ministre de l'économie et des finances, chargé du budget
et de la secrétaire d'Etat auprès du ministre de l'agriculture, de la pêche maritime, du développement rural et des eaux et forêts,
chargée de la pêche maritime n° 2861-25 du 25 joumada II 1447 (16 décembre 2025) autorisant la société
« BRAIKA AQUACULTURE Sarl AU » pour la création et l'exploitation d'une ferme aquacole dénommée
« Braika Aquaculture Tiniguir » et portant publication de l'extrait de la convention y afférente
Extrait de la convention de création et d'exploitation de la ferme aquacole dénommée «Braika Aquaculture Tiniguir»
n° 2025/DOE/550 signée le 6 joumada I 1447 (29 octobre 2025) entre la société «BRAIKA AQUACULTURE Sarl AU»
et la secrétaire d'Etat auprès du ministre de l'agriculture, de la pêche maritime, du développement rural et des eaux et forêts,
chargée de la pêche maritime
(art.9 du décret n° 2-08-562 du 13 hija 1429 (12 décembre 2008))
Nom du bénéficiaire :
Société « BRAIKA AQUACULTURE Sarl AU »
Rue Taouarchit n° 1/1267 - Dakhla.
Durée de la Convention :
Dix (10) ans, renouvelable
Lieu d'implantation de la ferme aquacole :
Baie de Dakhla, province d'Oued Eddahab.
Superficie :
Cinq (5) hectares.
Limites externes d'implantation de la ferme aquacole :
Bornes
Latitude
Longitude
B1
23°42'50.703'' N
15°48'13.602'' W
B2
23°42'45.582'' N
15°48'14.594'' W
B3
23°42'47.365'' N
15°48'25.444'' W
B4
23°42'52.486'' N
15°48'24.452'' W
Largeur de dix (10) mètres autour des limites extérieures d'implantation de la ferme
aquacole.
De jour et de nuit, au moyen de signaux conformes à la réglementation relative à
la sécurité de la navigation.
Zone de protection  :
Signalement en mer  :
Activité de la ferme aquacole :
Élevage des espèces halieutiques suivantes  :
–  huître creuse «Crassostrea gigas» ;
–  moule des espèces «Mytilus galloprovincialis» et «Perna perna».
– Technique des poches sur tables pour l'huître creuse ;
Technique utilisée  :
– Technique des bouchots pour les moules.
Moyens d'exploitation :
– Navires de servitude.
Contrôle et suivi technique et scientifique  :
L'Administration de la pêche maritime et l'Institut national de recherche halieutique
(INRH).
Surveillance environnementale  :
Selon le programme prévu dans l'étude d'impact sur l'environnement.
Gestion des déchets  :
Enfouissement et stockage dans des lieux autorisés à cet effet, conformément à la
loi n°28-00 relative à la gestion des déchets et à leur élimination.
Montant de la redevance due :
- droit fixe  : Cinquante (50) dirhams par an.
- droit variable  : 1/1000 de la valeur des espèces vendues.
Arrêté du ministre de l'enseignement supérieur, de la recherche
Arrêté du ministre de l'enseignement supérieur, de la recherche
scientifique et de l'innovation n° 2776-25 du 7 joumada II 1447
(28 novembre 2025) complétant l'arrêté n° 2797-95 du
20 joumada II 1416 (14 novembre 1995) fixant la liste des
diplômes reconnus équivalents au diplôme d'architecte de
l'Ecole nationale d'architecture.
scientifique et de l'innovation n° 2777-25 du 7 joumada II 1447
(28 novembre 2025) complétant l'arrêté n° 2797-95 du
20 joumada II 1416 (14 novembre 1995) fixant la liste des
diplômes reconnus équivalents au diplôme d'architecte de
l'Ecole nationale d'architecture.
LE MINISTRE DE L'ENSEIGNEMENT SUPÉRIEUR, DE LA
LE MINISTRE DE L'ENSEIGNEMENT SUPÉRIEUR, DE LA
RECHERCHE SCIENTIFIQUE ET DE L'INNOVATION,
RECHERCHE SCIENTIFIQUE ET DE L'INNOVATION,
Vu l'arrêté du ministre de l'enseignement supérieur,
de la formation des cadres et de la recherche scientifique
n° 2797-95 du 20 joumada II 1416 (14 novembre 1995) fixant la
liste des diplômes reconnus équivalents au diplôme d'architecte
de l'Ecole nationale d'architecture, tel qu'il a été complété ;
Vu l'arrêté du ministre de l'enseignement supérieur,
de la formation des cadres et de la recherche scientifique
n° 2797-95 du 20 joumada II 1416 (14 novembre 1995) fixant la
liste des diplômes reconnus équivalents au diplôme d'architecte
de l'Ecole nationale d'architecture, tel qu'il a été complété ;
Vu le décret n° 2-24-991 du 24 rabii II 1446 (28 octobre 2024)
relatif aux attributions du ministre de l'enseignement supérieur,
de la recherche scientifique et de l'innovation ;
Vu le décret n° 2-24-991 du 24 rabii II 1446 (28 octobre 2024)
relatif aux attributions du ministre de l'enseignement supérieur,
de la recherche scientifique et de l'innovation ;
Sur proposition de la ministre de l'aménagement
du territoire national, de l'urbanisme, de l'habitat et de la
politique de la ville ;
Sur proposition de la ministre de l'aménagement
du territoire national, de l'urbanisme, de l'habitat et de la
politique de la ville ;
Après avis du conseil national de l'Ordre national des
architectes ;
Après avis du conseil national de l'Ordre national des
architectes ;
Après avis de la commission sectorielle des sciences,
techniques, ingénierie et architecture du 30 septembre 2025,
Après avis de la commission sectorielle des sciences,
techniques, ingénierie et architecture du 30 septembre 2025,
ARRÊTE :
ARRÊTE :",Environnement,"Environnement=12, Urbain=12, Commercial=3",Environnement,False
84,BO_7470_Fr,PREMIER,fr,"L'article premier de l'arrêté susvisé
n° 2797-95 du 20 joumada II 1416 (14 novembre 1995), est
complété comme suit :",Indéterminé,"Fiscal=0, Social=0, Administratif=0",Indéterminé,False
85,BO_7470_Fr,PREMIER,fr,"L'article premier de l'arrêté susvisé
n° 2797-95 du 20 joumada II 1416 (14 novembre 1995), est
complété comme suit :
«",Indéterminé,"Fiscal=0, Social=0, Administratif=0",Indéterminé,False
86,BO_7470_Fr,premier,fr,"La liste des diplômes reconnus
« équivalents au diplôme d'architecte de l'Ecole nationale
« d'architecture visé à l'article 4 de la loi n° 016-89, assortis du
« baccalauréat, série scientifique ou technique ou d'un diplôme
« reconnu équivalent, est fixée ainsi qu'il suit :
«",Urbain,"Urbain=1, Fiscal=0, Social=0",Urbain,False
87,BO_7470_Fr,premier,fr,"La liste des diplômes reconnus
« équivalents au diplôme d'architecte de l'Ecole nationale
« d'architecture visé à l'article 4 de la loi n° 016-89, assortis du
« baccalauréat, série scientifique ou technique ou d'un diplôme
« reconnu équivalent, est fixée ainsi qu'il suit :
« – Master's degree field of study « architecture and
« – Master's degree, field of study « architecture and
« construction » program subject area « architecture
«  and town planning  » professional qualification
« « architect », délivré en date du 31 mai 2022 par Kharkiv
« national University of civil engineering and architecture -
« Ukraine, assorti du bachelor degree, program subject
« area « architecture and town planning » educational
« program « architecture and town planning », délivré
« en date du 30 juin 2020 par la même université et d'une
« attestation de validation du complément de formation,
«  délivrée par l'Ecole nationale d'architecture de
« Rabat. »
« construction », programme subject area « architecture
« and town planning », délivré en date du 31 décembre
«  2024 par Lviv polytechnic national University -
« Ukraine, assorti du bachelor's degree field of study
« architecture and construction programme subject
« area architecture and town planning, délivré en
« date du 30 juin 2023 par la même université et d'une
« attestation de validation du complément de formation,
«  délivrée par l'Ecole nationale d'architecture de
« Rabat. »",Urbain,"Urbain=4, Fiscal=0, Social=0",Urbain,False
88,BO_7470_Fr,2,fr,Le présent arrêté sera publié au Bulletin officiel.,Indéterminé,"Fiscal=0, Social=0, Administratif=0",Indéterminé,False
89,BO_7470_Fr,2,fr,"Le présent arrêté sera publié au Bulletin officiel.
Rabat, le 7 joumada II 1447 (28 novembre 2025).
Rabat, le 7 joumada II 1447 (28 novembre 2025).
AZZEDDINE EL MIDAOUI.
AZZEDDINE EL MIDAOUI.
Le texte en langue arabe a été publié dans l'édition générale du
Le texte en langue arabe a été publié dans l'édition générale du
« Bulletin officiel » n° 7468 du 4 rejeb 1447 (25 décembre 2025).
« Bulletin officiel » n° 7468 du 4 rejeb 1447 (25 décembre 2025).
Arrêté du ministre de l'enseignement supérieur, de la recherche
Arrêté du ministre de l'enseignement supérieur, de la recherche
scientifique et de l'innovation n° 2778-25 du 7 joumada II 1447
(28 novembre 2025) complétant l'arrêté n° 2797-95 du
20 joumada II 1416 (14 novembre 1995) fixant la liste des
diplômes reconnus équivalents au diplôme d'architecte de
l'Ecole nationale d'architecture.
scientifique et de l'innovation n° 2779-25 du 7 joumada II 1447
(28 novembre 2025) complétant l'arrêté n° 2797-95 du
20 joumada II 1416 (14 novembre 1995) fixant la liste des
diplômes reconnus équivalents au diplôme d'architecte de
l'Ecole nationale d'architecture.
LE MINISTRE DE L'ENSEIGNEMENT SUPÉRIEUR, DE LA
LE MINISTRE DE L'ENSEIGNEMENT SUPÉRIEUR, DE LA
RECHERCHE SCIENTIFIQUE ET DE L'INNOVATION,
RECHERCHE SCIENTIFIQUE ET DE L'INNOVATION,
Vu l'arrêté du ministre de l'enseignement supérieur,
de la formation des cadres et de la recherche scientifique
n° 2797-95 du 20 joumada II 1416 (14 novembre 1995) fixant la
liste des diplômes reconnus équivalents au diplôme d'architecte
de l'Ecole nationale d'architecture, tel qu'il a été complété ;
Vu l'arrêté du ministre de l'enseignement supérieur,
de la formation des cadres et de la recherche scientifique
n° 2797-95 du 20 joumada II 1416 (14 novembre 1995) fixant la
liste des diplômes reconnus équivalents au diplôme d'architecte
de l'Ecole nationale d'architecture, tel qu'il a été complété ;
Vu le décret n° 2-24-991 du 24 rabii II 1446 (28 octobre 2024)
relatif aux attributions du ministre de l'enseignement supérieur,
de la recherche scientifique et de l'innovation ;
Vu le décret n° 2-24-991 du 24 rabii II 1446 (28 octobre 2024)
relatif aux attributions du ministre de l'enseignement supérieur,
de la recherche scientifique et de l'innovation ;
Sur proposition de la ministre de l'aménagement
du territoire national, de l'urbanisme, de l'habitat et de la
politique de la ville ;
Sur proposition de la ministre de l'aménagement
du territoire national, de l'urbanisme, de l'habitat et de la
politique de la ville ;
Après avis du conseil national de l'Ordre national des
architectes ;
Après avis du conseil national de l'Ordre national des
architectes ;
Après avis de la commission sectorielle des sciences,
techniques, ingénierie et architecture du 30 septembre 2025,
Après avis de la commission sectorielle des sciences,
techniques, ingénierie et architecture du 30 septembre 2025,
ARRÊTE :",Urbain,"Urbain=12, Fiscal=0, Social=0",Urbain,False
90,BO_7470_Fr,PREMIER,fr,"L'article premier de l'arrêté susvisé
n° 2797-95 du 20 joumada II 1416 (14 novembre 1995), est
complété comme suit :
ARRÊTE :",Indéterminé,"Fiscal=0, Social=0, Administratif=0",Indéterminé,False
91,BO_7470_Fr,PREMIER,fr,"L'article premier de l'arrêté susvisé
n° 2797-95 du 20 joumada II 1416 (14 novembre 1995), est
complété comme suit :
«",Indéterminé,"Fiscal=0, Social=0, Administratif=0",Indéterminé,False
92,BO_7470_Fr,premier,fr,"La liste des diplômes reconnus
« équivalents au diplôme d'architecte de l'Ecole nationale
« d'architecture visé à l'article 4 de la loi n° 016-89, assortis du
« baccalauréat, série scientifique ou technique ou d'un diplôme
« reconnu équivalent, est fixée ainsi qu'il suit :
«",Urbain,"Urbain=1, Fiscal=0, Social=0",Urbain,False
93,BO_7470_Fr,premier,fr,"La liste des diplômes reconnus
« équivalents au diplôme d'architecte de l'Ecole nationale
« d'architecture visé à l'article 4 de la loi n° 016-89, assortis du
« baccalauréat, série scientifique ou technique ou d'un diplôme
« reconnu équivalent, est fixée ainsi qu'il suit :
« – Master's degree field of study « architecture and
« construction » programme subject area « architecture
« and town planning », délivré en date du 7 juin 2024
«  par Ukrainian State University of science and
« technologies - Ukraine, assorti du bachelor's degree
«  field of study «  architecture and construction  »
« program subject area « architecture and town planning  »
« professional qualification architect, délivré en date
« du 30 juin 2022 par Prydniprovska State Academy of
« civil engineering and architecture - Ukraine et d'une
« attestation de validation du complément de formation,
«  délivrée par l'Ecole nationale d'architecture de
« Rabat. »
« – Master's degree, field of study « architecture and
« construction », programme subject area « architecture
« and town planning », délivré en date du 31 décembre 2022
« par Lviv polytechnic national University - Ukraine,
« assorti du bachelor's degree, field of study construction,
« délivré en date du 30 juin 2016 par la même université
« et d'une attestation de validation du complément de
« formation, délivrée par l'Ecole nationale d'architecture
« de Rabat. »",Urbain,"Urbain=5, Fiscal=0, Social=0",Urbain,False
94,BO_7470_Fr,2,fr,Le présent arrêté sera publié au Bulletin officiel.,Indéterminé,"Fiscal=0, Social=0, Administratif=0",Indéterminé,False
95,BO_7470_Fr,2,fr,"Le présent arrêté sera publié au Bulletin officiel.
Rabat, le 7 joumada II 1447 (28 novembre 2025).
Rabat, le 7 joumada II 1447 (28 novembre 2025).
AZZEDDINE EL MIDAOUI.
AZZEDDINE EL MIDAOUI.
Le texte en langue arabe a été publié dans l'édition générale du
Le texte en langue arabe a été publié dans l'édition générale du
« Bulletin officiel » n° 7468 du 4 rejeb 1447 (25 décembre 2025).
« Bulletin officiel » n° 7468 du 4 rejeb 1447 (25 décembre 2025).
Arrêté du ministre de l'enseignement supérieur, de la recherche
Arrêté du ministre de l'enseignement supérieur, de la recherche
scientifique et de l'innovation n° 2780-25 du 7 joumada II 1447
(28 novembre 2025) complétant l'arrêté n° 2797-95 du
20 joumada II 1416 (14 novembre 1995) fixant la liste des
diplômes reconnus équivalents au diplôme d'architecte de
l'Ecole nationale d'architecture.
scientifique et de l'innovation n° 2781-25 du 7 joumada II 1447
(28 novembre 2025) complétant l'arrêté n° 2797-95 du
20 joumada II 1416 (14 novembre 1995) fixant la liste des
diplômes reconnus équivalents au diplôme d'architecte de
l'Ecole nationale d'architecture.
LE MINISTRE DE L'ENSEIGNEMENT SUPÉRIEUR, DE LA
LE MINISTRE DE L'ENSEIGNEMENT SUPÉRIEUR, DE LA
RECHERCHE SCIENTIFIQUE ET DE L'INNOVATION,
RECHERCHE SCIENTIFIQUE ET DE L'INNOVATION,
Vu l'arrêté du ministre de l'enseignement supérieur,
de la formation des cadres et de la recherche scientifique
n° 2797-95 du 20 joumada II 1416 (14 novembre 1995) fixant la
liste des diplômes reconnus équivalents au diplôme d'architecte
de l'Ecole nationale d'architecture, tel qu'il a été complété ;
Vu l'arrêté du ministre de l'enseignement supérieur,
de la formation des cadres et de la recherche scientifique
n° 2797-95 du 20 joumada II 1416 (14 novembre 1995) fixant la
liste des diplômes reconnus équivalents au diplôme d'architecte
de l'Ecole nationale d'architecture, tel qu'il a été complété ;
Vu le décret n° 2-24-991 du 24 rabii II 1446 (28 octobre 2024)
relatif aux attributions du ministre de l'enseignement supérieur,
de la recherche scientifique et de l'innovation ;
Vu le décret n° 2-24-991 du 24 rabii II 1446 (28 octobre 2024)
relatif aux attributions du ministre de l'enseignement supérieur,
de la recherche scientifique et de l'innovation ;
Sur proposition de la ministre de l'aménagement
du territoire national, de l'urbanisme, de l'habitat et de la
politique de la ville ;
Sur proposition de la ministre de l'aménagement
du territoire national, de l'urbanisme, de l'habitat et de la
politique de la ville ;
Après avis du conseil national de l'Ordre national des
architectes ;
Après avis de la commission sectorielle des sciences,
techniques, ingénierie et architecture du 30 septembre 2025,
Après avis du conseil national de l'Ordre national des
architectes ;
ARRÊTE :
Après avis de la commission sectorielle des sciences,
techniques, ingénierie et architecture du 30 septembre 2025,",Urbain,"Urbain=12, Fiscal=0, Social=0",Urbain,False
96,BO_7470_Fr,PREMIER,fr,"L'article premier de l'arrêté susvisé
n° 2797-95 du 20 joumada II 1416 (14 novembre 1995), est
complété comme suit :
ARRÊTE :",Indéterminé,"Fiscal=0, Social=0, Administratif=0",Indéterminé,False
97,BO_7470_Fr,PREMIER,fr,"L'article premier de l'arrêté susvisé
n° 2797-95 du 20 joumada II 1416 (14 novembre 1995), est
complété comme suit :
«",Indéterminé,"Fiscal=0, Social=0, Administratif=0",Indéterminé,False
98,BO_7470_Fr,premier,fr,"La liste des diplômes reconnus
« équivalents au diplôme d'architecte de l'Ecole nationale
« d'architecture visé à l'article 4 de la loi n° 016-89, assortis du
« baccalauréat, série scientifique ou technique ou d'un diplôme
« reconnu équivalent, est fixée ainsi qu'il suit :
«",Urbain,"Urbain=1, Fiscal=0, Social=0",Urbain,False
99,BO_7470_Fr,premier,fr,"La liste des diplômes reconnus
« équivalents au diplôme d'architecte de l'Ecole nationale
« d'architecture visé à l'article 4 de la loi n° 016-89, assortis du
« baccalauréat, série scientifique ou technique ou d'un diplôme
« reconnu équivalent, est fixée ainsi qu'il suit :
« – Master's degree field of study « architecture and
« construction » program subject area « architecture
«  and town planning  » professional qualification
« « architect », délivré en date du 31 mai 2022 par
« Kharkiv national University of civil engineering and
« architecture - Ukraine, assorti du bachelor degree,
« program subject area « architecture and town planning  »
« educational program«  architecture and town planning »,
« délivré en date du 30 juin 2020 par la même université
« et d'une attestation de validation du complément de
« formation, délivrée par l'Ecole nationale d'architecture
« de Rabat. »
« – Master of architecture, délivré en date du 4 juin 2021
« par the Manchester Metropolitan University and the
« University of Manchester, Royaume Uni, assorti d'une
« attestation de validation du complément de formation,
«  delivrée par l'Ecole nationale d'architecture de
« Rabat. »",Urbain,"Urbain=2, Fiscal=0, Social=0",Urbain,False
100,BO_7470_Fr,2,fr,Le présent arrêté sera publié au Bulletin officiel.,Indéterminé,"Fiscal=0, Social=0, Administratif=0",Indéterminé,False
101,BO_7470_Fr,2,fr,"Le présent arrêté sera publié au Bulletin officiel.
Rabat, le 7 joumada II 1447 (28 novembre 2025).
Rabat, le 7 joumada II 1447 (28 novembre 2025).
AZZEDDINE EL MIDAOUI.
AZZEDDINE EL MIDAOUI.
Le texte en langue arabe a été publié dans l'édition générale du
Le texte en langue arabe a été publié dans l'édition générale du
« Bulletin officiel » n° 7468 du 4 rejeb 1447 (25 décembre 2025).
« Bulletin officiel » n° 7469 du 8 rejeb 1447 (29 décembre 2025).
Arrêté du ministre de l'enseignement supérieur, de la recherche
Arrêté du ministre de l'enseignement supérieur, de la recherche
scientifique et de l'innovation n° 2782-25 du 7 joumada II 1447
(28 novembre 2025) complétant l'arrêté n° 2797-95 du
20 joumada II 1416 (14 novembre 1995) fixant la liste des
diplômes reconnus équivalents au diplôme d'architecte de
l'Ecole nationale d'architecture.
scientifique et de l'innovation n° 2783-25 du 7 joumada II 1447
(28 novembre 2025) complétant l'arrêté n° 2797-95 du
20 joumada II 1416 (14 novembre 1995) fixant la liste des
diplômes reconnus équivalents au diplôme d'architecte de
l'Ecole nationale d'architecture.
LE MINISTRE DE L'ENSEIGNEMENT SUPÉRIEUR, DE LA
LE MINISTRE DE L'ENSEIGNEMENT SUPÉRIEUR, DE LA
RECHERCHE SCIENTIFIQUE ET DE L'INNOVATION,
RECHERCHE SCIENTIFIQUE ET DE L'INNOVATION,
Vu l'arrêté du ministre de l'enseignement supérieur,
de la formation des cadres et de la recherche scientifique
n° 2797-95 du 20 joumada II 1416 (14 novembre 1995) fixant la
liste des diplômes reconnus équivalents au diplôme d'architecte
de l'Ecole nationale d'architecture, tel qu'il a été complété ;
Vu l'arrêté du ministre de l'enseignement supérieur,
de la formation des cadres et de la recherche scientifique
n° 2797-95 du 20 joumada II 1416 (14 novembre 1995) fixant la
liste des diplômes reconnus équivalents au diplôme d'architecte
de l'Ecole nationale d'architecture, tel qu'il a été complété ;
Vu le décret n° 2-24-991 du 24 rabii II 1446 (28 octobre 2024)
relatif aux attributions du ministre de l'enseignement supérieur,
de la recherche scientifique et de l'innovation ;
Vu le décret n° 2-24-991 du 24 rabii II 1446 (28 octobre 2024)
relatif aux attributions du ministre de l'enseignement supérieur,
de la recherche scientifique et de l'innovation ;
Sur proposition de la ministre de l'aménagement
du territoire national, de l'urbanisme, de l'habitat et de la
politique de la ville ;
Sur proposition de la ministre de l'aménagement
du territoire national, de l'urbanisme, de l'habitat et de la
politique de la ville ;
Après avis du conseil national de l'Ordre national des
architectes ;
Après avis du conseil national de l'Ordre national des
architectes ;
Après avis de la commission sectorielle des sciences,
techniques, ingénierie et architecture du 30 septembre 2025,
Après avis de la commission sectorielle des sciences,
techniques, ingénierie et architecture du 30 septembre 2025,
ARRÊTE :",Urbain,"Urbain=12, Fiscal=0, Social=0",Urbain,False
102,BO_7470_Fr,PREMIER,fr,"L'article premier de l'arrêté susvisé
n° 2797-95 du 20 joumada II 1416 (14 novembre 1995), est
complété comme suit :
ARRÊTE :",Indéterminé,"Fiscal=0, Social=0, Administratif=0",Indéterminé,False
103,BO_7470_Fr,PREMIER,fr,"L'article premier de l'arrêté susvisé
n° 2797-95 du 20 joumada II 1416 (14 novembre 1995), est
complété comme suit :
«",Indéterminé,"Fiscal=0, Social=0, Administratif=0",Indéterminé,False
104,BO_7470_Fr,premier,fr,"La liste des diplômes reconnus
« équivalents au diplôme d'architecte de l'Ecole nationale
« d'architecture visé à l'article 4 de la loi n° 016-89, assortis du
« baccalauréat, série scientifique ou technique ou d'un diplôme
« reconnu équivalent, est fixée ainsi qu'il suit :
«",Urbain,"Urbain=1, Fiscal=0, Social=0",Urbain,False
105,BO_7470_Fr,premier,fr,"La liste des diplômes reconnus
« équivalents au diplôme d'architecte de l'Ecole nationale
« d'architecture visé à l'article 4 de la loi n° 016-89, assortis du
« baccalauréat, série scientifique ou technique ou d'un diplôme
« reconnu équivalent, est fixée ainsi qu'il suit :
« – Master's degree field of study « architecture and
« construction » program subject area « architecture and
« town planning » professional qualification architect,
« délivré en date du 31 mai 2023 par Prydniprovska state
« academy of civil engineering and architecture, Ukraine,
« assorti du bachelor degree field(s) of study architecture
« and construction program subject area architecture
« and town planning professional qualification architect,
« délivré en date du 30 juin 2021 par la même académie
« et d'une attestation de validation du complément de
« formation, délivrée par l'Ecole nationale d'architecture
« de Rabat. »
« – Qualification de master architecture, délivrée en date
« du 9 juillet 2024 par l'Université d'Etat d'architecture
« et de génie civil de Nijni Novgorod - Fédération de Russie,
« assortie de la qualification de bachelor dans la spécialité
« de « architecture », délivrée en date du 7 juillet 2022 par
« la même université et d'une attestation de validation du
«  complément de formation, délivrée par l'Ecole
« nationale d'architecture de Rabat. »",Urbain,"Urbain=3, Fiscal=0, Social=0",Urbain,False
106,BO_7470_Fr,2,fr,Le présent arrêté sera publié au Bulletin officiel.,Indéterminé,"Fiscal=0, Social=0, Administratif=0",Indéterminé,False
107,BO_7470_Fr,2,fr,"Le présent arrêté sera publié au Bulletin officiel.
Rabat, le 7 joumada II 1447 (28 novembre 2025).
Rabat, le 7 joumada II 1447 (28 novembre 2025).
AZZEDDINE EL MIDAOUI.
AZZEDDINE EL MIDAOUI.
Le texte en langue arabe a été publié dans l'édition générale du
Le texte en langue arabe a été publié dans l'édition générale du
« Bulletin officiel » n° 7469 du 8 rejeb 1447 (29 décembre 2025).
« Bulletin officiel » n° 7469 du 8 rejeb 1447 (29 décembre 2025).
Arrêté du ministre de l'enseignement supérieur, de la recherche
Arrêté de la ministre de l'économie et des finances n° 2849-25
scientifique et de l'innovation n° 2784-25 du 7 joumada II 1447
(28 novembre 2025) complétant l'arrêté n° 2797-95 du
20 joumada II 1416 (14 novembre 1995) fixant la liste des
diplômes reconnus équivalents au diplôme d'architecte de
l'Ecole nationale d'architecture.
du 12 joumada II 1447 (3 décembre 2025) portant
agrément de la banque « Attijariwafa Bank » en qualité de
membre négociateur-compensateur sur le marché à terme
d'instruments financiers.
LA MINISTRE DE L'ÉCONOMIE ET DES FINANCES,
LE MINISTRE DE L'ENSEIGNEMENT SUPÉRIEUR, DE LA
RECHERCHE SCIENTIFIQUE ET DE L'INNOVATION,
Vu la loi n° 42-12 relative au marché à terme d'instruments
financiers promulguée par le dahir n° 1-14-96 du 20 rejeb 1435
(20 mai 2014), notamment ses articles 57 et 59 ;
Vu l'arrêté du ministre de l'enseignement supérieur,
de la formation des cadres et de la recherche scientifique
n° 2797-95 du 20 joumada II 1416 (14 novembre 1995) fixant la
liste des diplômes reconnus équivalents au diplôme d'architecte
de l'Ecole nationale d'architecture, tel qu'il a été complété ;
Après avis de l'Instance de coordination du marché à
terme,
Vu le décret n° 2-24-991 du 24 rabii II 1446 (28 octobre 2024)
relatif aux attributions du ministre de l'enseignement supérieur,
de la recherche scientifique et de l'innovation ;
ARRÊTE :",Urbain,"Urbain=2, Fiscal=0, Social=0",Urbain,False
108,BO_7470_Fr,PREMIER,fr,"Est octroyé un agrément en qualité
de membre négociateur-compensateur sur le marché à terme
d'instruments financiers à la banque « Attijariwafa Bank »
pour l'exercice de l'activité de négociation-compensation
d'instruments financiers à terme.
Sur proposition de la ministre de l'aménagement
du territoire national, de l'urbanisme, de l'habitat et de la
politique de la ville ;
Après avis du conseil national de l'Ordre national des
architectes ;",Urbain,"Urbain=4, Fiscal=0, Social=0",Urbain,False
109,BO_7470_Fr,2,fr,"Le présent arrêté est publié au Bulletin officiel.
Après avis de la commission sectorielle des sciences,
techniques, ingénierie et architecture du 30 septembre 2025,
Rabat, le 12 joumada II 1447 (3 décembre 2025).
NADIA FETTAH.
ARRÊTE :",Indéterminé,"Fiscal=0, Social=0, Administratif=0",Indéterminé,False
110,BO_7470_Fr,PREMIER,fr,"L'article premier de l'arrêté susvisé
n° 2797-95 du 20 joumada II 1416 (14 novembre 1995), est
complété comme suit :
Arrêté de la ministre de l'économie et des finances n° 2850-25
du 12 joumada II 1447 (3 décembre 2025) portant
agrément de la banque « CDG Capital » en qualité de
membre négociateur-compensateur sur le marché à terme
d'instruments financiers.
«",Indéterminé,"Fiscal=0, Social=0, Administratif=0",Indéterminé,False
111,BO_7470_Fr,premier,fr,"La liste des diplômes reconnus
« équivalents au diplôme d'architecte de l'Ecole nationale
« d'architecture visé à l'article 4 de la loi n° 016-89, assortis du
« baccalauréat, série scientifique ou technique ou d'un diplôme
« reconnu équivalent, est fixée ainsi qu'il suit :
LA MINISTRE DE L'ÉCONOMIE ET DES FINANCES,
« –  Master's degree field of study « architecture and
Vu la loi n° 42-12 relative au marché à terme d'instruments
financiers promulguée par le dahir n° 1-14-96 du 20 rejeb 1435
(20 mai 2014), notamment ses articles 57 et 59 ;
« construction » programme subject area « architecture
« and town planning », délivré en date du 31 mai 2023 par
« O.M Beketov national University of urban economy in
« Kharkiv - Ukraine, assorti du bachelor's degree, field
« of study « architecture and construction », program
« subject area « architecture and town planning », délivré
«  en date du 21 juillet 2021 par Kharkiv national
« University of civil engineering and architecture -
«  Ukraine et d'une attestation de validation du
«  complément de formation, délivrée par l'Ecole
« nationale d'architecture de Rabat. »
Après avis de l'Instance de coordination du marché à
terme,
ARRÊTE :",Urbain,"Urbain=3, Fiscal=0, Social=0",Urbain,False
112,BO_7470_Fr,PREMIER,fr,"Est octroyé un agrément en qualité
de membre négociateur-compensateur sur le marché à terme
d'instruments financiers à la banque « CDG Capital »
pour l'exercice de l'activité de négociation-compensation
d'instruments financiers à terme.",Indéterminé,"Fiscal=0, Social=0, Administratif=0",Indéterminé,False
113,BO_7470_Fr,2,fr,"Le présent arrêté sera publié au Bulletin officiel.
Rabat, le 7 joumada II 1447 (28 novembre 2025).",Indéterminé,"Fiscal=0, Social=0, Administratif=0",Indéterminé,False
114,BO_7470_Fr,2,fr,"Le présent arrêté est publié au Bulletin officiel.
AZZEDDINE EL MIDAOUI.
Rabat, le 12 joumada II 1447 (3 décembre 2025).
Le texte en langue arabe a été publié dans l'édition générale du
NADIA FETTAH.
« Bulletin officiel » n° 7469 du 8 rejeb 1447 (29 décembre 2025).
Arrêté de la ministre de l'économie et des finances n° 2851-25
ARRÊTE :
du 12 joumada II 1447 (3 décembre 2025) portant
agrément de la banque « Bank of Africa » en qualité de
membre négociateur-compensateur sur le marché à terme
d'instruments financiers.",Indéterminé,"Fiscal=0, Social=0, Administratif=0",Indéterminé,False
115,BO_7470_Fr,PREMIER,fr,"Est octroyé un agrément en qualité
de membre négociateur-compensateur sur le marché à terme
d'instruments financiers à la banque « Bank of Africa »
pour l'exercice de l'activité de négociation-compensation
LA MINISTRE DE L'ÉCONOMIE ET DES FINANCES,
d'instruments financiers à terme.
Vu la loi n° 42-12 relative au marché à terme d'instruments
financiers promulguée par le dahir n° 1-14-96 du 20 rejeb 1435
(20 mai 2014), notamment ses articles 57 et 59 ;",Indéterminé,"Fiscal=0, Social=0, Administratif=0",Indéterminé,False
116,BO_7470_Fr,2,fr,"Le présent arrêté est publié au Bulletin officiel.
Rabat, le 12 joumada II 1447 (3 décembre 2025).
Après avis de l'Instance de coordination du marché à
terme,
NADIA FETTAH.
AVIS ET COMMUNICATIONS
Avis
du Conseil économique, social et environnemental
Les défis des micro, très petites et petites entreprises au Maroc : la croissance, la modernisation et le
développement
Conformément aux articles 4 et 7 de la loi organique n°128-12, relative à son organisation et à
son fonctionnement, le Conseil Économique, Social et Environnemental (CESE) a été saisi le 4
juin 2024 par la chambre des conseillers aux fins d'élaborer une étude sur « les défis des micro,
très petites et petites entreprises au Maroc : la croissance, la modernisation et le
développement ».
Dans ce cadre, le bureau du CESE a confié la réalisation de cette étude à la commission
permanente chargée des affaires économiques et des projets stratégiques 1.
Lors de sa 166ème session ordinaire, tenue le 30 janvier 2025, l'Assemblée générale du CESE a
adopté cette étude à l'unanimité de ses membres.
Élaborée sur la base d'une approche participative, l'étude est le résultat d'un large débat entre
les différentes catégories qui composent le Conseil, des auditions organisées avec les
principales parties prenantes concernées2 et de la visite de terrain auprès du Conseil de la
région de Tanger-Tétouan-Al Hoceima. Elle s'est également basée sur la consultation lancée sur
la plateforme digitale de la participation citoyenne « ouchariko.ma » et sur les réseaux sociaux3.
1 Annexe 1 : Liste des membres de la commission temporaire chargée des affaires économiques et projets stratégiques.
2 Annexe 2 : Liste des acteurs auditionnés.
3 Annexe 3 : Résultats de la consultation citoyenne lancée sur la plateforme Ouchariko et sur les réseaux sociaux.
Introduction
Les petites et très petites entreprises (PE et TPE) jouent un rôle fondamental dans les économies
contemporaines. Représentant la majorité du tissu entrepreneurial, elles constituent un vecteur
essentiel de création d'emplois, d'innovation et de développement territorial. Leur flexibilité et leur
ancrage local leur confèrent une capacité d'adaptation aux évolutions des marchés et aux exigences des
consommateurs.
Au Maroc, elles représentent 98,4% du tissu national des entreprises de personnes morales4, malgré
leur taille relativement réduite, et contribuent de manière significative à la création de richesse et
d'emplois.
Sa Majesté le Roi Mohammed VI a accordé une attention particulière à ce chantier de développement,
insistant à plusieurs reprises, sur la nécessité de faciliter l'accès de ces entreprises aux mécanismes de
financement, de simplifier les procédures d'octroi de crédits et d'inciter les acteurs publics et privés –
notamment le secteur bancaire – à encourager et soutenir l'initiative entrepreneuriale, avec une
attention particulière pour les jeunes5.
Conformément aux Hautes Orientations Royales et aux objectifs du Nouveau Modèle de
Développement (NMD), les pouvoirs publics ont intensifié leurs efforts ces dernières années, avec le
lancement de programmes de soutien, d'accompagnement et de financement, ainsi qu'avec la mise en
œuvre de réformes institutionnelles majeures, telles que l'adoption de la nouvelle Charte de
l'investissement et la création du Fonds Mohammed VI pour l'investissement.
Nonobstant ces initiatives louables, et bien qu'il soit encore prématuré de mesurer pleinement les effets
des mesures les plus récentes, les résultats observés sur le terrain demeurent en deçà des attentes, en
particulier pour les structures les plus petites. Ces efforts ne suffisent pas encore à transformer
l'écosystème entrepreneurial marocain en un tissu de micro, TPE et PE moderne, résilient, à fort
potentiel de croissance et évoluant dans un environnement structuré et propice.
Ces entreprises continuent de faire face à des contraintes multiples, tant structurelles que
conjoncturelles, liées aussi bien à leur organisation interne qu'à l'environnement dans lequel elles
opèrent, limitant ainsi leur capacité à se moderniser, à croître et à résister aux chocs. L'augmentation
continue des défaillances d'entreprises au cours des dernières années illustre clairement cette
vulnérabilité. Ce phénomène touche particulièrement les structures les plus petites et les plus jeunes,
révélant la difficulté pour les micro, petites et très petites entreprises de survivre et d'évoluer vers des
tailles plus grandes et unités plus performantes.
Sur saisine de la Chambre des Conseillers, le CESE a élaboré la présente étude, qui analyse les défis
limitant la croissance et la modernisation des Micro, TPE et PE, et identifie les limites des programmes
et mesures existants. Elle propose également des pistes de recommandations visant à renforcer
l'intégration de ces entreprises dans des écosystèmes dynamiques et inclusifs, alignés sur les stratégies
sectorielles nationales et la régionalisation avancée, afin de les positionner comme des acteurs-clés du
développement économique et social du pays.
4 OMTPME, rapport annuel édition 2024, https://omtpme.ma/wp-content/uploads/2024/12/Rapport-Annuel-2024.-V23.12.pdf
5 Discours de Sa Majesté le Roi Mohammed VI à l'occasion de l'ouverture de la première session de la quatrième année législative de la dixième
législature, le vendredi 11 octobre 2019.
Cette étude ne traite pas des entreprises informelles, sujet déjà abordé dans des études précédentes
du CESE6. Elle se concentre sur les problématiques transversales, en incluant l'ensemble des secteurs
formels. Le Conseil reste néanmoins conscient de certaines spécificités sectorielles qui pourraient faire
l'objet de travaux complémentaires.
I.
Les micro, très petites et petites entreprises au Maroc : définition, poids économique et
hétérogénéité du tissu entrepreneurial
1. Les micro/TPE/PE : l'absence d'une définition unique au Maroc
Au Maroc, il n'existe pas de définition officielle unifiée des micro/TPE/PE à l'échelle nationale. P",Environnement,"Environnement=17, Commercial=11, Fiscal=0",Environnement,True
117,BO_7470_Fr,148,fr,"explique leur faible taux de participation et, parfois, un comportement d'auto-censure.
Selon l'enquête nationale sur la corruption de l'INPLLC (2023), seulement 8 % des TPE et 4 %
des microentreprises sondées ont soumissionné à des appels d'offres publics au cours des
24 derniers mois67, contre 22 % pour les grandes entreprises et 19 % pour les moyennes.
2. Des relations limitées avec les grands donneurs d'ordre : les Micro, TPE et PE entretiennent
des relations limitées avec les grandes entreprises, tant privées que publiques68. Cette
tendance se confirme également, selon le rapport de l'OCDE sur le Maroc (2024), qui indique
que les multinationales implantées au Maroc devraient renforcer leur intégration avec le
tissu des petites entreprises locales. Cette situation restreint les opportunités de
modernisation et de croissance pour les petites structures, malgré la mise en place de
dispositifs récents visant à favoriser les rapprochements, tels que le forum « Ana Moukawil
Links » développé par l'ANAPEC69.
3. Une faible propension à l'internationalisation : les TPE/PE classiques et les startups
marocaines restent majoritairement concentrées sur le marché local, limité en taille et en
opportunités. Leur intégration dans les chaînes de valeur globale est entravée par plusieurs
facteurs, notamment le manque de services d'appui à l'internationalisation, l'absence
d'orientation vers les niches les plus dynamiques, les coûts élevés de participation à des
événements internationaux (foires technologiques, compétitions de projets pour les
startups), ainsi que la difficulté à se conformer aux normes et standards internationaux. Par
ailleurs, la nouvelle Charte de l'investissement consacre au niveau de son article 21,
l'engagement de l'État à établir un mécanisme spécifique visant à favoriser la présence
internationale des entreprises marocaines, sans se limiter aux grandes entreprises. La Charte
stipule que les modalités de mise en œuvre de ce régime spécifique seront fixées par voie
réglementaire70.
Un système fiscal encore peu motivant
Le système fiscal marocain a fait l'objet de plusieurs réformes depuis 2021, visant à moderniser
le cadre fiscal des entreprises71. Certaines de ces mesures affectent particulièrement les TPE et
PE classiques :
-  L'augmentation progressive de l'impôt sur les sociétés (IS) : la loi de finances 2023 a instauré
une réforme graduelle visant la convergence vers un taux unifié de 20 % pour les entreprises
dont le bénéfice net fiscal est inférieur à 100 millions de dirhams à l'horizon 2026. Cette
évolution a entraîné une hausse du taux d'imposition pour certaines petites entreprises,
constituant un fardeau supplémentaire pour des structures déjà fragiles.
- Des modifications ayant touché le régime fiscal relatif aux auto-entrepreneurs : bien que le
statut d'auto-entrepreneur institué par la loi n° 114-13 de 2015 reste en vigueur, certaines
dispositions introduites par la loi de finances de 2023 ont eu pour effet d'accentuer les
67 Instance nationale de la probité, de la prévention et de la lutte contre la corruption (INPPLC), Présentation sur le thème « Les défis des
TPE/PE au Maroc : la croissance, la modernisation et le développement » lors de la séance d'audition du vendredi 25 octobre 2024.
68 Confédération générale des entreprises du Maroc (CGEM), Présentation lors de la séance d'audition du vendredi 27 septembre 2024.
69 https://anapec.ma/information-entrepreneuriat/anamoukawil-links/
70 Article 21 de la loi-cadre n° 03-22 formant Charte de l'investissement, promulguée par le Dahir n° 1-22-76 du 15 décembre 2022 (Bulletin
officiel n° 7154 du 19 décembre 2022).
71 Loi-cadre n° 69-19 portant réforme fiscale, promulguée par Dahir n° 1-21-86 du 26 juillet 2021(Bulletin officiel n° 7010 du 05 août 2021).
contraintes fiscales et administratives pesant sur cette catégorie d'entreprises. La principale
mesure concerne l'imposition, par retenue à la source au taux libératoire de 30 %, de l'excédent
du chiffre d'affaires annuel dépassant 80 000 dirhams réalisé par les prestataires de services
avec un même client. Ces ajustements s'ajoutent aux limites structurelles existantes, telles que
le plafond de chiffre d'affaires et l'impossibilité de recruter des salariés, et représentent des
obstacles significatifs au développement des auto-entrepreneurs ainsi qu'à leur maintien dans
le secteur formel.
Le ralentissement de la croissance de l'effectif des auto-entrepreneurs, qui est passé de +27'%
en 2021 à +2'% en 2024, illustre cette tendance72. Par ailleurs, les études d'impact des mesures
fiscales réalisées se concentrent principalement sur les recettes publiques, avec une prise en
compte limitée des effets socio-économiques pour les entreprises et leur survie, ainsi que leur
probabilité de basculement vers l'informel.
Certaines mesures fiscales peuvent également produire un effet paradoxal : la crainte
d'atteindre un palier fiscal supérieur incite certaines entreprises à rester petites73. La défiance
envers l'administration fiscale persiste, notamment en matière de contrôles et d'interprétation
des textes. Selon le rapport Enterprise Survey (2023) de la Banque mondiale, les procédures de
l'administration fiscale constituent le cinquième frein au développement des entreprises de
petites tailles74.
L'environnement des affaires
Le développement des Micro, TPE et PE reste fortement conditionné par la qualité de
l'environnement des affaires. Malgré les efforts déployés pour améliorer le climat
entrepreneurial, plusieurs obstacles structurels continuent de limiter la croissance et la
modernisation des petites entreprises.
Concurrence déloyale et distorsions du marché
La survie et le développement des Micro, TPE et PE formelles sont fortement affectés par des
pratiques qui faussent le jeu de la concurrence. La concurrence des entreprises informelles est
particulièrement problématique : elle réduit les marges des petites structures, limite leur
capacité d'investissement et restreint leu",Commercial,"Commercial=17, Fiscal=13, Environnement=13",Commercial,True
118,BO_7500_Fr,PREMIER,fr,"L’administration visée aux
articles 43, 44, 51, 61, 62, 63, 64, 65, 66, 67, 68, 70, 71, 97, 115,
116, 136, 137, 147, 154 et 188 de la loi susvisée n° 03-25, est
l’autorité gouvernementale chargée des finances.",Administratif,"Administratif=1, Fiscal=0, Social=0",Administratif,False
119,BO_7500_Fr,2,fr,"En application des dispositions de l’article 20
de la loi précitée n° 03-25, et sur proposition de l'AMMC, le
montant minimum initial des apports des copropriétaires
constituant un FCP ou l’un de ses compartiments, est d’un (1)
million de dirhams.",Environnement,"Environnement=1, Fiscal=0, Social=0",Environnement,False
120,BO_7500_Fr,3,fr,"En application des dispositions de l’article 28 de
la loi précitée n° 03-25  et sur proposition de l’AMMC, le montant
minimum du capital de la SICAV lors de sa constitution, est de
cinq (5) millions de dirhams.",Indéterminé,"Fiscal=0, Social=0, Administratif=0",Indéterminé,False
121,BO_7500_Fr,4,fr,"En application des dispositions de l’article 73 de
la loi précitée n° 03-25, les règles comptables des OPCVM, ainsi
que toute modification y afférente, sont approuvées par arrêté
de l’autorité gouvernementale chargée des finances, après avis
du conseil national de la comptabilité.",Indéterminé,"Fiscal=0, Social=0, Administratif=0",Indéterminé,False
122,BO_7500_Fr,5,fr,"En application des dispositions de l’article 173 de
la loi précitée n° 03-25, les statuts de l’ Association des Sociétés
de Gestion des OPCVM et Fonds d’Investissement Marocains,
ainsi que toute modification y afférente, sont approuvés par
arrêté de l’autorité gouvernementale chargée des finances, après
avis de l’AMMC.",Commercial,"Commercial=1, Fiscal=0, Social=0",Commercial,False
123,BO_7500_Fr,6,fr,"La ministre de l’économie et des finances est
chargée de l’exécution du présent décret qui sera publié au
Bulletin officiel.
Fait à Rabat, le 14 chaoual 1447 (2 avril 2026).
AZIZ AKHANNOUCH.
Pour contreseing :
La ministre de l’économie
et des finances,
NADIA FETTAH.
Le texte en langue arabe a été publié dans l’édition générale du
« Bulletin officiel » n° 7499 du 25 chaoual 1447 (13 avril 2026).
Arrêté du ministre de l’agriculture, de la pêche maritime, du développement rural et des eaux et forêts n° 466-26
du 9 ramadan 1447 (27 février 2026) portant protection de variétés par certificat d’obtention végétale
ET FORÊTS,
12 ramadan 1417 (21 janvier 1997) ;
promulguée par le dahir n° 1-09-20 du 22 safar 1430 (18 février 2009) ;
protection des obtentions végétales, tel qu’il a été modifié, notamment ses articles 2 et 8 ;
Après avis du Comité consultatif de la protection des obtentions végétales,
ARRÊTE :
protection des obtentions végétales.
de la protection.
ci-dessus, débute à compter de la date de délivrance du certificat d’obtention végétale correspondant.
de délivrer les certificats d’obtention végétale des variétés désignées dans le tableau annexé au présent arrêté.",Environnement,"Environnement=7, Fiscal=0, Social=0",Environnement,False
124,BO_7500_Fr,5,fr,"Le présent arrêté sera publié au Bulletin officiel.
*
*    *
مدة الحماية بالسنوات
protection
( حداثة الصنف1
)
Durée de la
20 ans (2)
 سنة
20 ans (2)
 سنة
20 ans (2)
 سنة
Variété nouvelle
Variété nouvelle
Variété nouvelle
اسم المودع/العنوان
Nouveauté (1)
صنف جديد
صنف جديد
صنف جديد
the Secretary of Agriculture
America as Represented by
Nova Siri Genetics S.r.l.
Via San Maurizio, 46, IT-
اسم المستنبط/العنوان
Déposant/Adresse
2661 CZ Bergschenhoek
The Netherlands
The United States Of
Adam Whitehouse
Bayer Holland B.V.
Leeuwenhoekweg 52
75025
Policoro (MT) Italie
LISTE DES VARIETES PROTEGEES
1500 SW Jefferson Way, Corvallis,
OR 97331 USA
الئحة األصناف المحمية
Obtenteur/Adresse
Via Sempione, 13-75025
Policoro (MT) Italie
Nicola Tufaro
Chad E. Finn
Dénomination de la
1061/21
26/05/2021
MALLING ACE
اسم الصنف
variété
1029/20
25/12/2020
KOKANEE
1343/24
03/10/2024
NSG 465
رقم وتاريخ اإليداع
N° et date de
dépôt
Fragaria x Ananassa Duch
االسم الشائع/ االسم العلمي
(nom commun /Nom
Espèce
Rubus idaeus L.
النوع
Framboisier
scientifique)
Fraisier
مدة الحماية بالسنوات
protection
( حداثة الصنف1
)
Durée de la
25 ans (2)
 سنة
25 ans (2)
 سنة
Variété nouvelle
Variété nouvelle
اسم المودع/العنوان
Nouveauté (1)
صنف جديد
صنف جديد
39318 Jasper-Lowell Road,
Lowell, Oregon 97452, USA
اسم المستنبط/العنوان
Déposant/Adresse
Fall Creek Farm and
International, LLC.
LISTE DES VARIETES PROTEGEES (suite 1)
Nursery, Inc.
Sun World
4. Peter Stefan Boches
P.O. Box 4115 Hilo, Hawaii 96720,
1. David M. Brazelton
P.O Box 156 Walterville, Oregon
الئحة األصناف المحمية (تتمة1
)
97489, USA
3. Adam L. Wagner
635 Hamilton Avenue, Eugene,
Oregon 97404, USA
Obtenteur/Adresse
TERRY A. Bacon,
USA
Vitis vinefera
1035/2020
28/12/2020
SUGRAFORTYNINE
Dénomination de la
اسم الصنف
variété
978/20
29/01/2020
FC13-122
رقم وتاريخ اإليداع
N° et date de
dépôt
Vaccinium corymbosum L.
االسم الشائع/ االسم العلمي
(nom commun /Nom
Espèce
النوع
scientifique)
Myrtilles
Vigne
مدة الحماية بالسنوات
protection
( حداثة الصنف1
)
Durée de la
20 ans (2)
 سنة
20 ans (2)
 سنة
20 ans (2)
 سنة
Variété nouvelle
Variété nouvelle
Variété nouvelle
اسم المودع/العنوان
Nouveauté (1)
صنف جديد
صنف جديد
صنف جديد
Saillant, BP 83 26802 Portes-
Saillant, 26802 Portes-Les-
اسم المستنبط/العنوان
Déposant/Adresse
Valence, Cedex, France
Z.I La Motte, rue Louis
Z.I La Motte, rue Louis
Z.I La Motte, rue Louis
lès-Valence, France
HM. CLAUSE
HM CLAUSE
HM CLAUSE
LISTE DES VARIETES PROTEGEES (suite 2)
Z.I La Motte, rue Louis Saillant, BP
Z.I La Motte, rue Louis Saillant, BP
26802 Portes-Les-Valence, Cedex,
France
الئحة األصناف المحمية (تتمة2
)
Z.I La Motte, rue Louis Saillant,
83 26802 Portes-lès-Valence,
France
Obtenteur/Adresse
HM CLAUSE
HM CLAUSE
HM CLAUSE
Dénomination de la
اسم الصنف
variété
1357/24
27/12/2024
VALDEORO
Cucurbita pepo L.
1382/25
06/03/2025
MANDALA
1383/25
06/03/2025
BRAHMA
رقم وتاريخ اإليداع
N° et date de
dépôt
االسم الشائع/ االسم العلمي
(nom commun /Nom
Espèce
Cucumis melo L.
النوع
scientifique)
Courgette
Melon
Arrêté conjoint du ministre de l’industrie et du commerce et
de la ministre de l’aménagement du territoire national,
de l’urbanisme, de l’habitat et de la politique de la ville
n° 302-26 du 17 chaabane 1447 (6 février 2026) rendant
d’application obligatoire une norme marocaine.
LE MINISTRE DE L’INDUSTRIE ET DU COMMERCE,
LA MINISTRE DE L'AMÉNAGEMENT DU TERRITOIRE
NATIONAL, DE L’URBANISME, DE L’HABITAT ET DE
LA POLITIQUE DE LA VILLE,
Vu la loi n° 12-06 relative à la normalisation, à la
certification et à l’accréditation, promulguée par le dahir
n°1-10-15 du 26 Safar 1431 (11 février 2010), notamment son
article 33 ;
Vu la décision du directeur de l’Institut marocain
de normalisation n° 1440-23 du 10 kaada 1444 (30 mai 2023),
portant homologation de normes marocaines,
du 21 ramadan 1447 (11 mars 2026) portant homologation de normes marocaines
LE DIRECTEUR DE L’INSTITUT MAROCAIN DE NORMALISATION,
par le dahir n° 1.10.15 du 26 safar 1431 (11 février 2010), notamment ses articles 11, 15 et 32 ;
l’homologation des normes marocaines et la certification de la conformité auxdites nomes,
sont présentées en annexe de la présente décision.
l’Institut marocain de normalisation (IMANOR).",Urbain,"Urbain=7, Environnement=6, Commercial=2",Urbain,False
125,BO_7500_Fr,3,fr,"La présente décision sera publiée au Bulletin officiel.
*
*    *
TEXTES PARTICULIERS
dénommée « Power Fish Pisciculture ».
DÉVELOPPEMENT RURAL ET DES EAUX ET FORÊTS, CHARGÉE DE LA PÊCHE MARITIME,
chargé du budget,
au présent arrêté conjoint.",Environnement,"Environnement=1, Fiscal=0, Social=0",Environnement,False
126,BO_7500_Fr,2,fr,"Le présent arrêté conjoint sera publié au Bulletin officiel.
Le ministre délégué
auprès de la ministre de l’économie
et des finances, chargé du budget,
FOUZI LEKJAA.
chargée de la pêche maritime n° 492-26 du 6 chaabane 1447 (26 janvier 2026) portant publication de l’extrait de l’avenant
n° 1 à la convention n°2019/GON/02 de création et d’exploitation d’une ferme aquacole dénommée « Power Fish Pisiculture »
Extrait de l’avenant n°1 à la convention n°2019/GON/02 de création et d'exploitation d’une ferme aquacole
(décret n°2-08-562 du 13 hija 1429 (12 décembre 2008))
Identification du bénéficiaire :
Société «POWER FISH sarl »
Rue Yaacoub El Mansour, Villa Baida n°25- Laâyoune
Registre de commerce n°26299
Superficie :
Limites externes d’implantation de la ferme aquacole :
Parcelle 1
Parcelle 2
Parcelle 4
Parcelle 5
Parcelle 6
Parcelle 7
Parcelle 8
Parcelle 9
Parcelle 10
Activité de la ferme aquacole :
Élevage des espèces halieutiques suivantes :
Montant de la redevance due :
Sans changement
Le texte en langue arabe a été publié dans l’édition générale du « Bulletin officiel » n° 7499 du 25 chaoual 1447 (13 avril 2026).
Arrêté conjoint du ministre délégué auprès de la ministre de
l’économie et des finances, chargé du budget et de la
secrétaire d’Etat auprès du ministre de l’agriculture,
de la pêche maritime, du développement rural et des
eaux et forêts, chargée de la pêche maritime n° 493-26
du 6 chaabane 1447 (26 janvier 2026) autorisant la société
«  MEJILLONS LABOUIRDA Sarl AU  » pour la
création et l’exploitation d’une ferme aquacole dénommée
« Mejillons Labouirda-Cintra » et portant publication de
l’extrait de la convention y afférente.
LE MINISTRE DÉLÉGUÉ AUPRÈS DE LA MINISTRE DE
L’ÉCONOMIE ET DES FINANCES, CHARGÉ DU BUDGET,
LA SECRÉTAIRE D’ETAT AUPRÈS DU MINISTRE DE
L’AGRICULTURE, DE LA PÊCHE MARITIME, DU
DÉVELOPPEMENT RURAL ET DES EAUX ET FORÊTS,
CHARGÉE DE LA PÊCHE MARITIME,
Vu le dahir portant loi n° 1-73-255 du 27 chaoual 1393
(23 novembre 1973) formant règlement sur la pêche maritime,
tel que modifié et complété, notamment ses articles 28 et 28-1 ;
Vu le décret n° 2-08-562 du 13 hija 1429 (12 décembre 2008)
fixant les conditions et les modalités de délivrance
et de renouvellement des autorisations d'établissement
de pêche maritime, tel que modifié et complété, notamment
ses articles 7, 7 bis et 9 ;
Vu l’arrêté de la ministre de l’économie et des finances
n° 3200-21 du 28 rabii I 1443 (4 novembre 2021) portant
délégation d’attributions au ministre délégué auprès de la
ministre de l’économie et des finances, chargé du budget ;
Vu l’arrêté du ministre de l’agriculture, de la pêche
maritime, du développement rural et des eaux et forêts n° 2561-24
du 25 rabii II 1446 (29 octobre 2024) portant délégation
d’attributions à la secrétaire d’Etat auprès du ministre de
l’agriculture, de la pêche maritime, du développement rural
et des eaux et forêts, chargée de la pêche maritime ;
Vu l’arrêté du ministre de l’agriculture et de la pêche
maritime n° 1643-10 du 11 joumada II 1431 (26 mai 2010) relatif
à la demande d’autorisation de création et d’exploitation
d’établissement de pêche maritime et fixant le modèle de
convention de concession y afférent, tel que modifié et
complété, notamment son article 3 ;
Vu l’arrêté conjoint du ministre de l’économie et des
finances et du ministre de l’agriculture et de la pêche maritime
n° 3151-13 du 7 moharrem 1435 (11 novembre 2013) fixant
les montants et les modalités de paiement de la redevance
annuelle due au titre des conventions de concession de ferme
aquacole, tel que modifié et complété ;
*
*      *
chargée de la pêche maritime
(art.9 du décret n° 2-08-562 du 13 hija 1429 (12 décembre 2008))
Nom du bénéficiaire :
Société « MEJILLONS LABOUIRDA Sarl AU »
Durée de la Convention :
Dix (10) ans, renouvelable
Lieu d’implantation de la ferme aquacole :
Superficie :
Deux (2) hectares.
Limites externes d’implantation de la ferme aquacole :
Zone de protection :
Signalement en mer :
Activité de la ferme aquacole :
Technique utilisée :
Poches sur tables.
Moyens d’exploitation :
Navires de servitude.
Contrôle et suivi technique et scientifique :
Surveillance environnementale :
Gestion des déchets :
Montant de la redevance due :
- droit fixe : mille (1000) dirhams par an.
- droit variable : 1/1000 de la valeur des espèces vendues.
Le texte en langue arabe a été publié dans l’édition générale du « Bulletin officiel » n° 7499 du 25 chaoual 1447 (13 avril 2026).
Arrêté conjoint du ministre délégué auprès de la ministre de
l’économie et des finances, chargé du budget et de la
secrétaire d’Etat auprès du ministre de l’agriculture,
de la pêche maritime, du développement rural et des
eaux et forêts, chargée de la pêche maritime n° 494-26
du 6 chaabane 1447 (26 janvier 2026) autorisant la société
« WEST LEOCEANIC Sarl AU » pour la création et
l’exploitation d’une ferme aquacole dénommée « West
Leoceanic Cintra » et portant publication de l’extrait de
la convention y afférente.
LE MINISTRE DÉLÉGUÉ AUPRÈS DE LA MINISTRE DE
L’ÉCONOMIE ET DES FINANCES, CHARGÉ DU BUDGET,
LA SECRÉTAIRE D’ETAT AUPRÈS DU MINISTRE DE
L’AGRICULTURE, DE LA PÊCHE MARITIME, DU
DÉVELOPPEMENT RURAL ET DES EAUX ET FORÊTS,
CHARGÉE DE LA PÊCHE MARITIME,
Vu le dahir portant loi n° 1-73-255 du 27 chaoual 1393
(23 novembre 1973) formant règlement sur la pêche maritime,
tel que modifié et complété, notamment ses articles 28 et 28-1 ;
Vu le décret n° 2-08-562 du 13 hija 1429 (12 décembre 2008)
fixant les conditions et les modalités de délivrance
et de renouvellement des autorisations d'établissement
de pêche maritime, tel que modifié et complété, notamment
ses articles 7, 7 bis et 9 ;
Vu l’arrêté de la ministre de l’économie et des finances
n° 3200-21 du 28 rabii I 1443 (4 novembre 2021) portant
délégation d’attributions au ministre délégué auprès de la
ministre de l’économie et des finances, chargé du budget ;
Vu l’arrêté du ministre de l’agriculture, de la pêche
maritime, du développement rural et des eaux et f",Environnement,"Environnement=17, Commercial=5, Fiscal=0",Environnement,True
127,BO_7500_Fr,PREMIER,fr,"L’article premier de l’arrêté susvisé
n° 2797-95 du 20 joumada II 1416 (14 novembre 1995), est
complété comme suit :
«",Indéterminé,"Fiscal=0, Social=0, Administratif=0",Indéterminé,False
128,BO_7500_Fr,premier,fr,"La liste des diplômes reconnus
« équivalents au diplôme d’architecte de l’Ecole nationale
« d’architecture visé à l’article 4 de la loi n° 016-89, assortis du
« baccalauréat, série scientifique ou technique ou d’un diplôme
« reconnu équivalent, est fixée ainsi qu’il suit :
« – Master’s degree field of study « architecture and
« construction » programme subject area « architecture
« and town planning », délivré en date du 31 mai 2023
« par O.M.Beketov national University of urban economy
« in Kharkiv - Ukraine, assorti du bachelor’s degree field
« of study « architecture and construction » program
« subject area « architecture and town planning »,
« délivré en date du 30 juin 2021 par Kharkiv national
« University of civil engineering and architecture -
«  Ukraine et d’une attestation de validation du
«  complément de formation, délivrée par l’Ecole
« nationale d’architecture de Rabat. »",Urbain,"Urbain=3, Fiscal=0, Social=0",Urbain,False
129,BO_7500_Fr,2,fr,"Le présent arrêté sera publié au Bulletin officiel.
Rabat, le 16 chaabane 1447 (5 février 2026).
AZZEDDINE EL MIDAOUI.
Le texte en langue arabe a été publié dans l’édition générale du
« Bulletin officiel » n° 7499 du 25 chaoual 1447 (13 avril 2026).
Arrêté du ministre de l’enseignement supérieur, de la recherche
scientifique et de l’innovation n° 353-26 du 23 chaabane 1447
(12 février 2026) complétant l’arrêté n°  2797-95 du
20 joumada II 1416 (14 novembre 1995) fixant la liste des
diplômes reconnus équivalents au diplôme d’architecte de
l’Ecole nationale d’architecture.
LE MINISTRE DE L’ENSEIGNEMENT SUPÉRIEUR, DE LA
RECHERCHE SCIENTIFIQUE ET DE L’INNOVATION,
Vu l’arrêté du ministre de l’enseignement supérieur,
de la formation des cadres et de la recherche scientifique
n° 2797-95 du 20 joumada II 1416 (14 novembre 1995) fixant la
liste des diplômes reconnus équivalents au diplôme d’architecte
de l’Ecole nationale d’architecture, tel qu’il a été complété ;
Vu le décret n° 2-24-991 du 24 rabii II 1446 (28 octobre 2024)
relatif aux attributions du ministre de l’enseignement supérieur,
de la recherche scientifique et de l’innovation ;
Sur proposition de la ministre de l’aménagement
du territoire national, de l’urbanisme, de l’habitat et de la
politique de la ville ;
Après avis du conseil national de l’Ordre national des
architectes ;
Après avis de la commission sectorielle des sciences,
techniques, ingénierie et architecture du 20 novembre 2025,
ARRÊTE :",Urbain,"Urbain=6, Fiscal=0, Social=0",Urbain,False
130,BO_7500_Fr,PREMIER,fr,"L’article premier de l’arrêté susvisé
n° 2797-95 du 20 joumada II 1416 (14 novembre 1995), est
complété comme suit :
«",Indéterminé,"Fiscal=0, Social=0, Administratif=0",Indéterminé,False
131,BO_7500_Fr,premier,fr,"La liste des diplômes reconnus
« équivalents au diplôme d’architecte de l’Ecole nationale
« d’architecture visé à l’article 4 de la loi n° 016-89, assortis du
« baccalauréat, série scientifique ou technique ou d’un diplôme
« reconnu équivalent, est fixée ainsi qu’il suit :
« – Master’s degree program subject area «architecture
«  and construction» programme subject area
« «architecture and town planning», délivré en date
« du 27 septembre 2023 par O.M. Beketov national
« University of urban economy in Kharkiv - Ukraine,
« assorti du bachelor’s degree field of study «architecture
« and construction» program subject area «architecture
« and town planning», délivré en date du 30 juin 2021
« par Kharkiv national University of civil engineering
« and architecture - Ukraine et d’une attestation de
« validation du complément de formation, délivrée par
« l’Ecole nationale d’architecture de Rabat. »",Urbain,"Urbain=3, Fiscal=0, Social=0",Urbain,False
132,BO_7500_Fr,2,fr,"Cet arrêté reste affiché, pendant le délai d’un
mois à partir de la date fixée pour l’ouverture de l’enquête, au
siège de la Caïdat de Jbilate, chargée de l’enquête.
Cette Caïdat doit, en outre, en assurer sa publication à
trois reprises et à huit jours d’intervalle dans les divers marchés
situés dans un rayon de 5 kilomètres autour du lieu de cette
installation.
Les intéressés peuvent, pendant la durée de l’enquête,
consulter les plans et déposer leurs réclamations sur le registre
ouvert, à cet effet, au siège de la Caïdat de Jbilate.",Pénal,"Pénal=3, Fiscal=0, Social=0",Pénal,False
133,BO_7500_Fr,3,fr,"Le présent arrêté est publié au Bulletin officiel
et notifié à la Compagnie Africaine des Explosifs (CADEX).
Rabat, le 20 ramadan 1447 (10 mars 2026).
LEILA BENALI.
Le texte en langue arabe a été publié dans l’édition générale du
« Bulletin officiel » n° 7498 du 21 chaoual 1447 (9 avril 2026).
Arrêté du ministre de l’industrie et du commerce n°542-26 du
21 ramadan 1447 (11 mars 2026) relatif à l’extension de
l’agrément de la société Analysis and Control Laboratory
(ACLAB) pour l’évaluation de la conformité des produits
industriels.
LE MINISTRE DE L’INDUSTRIE ET DU COMMERCE,
Vu la loi n° 24-09 relative à la sécurité des produits et
des services et complétant le dahir du 9 ramadan 1331 (12 août
1913) formant code des obligations et des contrats, promulguée
par le dahir n°1-11-140 du 16 ramadan 1432 (17 août 2011)
notamment ses articles 21 et 22 ;
Vu le décret n° 2-12-502 du 2 rejeb 1434 (13 mai 2013) pris
pour l’application du titre premier de la loi n° 24-09 relative à
la sécurité des produits et des services et complétant le dahir
du 9 ramadan 1331 (12 août 1913) formant code des obligations
et des contrats, notamment ses article 4 et 5 ;
Vu l’arrêté du ministre de l’industrie, du commerce,
de l’investissement et de l’économie numérique, n° 3873-13
du 22 safar 1435 (26 décembre 2013) relatif à l’agrément des
organismes d’évaluation de la conformité, tel que modifié,
notamment ses articles 7, 8, 10 et 11 ;
Vu l’arrêté du ministre de l’industrie, du commerce
et de l’économie verte et numérique n° 2253-21 du 26 hija 1442
(6 août 2021) relatif à l’octroi de l’agrément de la société
Analysis and Control Laboratory (ACLAB) pour l’évaluation
de la conformité des produits industriels ;
Vu l’arrêté du ministre de l’industrie et du commerce
n° 1532-22 du 1er kaada 1443 (1er juin 2022) relatif à l’extension
de l’agrément de la société Analysis and Control Laboratory
(ACLAB) pour l’évaluation de la conformité des produits
industriels ;
Arrêté de la ministre de l’économie et des finances n° 649-26
du 13 chaoual 1447 (1er avril 2026) portant agrément de
la société de bourse « Upline Securities » en qualité de
membre négociateur sur le marché à terme d’instruments
financiers.
LA MINISTRE DE L’ÉCONOMIE ET DES FINANCES,
Vu la loi n° 42-12 relative au marché à terme d’instruments
financiers, promulguée par le dahir n° 1-14-96 du 20 rejeb 1435
(20 mai 2014), notamment ses articles 55 et 59 ;
Après avis de l’instance de coordination du marché à
terme,
ARRÊTE :",Commercial,"Commercial=9, Civil=2, Fiscal=0",Commercial,False
134,BO_7500_Fr,PREMIER,fr,"Est octroyé un agrément en qualité
de membre négociateur sur le marché à terme d’instruments
financiers à la société de bourse « Upline Securities » pour
l’exercice de l’activité de négociation d’instruments financiers
à terme.",Commercial,"Commercial=1, Fiscal=0, Social=0",Commercial,False
135,BO_7500_Fr,2,fr,"Le présent arrêté est publié au Bulletin officiel.
Rabat, le 13 chaoual 1447 (1er avril 2026).
NADIA FETTAH.
Le texte en langue arabe a été publié dans l’édition générale du
« Bulletin officiel » n° 7497 du 18 chaoual 1447 (6 avril 2026).
AVIS ET COMMUNICATIONS
Agrément de prestataire de services de confiance conformément aux dispositions
de la loi n°43-20 relative aux services  de confiance pour les transactions électroniques
Par décision n°l/PSCo/2026 du 22 ramadan 1447 (12 mars 2026) de la direction générale de la sécurité des systèmes
d’information (DGSSI) relevant de l’Administration de la défense nationale, agissant en sa qualité d’autorité nationale des
services de confiance pour les transactions électroniques, la société « Barid Al-Maghrib », dont le siège social est sis Avenue
Moulay Ismail, Hassan, Rabat, a été agréée pour une période de trente-six (36) mois, en qualité de prestataire de services de
confiance et ce, pour le service suivant :
– Horodatage électronique qualifié.
Le texte en langue arabe a été publié dans l’édition générale du « Bulletin officiel » n° 7499 du 25 chaoual 1447 (13 avril 2026).",Environnement,"Environnement=2, Administratif=1, Commercial=1",Environnement,False
